sample_no,source,start_index_0based,end_index_exclusive_0based,source_start_frame_1based,source_end_frame_1based,start_time_sec,end_time_sec,n_points,saved_center_x,saved_center_y,refit_center_x,refit_center_y,median_orbit_radius,residual_median_over_radius,residual_p95_over_radius,saved_center_residual_p95_over_radius,coverage_deg,max_gap_deg,normalized_condition,jackknife_valid_fits,jackknife_sd_x_over_radius,jackknife_sd_y_over_radius,jackknife_max_over_radius,saved_vs_refit_over_radius,initial_center_correction_over_radius,previous_saved_center_step_over_radius,assessment
10,stage,0,127,1,127,0.0,0.63108,127,2.827412313430521,2.896829854470482,2.8226198561251463,2.901939988968057,0.2878967272042902,0.15428806647927987,0.5116593979589592,0.5176887361430325,342.9626363001754,17.03736369982461,2.6042327448784204,4.0,0.02983943039146549,0.017470863889487064,0.05182553655440715,0.024334392656372127,0.0,,nonelliptic_or_noisy
10,stage,20,147,21,147,0.100172,0.731251,127,2.830089988881729,2.8951442084483614,2.82764738138381,2.897816342257723,0.2879665427448122,0.14816621413265893,0.5068417349486892,0.5009841044537356,339.58911976863925,20.41088023136077,2.466569922898132,4.0,0.02329604254002611,0.024993583233134196,0.05294329147694434,0.012571974613050223,0.0,0.010987635752297342,nonelliptic_or_noisy
10,stage,40,167,41,167,0.200343,0.831422,127,2.8299561488241585,2.8949312201745943,2.827273727084482,2.892909734298415,0.2896452291382862,0.138482180172415,0.4914974388762558,0.48387268142371975,345.2600983765418,14.739901623458222,2.332509101956549,4.0,0.02875434738498708,0.018455794570294323,0.05233211590612833,0.011596385810858015,0.0,0.0008684746170715891,nonelliptic_or_noisy
10,stage,60,187,61,187,0.300514,0.931593,127,2.83718238822195,2.8953310809090507,2.8355364832182666,2.890388763833437,0.2899707642230433,0.13752463396612297,0.5125036688199199,0.5241390578210864,345.9601306350447,14.039869364955274,2.492077303815807,4.0,0.003746939927655354,0.022484748034365964,0.03668073621261632,0.017964482533052432,0.0,0.02495870236885195,nonelliptic_or_noisy
10,stage,80,207,81,207,0.400686,1.031765,127,2.836406330680141,2.895090619990785,2.8301005383968776,2.8859733608812324,0.288389260357995,0.16402423273006425,0.5135875819975516,0.5473371763592094,342.78662910682215,17.21337089317786,2.632493784551147,4.0,0.01834998424944457,0.012341749746101725,0.033008827428419776,0.038439227185399626,0.0,0.0028172243156979375,nonelliptic_or_noisy
10,stage,100,227,101,227,0.500857,1.131936,127,2.8373851256788165,2.895981108210198,2.8283505563995934,2.88601543840744,0.2888661367162113,0.17507099475496632,0.5043428899995073,0.5415235608660987,344.17881254943785,15.821187450562128,2.431811143051969,4.0,0.0067541078459944295,0.012223078282069094,0.01623686389674027,0.046565929848135686,0.0,0.004580865555649084,nonelliptic_or_noisy
10,stage,120,247,121,247,0.601028,1.232107,127,2.837370460963291,2.897712154330058,2.8286636832100394,2.892790341913648,0.30503329582551364,0.13435941893207567,0.4342983816453644,0.45056854580377736,346.14129566729764,13.858704332702374,2.2200710266202424,4.0,0.014213846068726796,0.007216960193400928,0.022252980349678746,0.032788586762502486,0.0,0.005675145169972002,nonelliptic_or_noisy
10,stage,140,267,141,267,0.701199,1.332279,127,2.8366749245727982,2.8976176790573636,2.8253134915954017,2.8928750826503533,0.30660464383039543,0.12562764085362146,0.42109325312501705,0.44979110371600467,345.7074765853358,14.29252341466417,2.3275841087939826,4.0,0.013862184090946248,0.011903112993829526,0.02379635839003836,0.04015449531570912,0.0,0.002289343640765607,nonelliptic_or_noisy
10,stage,160,287,161,287,0.801371,1.43245,127,2.8350195739925743,2.897377106049417,2.8282695556093156,2.891283127207297,0.30032820864434207,0.15517788087411813,0.48098085988397565,0.4997418467098666,346.81259617393033,13.187403826069659,2.2406730416366787,4.0,0.013365309661830175,0.010860883389895515,0.02224500740715825,0.030279929532865044,0.0,0.005569708379979554,nonelliptic_or_noisy
10,stage,180,307,181,307,0.901542,1.532621,127,2.839633865865439,2.8987297298481884,2.8294662489449323,2.897011322459082,0.3112858359690018,0.1462140530779273,0.4295627712630903,0.4573414489690001,346.2814204793435,13.718579520656448,2.297171818055021,4.0,0.013731279515069916,0.004561500178871403,0.019733964901234628,0.03312648867005045,0.0,0.01544708664021067,nonelliptic_or_noisy
10,stage,200,327,201,327,1.001713,1.632793,127,2.839729974408701,2.897620736585564,2.829857439213551,2.895225217337958,0.3081731154170521,0.12558674403189551,0.4495280721374964,0.47177084961403504,344.7494442951503,15.250555704849694,2.2741650824104873,4.0,0.014919030999305775,0.003916852955992016,0.02068246609010429,0.03296526686169212,0.0,0.003612093132347041,nonelliptic_or_noisy
10,stage,220,347,221,347,1.101885,1.732964,127,2.8386676018987136,2.898379854902185,2.837828455057993,2.899880010658194,0.31207210675556,0.11065716224926878,0.4027135680383743,0.4023461312482439,344.83777690739345,15.162223092606567,2.175343146484368,4.0,0.013065291502613161,0.009666105490485124,0.021546326720742623,0.005508038219364629,0.0,0.004184022285771465,nonelliptic_or_noisy
10,stage,240,367,241,367,1.202056,1.833135,127,2.84109152396662,2.8951328693322393,2.8451880987446674,2.9010452017887065,0.3154623457633421,0.09924329739106966,0.35857410993033195,0.3476722675178661,342.9436695897613,17.05633041023867,2.4249711458644967,4.0,0.012252903970990955,0.006344150240988332,0.022230354829806086,0.02280109011271192,0.0,0.012844486405168897,nonelliptic_or_noisy
10,stage,260,387,261,387,1.302227,1.933307,127,2.839841176951732,2.8947727142893767,2.847732091224643,2.9025978240192414,0.3143854145015014,0.09436720236249906,0.40648895671773866,0.37758621571886186,335.10933933960183,24.890660660398154,3.535399914248588,4.0,0.013138920827463043,0.007488202936548392,0.024133724101714982,0.035348346479283546,0.0,0.004138817362234155,nonelliptic_or_noisy
10,stage,280,407,281,407,1.402399,2.033478,127,2.8364451251827068,2.896579824305814,2.849722181787044,2.909716838200763,0.30656168526597133,0.14415690221328448,0.503350955359901,0.5127984504336711,334.39007711463177,25.609922885368242,3.265097804655002,4.0,0.025846931386797438,0.016644728639616753,0.037395748069373104,0.060926827361386854,0.0,0.012548608912805098,nonelliptic_or_noisy
10,stage,300,427,301,427,1.50257,2.133649,127,2.8374282539524107,2.893700604953889,2.8545341117576677,2.9047172354083615,0.30690024893169365,0.12902458670554526,0.46838382083287045,0.5059519221088399,337.1476701530828,22.85232984691721,3.1691305768561313,4.0,0.004114587378976507,0.011283345964020601,0.01798864231074742,0.06629650177549846,0.0,0.00991345184258222,nonelliptic_or_noisy
10,stage,320,447,321,447,1.602741,2.233821,127,2.837321064453291,2.893118988515514,2.846837474208917,2.905730550816084,0.3105643608169567,0.12387873345696583,0.4868849136655277,0.5268468434184373,337.63609593730774,22.363904062692246,2.618492249326988,4.0,0.024052110915504014,0.01766106284937776,0.04840571555183004,0.050872428418906164,0.0,0.001904311400667088,nonelliptic_or_noisy
10,stage,340,467,341,467,1.702913,2.333992,127,2.8335695900074187,2.8908088344637197,2.8436751274723338,2.904938470977571,0.31763368154211485,0.10905515243998333,0.48885640391495405,0.4829940301673466,337.1790296946699,22.820970305330118,2.6960210864119225,4.0,0.021439436347850886,0.00892622733117613,0.03464330922523013,0.054690313750420584,0.0,0.013870444660219524,nonelliptic_or_noisy
10,stage,360,487,361,487,1.803084,2.434163,127,2.830258012483447,2.892080167907856,2.8379578261466483,2.898733470015557,0.3067183060522651,0.1246459563390709,0.4827206453734561,0.5011603308596775,347.76188637051985,12.238113629480162,2.723914319505762,4.0,0.014326902217124106,0.016381015409958274,0.02623558967559609,0.03317743588683494,0.0,0.011565104035572484,nonelliptic_or_noisy
10,stage,380,507,381,507,1.903255,2.534335,127,2.8309390641394776,2.8919049137019424,2.839343348302251,2.896541699418217,0.30446843025245474,0.16293960641117305,0.5306124810216101,0.5468916241047864,347.73732259151075,12.26267740848925,2.3098563508202514,4.0,0.01538763027930404,0.01566915047929988,0.029034611409648584,0.03152553379278077,0.0,0.002309727860399196,nonelliptic_or_noisy
10,stage,400,527,401,527,2.003427,2.634506,127,2.8248174794918404,2.8919188419390265,2.8345367628814913,2.8915927384705853,0.30950925347512476,0.12595416434388074,0.5268825429083577,0.5470427368198052,347.4800913782906,12.519908621709412,2.614416281079463,4.0,0.009602740018749596,0.007417671329555913,0.018090404970299255,0.03141990905991796,0.0,0.01977840863919448,nonelliptic_or_noisy
10,stage,420,547,421,547,2.103598,2.734677,127,2.82634246950189,2.893859764721113,2.833419041888777,2.8904954985136153,0.3262085992805039,0.09200466091133612,0.42218936995334455,0.4397535611273936,347.42029622283417,12.579703777165816,2.3241030491043926,4.0,0.004758974494345975,0.007315667831318683,0.012252766182773645,0.024020122218699515,0.0,0.007566798907143218,nonelliptic_or_noisy
10,stage,440,567,441,567,2.203769,2.834849,127,2.8272080600486715,2.8954067643350982,2.833827612303923,2.8847411272219503,0.3183675816230992,0.10364906750918614,0.41091777079792274,0.44884969886799786,346.8641532535652,13.13584674643482,2.35462514157664,4.0,0.011323344834641742,0.009464652959899362,0.01741765853808006,0.03942882517619387,0.0,0.0055680827560851305,nonelliptic_or_noisy
10,stage,460,587,461,587,2.303941,2.93502,127,2.8275411128177628,2.894760881960965,2.833336196845962,2.8826109455860816,0.30105682891137653,0.12044705824864332,0.541424875865475,0.5509480747817761,346.84221248729347,13.157787512706507,2.68998714109192,4.0,0.008325803234253611,0.004011883188282878,0.015034059209282745,0.044713158668707134,0.0,0.0024138192367071367,nonelliptic_or_noisy
10,stage,480,607,481,607,2.404112,3.035191,127,2.8286502456343188,2.8979889993873305,2.8260570509578,2.885126632431808,0.2981800125461855,0.17551856098491886,0.5521755163503261,0.5360764875909793,348.11894048460084,11.88105951539918,3.400324193895012,4.0,0.030050578155226004,0.020871506646345715,0.053077259931207585,0.04400419537951692,0.0,0.011447259789002535,nonelliptic_or_noisy
10,stage,500,627,501,627,2.504283,3.135362,127,2.825486836720417,2.898012295002121,2.825502752663017,2.8828427089177087,0.3010124081013109,0.15438320552139986,0.5524761044381766,0.5426395365401927,347.7893071003089,12.210692899691102,3.332620606322356,4.0,0.013799995269140716,0.011255924073682979,0.021538905504020395,0.05039524626112649,0.0,0.01050951589719044,nonelliptic_or_noisy
10,stage,520,647,521,647,2.604454,3.235534,127,2.8250398049405736,2.8998350923112257,2.8306165663052787,2.8848192426763384,0.3044603905123642,0.12724504878604054,0.5482909559684178,0.5348216578345892,348.3479101229612,11.652089877038822,2.732966819101946,4.0,0.0255464224251,0.00825305482657287,0.038899527504103686,0.05261108052812915,0.0,0.0061643917122267055,nonelliptic_or_noisy
10,stage,540,667,541,667,2.704626,3.335705,127,2.820936446249145,2.9024573812654473,2.8278872537337505,2.8856460868196745,0.30166401329136316,0.1312163168061405,0.5453805463189787,0.5298056361375261,348.54940187930515,11.450598120694854,2.467330106392492,4.0,0.024137196085732913,0.017764343518269644,0.0384170549398725,0.06030408891072482,0.0,0.016142785010424023,nonelliptic_or_noisy
10,stage,560,687,561,687,2.804797,3.435876,127,2.8246340081291934,2.899585707416369,2.8234928353908364,2.891846307728589,0.31103609700764856,0.1292651046992684,0.5385170402614392,0.5393977382421792,346.33663102919144,13.663368970808541,2.3709595575419073,4.0,0.02208941985681327,0.017637362467998387,0.039711253438800366,0.025151679200252186,0.0,0.015052005528459225,nonelliptic_or_noisy
10,stage,580,707,581,707,2.904968,3.536048,127,2.827239187231722,2.901031906042808,2.822697447846304,2.9009582156555833,0.3131818035188093,0.1254010869455424,0.5421439960245205,0.5558320699771895,335.42650663882006,24.573493361179967,2.5765083940798323,4.0,0.042175405176466965,0.025301905395947233,0.05851243309546542,0.014503834877088732,0.0,0.009514194427473695,nonelliptic_or_noisy
10,stage,600,727,601,727,3.00514,3.636219,127,2.8263938373348507,2.9039490702195767,2.831119990587648,2.894005971219339,0.3249639693123801,0.08318884810967131,0.28507300395077795,0.2992257673908834,336.22923210993974,23.770767890060228,2.422607905621993,4.0,0.008812759941803304,0.010356213872752946,0.020229577627428455,0.033878113652409815,0.0,0.009346205856369576,nonelliptic_or_noisy
10,stage,620,747,621,747,3.105311,3.73639,127,2.823587496923839,2.9041587254311634,2.826112434335116,2.9004485901197086,0.3271628990117294,0.0842283835371081,0.2625858329619971,0.269909847921148,335.64825859932154,24.351741400678442,2.376334192408105,4.0,0.01845449075659852,0.006924083834986282,0.028624073440052054,0.013717347405167156,0.0,0.008601711719111917,nonelliptic_or_noisy
10,stage,640,767,641,767,3.205482,3.836562,127,2.8220299981118586,2.9045434652113085,2.8265716173906528,2.904370686155139,0.3254364437571355,0.09569424098491952,0.34000535214404265,0.34408901373530676,340.2854470638297,19.714552936170296,2.5962058129344814,4.0,0.021940680612025178,0.01282828497927274,0.03921713073463443,0.013965567584652084,0.0,0.004929734289628982,nonelliptic_or_noisy
10,stage,660,787,661,787,3.305654,3.936733,127,2.8199507187250177,2.9056105877834364,2.825828383805034,2.9032598194090933,0.32479269158177343,0.08712416915928098,0.3343667667564267,0.33092169086720646,334.9743295588206,25.02567044117937,2.7177317353905295,4.0,0.012090809363082053,0.01421834114423438,0.021127600564712013,0.019490366163499483,0.0,0.007195743867267941,nonelliptic_or_noisy
10,stage,680,807,681,807,3.405825,4.036904,127,2.8206097334308033,2.908036507051007,2.8310264906025187,2.903965940581534,0.3131142657067013,0.124093966792481,0.49974240847372386,0.46989817710596654,334.947256021203,25.05274397879703,2.617077425397,4.0,0.02868250100188071,0.011733651966165852,0.0440537546630482,0.0357180879174403,0.0,0.008028502399318432,nonelliptic_or_noisy
10,stage,700,827,701,827,3.505996,4.137076,127,2.82401266057112,2.911107415943911,2.8299767982333837,2.910106558836197,0.31216136582317255,0.12730684827383057,0.47708708747601086,0.4836798168955083,344.8824243770511,15.117575622948916,2.67226491302405,4.0,0.019646669435969804,0.018363509505987752,0.040202377381216535,0.019373098228046313,0.0,0.01468378279623101,nonelliptic_or_noisy
10,stage,720,847,721,847,3.606168,4.237247,127,2.821768493912539,2.909724501769597,2.8262654509749576,2.91247542713625,0.31554744314281913,0.1411428219475717,0.4863021395329852,0.49407361969050034,341.28089500507053,18.719104994929438,2.652309296481241,4.0,0.015038552477405558,0.00764053500946885,0.022713714077173163,0.016706338386450525,0.0,0.008353879917235497,nonelliptic_or_noisy
10,stage,740,867,741,867,3.706339,4.337418,127,2.8185091061747736,2.911891481248385,2.830448429287225,2.9109343820304434,0.3201533735305398,0.13605443941205703,0.4851679046783284,0.4940208342134927,343.9870538685714,16.012946131428578,2.6656001123620445,4.0,0.013746229082255269,0.012719971484287579,0.024618531833950224,0.03741214346716699,0.0,0.012225395447048568,nonelliptic_or_noisy
10,stage,760,887,761,887,3.80651,4.43759,127,2.8178359726862556,2.9095036654355253,2.828426953676526,2.90352967837714,0.3241876312262961,0.12057321581279515,0.48643334370352864,0.49552886290829146,344.0387700646952,15.961229935304774,2.826380289933856,4.0,0.014464697254571378,0.012503482047375409,0.024365716584224793,0.037508102225717294,0.0,0.007652609993658872,nonelliptic_or_noisy
10,stage,780,907,781,907,3.906682,4.537761,127,2.8159351225843032,2.911147066112187,2.8243932421190157,2.9004742852556356,0.3272691057122416,0.1280100868280849,0.4918200321299889,0.4953119501597222,339.68303238096485,20.316967619035175,2.8983975041708745,4.0,0.015834264150711864,0.0164592352790393,0.028986686303205316,0.04161080434707998,0.0,0.007677983460193981,nonelliptic_or_noisy
10,stage,800,927,801,927,4.006853,4.637932,127,2.8166976594796034,2.9125137220845323,2.825391998918598,2.9044025230554475,0.33506609424906597,0.0908969124780947,0.27208296525614917,0.307518715548834,340.3758796163403,19.624120383659733,2.68457584291788,4.0,0.008299673504867865,0.00630438240880921,0.012804874454843377,0.035486915157348774,0.0,0.004670706986710572,nonelliptic_or_noisy
10,stage,820,947,821,947,4.107024,4.738104,127,2.816608569823578,2.9124298804086504,2.8238395013539224,2.9025407099216647,0.33850933038005815,0.07972565215059345,0.21656749823822857,0.23620489075956685,340.5150913999039,19.484908600096098,2.740841645151503,4.0,0.00944153474125349,0.0026383525814935344,0.015296273228217984,0.036190430790461824,0.0,0.0003613998225786666,nonelliptic_or_noisy
10,stage,840,967,841,967,4.207196,4.838275,127,2.8184080481586378,2.9122379947054116,2.820775288458772,2.902530539445296,0.3388587664745093,0.07933332542794268,0.2314300142033729,0.24799933852839043,341.32546251208316,18.674537487916854,2.791710309701719,4.0,0.010096319948348947,0.006692432405495712,0.017918121647427728,0.029486982305053804,0.0,0.005340514610177034,nonelliptic_or_noisy
10,stage,860,987,861,987,4.307367,4.938446,127,2.8202203812596367,2.91391148420815,2.815976846087607,2.9028412407100253,0.34759157086415055,0.07293474474579757,0.22563770827310037,0.22295599644881917,348.22061494417926,11.779385055820736,2.8335153428633153,4.0,0.007441052063200752,0.006252739827843289,0.012500707916877869,0.03410816582608871,0.0,0.0070968443402502695,nonelliptic_or_noisy
10,stage,880,1007,881,1007,4.407538,5.038617,127,2.8147219717337806,2.9151263969990806,2.815431811198681,2.903917785011667,0.34038910204980377,0.07515296515717662,0.2302364864813901,0.22181840094221073,349.67389487665605,10.326105123343932,2.721429105458743,4.0,0.0158602205384708,0.00494479934777228,0.02630364867994331,0.03299478870911716,0.0,0.01654292654772221,nonelliptic_or_noisy
10,stage,900,1027,901,1027,4.50771,5.138789,127,2.816755093420981,2.9144693907130774,2.81788994552368,2.9067956096569887,0.34442629447155115,0.08739029675840741,0.21608658205829162,0.21695851738608918,347.59568660459416,12.404313395405818,2.7939843454675746,4.0,0.012993080813391896,0.003682384403214389,0.018975953231932435,0.02252221222395508,0.0,0.006203482448011395,nonelliptic_or_noisy
10,stage,920,1047,921,1047,4.607881,5.23896,127,2.815006571386884,2.914695411209862,2.8169707448477306,2.909530411942277,0.34248399415421754,0.07567200239636497,0.19935609223913373,0.20850665563551335,347.5964787150543,12.403521284945738,4.132871134793681,4.0,0.010611226446099683,0.010420897757263785,0.019281990321651392,0.01613466927906811,0.0,0.005147889168068528,supported
10,stage,940,1067,941,1067,4.708052,5.339131,127,2.8151745152484957,2.9142592042075908,2.811902003593364,2.9093548884310154,0.34281956760735693,0.0744373640783865,0.2007419661543086,0.21496537428935172,347.331845913391,12.668154086609002,4.1907548688767005,4.0,0.009807639410020233,0.002642985637986263,0.013232881093159319,0.017198262050626658,0.0,0.0013634584880677972,nonelliptic_or_noisy
10,stage,960,1087,961,1087,4.808223,5.439303,127,2.813842099775475,2.913412028414892,2.8106608912754765,2.9121197251087207,0.34197541139442345,0.08412753036727119,0.3042764810913901,0.30382958369276347,342.5895401137576,17.41045988624237,4.212846562474948,4.0,0.008268754505561176,0.013496711512503144,0.027637027274808313,0.010040712104837627,0.0,0.004617102887448648,nonelliptic_or_noisy
10,stage,980,1107,981,1107,4.908395,5.539474,127,2.811028499023601,2.90440607080303,2.816827086810497,2.9183487500752703,0.3339733650648939,0.1046883407506458,0.42359693732932185,0.4088097684405123,345.0883140045594,14.9116859954406,4.214440401286983,4.0,0.002038751096463437,0.02000946539086536,0.03496822181840622,0.0452143687556662,0.0,0.02825145350927218,nonelliptic_or_noisy
10,stage,1000,1127,1001,1127,5.008566,5.639645,127,2.809236898265184,2.9003263724885584,2.8196228114094435,2.9196520159898394,0.329282876083276,0.10750549526110964,0.41541562382622427,0.4076512053293703,336.4904651992355,23.50953480076454,3.918759576569705,4.0,0.016312281772805436,0.011644673422382082,0.025699220455568113,0.0666285403171146,0.0,0.013531700112899342,nonelliptic_or_noisy
10,stage,1020,1147,1021,1147,5.108737,5.739817,127,2.810051695578532,2.8991933397635097,2.8229026469604723,2.931669968823347,0.31912588951860293,0.1331440989677775,0.4928260857407454,0.5145224742066526,336.3970848404548,23.60291515954518,3.820120963460019,4.0,0.027416875018917923,0.044747492356404496,0.08153462814438095,0.10944507670756205,0.0,0.004373149163094476,nonelliptic_or_noisy
10,stage,1040,1167,1041,1167,5.208909,5.839988,127,2.8102048229143604,2.898914502571982,2.8259620267191825,2.91068809089118,0.3107429540291907,0.1417686624369962,0.5003840352158317,0.5013254820048364,338.0036618814911,21.996338118508923,2.461176239999211,4.0,0.008124930723493639,0.01570785532394357,0.02250602068732518,0.06329973931193851,0.0,0.0010237290301828902,nonelliptic_or_noisy
10,stage,1060,1187,1061,1187,5.30908,5.940159,127,2.806106514159302,2.898682507161108,2.829498894585981,2.9052410343793005,0.3078864402928701,0.14139662484080057,0.4870941029307434,0.4952973134387171,338.0873447204536,21.91265527954643,1.997979468682026,4.0,0.012184849965675315,0.007218019487907786,0.021800820960522636,0.07890700642777759,0.0,0.013332415193744927,nonelliptic_or_noisy
10,stage,1080,1207,1081,1207,5.409251,6.040331,127,2.807278991968394,2.898364498174908,2.8281117686928905,2.902790456788008,0.3096315460861712,0.13817124575832992,0.47993352281928364,0.49745340396153814,341.52046836422517,18.47953163577484,2.4805534439985326,4.0,0.018512647664562374,0.01665727085647388,0.03247240472291322,0.06878413871213673,0.0,0.0039234989772995894,nonelliptic_or_noisy
10,stage,1100,1227,1101,1227,5.509423,6.140502,127,2.8039063497199064,2.8989404314603218,2.823357092346221,2.9010628711717312,0.3082086560336578,0.12848805023576604,0.4614941664956708,0.46415549608782525,347.34251163214105,12.657488367858951,2.428782200048286,4.0,0.02348998010042094,0.009802657245546758,0.04267776086596353,0.06348361250730872,0.0,0.011101128356673469,nonelliptic_or_noisy
10,stage,1120,1247,1121,1247,5.609594,6.240673,127,2.8022725449983814,2.8977065235860184,2.8151177537836345,2.899503463968837,0.30693639143703005,0.1287053147919442,0.46848967252932205,0.46997473951514496,345.8381048047693,14.161895195230713,2.4794718639354474,4.0,0.024253600474865206,0.010381689927259626,0.04222277160759563,0.04225725215515342,0.0,0.00667043725068116,nonelliptic_or_noisy
10,stage,1140,1267,1141,1267,5.709765,6.340845,127,2.8019361103172913,2.898628456966928,2.8177859659140863,2.895654600637462,0.3061052532154548,0.1266232183159616,0.5347933308562358,0.5042331682730397,344.3069264326963,15.693073567303687,2.438582685935094,4.0,0.027342082450139187,0.007489292447128551,0.04352635005571514,0.05268263060120847,0.0,0.003206092576105902,nonelliptic_or_noisy
10,stage,1160,1287,1161,1287,5.809937,6.441016,127,2.8032087032468875,2.898825584892029,2.804047545117982,2.893128579538225,0.31626193453753476,0.12744462036040943,0.49819631814345244,0.4996930963650347,344.6386130080534,15.361386991946555,2.572560285779754,4.0,0.02507792189503854,0.009144128347233275,0.04139702087139856,0.018207789830321525,0.0,0.004071847087405511,nonelliptic_or_noisy
10,stage,1180,1307,1181,1307,5.910108,6.541187,127,2.7935290702188027,2.8963644232812684,2.8011920092635445,2.8957474507642162,0.31396409049680496,0.14111429063827097,0.529390943616787,0.5224371642539646,343.45028146979627,16.54971853020375,2.5671835318321166,4.0,0.013037631166921762,0.003924394113982842,0.020202041644881312,0.024486036981255406,0.0,0.03181135436938478,nonelliptic_or_noisy
10,stage,1200,1327,1201,1327,6.010279,6.641359,127,2.7959908493173087,2.8981406501049625,2.7936065594187927,2.8928605328826156,0.3161399454186441,0.14483620910559677,0.5227744761244266,0.5375413394083758,343.719873589122,16.28012641087799,2.529761755273551,4.0,0.016282301466304782,0.003819457987407391,0.024149258659780345,0.018325699594076827,0.0,0.009602321923638343,nonelliptic_or_noisy
10,stage,1220,1347,1221,1347,6.110451,6.74153,127,2.797024428871733,2.89943263516886,2.7945394064959843,2.8954354002887777,0.32044564727111663,0.12063919038502749,0.5260087759476575,0.5376055679179294,343.77145663216777,16.22854336783224,2.388859664825166,4.0,0.020098213231275197,0.009063270535567275,0.03470783642475045,0.014688047955591237,0.0,0.00516325586466758,nonelliptic_or_noisy
10,stage,1240,1367,1241,1367,6.210622,6.841701,127,2.8018517448677667,2.898918022862228,2.800481126988368,2.896069151180313,0.3192733716610715,0.10553416512475937,0.48848617296162566,0.49533995678335685,343.49861133976503,16.501388660234994,2.5100780830688207,4.0,0.009855706445337937,0.004842737913604252,0.013030422709802389,0.009901964933356374,0.0,0.015205365869844303,nonelliptic_or_noisy
10,stage,1260,1387,1261,1387,6.310793,6.941873,127,2.79702834363079,2.895617602414294,2.8010564105922655,2.8964174045786444,0.3240960175378198,0.1005072318132927,0.3590836113846198,0.3652046229064332,343.4843537890019,16.515646210998124,2.5527600349499777,4.0,0.014997266433598817,0.011133880841616529,0.02588206630574078,0.012671253157743903,0.0,0.018033181811783962,nonelliptic_or_noisy
10,stage,1280,1407,1281,1407,6.410965,7.042044,127,2.792290897227957,2.8958763393270797,2.80105952479556,2.8991628514185837,0.31866957472432456,0.11238297246520561,0.405933892159024,0.38603476990463714,343.18895942329965,16.811040576700325,2.541558829554221,4.0,0.020764788758336917,0.007133120363117891,0.037527195741713336,0.02938558983010705,0.0,0.014888483279662823,nonelliptic_or_noisy
10,stage,1300,1427,1301,1427,6.511136,7.142215,127,2.791473111961836,2.8975676529353676,2.805287652961638,2.89925906529015,0.30435839094583284,0.09839768637840314,0.44353121310102595,0.4351479012452939,336.4252418264439,23.574758173556095,2.5324841912255494,4.0,0.017481941170911206,0.008558425996039846,0.030098314710062503,0.045728003723919976,0.0,0.0061724829430921686,nonelliptic_or_noisy
10,stage,1320,1447,1321,1447,6.611307,7.242386,127,2.788578627982236,2.8975771529222514,2.8111276345047824,2.902612052674026,0.2924494529762512,0.12433374467934123,0.4603321400218348,0.4721186889630226,344.4977017575635,15.502298242436513,2.5301330666548845,4.0,0.0199930296662645,0.007711344429352865,0.027280224234783462,0.07900265549601974,0.0,0.00989743540312969,nonelliptic_or_noisy
10,stage,1340,1467,1341,1467,6.711478,7.342558,127,2.7874805798679363,2.8965851805907104,2.8029865259252325,2.9016610535247205,0.29395013541695597,0.13679767716181504,0.45755788074777876,0.47142279427280176,344.61805942063836,15.381940579361657,2.42127869709349,4.0,0.026007736136309887,0.011738182121725598,0.04336553723820954,0.05550465687267165,0.0,0.005034084553187398,nonelliptic_or_noisy
10,stage,1360,1487,1361,1487,6.81165,7.442729,127,2.7880972020111603,2.89677315080766,2.8125857618168,2.8966964135628808,0.29073444979178864,0.16188389706418466,0.447682993480522,0.4697326605010321,333.18677546836506,26.81322453163493,2.4180620177271224,4.0,0.021222701734268296,0.01670582657467548,0.048978697669884594,0.08423040356803664,0.0,0.0022172675995875838,nonelliptic_or_noisy
10,stage,1380,1507,1381,1507,6.911821,7.5429,127,2.784921403973157,2.8953895921490056,2.8079021542291542,2.899469834018507,0.29917219146460716,0.13592961820717556,0.4513072800782037,0.48497841145447035,344.80312951490475,15.196870485095221,2.1195929403462217,4.0,0.02058412873220225,0.009114338635957552,0.033811175361267654,0.07801582057592663,0.0,0.011578921049943845,nonelliptic_or_noisy
10,stage,1400,1527,1401,1527,7.011992,7.643072,127,2.7829673903235475,2.8948764984119384,2.8005238935395,2.904416504706746,0.301137041774331,0.13690873513778523,0.45370162891695726,0.46926079987738917,344.7504872764401,15.249512723559903,2.1608979681829474,4.0,0.008777453428026837,0.014098355265167017,0.023026952317432875,0.06635203042629523,0.0,0.006708759714944199,nonelliptic_or_noisy
10,stage,1420,1547,1421,1547,7.112164,7.743243,127,2.780840537260868,2.894719758832577,2.7969034809854683,2.900414948413201,0.30486196729263787,0.11517654204617367,0.44633714094930627,0.4435302225181348,345.52009328487327,14.479906715126754,2.2264775987365732,4.0,0.014432289797550608,0.007862688744691248,0.019615393423217515,0.055902977994659715,0.0,0.00699536503312599,nonelliptic_or_noisy
10,stage,1440,1567,1441,1567,7.212335,7.843414,127,2.7800685944256287,2.8947144954175297,2.7926502678590746,2.892263119368875,0.3254375200289369,0.10398222070412788,0.4565782342922942,0.4443800199640136,343.70844870444193,16.291551295558044,2.3312067513252943,4.0,0.016487067050718174,0.00854343895434596,0.03252545932417048,0.03938777095128365,0.0,0.0023720706174167245,nonelliptic_or_noisy
10,stage,1460,1587,1461,1587,7.312506,7.943586,127,2.776158876002241,2.8936159121181304,2.789313194739159,2.8964153543344167,0.3336509021398865,0.07876909081885053,0.4068433859475984,0.40284556428849816,337.5531314113562,22.446868588643795,2.157745076952548,4.0,0.009018192017442162,0.011384569117890724,0.01995685514280601,0.040308305485166326,0.0,0.012171796266770436,nonelliptic_or_noisy
10,stage,1480,1607,1481,1607,7.412678,8.043757,127,2.7771651695115924,2.8957136552352565,2.7935127887669595,2.89821986133534,0.3349721353001683,0.0746514386556853,0.2989121637696253,0.2726506665957464,335.75034265868317,24.249657341316823,2.259912275276473,4.0,0.013650200506097344,0.008213200868058056,0.027418286797750067,0.04937310119039691,0.0,0.00694570704839956,nonelliptic_or_noisy
10,stage,1500,1627,1501,1627,7.512849,8.143928,127,2.776552332092647,2.894052590549946,2.7958273857684133,2.8944734542647153,0.3352316129636683,0.0816437242185359,0.37481329446388806,0.3852093379756495,335.71692852751835,24.28307147248163,2.641350965848141,4.0,0.021635628379268728,0.018170533377163935,0.037745801176968914,0.057511425190800575,0.0,0.005281452917848704,nonelliptic_or_noisy
10,stage,1520,1647,1521,1647,7.61302,8.2441,127,2.776375426250472,2.8929660355360576,2.7913899163429137,2.8897119041490034,0.3274435833179177,0.09058442091218005,0.37913990634058603,0.385307589163071,342.0355904663663,17.964409533633713,2.653841989021941,4.0,0.01675303009361247,0.012626157915073426,0.02890206832202646,0.04691825593515489,0.0,0.0033619902998489933,nonelliptic_or_noisy
10,stage,1540,1667,1541,1667,7.713192,8.344271,127,2.7752406100478937,2.894850547539037,2.7824551495605725,2.8897217319656514,0.33956051980549007,0.09028348382418235,0.3743150114784522,0.3815470191183188,341.92352131956466,18.07647868043533,2.460980781324002,4.0,0.015969590498626517,0.01343308398716186,0.025549878853804227,0.026068396004813796,0.0,0.006478422913814217,nonelliptic_or_noisy
10,stage,1560,1687,1561,1687,7.813363,8.444442,127,2.77695535899117,2.89569434296716,2.7907685116003593,2.897381929247763,0.337657779644755,0.08872704952378603,0.34246913736877244,0.34383720057356365,345.51714283085784,14.482857169142154,2.8059941188053235,4.0,0.027253288759104512,0.0179076322604794,0.04262339433941362,0.04121290805630696,0.0,0.005659912422510749,nonelliptic_or_noisy
10,stage,1580,1707,1581,1707,7.913534,8.544614,127,2.776749068860414,2.8937831198598256,2.787372612063413,2.8947454543950775,0.33722193203341494,0.0892306448227915,0.3561147247481973,0.34320750899324787,343.35356573517316,16.64643426482684,2.494233788931989,4.0,0.013921127012080538,0.017699876152725263,0.03367807227466629,0.031632108463601864,0.0,0.005700471325787327,nonelliptic_or_noisy
10,stage,1600,1727,1601,1727,8.013706,8.644785,127,2.777895403534936,2.89187280286875,2.78530816668001,2.88951406962056,0.3389271140865917,0.0829529340548764,0.35910146229450485,0.35181080990738395,343.69835097816735,16.30164902183266,2.8213124783011607,4.0,0.01406055129391634,0.015111812346310333,0.029475803640653477,0.02295180682539244,0.0,0.006573294200748083,nonelliptic_or_noisy
10,stage,1620,1747,1621,1747,8.113877,8.744956,127,2.7784119723035134,2.8908776589552403,2.7793375676761785,2.898116552256114,0.34384734098150915,0.07902780026527867,0.269244684078189,0.26319474478275123,342.9669786231399,17.033021376860116,2.172848817565272,4.0,0.007726771144295564,0.01408514359791821,0.022052152577638012,0.02122403689350293,0.0,0.0032608340077105733,nonelliptic_or_noisy
10,stage,1640,1767,1641,1767,8.214048,8.845128,127,2.7796665629402364,2.8891767512258015,2.7749659170929437,2.8987145140767,0.34600625384829864,0.06780766946557942,0.24765282047023232,0.23538999965211324,341.5975022020402,18.40249779795985,2.179110087811305,4.0,0.004680200817221517,0.003853337876797173,0.009515283325902108,0.030731243155018056,0.0,0.006108409564725526,nonelliptic_or_noisy
10,stage,1660,1787,1661,1787,8.31422,8.945299,127,2.7841534384960935,2.8883276180437676,2.7740076664469338,2.8991756831487123,0.340692275787161,0.08357677068662002,0.2465736288145683,0.24601089421467404,341.58877857255425,18.41122142744578,2.1857014339470235,4.0,0.009037211628476576,0.006705645586600594,0.014833518444942894,0.04359708012482629,0.0,0.01340364174046935,nonelliptic_or_noisy
10,stage,1680,1807,1681,1807,8.414391,9.04547,127,2.7877730495619795,2.886745936313978,2.7716099794511795,2.896762623622905,0.33807188347713757,0.08132362466258132,0.2488894159561283,0.2432096004084192,341.7129115674314,18.287088432568638,2.165907956609747,4.0,0.015867226315749758,0.0067391918698622615,0.026287858889190493,0.056246106189039496,0.0,0.011684205726835765,nonelliptic_or_noisy
10,stage,1700,1827,1701,1827,8.514562,9.145642,127,2.790408410630904,2.8857462196591728,2.7742974718738465,2.896207193424887,0.3437310558942491,0.07137363685139772,0.25259831486751366,0.24236139103898238,344.4220939806429,15.577906019357073,2.1362050137259363,4.0,0.007673456077984695,0.0035077854945115227,0.011587086974349098,0.05588446121351989,0.0,0.008200044127728411,nonelliptic_or_noisy
10,stage,1720,1847,1721,1847,8.614734,9.245813,127,2.790241397976559,2.8847010966370212,2.767410506975598,2.8954478997594255,0.3428364502290448,0.07479638403547947,0.24840311245187163,0.25050656229882334,348.48613940800556,11.513860591994472,2.5705001377658268,4.0,0.008524700865562037,0.0055794130273680905,0.01514125745916931,0.07360295032934133,0.0,0.0030871378157458417,nonelliptic_or_noisy
10,stage,1740,1867,1741,1867,8.714905,9.345984,127,2.7922359895209334,2.8824076478025535,2.766695481243031,2.8950392800247284,0.34337223125018806,0.08941517189356936,0.2430651478212689,0.2339149997196265,348.5131420086706,11.48685799132938,2.784218869069123,4.0,0.008671131121526088,0.004602787282803187,0.012990092532984103,0.08298117875540688,0.0,0.008851786495346228,nonelliptic_or_noisy
10,stage,1760,1887,1761,1887,8.815076,9.446155,127,2.7938290227969382,2.8812982245715055,2.767083928662118,2.8967599760783087,0.34662294948181643,0.08693878469749808,0.2584031067915635,0.24576887882575943,343.59191677714676,16.408083222853246,2.7094073427612204,4.0,0.010626003858473922,0.0061341027845912555,0.015183077593031015,0.08912511947191168,0.0,0.005600557540643555,nonelliptic_or_noisy
10,stage,1780,1907,1781,1907,8.915247,9.546327,127,2.794575548312661,2.8787215554482173,2.773612407833881,2.8934631100305275,0.34812771599830705,0.07493202848221198,0.2582080438591218,0.24146360300545003,338.3423177672604,21.657682232739603,2.630210162352819,4.0,0.006049993328356816,0.004238833428171943,0.008682902605365877,0.0736151088055371,0.0,0.007705889760816004,nonelliptic_or_noisy
10,stage,1800,1927,1801,1927,9.015419,9.646498,127,2.7952728526093287,2.8773614954946836,2.777754492274771,2.892099478445125,0.3475624774372577,0.06946916169495523,0.2453563512452736,0.2275247453390413,345.83348652350867,14.166513476491339,2.725094516687834,4.0,0.01554909772167047,0.006197971378537502,0.02333638798303429,0.06586802586133261,0.0,0.004397473151396694,nonelliptic_or_noisy
10,stage,1820,1947,1821,1947,9.11559,9.746669,127,2.7965246714521523,2.8762805697320935,2.7782284801020247,2.890389665044673,0.34135103576161163,0.08230017240656828,0.25877655475652334,0.2804880235816018,346.7548514969257,13.245148503074317,2.7992921546781195,4.0,0.01851777696354693,0.01196904272461649,0.02925458104630856,0.06768540810757433,0.0,0.004845217068699728,nonelliptic_or_noisy
10,stage,1840,1967,1841,1967,9.215761,9.846841,127,2.7974289704076973,2.874446671800994,2.782848154253619,2.889904430789287,0.34377257162715336,0.07639854082884202,0.2601699766725607,0.2700000291375912,342.8939421298952,17.106057870104802,2.6644578202215534,4.0,0.015775175509965596,0.003685176579284104,0.02684412627153771,0.06181275487990458,0.0,0.0059479273094226294,nonelliptic_or_noisy
10,stage,1860,1987,1861,1987,9.315933,9.947012,127,2.798359681869968,2.8740926853275655,2.789999346614848,2.8899781728227767,0.3351919596487306,0.0929230750418375,0.31265736358928253,0.3210500614485388,342.557047859678,17.442952140322,2.387285478741353,4.0,0.016729448338972483,0.00964559599871075,0.03314900037115623,0.0535548457113152,0.0,0.0029707040719847227,nonelliptic_or_noisy
10,stage,1880,2007,1881,2007,9.416104,10.047183,127,2.7985825003428033,2.8727423687046816,2.794438662572791,2.8864838636343597,0.33394978690781085,0.07657099216283941,0.2876961684982414,0.26528448411937683,342.6819080517976,17.318091948202355,2.2694727853829666,4.0,0.008252143271144022,0.0035569518786801174,0.013076739693298551,0.04297862507410686,0.0,0.004098152092126354,nonelliptic_or_noisy
10,stage,1900,2027,1901,2027,9.516275,10.147355,127,2.8011318628995463,2.8710811714473827,2.794955383823835,2.883831356351275,0.3311441809356169,0.08132931308778353,0.30599078274128105,0.2865036628237546,342.5793400721152,17.42065992788479,2.2550989827700945,4.0,0.008989421629091238,0.006969588551478083,0.016216838546275383,0.04278327111863921,0.0,0.009188842934886317,nonelliptic_or_noisy
10,stage,1920,2047,1921,2047,9.616447,10.247526,127,2.8009244168136624,2.870228185547645,2.793510501606091,2.881708841028454,0.3267545825908176,0.08998067181144435,0.3018982207867429,0.2888993240838491,345.4395976133039,14.560402386696122,2.3301017387139114,4.0,0.009887271588949132,0.0069237926722555245,0.013669491980197502,0.04182478524641918,0.0,0.0026865697444562755,nonelliptic_or_noisy
10,stage,1940,2067,1941,2067,9.716618,10.347697,127,2.7992221718461945,2.8674232724449067,2.800008009561707,2.8824913016966196,0.330163985399512,0.09046328862104587,0.2895802232115567,0.2742045008273717,338.1035259842828,21.896474015717235,2.089688067393984,4.0,0.012393816330625623,0.005529057867553151,0.020899043544291885,0.04570003926901908,0.0,0.00993758503191448,nonelliptic_or_noisy
10,stage,1960,2087,1961,2087,9.816789,10.447869,127,2.7957464448610856,2.867809087260018,2.7980877757206555,2.8808611814577088,0.33194115469636615,0.0914460480115185,0.2709361145609696,0.25101016168303314,345.9991356155237,14.000864384476278,2.3435881412389703,4.0,0.010247940206474602,0.0006478526501784085,0.017693952570296052,0.03994813361039004,0.0,0.010535224711020818,nonelliptic_or_noisy
10,stage,1980,2107,1981,2107,9.916961,10.54804,127,2.8000036276131826,2.865935672126019,2.8039820911241877,2.8803184277279668,0.33753314060103934,0.08480855559444041,0.26795364233762575,0.24623415123583625,344.9365913559838,15.063408644016175,2.5217443084587727,4.0,0.012855027008546282,0.0077181395074563995,0.02196979728167328,0.04421154810168436,0.0,0.013779861679177469,nonelliptic_or_noisy
10,stage,2000,2127,2001,2127,10.017132,10.648211,127,2.7969270663594146,2.8666481081271344,2.8026124763535174,2.8772284489310067,0.341253633618319,0.07282469252771266,0.2374263946254015,0.2340341209868242,345.1063685426273,14.893631457372665,2.546290341340623,4.0,0.010433094887227106,0.009771881313785537,0.023508516030883813,0.0351971068114631,0.0,0.009254035137767265,nonelliptic_or_noisy
10,stage,2020,2147,2021,2147,10.117303,10.748383,127,2.7966449617024027,2.8651986411753874,2.8029396374387545,2.8773648484673275,0.33729870541609147,0.07461564101008349,0.25309795812504826,0.24113321046071245,346.4038128137123,13.596187186287715,2.4410782766971932,4.0,0.005220907013092551,0.003338307098184658,0.008598688135672218,0.04061135765281174,0.0,0.004377912768030791,nonelliptic_or_noisy
10,stage,2040,2167,2041,2167,10.217475,10.848554,127,2.7928311418303204,2.8668256454421632,2.7980437721515976,2.8743876132609985,0.336472177111259,0.08663200602900145,0.3656955432783657,0.35395179675125876,344.3445965306965,15.655403469303524,2.16022821433052,4.0,0.012621125943685228,0.007357942619694052,0.022662929487892582,0.027296434813932853,0.0,0.0123230625222632,nonelliptic_or_noisy
10,stage,2060,2187,2061,2187,10.317646,10.948725,127,2.7919096335494658,2.866987491040048,2.790868647053418,2.8713379608257825,0.33615020485902025,0.07773610834923665,0.36475743431412677,0.35361949738544307,347.1191331598955,12.880866840104463,2.18746074645896,4.0,0.009949497394597677,0.006336839941789225,0.016564256644928714,0.013307386512445904,0.0,0.0027833179695752135,nonelliptic_or_noisy
10,stage,2080,2207,2081,2207,10.417817,11.048897,127,2.7896263117185676,2.8674602444027153,2.788400787431661,2.8711459206897,0.33752242135553523,0.08353665718731895,0.3642449273862755,0.3677199468231991,347.1233897170033,12.87661028299669,2.1110034219389107,4.0,0.008390617998046017,0.0071510409002766145,0.016124244224625182,0.01150763671981167,0.0,0.006908427562464623,nonelliptic_or_noisy
10,stage,2100,2227,2101,2227,10.517989,11.149068,127,2.7825228806678215,2.8664567845930464,2.79321472317946,2.8698357509831958,0.33811216295962637,0.07493631469669736,0.3752145977632952,0.36108530420060136,347.1580613066006,12.841938693399387,2.154877687582624,4.0,0.012560952136273312,0.0035998738174820876,0.018458474966032333,0.033163754369648635,0.0,0.021217684991647005,nonelliptic_or_noisy
10,stage,2120,2247,2121,2247,10.61816,11.249239,127,2.778052770697076,2.8676763769417866,2.7938014835055407,2.870390188760491,0.33674401904401385,0.07457327880723612,0.32935127660628355,0.34476244907635173,347.1839518708398,12.816048129160201,2.3503536375135905,4.0,0.01463716546286842,0.0014402951308037,0.021621299308847507,0.04745688982803146,0.0,0.01375969909467609,nonelliptic_or_noisy
10,stage,2140,2267,2141,2267,10.718331,11.349411,127,2.7741657839556253,2.8686042335461104,2.797611995538726,2.865305898383367,0.3343354215213015,0.07426039138025053,0.35971872272278527,0.3859318920311323,346.9637001110384,13.036299888961572,2.1250762170254522,4.0,0.012146853074587008,0.008997477372635817,0.0163573470991829,0.07081832459942537,0.0,0.011952655656327409,nonelliptic_or_noisy
10,stage,2160,2287,2161,2287,10.818503,11.449582,127,2.7691788045921317,2.8696340548692754,2.8006982966495246,2.867294404906491,0.33420315269296846,0.07516628140787951,0.33886366347827596,0.3686075468708821,341.01077809297703,18.989221907022937,2.4613508179229475,4.0,0.014161594416440243,0.005341927723755288,0.024582718235788528,0.09457184072278023,0.0,0.01523683842675524,nonelliptic_or_noisy
10,stage,2180,2307,2181,2307,10.918674,11.549753,127,2.763053578311185,2.8698248345288264,2.8052350874354373,2.8702916773297766,0.33367031649493284,0.07771867698723575,0.344901563025346,0.3781131325477196,341.09138102530943,18.908618974690576,2.314500795001287,4.0,0.004846514456096577,0.005302625731314952,0.009112877737562412,0.12642446854070385,0.0,0.018366022752937312,nonelliptic_or_noisy
10,stage,2200,2327,2201,2327,11.018845,11.649924,127,2.7586604782370205,2.8715081066957615,2.808387866912171,2.862863760723196,0.322543253948368,0.08797358964403597,0.3304199419398618,0.3805260603370627,340.5525534610016,19.447446538998413,2.379466861483172,4.0,0.005922515045842281,0.008976479700509708,0.014244238063238364,0.15648487383070947,0.0,0.014585776814621934,nonelliptic_or_noisy
10,stage,2220,2347,2221,2347,11.119016,11.750096,127,2.7558860257482314,2.8747908255949106,2.8056551609846836,2.862276382637742,0.32535073245147483,0.08918292557716476,0.3380504141614101,0.38395357851497797,340.57615524053756,19.42384475946246,2.264099836878175,4.0,0.014532448212946528,0.012388433083422174,0.032309539346164304,0.157732545717108,0.0,0.013210725919884403,nonelliptic_or_noisy
10,stage,2240,2367,2241,2367,11.219188,11.850267,127,2.7538729812709555,2.8740151198663373,2.8052897543381263,2.8621468943492148,0.32023039421339344,0.10654193365893422,0.3327773345508802,0.3868998485997026,344.44929985061276,15.550700149387263,2.2742218220351162,4.0,0.003915920768728739,0.012883866950550616,0.02159536934854284,0.16478365373101317,0.0,0.006736802047229946,nonelliptic_or_noisy
10,stage,2260,2387,2261,2387,11.319359,11.950438,127,2.754588528129011,2.8737104243850684,2.7997659055241257,2.8639961626573087,0.31824503413215377,0.11097326491792377,0.4117948815748421,0.38839592447433896,346.7784981208664,13.221501879133607,2.2193670134400127,4.0,0.011041315507038277,0.013086077443483193,0.028076346681838945,0.1452025190257089,0.0,0.0024437737831956006,nonelliptic_or_noisy
10,stage,2280,2407,2281,2407,11.41953,12.05061,127,2.7501407479910163,2.8744413939396867,2.8031699199214004,2.86098061318531,0.31444696222531626,0.10725066369824045,0.3106370131126422,0.40569041566457464,346.79207395845356,13.207926041546425,2.3552272030317187,4.0,0.011961147945310724,0.007629621325536646,0.020891589344837997,0.17399095886835486,0.0,0.014334517452353743,nonelliptic_or_noisy
10,stage,2300,2427,2301,2427,11.519702,12.150781,127,2.7508230476371613,2.8775755605625233,2.797372115217907,2.862995855156065,0.31701117711476084,0.09473661220212902,0.2946581526901073,0.40790173466702156,343.83895959402594,16.161040405974067,2.3168029410126265,4.0,0.015589642515014282,0.009202972028454468,0.026502184548507574,0.15387130895732629,0.0,0.010118174323366116,nonelliptic_or_noisy
10,stage,2320,2447,2321,2447,11.619873,12.250952,127,2.750201556833976,2.8802019049042578,2.790647921296595,2.8647514127270273,0.3198468622739488,0.09663230285595761,0.30911355801586987,0.3795547689122205,343.29103076162636,16.708969238373665,2.446938543838362,4.0,0.022610697390228484,0.010256981436583183,0.03549057553732577,0.13536775792926295,0.0,0.008438027738452493,nonelliptic_or_noisy
10,stage,2340,2467,2341,2467,11.720044,12.351124,127,2.7532071980660024,2.8811988392997407,2.782625707043958,2.8680965723652907,0.31834976945461463,0.0979039164955213,0.3454586094676608,0.3834635804828621,342.89381840147536,17.10618159852466,2.487936445269627,4.0,0.015229257000104834,0.009507228395521393,0.02366008498658328,0.10116017238555546,0.0,0.00994712028617259,nonelliptic_or_noisy
10,stage,2360,2487,2361,2487,11.820216,12.451295,127,2.7517846799181553,2.8839227037908457,2.775092755923991,2.873950628508122,0.3206775804214613,0.08776672465145743,0.3357431416799673,0.3693478225717056,341.61932068079795,18.38067931920206,2.5314397611881305,4.0,0.02441145596679016,0.0040827929505215035,0.04421764447757798,0.07905666482745849,0.0,0.009582664795094379,nonelliptic_or_noisy
10,stage,2380,2507,2381,2507,11.920387,12.551466,127,2.729260425462325,2.889678796921338,2.772243209516295,2.870571884138288,0.3283596548805449,0.08565181930538264,0.29526620050738445,0.3509428091251793,341.4161230222656,18.583876977734388,2.3968343146824633,4.0,0.025103905211398596,0.003990796693716893,0.03639601562957767,0.1432521203984463,0.0,0.0708007523582461,nonelliptic_or_noisy
10,stage,2400,2527,2401,2527,12.020558,12.651638,127,2.73423607997966,2.891720520380024,2.7599164713822777,2.868706314761498,0.3271019033664076,0.07814290247783294,0.24227766753449473,0.32623027573506735,345.46350229131895,14.53649770868107,2.4058320114119174,4.0,0.017753346839924092,0.003657980271566587,0.030392852023825023,0.1054223570676077,0.0,0.01644218052872401,nonelliptic_or_noisy
10,stage,2420,2547,2421,2547,12.12073,12.751809,127,2.7323814115145324,2.892764874344482,2.7541508869616016,2.8679779866098767,0.3305328052842198,0.07220439843006095,0.2413125282192139,0.3203730371415736,345.31966614008087,14.680333859919136,2.473730541336532,4.0,0.01569515466003634,0.00426712573767631,0.022085444659829766,0.09980670498679273,0.0,0.006439573064957416,nonelliptic_or_noisy
10,stage,2440,2567,2441,2567,12.220901,12.85198,127,2.7294834668284578,2.8969585379481617,2.7550226461665317,2.8710836648999236,0.33074623825412197,0.07852044604244654,0.23879459538145617,0.2924183085971,342.0242509903178,17.97574900968218,2.3938838663240527,4.0,0.01661838463207459,0.009776922832762379,0.03236505178766715,0.10992112925947574,0.0,0.015412233968965851,nonelliptic_or_noisy
10,stage,2460,2587,2461,2587,12.321072,12.952152,127,2.722570099888407,2.9002500034172156,2.750277839805747,2.8716993508362787,0.3289505115490134,0.07217013389330625,0.22282485833847018,0.297249193955519,340.56637325506887,19.43362674493112,2.230243212045024,4.0,0.0073076021331813235,0.007563240783713263,0.014179101764194069,0.1209457176804352,0.0,0.023276807140915214,nonelliptic_or_noisy
10,stage,2480,2607,2481,2607,12.421244,13.052323,127,2.70610618319498,2.9062365650866484,2.7455703920555146,2.8730080013900388,0.32836896614094996,0.07925908110871979,0.25940691754896705,0.34275699791946623,340.5070655133781,19.49293448662187,2.3780565255453365,4.0,0.019466086849838277,0.006059821128259511,0.02464763647144249,0.1571108307190691,0.0,0.053350189465312975,nonelliptic_or_noisy
10,stage,2500,2627,2501,2627,12.521415,13.152494,127,2.716371224048423,2.9045075606136193,2.740528684453165,2.873237960327957,0.3395570998343704,0.07097459839097385,0.22110516558859447,0.2844023993183865,343.19502642985174,16.804973570148235,2.429357466894018,4.0,0.01155654903539208,0.008701351737662785,0.023734535029013515,0.11636977920287572,0.0,0.03065651089274664,nonelliptic_or_noisy
10,stage,2520,2647,2521,2647,12.621586,13.252666,127,2.722239932030873,2.903332855823157,2.7406860806138797,2.8756887354829708,0.3423476796042872,0.06709945764308035,0.21297241611776516,0.26231852447837045,339.9650534914746,20.034946508525394,2.6395344147303623,4.0,0.011217786888015889,0.003991599678880002,0.01654636158965812,0.0970749492441215,0.0,0.017482578774123746,nonelliptic_or_noisy
10,stage,2540,2667,2541,2667,12.721758,13.352837,127,2.7200187531437896,2.9046131501755337,2.7435668718603536,2.8771463968728908,0.3379386606274291,0.07265852975500424,0.2751555231435873,0.3039314533339278,340.13804256611684,19.86195743388319,2.9116588808550254,4.0,0.015291385037707057,0.00048452948497016774,0.023465135845993076,0.10705856044889965,0.0,0.007586421634707621,nonelliptic_or_noisy
10,stage,2560,2687,2561,2687,12.821929,13.453008,127,2.716084933485626,2.909532504277988,2.742161340645183,2.8761427995144015,0.3392764125705341,0.08520561880786713,0.3285466522910808,0.3789510195444123,344.4425035718157,15.557496428184308,2.686090248788683,4.0,0.005471059116980516,0.006087372534462281,0.012463512475968738,0.12487070999673282,0.0,0.018565416693358986,nonelliptic_or_noisy
10,stage,2580,2707,2581,2707,12.9221,13.55318,127,2.7209943075933367,2.9066040907434347,2.748424814406718,2.8801193007140453,0.3325607686486178,0.09246862799444654,0.3320212158064377,0.38964974892945026,344.2764201051203,15.723579894879714,2.490498614648268,4.0,0.015161923521146222,0.005169865062590691,0.022628251922402594,0.11465494463776844,0.0,0.01718912598993504,nonelliptic_or_noisy
10,stage,2600,2727,2601,2727,13.022272,13.653351,127,2.7355650740125608,2.8987968105701323,2.7464344649920553,2.8807663213858707,0.331413010741007,0.09601739338663656,0.3405231141920158,0.36940038254168717,343.75637489265944,16.24362510734058,2.540791619574158,4.0,0.012979376735931834,0.0052825618803914,0.02308925615485581,0.06352592492618196,0.0,0.049879163267171456,nonelliptic_or_noisy
10,stage,2620,2747,2621,2747,13.122443,13.753522,127,2.735421924311237,2.900774395814017,2.7544231980687988,2.883980474113721,0.3236777197875233,0.10624658301063829,0.3263040852472567,0.3348446982955303,343.4541918722168,16.54580812778319,2.272382064877582,4.0,0.011494908874453072,0.012639071440629993,0.0231868126100535,0.07834677375130764,0.0,0.0061257212916727,nonelliptic_or_noisy
10,stage,2640,2767,2641,2767,13.222614,13.853693,127,2.7383368903308436,2.9010601042158495,2.7598163724613176,2.8908752941030325,0.32108870665863637,0.10457958306102944,0.3418938407745143,0.3399450240292364,347.5651961493963,12.434803850603691,2.2985626715107497,4.0,0.014535062487758842,0.012265710470376629,0.026338892756688746,0.07403499478589932,0.0,0.009121885162087286,nonelliptic_or_noisy
10,stage,2660,2787,2661,2787,13.322785,13.953865,127,2.7327103603978995,2.9038220747253334,2.766540334371107,2.88781499138537,0.31856344296679595,0.09722077890916783,0.3481707102476713,0.3501818299161572,347.90094748321684,12.099052516783168,2.4580883073110944,4.0,0.011015683962295233,0.01897816063378642,0.03114538091918343,0.11748317513312535,0.0,0.019675452966259232,nonelliptic_or_noisy
10,stage,2680,2807,2681,2807,13.422957,14.054036,127,2.7423947700800912,2.9061625689643105,2.7659328499440683,2.8952701151972904,0.32831881866181895,0.08582342254617306,0.21685061774144704,0.24789988613599023,347.1881753824196,12.81182461758036,2.2675962580171203,4.0,0.009344109841249091,0.009677313842648238,0.01705867065904053,0.0789970113443326,0.0,0.0303461665766824,nonelliptic_or_noisy
10,stage,2700,2827,2701,2827,13.523128,14.154207,127,2.740005942114073,2.9098441101015102,2.767570301467236,2.8958317737880725,0.32516359640215925,0.08316158694911034,0.23962197802034824,0.2792799185530929,344.3818781618053,15.618121838194703,2.1900370362082358,4.0,0.013263688222139164,0.006411932916253451,0.02120120057700185,0.0950952240889324,0.0,0.013496742936401955,nonelliptic_or_noisy
10,stage,2720,2847,2721,2847,13.623299,14.254379,127,2.737453363322306,2.910393952521744,2.7146204078379528,2.9083158609403124,0.33170801749519196,0.15612700612980102,0.5401915271649982,0.5414286705973163,345.5800315133346,14.41996848666542,3.537482121002761,4.0,0.09556513201642589,0.020714387062323227,0.16706691070044413,0.0691190014536496,0.0,0.007871763861874444,nonelliptic_or_noisy
10,stage,2740,2867,2741,2867,13.723471,14.35455,127,2.737890754176859,2.9135299897634166,2.7164357284700498,2.903495648665543,0.33487424203378846,0.16306685483645214,0.5170489180173535,0.5206939775789451,344.5019342094273,15.498065790572676,3.468727300944323,4.0,0.12995519296402985,0.016821189908138863,0.24665075693536684,0.07072973965120648,0.0,0.009455466934089801,nonelliptic_or_noisy
10,stage,2760,2887,2761,2887,13.823642,14.454721,127,2.765680300171849,2.914552055013688,2.7111850855388653,2.903131511848922,0.3326356140203655,0.1827392161009356,0.5155538124028409,0.5366208204040045,344.9603656633341,15.039634336665946,3.6012808355687844,4.0,0.11484862877629917,0.021831548855510734,0.2201156121582511,0.1673875351207807,0.0,0.08359999236800653,nonelliptic_or_noisy
10,stage,2780,2907,2781,2907,13.923813,14.554893,127,2.7713735078890265,2.911245342084515,2.6965516173944435,2.904360489707362,0.327981770993204,0.18269928957354956,0.5397146962455402,0.5240940940077471,342.31169356422805,17.68830643577193,3.953570253502936,4.0,0.14226623299755872,0.031319566620880895,0.25947729781497364,0.2290919485352245,0.0,0.020073802109955578,center_unidentifiable
10,stage,2800,2927,2801,2927,14.023985,14.655064,127,2.7678785593945454,2.913297274817852,2.6851863413732513,2.9003043435466287,0.3270756258230293,0.17565302030743818,0.5164286685252323,0.5194218007530718,346.3131094518027,13.686890548197333,4.756323945989578,4.0,0.06268403065023104,0.029555136837761915,0.0824009352219736,0.25592474200272625,0.0,0.012390982298092284,nonelliptic_or_noisy
10,stage,2820,2947,2821,2947,14.124156,14.755235,127,2.786625285750171,2.9128152672501937,2.7045584989686127,2.8949061281807924,0.3444389667681462,0.165839757140576,0.45853209950153184,0.4788098804925593,345.42135309069124,14.578646909308763,5.180382780056842,4.0,0.060121942048341544,0.016395911902233298,0.11005050119945889,0.24386957095221984,0.0,0.05444483268226509,nonelliptic_or_noisy
10,stage,2840,2967,2841,2967,14.224327,14.855407,127,2.8165424757654365,2.902853658971618,2.7300460661250057,2.905591325115195,0.3256396298765777,0.20638536231056082,0.5130372652980915,0.5090513287118108,337.66076346119496,22.33923653880501,3.7839575147011133,4.0,0.1161823894202858,0.015993778748917723,0.18442559224496452,0.2657530450518915,0.0,0.09683120355136321,nonelliptic_or_noisy
10,stage,2860,2987,2861,2987,14.324499,14.955578,127,2.8204132881796893,2.9040485272056173,2.734769265549617,2.902698304396581,0.32682902142259707,0.23079691366603897,0.5266150841993521,0.5428313950016307,332.6834607649743,27.316539235025697,3.5649293597909635,4.0,0.0616798945333009,0.009690150207039542,0.10369697987998636,0.26207790569007056,0.0,0.012394972587985843,nonelliptic_or_noisy
10,stage,2880,3007,2881,3007,14.42467,15.055749,127,2.822671412683154,2.905461748181761,2.7369730666018346,2.9098326868356352,0.33690575993060573,0.2371694307308677,0.5055241308780574,0.5353718226565096,332.27192034374434,27.72807965625567,4.4460555664179475,4.0,0.03792827942951771,0.021887242908691113,0.057098794026265894,0.25469953637410625,0.0,0.007906934725048765,nonelliptic_or_noisy
10,stage,2900,3027,2901,3027,14.524841,15.155921,127,2.8187893309289938,2.9071626869504437,2.7330115157294235,2.9075932209533835,0.3372410903285148,0.23072323093596492,0.501614028203682,0.5648089795629933,344.47089616372557,15.529103836274428,4.393099149985718,4.0,0.046927441630216116,0.02593550363791744,0.06332403505277938,0.25435481652696296,0.0,0.012567764492865263,nonelliptic_or_noisy
10,stage,2920,3047,2921,3047,14.625013,15.256092,127,2.8192833981609953,2.9070956111757016,2.744202174260974,2.90816142044269,0.3364971365555205,0.1825404142290298,0.475406877892827,0.5895426418055681,338.4319927375399,21.5680072624601,3.559001402083156,4.0,0.06101026845214391,0.034083902452344904,0.11552601160959276,0.2231483723486628,0.0,0.0014817351296289426,nonelliptic_or_noisy
10,stage,2940,3067,2941,3067,14.725184,15.356263,127,2.836191886021745,2.9016049737545204,2.7659835759245714,2.896973624899157,0.3476299317602609,0.20232981304439548,0.45644202926565985,0.5603150829820196,339.5570645311853,20.442935468814703,5.928821936055534,4.0,0.038841174855939055,0.01258333300088817,0.06704042838213273,0.20240173016517274,0.0,0.05113952073877103,nonelliptic_or_noisy
10,stage,2960,3087,2961,3087,14.825355,15.456435,127,2.8427570156395077,2.9015061290240176,2.768140563146418,2.9012354173429222,0.3399450625936224,0.20825466116644892,0.4831018153760655,0.5764997509866014,339.8804966380698,20.119503361930192,4.029647316594392,4.0,0.054145930874322304,0.03643835529851646,0.09023937104732921,0.21949706519918208,0.0,0.019314514026710795,nonelliptic_or_noisy
10,stage,2980,3107,2981,3107,14.925527,15.556606,127,2.8414264054502283,2.8988046748361955,2.758246119328184,2.9071799031461367,0.3421256693317351,0.2101751593392972,0.4745090869306191,0.5634766017733144,337.44185928108885,22.55814071891115,4.526630066644824,4.0,0.06250436673171286,0.03656994677027104,0.11933382859803593,0.2443571804647045,0.0,0.008801955167459545,nonelliptic_or_noisy
10,stage,3000,3127,3001,3127,15.025698,15.656777,127,2.758119603441348,2.9369528594902117,2.7969704016106287,2.8971580351602992,0.3216316400501943,0.1882461817082431,0.5119023004294033,0.5458623338761893,341.9481118004483,18.051888199551673,2.913521496754086,4.0,0.041967434283685955,0.038448516452613005,0.11284231327357776,0.17291476414872073,0.0,0.28487840710067985,nonelliptic_or_noisy
10,stage,3020,3147,3021,3147,15.125869,15.756949,127,2.7814433561554113,2.9235846960643643,2.794401913086143,2.889268264773398,0.3280661026723227,0.1700393677657678,0.5354314973204563,0.4977192813657032,341.7807578576825,18.219242142317537,3.0650374259337485,4.0,0.03192439739729623,0.02170159919414379,0.054468871765035384,0.11181169059743776,0.0,0.08194439263872248,nonelliptic_or_noisy
10,stage,3040,3167,3041,3167,15.226041,15.85712,127,2.7836376193880112,2.922289349243695,2.789852754548843,2.8986510556618006,0.3297595868024597,0.1840376274080382,0.5142624589433937,0.4948224547542461,342.7773723480582,17.22262765194183,2.989972798043669,4.0,0.028601008223573598,0.04069560138264025,0.07139115002392817,0.07411976370134123,0.0,0.00772708560405071,nonelliptic_or_noisy
10,stage,3060,3187,3061,3187,15.326212,15.957291,127,2.786852660729239,2.922289349243695,2.7839868551365115,2.91005014206717,0.329857857907724,0.16410238704015156,0.5160647210509511,0.5143955252413451,341.9004766321512,18.099523367848825,3.142508499481414,4.0,0.10105615719345594,0.014395451851222431,0.149932966298444,0.038108062882622744,0.0,0.00974674777075383,nonelliptic_or_noisy
10,stage,3080,3207,3081,3207,15.426383,16.057462,127,2.812457385546234,2.9235846960643643,2.774665244351586,2.9149968523284495,0.33901197298993974,0.1764616610180389,0.4997664744384357,0.47208184684521404,340.6852380037443,19.31476199625567,3.654850282553188,4.0,0.07370901430562345,0.047035867685547225,0.1336572614124164,0.11431928392995304,0.0,0.07562408355807176,nonelliptic_or_noisy
10,stage,3100,3227,3101,3227,15.526554,16.157634,127,2.8079796384940883,2.922289349243695,2.834500191486035,2.9064736945589957,0.31360208115197746,0.19275297070203556,0.5183092072720037,0.49436055888375774,344.40667648986266,15.593323510137315,3.4078691931885063,4.0,0.06450181428042746,0.009600096201597788,0.11484496999357859,0.09846358464733238,0.0,0.014863885794437905,nonelliptic_or_noisy
10,stage,3120,3247,3121,3247,15.626726,16.257805,127,2.8083737723355817,2.914525515655436,2.8378155579091078,2.9046263808242005,0.3061266241350777,0.20657044539950642,0.5796449875040939,0.5509823148047166,343.6778099031219,16.322190096878078,2.7655989457618717,4.0,0.05704707681034493,0.0132230457491887,0.10090996955136688,0.10146591071550257,0.0,0.025394169314966873,nonelliptic_or_noisy
10,stage,3140,3267,3141,3267,15.726897,16.357976,127,2.8143141944665295,2.922289349243695,2.844577704460077,2.912386406707458,0.30932257317459166,0.19531414181953619,0.5373539302320078,0.5184632301003834,346.53520883837933,13.46479116162069,2.8552484705466843,4.0,0.04049278646395737,0.004391227694721529,0.0773226857753087,0.10294287500169698,0.0,0.031603812014306,nonelliptic_or_noisy
10,stage,3160,3287,3161,3287,15.827068,16.458148,127,2.832697028266882,2.922289349243695,2.8434004922622904,2.90617691435379,0.31259285579628054,0.18243022758279634,0.5368652186736248,0.5481510953785564,346.81432019977376,13.185679800226216,2.7964716319991805,4.0,0.029353099719886436,0.004458817141672733,0.04289307470251529,0.06188111938573305,0.0,0.05880759415798329,nonelliptic_or_noisy
10,stage,3180,3307,3181,3307,15.92724,16.558319,127,2.8275049930728073,2.92239878958358,2.8453339479220583,2.9084127327925873,0.3109515930682265,0.1642948135996783,0.5592615974154119,0.5511012002879725,345.88208972749703,14.117910272502996,2.819516752904661,4.0,0.02700549227830452,0.006244681831965751,0.047784152091021256,0.07287349165374629,0.0,0.016700954750289623,nonelliptic_or_noisy
10,stage,3200,3327,3201,3327,16.027411,16.65849,127,2.8143141944665295,2.947566111975505,2.85123450717977,2.901466235188719,0.30524241355046267,0.1822249676485055,0.56442140285613,0.6086683890095623,340.2420022905918,19.757997709408205,2.8557551080327386,4.0,0.03518682628715398,0.009830739406896645,0.054738950709173444,0.19349178952897317,0.0,0.09308873949250629,nonelliptic_or_noisy
10,stage,3220,3347,3221,3347,16.127582,16.758662,127,2.8359835527583894,2.912529887704957,2.842758218894781,2.8991599863621382,0.3134821004237789,0.13485109704180814,0.4897361986699663,0.5250803895917626,346.1264662692552,13.873533730744807,2.8293204187455876,4.0,0.023962195501195417,0.008331572407681934,0.03847640185919555,0.04781242976169813,0.0,0.13141372493836415,nonelliptic_or_noisy
10,stage,3240,3367,3241,3367,16.227754,16.858833,127,2.8382973165282044,2.891929577701327,2.8357287503383697,2.900003255417914,0.3252066106371322,0.11929209013765998,0.4649976723220608,0.4533061784041237,348.7758515540144,11.2241484459856,2.869395590258466,4.0,0.03680025188862694,0.003987103948583113,0.05179381549813877,0.026052404923909565,0.0,0.06374360031267225,nonelliptic_or_noisy
10,stage,3260,3387,3261,3387,16.327925,16.959004,127,2.8359835527583894,2.8956538159673837,2.843921374497294,2.8945944806890425,0.3181609642856177,0.11123920145321016,0.4061316869179416,0.41727580075618453,345.07556691926567,14.92443308073432,2.852900607601861,4.0,0.028020605148744878,0.014712447816283182,0.04103552827229752,0.02517026607541716,0.0,0.013780621702303908,nonelliptic_or_noisy
10,stage,3280,3407,3281,3407,16.428096,17.059176,127,2.8299489751524773,2.9137352627047495,2.8457870073927802,2.8971316683843056,0.3188197936558249,0.09606527650072035,0.4175811407955208,0.4272825421983379,339.8096519398026,20.190348060197365,2.787211661631262,4.0,0.024178035428269202,0.00785871032496946,0.038928730086781854,0.07197194446874834,0.0,0.05978885000741847,nonelliptic_or_noisy
10,stage,3300,3427,3301,3427,16.528268,17.159347,127,2.841738350176297,2.8937149233016917,2.844198419025089,2.8966247920595793,0.3212108517441109,0.08909371645478283,0.35244936184874054,0.3466700791415818,346.51614568417807,13.483854315821954,2.2338665152887716,4.0,0.03311424547392566,0.011244099911184824,0.04522399236416944,0.011862664707214816,0.0,0.0723315180722553,nonelliptic_or_noisy
10,stage,3320,3447,3321,3447,16.628439,17.259518,127,2.8327966961885633,2.9043785227847505,2.834339693980242,2.897776575740691,0.3237720860350926,0.09406946423348891,0.3540744393830649,0.36623915585371086,344.1564178932392,15.843582106760762,2.165698350175748,4.0,0.01655945208474119,0.010135577945723893,0.023732085843690104,0.020940234306827857,0.0,0.042982013964546845,nonelliptic_or_noisy
10,stage,3340,3467,3341,3467,16.72861,17.35969,127,2.8320620241779193,2.9191495152589173,2.8325987154678143,2.8937670384032614,0.3268095559065971,0.0893190876773903,0.33767611086432503,0.39425369937608135,344.3973995654202,15.602600434579818,2.1130329071428093,4.0,0.016270606093091625,0.010297188976327039,0.026734434297486974,0.07768484644186632,0.0,0.045253424480235845,nonelliptic_or_noisy
10,stage,3360,3487,3361,3487,16.828782,17.459861,127,2.8083737723355817,2.92239878958358,2.839716358061242,2.8938453237850807,0.316612006572113,0.09918277475026137,0.4180889714852457,0.3969501604784441,347.58148352357836,12.418516476421622,2.2131440460185265,4.0,0.00926515169407247,0.011256186552037802,0.020375231434830263,0.1339140567101397,0.0,0.07551849386985367,nonelliptic_or_noisy
10,stage,3380,3507,3381,3507,16.928953,17.560032,127,2.806965221944004,2.9148125703087406,2.8352657372285064,2.8961020146930148,0.3137443754148742,0.0984776911047941,0.4888921873309383,0.4395262069281792,344.6211256517659,15.378874348234095,2.1184608792282393,4.0,0.010866948341493286,0.003947371962499565,0.01432282599486123,0.1081340522869353,0.0,0.024592873235519726,nonelliptic_or_noisy
10,stage,3400,3527,3401,3527,17.029124,17.660204,127,2.805646952625021,2.9148125703087406,2.832301027432876,2.8905849966767443,0.3173219661793528,0.10723022401501467,0.4968222021940988,0.45503397779184185,347.0091657233728,12.9908342766272,2.375752869997037,4.0,0.011886344709642399,0.017082491773404755,0.025810968707079773,0.11351135957631875,0.0,0.004154358851532986,nonelliptic_or_noisy
10,stage,3420,3547,3421,3547,17.129296,17.760375,127,2.806965221944004,2.9043785227847505,2.834277981246573,2.8914502383100813,0.30816796819789133,0.11566964032376251,0.4907990091525329,0.5017946525273969,347.41147491399556,12.588525086004463,2.343086462631776,4.0,0.008760737591595298,0.0073672584083507575,0.014276960501375932,0.09805690534951014,0.0,0.03412747587516648,nonelliptic_or_noisy
10,stage,3440,3567,3441,3567,17.229467,17.860546,127,2.8040857180873044,2.9148125703087406,2.833827851501833,2.890181973845369,0.31285679325635435,0.0918040391345846,0.4607972944223371,0.4472164023557741,349.0844377189191,10.915562281080875,2.49277590823792,4.0,0.00641012181097401,0.00830089580328508,0.01321943551857311,0.12343297849583272,0.0,0.034597581566171424,nonelliptic_or_noisy
10,stage,3460,3587,3461,3587,17.329638,17.960718,127,2.806965221944004,2.897370408567958,2.8351437275997884,2.898065946968151,0.3049703556226465,0.1072966022998647,0.4877771570329547,0.512058455016919,345.05505616524204,14.944943834757964,2.4181040667483362,4.0,0.014242013958229318,0.008832095547310213,0.02696823592675406,0.09242566668912959,0.0,0.05796711187772289,nonelliptic_or_noisy
10,stage,3480,3607,3481,3607,17.42981,18.060889,127,2.806965221944004,2.9148125703087406,2.8334823446534774,2.8986143858798217,0.30966586324351336,0.1030729052737314,0.49876523038521564,0.4917009616317063,345.1090250251543,14.890974974845683,2.6418239214552637,4.0,0.01191387192231199,0.00944503925979316,0.0189881924736278,0.10034403765568806,0.0,0.056325749173929546,nonelliptic_or_noisy
10,stage,3500,3627,3501,3627,17.529981,18.16106,127,2.817944825593983,2.9129999398211703,2.8410602345683627,2.8977204144030795,0.3118770717861573,0.10289990689185849,0.47432267120739785,0.49051453973050896,344.9439206188311,15.05607938116889,2.4740535775062176,4.0,0.017592958815116227,0.007009901374180434,0.03026641943744539,0.08884574934530862,0.0,0.03568143681848724,nonelliptic_or_noisy
10,stage,3520,3647,3521,3647,17.630152,18.261232,127,2.817944825593983,2.9043785227847505,2.845662661141832,2.8993324546743677,0.3143224524375292,0.1000060948642099,0.44936666562045435,0.42050277256747304,346.5193929244417,13.480607075558284,2.4702073173571484,4.0,0.0064147689471742595,0.0074692973469387865,0.016102891128395535,0.0896322008578885,0.0,0.027428575240368222,nonelliptic_or_noisy
10,stage,3540,3667,3541,3667,17.730324,18.361403,127,2.829130792714655,2.9000881384338166,2.843321792049248,2.9002916435078254,0.31854625956528604,0.09173536580941281,0.4318411989588722,0.41772585629651393,346.591826125997,13.408173874003,2.0749899991364913,4.0,0.014132159932805905,0.011021703687889269,0.024713922664892935,0.04455383797122901,0.0,0.03761003711487266,nonelliptic_or_noisy
10,stage,3560,3687,3561,3687,17.830495,18.461574,127,2.8134778995410112,2.9043785227847505,2.847478335957242,2.900619874088076,0.32069589104392754,0.08738944784989706,0.4335977907032018,0.41214203469930927,345.9197312329619,14.080268767038119,2.2527927811026704,4.0,0.006704525402901786,0.007765194713923482,0.013282660404714932,0.10666665929595141,0.0,0.05060941980622692,nonelliptic_or_noisy
10,stage,3580,3707,3581,3707,17.930666,18.561745,127,2.8134778995410112,2.897370408567958,2.849321385508147,2.8972544392679374,0.32376851739555135,0.07569468620725912,0.3999475303601877,0.4090682994777607,345.88427999264337,14.115720007356613,2.305134982960495,4.0,0.0018966914770978322,0.004955626556513807,0.006436256358287271,0.11070771754027715,0.0,0.021645446793798317,nonelliptic_or_noisy
10,stage,3600,3727,3601,3727,18.030837,18.661917,127,2.8134778995410112,2.9000881384338166,2.8461207464851945,2.8930431348307257,0.3263953595033335,0.07912993021384299,0.382397604841527,0.3755729117124385,346.06525437711275,13.934745622887242,2.0553407339399525,4.0,0.012145021260338165,0.01353699659497345,0.029368231848492223,0.10231280163686711,0.0,0.008326496645031933,nonelliptic_or_noisy
10,stage,3620,3747,3621,3747,18.131009,18.762088,127,2.8073995666029585,2.9204194858372015,2.843279747685501,2.893645977937987,0.31992944861123357,0.08204951935984818,0.38280284111007873,0.3868250392955419,344.9615133428519,15.038486657148107,2.1166610353119086,4.0,0.002767768255282811,0.006745509518752387,0.010743154657302518,0.1399320482415992,0.0,0.06632870079424354,nonelliptic_or_noisy
10,stage,3640,3767,3641,3767,18.23118,18.862259,127,2.8134778995410112,2.9178993271334126,2.8463359134638098,2.898408728928809,0.320461038373394,0.0858098628701724,0.37298545995316923,0.3808351778137305,341.4380047501947,18.561995249805282,2.0885823803425594,4.0,0.007856516621265195,0.01168168577428918,0.018310474136856773,0.11921520475965265,0.0,0.020533138108622645,nonelliptic_or_noisy
10,stage,3660,3787,3661,3787,18.331351,18.962431,127,2.814600362891385,2.9178993271334126,2.844938128150651,2.8938352962769023,0.3211452464487573,0.06903204656750968,0.23352210546279586,0.2642589047465301,341.74850890640545,18.251491093594574,2.280772092090313,4.0,0.0039195913517634596,0.009002970035149155,0.010886644252287537,0.12057731095415071,0.0,0.0034951890547531284,nonelliptic_or_noisy
10,stage,3680,3807,3681,3807,18.431523,19.062602,127,2.837984960641567,2.9178993271334126,2.8478443022797975,2.895071943023272,0.32792716025192925,0.0687322827865375,0.2249309182485529,0.2317498211200636,334.23195763270036,25.768042367299664,2.208898664282962,4.0,0.0032129711728461187,0.010632318787160394,0.017408884403919557,0.07582647364919336,0.0,0.071310341394768,nonelliptic_or_noisy
10,stage,3700,3827,3701,3827,18.531694,19.162773,127,2.837984960641567,2.9000881384338166,2.84824443366939,2.891753544224444,0.32400382777736014,0.07141688237265727,0.36322536458636395,0.3567316383239943,339.39529343681215,20.604706563187833,2.0256840072120283,4.0,0.007914482986857796,0.011873571945991437,0.018677534004951053,0.04079659927880641,0.0,0.05497215518032387,nonelliptic_or_noisy
10,stage,3720,3847,3721,3847,18.631865,19.262945,127,2.810504772364574,2.9204194858372015,2.8486581877848947,2.896412591177727,0.31030929665868034,0.06806579060405644,0.3779280735980638,0.38902020214352473,342.16967810291374,17.830321897086243,2.0841316153183693,4.0,0.00300999249064468,0.006664183012104175,0.010333053634845437,0.14526753646660925,0.0,0.11016004691834164,nonelliptic_or_noisy
10,stage,3740,3867,3741,3867,18.732037,19.363116,127,2.81105552705763,2.9000881384338166,2.8450862657001266,2.9015117250412157,0.3147887791372987,0.07244602398313657,0.36207018773304983,0.3996983641088251,342.5844897629351,17.41551023706487,2.3515447896773125,4.0,0.014194012399372284,0.01040081667046464,0.025733900404646484,0.10820113005535414,0.0,0.06461096158551032,nonelliptic_or_noisy
10,stage,3760,3887,3761,3887,18.832208,19.463287,127,2.81105552705763,2.9000881384338166,2.841185488037114,2.8967268744945676,0.3183777780795216,0.06113304846203458,0.35916525589876996,0.33886447339134323,342.97156558186805,17.028434418131972,2.438111780553625,4.0,0.014451698251123675,0.004797821385416114,0.02442923509873677,0.09522294802735147,0.0,0.0,nonelliptic_or_noisy
10,stage,3780,3907,3781,3907,18.932379,19.563459,127,2.8100384671122622,2.883588886184544,2.8334487875809407,2.8945126172243687,0.32393303516856364,0.06663193770874734,0.3577692226742983,0.3591926878157736,345.9931712504187,14.006828749581324,2.5141205901911974,4.0,0.013873947254884344,0.009376665816407257,0.01968949639415175,0.07974958404536978,0.0,0.0510308240868478,nonelliptic_or_noisy
10,stage,3800,3927,3801,3927,19.032551,19.66363,127,2.8100384671122622,2.8914933388541986,2.8311537417343025,2.8933185878333245,0.3219416804169213,0.0766234832763721,0.3797018485760195,0.3756107988541513,344.3812582753411,15.61874172465888,2.623475667448913,4.0,0.012389787650043319,0.011186605513219726,0.019788309908573425,0.06583185179130473,0.0,0.024552436514023678,nonelliptic_or_noisy
10,stage,3820,3947,3821,3947,19.132722,19.763801,127,2.803452743185238,2.883588886184544,2.8254914994277365,2.8900940288205836,0.31934497047633353,0.07415350960670257,0.3378110941309488,0.3585442109387783,344.3533663116603,15.646633688339703,2.5484293265249227,4.0,0.011900901970536526,0.008939589296857295,0.01717348979804843,0.07195593318688716,0.0,0.032217343199743335,nonelliptic_or_noisy
10,stage,3840,3967,3841,3967,19.232893,19.863973,127,2.803452743185238,2.8711567401329727,2.826515059814738,2.8893475903378376,0.3238009857187382,0.07171864086745071,0.30585575523614683,0.31736376608523115,346.87263779912524,13.127362200874774,2.5600066260756456,4.0,0.003377916801672732,0.015527705161604502,0.024630925591221025,0.09071335589275936,0.0,0.03839440458766904,nonelliptic_or_noisy
10,stage,3860,3987,3861,3987,19.333065,19.964144,127,2.803452743185238,2.8663170374752713,2.8240914791762854,2.880958417827464,0.32311922475236776,0.08625737155625622,0.2898517624561386,0.3089763062146946,344.82685331399637,15.173146686003657,2.5236578832497205,4.0,0.008979874532770426,0.009345278175432696,0.0179405308702254,0.07831379303560762,0.0,0.014978070900641854,nonelliptic_or_noisy
10,stage,3880,4007,3881,4007,19.433236,20.064315,127,2.803452743185238,2.883588886184544,2.820575924455401,2.881016012906745,0.3136849802095365,0.09410961176021145,0.38258138540733283,0.40427319117809735,345.64228766576656,14.357712334233431,2.377782160930673,4.0,0.016545804895758083,0.006794296910232411,0.023892100487318272,0.05519995938721301,0.0,0.05506112756095417,nonelliptic_or_noisy
10,stage,3900,4027,3901,4027,19.533407,20.164487,127,2.793364744115811,2.883588886184544,2.8308684511879356,2.8832823879149543,0.3068730221494184,0.1042150460979576,0.3596258239851486,0.4350699276786788,345.9928312389757,14.00716876102426,2.49158279734543,4.0,0.017991133972828904,0.005638933379853148,0.028823668715967452,0.12221654159723723,0.0,0.03287352859748874,nonelliptic_or_noisy
10,stage,3920,4047,3921,4047,19.633579,20.264658,127,2.793364744115811,2.8914933388541986,2.8387654964894637,2.882151797431311,0.30234600482059404,0.12533813247441797,0.4038662141127734,0.4084826771490122,343.064194399809,16.935805600190964,2.5162231691315275,4.0,0.025930838557509828,0.011945651596752314,0.04299707135890861,0.15330725522065114,0.0,0.026143731167689487,nonelliptic_or_noisy
10,stage,3940,4067,3941,4067,19.73375,20.364829,127,2.8045366858245,2.8804939124139075,2.832257649849807,2.887227806492769,0.3047296211279881,0.11523244113324861,0.4191379453867764,0.4017832991775926,343.209717139054,16.790282860945997,2.3241488549622105,4.0,0.022763141109784512,0.008142505163216731,0.04024254985750237,0.09361456368708386,0.0,0.05144888537590976,nonelliptic_or_noisy
10,stage,3960,4087,3961,4087,19.833921,20.465001,127,2.792619648399949,2.8711567401329727,2.8289726380953057,2.8845155361621866,0.30373732428153616,0.1180360868859449,0.439406548428832,0.43760993595033204,344.15332677378717,15.846673226212836,2.2998745734376813,4.0,0.012253276867007057,0.017425373941678403,0.03001456696418047,0.12751083055877005,0.0,0.04984341456545637,nonelliptic_or_noisy
10,stage,3980,4107,3981,4107,19.934093,20.565172,127,2.8045366858245,2.881746478914997,2.832693265123375,2.8896526756395273,0.3039066546690327,0.11128673311438557,0.4473033665282291,0.41862382984543994,343.3573257185513,16.64267428144868,2.2729273217865336,4.0,0.02365230734634381,0.001883379994117538,0.039841900562378324,0.09623194323060254,0.0,0.052458030333526674,nonelliptic_or_noisy
10,stage,4000,4127,4001,4127,20.034264,20.665343,127,2.808745136312435,2.8826223084463836,2.8419862755794707,2.890429823002381,0.3037736131844514,0.09668437461396549,0.42748417796050625,0.39368425143645364,348.08658311499795,11.91341688500203,2.202166950235944,4.0,0.01177387404803653,0.004659432101515736,0.01877014568390334,0.11240517543266909,0.0,0.014150734935423065,nonelliptic_or_noisy
10,stage,4020,4147,4021,4147,20.134435,20.765514,127,2.815093057478296,2.881746478914997,2.843392062792808,2.887463465888297,0.3136170045869804,0.08165279365810142,0.3621723847066526,0.36490697641479486,344.51993027228747,15.480069727712536,2.112329675106581,4.0,0.018392563516070864,0.0072948412344832035,0.02944970686578001,0.09205720728712538,0.0,0.020432743800243867,nonelliptic_or_noisy
10,stage,4040,4167,4041,4167,20.234606,20.865686,127,2.815331305658563,2.8893889261445693,2.83679066122668,2.886049490816178,0.31744040322231964,0.08783657924808344,0.3248410371324522,0.32857703254869974,341.78418871463174,18.215811285368257,2.2154400567496677,4.0,0.011585767358164741,0.0036894226559986993,0.020817972987970824,0.06841484913493479,0.0,0.024086914784515547,nonelliptic_or_noisy
10,stage,4060,4187,4061,4187,20.334778,20.965857,127,2.815093057478296,2.8826223084463836,2.842524983277976,2.8804456967719547,0.31852014263692724,0.08377915559356014,0.31817734808300896,0.29867086490601313,341.9476850179555,18.052314982044486,2.1222489895207635,4.0,0.00834503947698027,0.008554252422864592,0.015661991241752615,0.08639372920965503,0.0,0.021257087932560478,nonelliptic_or_noisy
10,stage,4080,4207,4081,4207,20.434949,21.066028,127,2.835193297187997,2.8893889261445693,2.845972877092286,2.8836133443881637,0.3244677203584917,0.07885328848684856,0.21889622150345578,0.21374371217897611,347.1654552077375,12.83454479226245,2.1909761336832205,4.0,0.009697722280550075,0.010061263978242531,0.01697524100745064,0.03769045855541801,0.0,0.06536443135635348,nonelliptic_or_noisy
10,stage,4100,4227,4101,4227,20.53512,21.1662,127,2.8398386061674943,2.8826223084463836,2.842543509563253,2.8782336496234824,0.3270288980421728,0.0766083782001277,0.22949036480014418,0.22297854117467483,346.23697118102166,13.76302881897835,2.099675806899466,4.0,0.013651769849016658,0.007848801249443767,0.016653506904787303,0.015763964463521348,0.0,0.025097720798176928,nonelliptic_or_noisy
10,stage,4120,4247,4121,4247,20.635292,21.266371,127,2.830607546025459,2.8826223084463836,2.8370186743120165,2.87794150134471,0.332408349644589,0.07309342146358419,0.2383278976531305,0.24264864532636712,344.27240328663356,15.727596713366431,2.2195511704251034,4.0,0.009213105264987132,0.0033388448302407833,0.014810235804568734,0.02388039486141442,0.0,0.027770241487330174,nonelliptic_or_noisy
10,stage,4140,4267,4141,4267,20.735463,21.366542,127,2.830607546025459,2.881746478914997,2.8343037800579522,2.8766404790382145,0.3332693245060292,0.07142925810209995,0.23556163746671566,0.24229643205451534,345.09329445859333,14.906705541406652,2.2107125223992385,4.0,0.01251561554967153,0.000884492584395044,0.018069078757535315,0.018913957913524453,0.0,0.0026279932384553587,nonelliptic_or_noisy
10,stage,4160,4287,4161,4287,20.835634,21.466714,127,2.835193297187997,2.883912633056071,2.8391281409392226,2.878402562744412,0.3370380091542725,0.06773830091261879,0.21024884332689853,0.21767133378665773,345.4555432407898,14.544456759210231,2.2899518925015268,4.0,0.010797000460158648,0.0046836457416193095,0.016228410360703625,0.020089159006945398,0.0,0.015047622692943644,nonelliptic_or_noisy
10,stage,4180,4307,4181,4307,20.935806,21.566885,127,2.8398386061674943,2.883912633056071,2.838380884462759,2.880608998492137,0.3340499472529361,0.07548101994032012,0.21609896870595535,0.21036115009406894,345.6109285882261,14.389071411773907,2.2339964225634494,4.0,0.005372969302795546,0.006454624267197113,0.010576836420070627,0.010809608558864129,0.0,0.01390603117197852,nonelliptic_or_noisy
10,stage,4200,4327,4201,4327,21.035977,21.667056,127,2.838830281595713,2.881746478914997,2.8386715270460323,2.8801375013946027,0.33309373884802185,0.0669295175931934,0.1879870360730504,0.18896933361386098,345.8294991166597,14.170500883340287,2.201963380922198,4.0,0.015878960775620433,0.007307947476123214,0.02578582269297322,0.004853860511282189,0.0,0.007173173804934654,supported
10,stage,4220,4347,4221,4347,21.136148,21.767228,127,2.8362064783216434,2.892424372336918,2.8404017717253898,2.883890599287741,0.32841348196970727,0.0586634468893577,0.19333881756866955,0.20081522650694236,346.0435842393562,13.956415760643793,2.249540973108122,4.0,0.010268604121257453,0.0031087105044565995,0.016503710057763788,0.0289551039546713,0.0,0.03348076086449714,supported
10,stage,4240,4367,4241,4367,21.23632,21.867399,127,2.8398386061674943,2.883912633056071,2.8380836736492916,2.8842211730367993,0.32541971730801267,0.06543459620828475,0.22733713777138334,0.226902197254763,345.30314035244595,14.696859647554037,2.2550819274804623,4.0,0.006771419249759179,0.003870597869650505,0.010122440320185494,0.005475540300616517,0.0,0.02843804156853109,nonelliptic_or_noisy
10,stage,4260,4387,4261,4387,21.336491,21.96757,127,2.8398386061674943,2.895171969035313,2.8409747414008444,2.8815836692572456,0.33024806017653596,0.061360250910163186,0.21501259619190247,0.20417821679523568,345.4938181701182,14.506181829881804,2.198443710902195,4.0,0.015347152049550419,0.004923390003205563,0.0234659319227309,0.04128930814433127,0.0,0.034093571884185866,nonelliptic_or_noisy
10,stage,4280,4407,4281,4407,21.436662,22.067742,127,2.8362064783216434,2.894753070899611,2.8368690839160826,2.8776330549755955,0.3289465570901647,0.0683413377282875,0.2518979667449876,0.22212611880701297,345.1893990942126,14.810600905787421,2.2009542262246877,4.0,0.007610414738109147,0.006477148895103895,0.0114380740609637,0.05208394298301912,0.0,0.011114887843282724,nonelliptic_or_noisy
10,stage,4300,4427,4301,4427,21.536834,22.167913,127,2.838830281595713,2.8867692981929993,2.833174295687003,2.8788329360785827,0.33094457256585136,0.06412422007405892,0.23614160105239843,0.22485852892548736,344.92785281340923,15.072147186590746,2.146557962013663,4.0,0.005541588138569472,0.0035119967284156445,0.009584804473251878,0.029447723086607876,0.0,0.02539357670053896,nonelliptic_or_noisy
10,stage,4320,4447,4321,4447,21.637005,22.268084,127,2.835193297187997,2.8867692981929993,2.8308383285920353,2.8767539848594645,0.3305464918780331,0.06379762156920615,0.24673440559336177,0.26596003070626106,342.15426029573916,17.84573970426084,2.3875843447419967,4.0,0.0059906429750292735,0.007373441495635962,0.011532168842223599,0.033039780887609706,0.0,0.011002943601222599,nonelliptic_or_noisy
10,stage,4340,4467,4341,4467,21.737176,22.368256,127,2.835193297187997,2.894753070899611,2.830821046442599,2.872000517511384,0.3285549658003943,0.07109513508111934,0.2606322234414188,0.28965193798061184,345.83717373019795,14.16282626980204,2.3301547798645807,4.0,0.0074587457725598105,0.005145065249000458,0.01030124841077454,0.07051740165371616,0.0,0.02429965618435434,nonelliptic_or_noisy
10,stage,4360,4487,4361,4487,21.837348,22.468427,127,2.835193297187997,2.8867692981929993,2.832819958100183,2.8703729065310264,0.32547793423627963,0.06975441085837081,0.22212687205985124,0.26094121422440114,345.312978595768,14.687021404231965,2.3210101458992662,4.0,0.004195357530129129,0.0032089974109209786,0.007027004485348468,0.05090135807003853,0.0,0.024529382384540045,nonelliptic_or_noisy
10,stage,4380,4507,4381,4507,21.937519,22.568598,127,2.8362064783216434,2.891938096017554,2.8329043249244195,2.8696513464249156,0.3257581422472775,0.07107228444036671,0.22018450555482014,0.27002631764196894,340.82075399983347,19.179246000166508,2.373057891183672,4.0,0.0005356243781246624,0.002827599817941587,0.003772700792852353,0.06916191217508741,0.0,0.0161689376306966,nonelliptic_or_noisy
10,stage,4400,4527,4401,4527,22.03769,22.66877,127,2.8320513122424877,2.8925434833192583,2.835248469658158,2.868587212905179,0.32327571939024213,0.06285421325439167,0.2004701283665213,0.24735391926482195,340.78585492845235,19.214145071547623,2.3471511820011535,4.0,0.011085047266765605,0.0020944793837244994,0.015246356686529286,0.07476179180908894,0.0,0.012989022139137002,nonelliptic_or_noisy
10,stage,4420,4547,4421,4547,22.137862,22.768941,127,2.842862731856669,2.8958106781961197,2.8325149896687676,2.8732527179547205,0.3190504511639083,0.07253614711196794,0.2714909589789834,0.294077037181245,340.787598988748,19.212401011251966,2.322268889160756,4.0,0.005313494820853258,0.009901387984570301,0.016597026902395055,0.07778733683110463,0.0,0.03539975051393814,nonelliptic_or_noisy
10,stage,4440,4567,4441,4567,22.238033,22.869112,127,2.8453575092755674,2.8958106781961197,2.838661400332288,2.875505013137777,0.3149310389869333,0.07754886572873969,0.2685544988116551,0.28213166677079415,346.47041150531936,13.529588494680649,2.30469459649214,4.0,0.010274569607119349,0.008594716395873475,0.019681779588033466,0.06789185149517647,0.0,0.007921662554836634,nonelliptic_or_noisy
10,stage,4460,4587,4461,4587,22.338204,22.969283,127,2.854827406714162,2.894753070899611,2.8489153204889965,2.877671718285655,0.3110678777201144,0.08774958881752475,0.2628110125249022,0.28339512200743083,347.49484359632606,12.505156403673931,2.2119083660535015,4.0,0.02039159666728027,0.011711720211021176,0.03325834740759024,0.05810804490254755,0.0,0.030632451670336847,nonelliptic_or_noisy
10,stage,4480,4607,4481,4607,22.438375,23.069455,127,2.84226962611162,2.8958106781961197,2.842104664752222,2.875347446419501,0.31531235058787843,0.08548343000734784,0.3032996316933866,0.3025936390644887,346.94177912767,13.058220872330045,2.2253539015232393,4.0,0.013351739492505107,0.00562245912534963,0.022615472326442017,0.0649003968085512,0.0,0.03996747146592562,nonelliptic_or_noisy
10,stage,4500,4627,4501,4627,22.538547,23.169626,127,2.842862731856669,2.8958106781961197,2.837417109212661,2.87612187236245,0.31699943589304663,0.0935343364812965,0.30325526982905365,0.3176638864660876,349.87408030190045,10.125919698099542,2.2433138495989433,4.0,0.020797390540964536,0.008096979743012185,0.02868370218920167,0.0644418088811771,0.0,0.0018709993706396211,nonelliptic_or_noisy
10,stage,4520,4647,4521,4647,22.638718,23.269797,127,2.8453575092755674,2.894753070899611,2.8428629571322768,2.879023228668774,0.3149981428363382,0.10889138890076754,0.3216286056343602,0.31013999487504035,348.4688903439886,11.531109656011365,2.3498020280922653,4.0,0.023027633853291662,0.0077119564010841414,0.036952049855275663,0.050560348924839335,0.0,0.008602257400192534,nonelliptic_or_noisy
10,stage,4540,4667,4541,4667,22.738889,23.369969,127,2.834292768959486,2.8970835134445463,2.8412030336249794,2.879287185171258,0.31753523313056625,0.10681516329660802,0.3225785249903666,0.3349396959108875,347.471447583814,12.528552416186027,2.231563104915862,4.0,0.012586668937033758,0.0037196935437778028,0.021338045457684585,0.06012203122388969,0.0,0.03561020545611495,nonelliptic_or_noisy
10,stage,4560,4687,4561,4687,22.839061,23.47014,127,2.84226962611162,2.8970835134445463,2.8399501006964436,2.876893111675057,0.31843126094547836,0.11402719375800396,0.29293892846810093,0.3040345632201579,344.97680308216013,15.023196917839888,2.266245719949096,4.0,0.02209685592007418,0.005831751034061269,0.03335049195163257,0.06382288441947187,0.0,0.02505048382639704,nonelliptic_or_noisy
10,stage,4580,4707,4581,4707,22.939232,23.570311,127,2.84226962611162,2.8966947385081596,2.833149472933076,2.878732900078422,0.30970798956911244,0.11207273383734882,0.31190987407444015,0.3472093636361237,344.36005678227934,15.63994321772067,2.209006523668182,4.0,0.005012229081662241,0.00660373160134992,0.012659922849837683,0.06504384390262913,0.0,0.0012552951473016958,nonelliptic_or_noisy
10,stage,4600,4727,4601,4727,23.039403,23.670483,127,2.837363904319864,2.891161247753254,2.8286115570238874,2.876414781687693,0.3116466374180935,0.10136916262282582,0.3200330078684814,0.3393764848487349,344.95885609390746,15.041143906092545,2.247505150762047,4.0,0.012173268097875346,0.003551107178766224,0.019591857355130814,0.055024599887337135,0.0,0.023728711143057624,nonelliptic_or_noisy
10,stage,4620,4747,4621,4747,23.139575,23.770654,127,2.834292768959486,2.8970835134445463,2.8315416664096826,2.8752879123166273,0.30802599544434806,0.10865531224527022,0.3338969966027413,0.32454726521886196,344.90084402964203,15.099155970357954,2.1417430539353455,4.0,0.01152120249092374,0.012918622540702678,0.02177780019682396,0.07132041232605665,0.0,0.0216579594896895,nonelliptic_or_noisy
10,stage,4640,4767,4641,4767,23.239746,23.870825,127,2.834292768959486,2.897512633366838,2.8268431469325948,2.872171643471684,0.3190193752449639,0.10400825474179941,0.3205015143376493,0.3234536519994859,349.11865498772664,10.881345012273364,2.1419851368058853,4.0,0.0159176842838712,0.003828706679501209,0.024559714892924404,0.08279529777882833,0.0,0.0013451218188931598,nonelliptic_or_noisy
10,stage,4660,4787,4661,4787,23.339917,23.970997,127,2.833320392126595,2.901539225333881,2.8238984586693463,2.869164930093124,0.32171299407356885,0.08410400442794343,0.31331626270080176,0.30902911601708133,348.8904745320587,11.109525467941323,2.1013434097775874,4.0,0.01338455195099315,0.006422966854922874,0.022062811525198754,0.10480605758094945,0.0,0.012875878591379395,nonelliptic_or_noisy
10,stage,4680,4807,4681,4807,23.440089,24.071168,127,2.833320392126595,2.890610324553303,2.8245508059322884,2.8681137189613266,0.3208069019518485,0.0954356242532468,0.3262896917629954,0.33073629994990916,341.9035744355715,18.09642556442849,2.0319124783329765,4.0,0.007466901491813386,0.0031128151013955323,0.010937142565048574,0.07526475567843573,0.0,0.03406691288150131,nonelliptic_or_noisy
10,stage,4700,4827,4701,4827,23.54026,24.171339,127,2.832235963557251,2.891161247753254,2.816527232217876,2.8678865395504536,0.318076086476216,0.09997633730387306,0.3406242598885038,0.35346159051752274,344.38306353436656,15.616936465633465,2.1326121125803117,4.0,0.011303003417946518,0.0058754274420825545,0.01798868399312506,0.088280197831184,0.0,0.0038240777541390172,nonelliptic_or_noisy
10,stage,4720,4847,4721,4847,23.640431,24.271511,127,2.822040412012126,2.8843682813493094,2.8205533193749885,2.8671715825323605,0.3161942174996621,0.09691750479471013,0.3002829351977354,0.31939319297584723,345.9108120696146,14.089187930385389,2.155645154878394,4.0,0.019200317870103813,0.004423747234315901,0.033357568960659,0.05458947893807672,0.0,0.03874603408537842,nonelliptic_or_noisy
10,stage,4740,4867,4741,4867,23.740603,24.371682,127,2.834292768959486,2.8843682813493094,2.819022442688933,2.8680768368889016,0.3157314150671514,0.10085399967554384,0.30438621986720243,0.34873132095152914,347.77123118873794,12.228768811262064,2.125994971388988,4.0,0.007996740162737267,0.0029605146710377597,0.013972436174163527,0.07072219635349701,0.0,0.03880626495388153,nonelliptic_or_noisy
10,stage,4760,4887,4761,4887,23.840774,24.471853,127,2.826346206562535,2.8908150044780685,2.8190509049492336,2.8679832411521406,0.3172437988402631,0.10747879078147195,0.30883784599603764,0.3426759814483078,348.88507491074597,11.114925089254028,2.354052533076513,4.0,0.005969499305123175,0.007080845129630646,0.01219574957105403,0.07555374096776561,0.0,0.032254995332470365,nonelliptic_or_noisy
10,stage,4780,4907,4781,4907,23.940945,24.572025,127,2.826346206562535,2.891161247753254,2.8182830288935437,2.8705209663407887,0.31274483479961446,0.10146983507778379,0.309651686078314,0.36287284192825814,348.4917036414475,11.508296358552506,2.1400406774119753,4.0,0.011653850549051263,0.0065488673074932235,0.016758883534471806,0.07085435410233526,0.0,0.0011071110907623345,nonelliptic_or_noisy
10,stage,4800,4927,4801,4927,24.041117,24.672196,127,2.832235963557251,2.8908150044780685,2.8166376840270173,2.8701583332584324,0.31722052514254856,0.1040847520527599,0.3156912944530376,0.3651064737209241,349.0784944119215,10.921505588078483,2.1891928677045307,4.0,0.011469287843466248,0.006739450938037312,0.015254984733129312,0.08159762992332752,0.0,0.01859881411658421,nonelliptic_or_noisy
10,stage,4820,4947,4821,4947,24.141288,24.772367,127,2.832235963557251,2.8843682813493094,2.821377811330973,2.8751019201383285,0.3208984479774388,0.08764817033610374,0.3005720767860756,0.3078691176824813,347.2778070822415,12.722192917758482,2.3316826509114814,4.0,0.01658091947516531,0.01086082913486756,0.02989724492488169,0.04448330967000211,0.0,0.020089605198752136,nonelliptic_or_noisy
10,stage,4840,4967,4841,4967,24.241459,24.872539,127,2.835357858128003,2.8845136472132915,2.815673160671568,2.872997259421089,0.32959551809224047,0.0814117589638382,0.34130067098756817,0.3241513581381135,347.0588762853388,12.941123714661245,2.3247177117589164,4.0,0.011338765577037358,0.0068270150783277545,0.01762327114757292,0.06919395965196577,0.0,0.009482158971858733,nonelliptic_or_noisy
10,stage,4860,4987,4861,4987,24.341631,24.97271,127,2.833320392126595,2.8845136472132915,2.814075419660526,2.871984069693337,0.32972051681992776,0.06943839854382153,0.282215131751207,0.3103533399990575,347.2123518423538,12.787648157646183,2.349127046175822,4.0,0.006447277835743828,0.008582467520389925,0.015765747102800487,0.06964778732468321,0.0,0.006179372824776107,nonelliptic_or_noisy
10,stage,4880,5007,4881,5007,24.441802,25.072881,127,2.835357858128003,2.8845136472132915,2.8146223172492424,2.8727657205001087,0.32959551809224047,0.07515926822499193,0.31636473949412164,0.3322859175857881,347.254003813919,12.745996186080989,2.3488346408912832,4.0,0.009653882480248836,0.007355160700014043,0.017055836821297906,0.07230758591660594,0.0,0.00618171634493522,nonelliptic_or_noisy
10,stage,4900,5027,4901,5027,24.541973,25.173052,127,2.835357858128003,2.8845136472132915,2.8121292665147437,2.875070860171771,0.3270386015695307,0.08184824832911815,0.31481193845964495,0.34538811951811405,347.279431254078,12.720568745921982,2.170507512101996,4.0,0.009361152932753853,0.003935064487743457,0.016455788147410663,0.07667156903383297,0.0,0.0,nonelliptic_or_noisy
10,stage,4920,5047,4921,5047,24.642144,25.273224,127,2.826346206562535,2.8807461730746695,2.8153793752330447,2.8763054695801755,0.32518396893328216,0.08090086759395512,0.31345520629468393,0.3446087421641373,346.8267354141864,13.17326458581362,2.408748812371304,4.0,0.010583111714523872,0.006251849009413444,0.018453784977096436,0.036384909416520735,0.0,0.030036791456217852,nonelliptic_or_noisy
10,stage,4940,5067,4941,5067,24.742316,25.373395,127,2.8224796776664656,2.8727565979348295,2.810762543525799,2.8730437376728237,0.32692784749039033,0.08330974425151082,0.31647902248778664,0.33934760236830414,346.7914429457545,13.208557054245492,2.095628973691468,4.0,0.01434917964819508,0.001871808240910349,0.019836906643995688,0.035850882760454506,0.0,0.02714971813012308,nonelliptic_or_noisy
10,stage,4960,5087,4961,5087,24.842487,25.473566,127,2.8224796776664656,2.879722996906781,2.813389724439026,2.8730549545459163,0.3256383622282279,0.08478333833052802,0.2669724931673915,0.29274446496346157,344.24021026412,15.759789735879993,2.2809366626126546,4.0,0.009510492174088411,0.003698500452158107,0.014268800824326404,0.03461945239401947,0.0,0.021393053706211647,nonelliptic_or_noisy
10,stage,4980,5107,4981,5107,24.942658,25.573738,127,2.8224796776664656,2.879722996906781,2.8161770632123013,2.8748174570840654,0.324641706691273,0.08928457278458216,0.27059681704368976,0.2894977303642177,335.02727952476147,24.972720475238546,2.1641394624892465,4.0,0.008408465420406325,0.005867673563460206,0.014056039709831734,0.024601562701287043,0.0,0.0,nonelliptic_or_noisy
10,stage,5000,5127,5001,5127,25.04283,25.673909,127,2.826346206562535,2.873835409544017,2.8150040792745714,2.873300961758209,0.3206290349953124,0.0914140967721513,0.32033303387223516,0.33113684308183594,345.32793488115635,14.67206511884364,2.230243264170924,4.0,0.01184801172755531,0.005591183663014786,0.022747061885766823,0.035413860928637346,0.0,0.021968383145798145,nonelliptic_or_noisy
10,stage,5020,5147,5021,5147,25.143001,25.77408,127,2.8224796776664656,2.889336486374285,2.820797420480806,2.878002163614433,0.319091918437082,0.09579375697576055,0.33963527807125005,0.35780849124115677,346.86020265769287,13.139797342307155,2.1474546696242127,4.0,0.004333175853398572,0.008306378676731934,0.012873032227194124,0.035909666160287665,0.0,0.05006716171962968,nonelliptic_or_noisy
10,stage,5040,5167,5041,5167,25.243172,25.874252,127,2.81495239777675,2.888883662000035,2.8200206739084073,2.878394469928421,0.31703858249393085,0.09046196865732942,0.33524019630575647,0.3492581978420971,348.3757435726157,11.624256427384275,2.224154389351784,4.0,0.0024512571821754593,0.005565116194104361,0.008303272595056721,0.036744701606804854,0.0,0.023785395398948615,nonelliptic_or_noisy
10,stage,5060,5187,5061,5187,25.343344,25.974423,127,2.8183179488557384,2.873835409544017,2.8153805293573346,2.8750318303404727,0.3158099456123271,0.06044677636828383,0.3431910359159848,0.3426854838982664,341.476154651305,18.52384534869498,2.1265933057109927,4.0,0.0073650272620844155,0.010800097966381011,0.016854794754069376,0.010043153022974417,0.0,0.04882687943550732,nonelliptic_or_noisy
10,stage,5080,5207,5081,5207,25.443515,26.074594,127,2.8183179488557384,2.874019457084784,2.8201787210624554,2.8737287103799654,0.31610882383925665,0.06620673908796709,0.3449393382266194,0.3457749358597989,344.3382923467756,15.661707653224406,2.289116271904892,4.0,0.00945905898910506,0.014672811217255671,0.026743616632743,0.005957916260204348,0.0,0.0005822284190979435,nonelliptic_or_noisy
10,stage,5100,5227,5101,5227,25.543686,26.174766,127,2.81495239777675,2.869417345891008,2.815381624578314,2.871990051411447,0.3190188717126644,0.06342142028164466,0.3532206828923301,0.35918077366909745,341.6075402777432,18.39245972225675,2.2251071770883604,4.0,0.0059147147943552705,0.008792992875933218,0.01663239893445757,0.00817589745458701,0.0,0.01787177983703118,nonelliptic_or_noisy
10,stage,5120,5247,5121,5247,25.643858,26.274937,127,2.8052412050371913,2.874019457084784,2.817765984225144,2.872910551546421,0.3167411600976226,0.07315518255647817,0.3158542816969989,0.30119908842051246,342.7424996940195,17.25750030598049,2.231825022448916,4.0,0.004822377438982582,0.009793196023936006,0.011114054584349171,0.03969731280403322,0.0,0.033928250621004,nonelliptic_or_noisy
10,stage,5140,5267,5141,5267,25.744029,26.375108,127,2.803603445606988,2.874019457084784,2.8179198122837694,2.871676866455585,0.31682063520788273,0.08091423588185738,0.277224895702647,0.3029742656655225,342.7202390237897,17.279760976210305,2.2117876935045886,4.0,0.010464735832930441,0.010048230596865623,0.01734692076461164,0.04578855790083574,0.0,0.00516935845775531,nonelliptic_or_noisy
10,stage,5160,5287,5161,5287,25.8442,26.47528,127,2.803603445606988,2.873835409544017,2.8151084673788116,2.869923062910124,0.32483038631736705,0.08110693208250729,0.2468118134565519,0.2746596449824996,342.4892805699431,17.51071943005689,2.2777317235263745,4.0,0.005144094248016262,0.008770181847804795,0.014693140725157858,0.037410404456882096,0.0,0.0005665958251424849,nonelliptic_or_noisy
10,stage,5180,5307,5181,5307,25.944372,26.575451,127,2.7984305229013184,2.879722996906781,2.810695195128581,2.870481558793202,0.3265681756137064,0.08220851859803509,0.253843127108533,0.28003925546321434,341.6285164819301,18.37148351806988,2.322473215093309,4.0,0.008522637117332204,0.009288755933026463,0.016059766929394207,0.04702429755172272,0.0,0.023998881179050798,nonelliptic_or_noisy
10,stage,5200,5327,5201,5327,26.044543,26.675622,127,2.803473797160143,2.873835409544017,2.8067785005255255,2.8716620821407575,0.3268425235577198,0.08821916559883818,0.26526050019007935,0.2676041466586824,342.04890835390853,17.951091646091484,2.3513933047979196,4.0,0.0034937998388260777,0.002875505686534228,0.005910056258988911,0.012101553565721401,0.0,0.023718790511465714,nonelliptic_or_noisy
10,stage,5220,5347,5221,5347,26.144714,26.775794,127,2.803473797160143,2.874019457084784,2.801985592382025,2.874231174318704,0.3336957078179421,0.08829613602378138,0.26780360580673046,0.2641069819343203,345.77517283240377,14.224827167596208,2.2291118733209707,4.0,0.016243888127945104,0.01020409788465238,0.02503498068914604,0.004504670345231155,0.0,0.0005515430269401411,nonelliptic_or_noisy
10,stage,5240,5367,5241,5367,26.244886,26.875965,127,2.7984305229013184,2.8832879620746654,2.796849148351441,2.8730985873634816,0.33254379817007657,0.08535809114584017,0.23583383436092295,0.25128290907585477,347.29660342375996,12.70339657624004,2.2508344946419645,4.0,0.005506377220639609,0.0057314596971369414,0.009948681583981735,0.031007518384466297,0.0,0.03173045981420267,nonelliptic_or_noisy
10,stage,5260,5387,5261,5387,26.345057,26.976136,127,2.803473797160143,2.8713643778437037,2.796988781992447,2.8758559554971588,0.33602975039903554,0.06644300646348959,0.20315862653719688,0.18773810514228564,347.16698243997587,12.83301756002414,2.417261834797144,4.0,0.012069763405617518,0.008578480232364566,0.018334592777458105,0.02347583750683294,0.0,0.038527219597941705,nonelliptic_or_noisy
10,stage,5280,5407,5281,5407,26.445228,27.076308,127,2.803473797160143,2.874019457084784,2.795916008772628,2.8711869139328363,0.33547311517992046,0.06580212337702157,0.19654064258116213,0.19557769581754242,347.37306060765843,12.626939392341558,2.3843988676175445,4.0,0.005745727761771346,0.011287568032947939,0.015673864977002933,0.024059007603665503,0.0,0.007914432247890409,supported
10,stage,5300,5427,5301,5427,26.5454,27.176479,127,2.803473797160143,2.874019457084784,2.8004253951941758,2.869373228482495,0.33550730351130653,0.08320401587569304,0.21422531652381588,0.20758756774944317,344.95744361757806,15.042556382421942,2.2268762295777456,4.0,0.014637127851497534,0.010258039698061846,0.025039110134274484,0.016562963197773818,0.0,0.0,nonelliptic_or_noisy
10,stage,5320,5447,5321,5447,26.645571,27.27665,127,2.793894322641644,2.8880000439798343,2.7972086588238465,2.868826764096251,0.33039541072563827,0.08650500804820203,0.2598583439924098,0.2755926717719377,344.8926089334437,15.107391066556303,2.392042807152064,4.0,0.007723905644405338,0.01620980393790566,0.025901028151404368,0.058891959353976626,0.0,0.05129507960349477,nonelliptic_or_noisy
10,stage,5340,5467,5341,5467,26.745742,27.376821,127,2.7953277087730015,2.874019457084784,2.797072514253286,2.8658862795376945,0.3368781824287609,0.08152167340906394,0.2501058546465129,0.25610481881616526,346.7196943329921,13.280305667007905,2.2704047334736237,4.0,0.014387384548431803,0.007416480039525021,0.023557736435557492,0.02469209584214341,0.0,0.04171797358052051,nonelliptic_or_noisy
10,stage,5360,5487,5361,5487,26.845913,27.476993,127,2.803473797160143,2.873557404450745,2.797243323133718,2.8631585051882236,0.3336554890739529,0.08249512432971737,0.2532983669300387,0.2718326753987056,348.30055065256937,11.699449347430633,2.3516395107014483,4.0,0.013628279434037804,0.012630118866068305,0.024898482724176843,0.036332497963775766,0.0,0.024453911680178634,nonelliptic_or_noisy
10,stage,5380,5507,5381,5507,26.946085,27.577164,127,2.7971469734616297,2.8786787890070045,2.7983453643714173,2.8575121524224554,0.3330799240229043,0.07940824244279135,0.2481408670421228,0.28044092052479586,347.2188289986246,12.781171001375418,2.2539441600795405,4.0,0.009939116845032094,0.0023165758551052912,0.014635688228539036,0.06364999072646964,0.0,0.024438150652827246,nonelliptic_or_noisy
10,stage,5400,5527,5401,5527,27.046256,27.677335,127,2.7953277087730015,2.8840362974843043,2.797387564619395,2.8614331930687427,0.32084141988066006,0.09679960390589701,0.4005549502882692,0.3995193131947911,349.0662929230293,10.933707076970704,2.169335976421231,4.0,0.01734605680880276,0.010424278699058187,0.026885631869965045,0.07074139392342546,0.0,0.017634785742616173,nonelliptic_or_noisy
10,stage,5420,5547,5421,5547,27.146427,27.777507,127,2.7971469734616297,2.8840362974843043,2.7962783616286813,2.8642580032937124,0.3188512116664258,0.08621903053604144,0.3232457827834736,0.36418179379369825,351.61243552301397,8.387564476986054,2.2030027663989453,4.0,0.013199091168780173,0.005433007194547208,0.020664108144425413,0.06208964519304646,0.0,0.005705685354369645,nonelliptic_or_noisy
10,stage,5440,5567,5441,5567,27.246599,27.877678,127,2.803473797160143,2.884547958096401,2.7994687321286786,2.8630368054135857,0.32163492616566747,0.07508841555164845,0.3327364812160189,0.3624738397438302,345.5336900945472,14.466309905452826,2.2083298787185046,4.0,0.01031291692645881,0.00907850189907024,0.01865921854187651,0.06802998405337474,0.0,0.01973504392874414,nonelliptic_or_noisy
10,stage,5460,5587,5461,5587,27.34677,27.977849,127,2.8094948111707043,2.873557404450745,2.810799100484575,2.866448044802065,0.32016200124146227,0.07536661821092108,0.35271593104351595,0.3625217143495378,346.83808016830517,13.16191983169486,2.3029928480309634,4.0,0.015118758877428508,0.0059540098039107,0.024645098638678396,0.022576109933486428,0.0,0.03914191810012086,nonelliptic_or_noisy
10,stage,5480,5607,5481,5607,27.446941,28.078021,127,2.810820514457787,2.873557404450745,2.813247990873371,2.8655301259901487,0.31920896539365323,0.07528906452418127,0.35275283121945317,0.3655458386947036,347.08623304120994,12.913766958790083,2.329328946078231,4.0,0.015018151547756426,0.007569495656020401,0.01971945692315837,0.026272096940757855,0.0,0.004153089138483113,nonelliptic_or_noisy
10,stage,5500,5627,5501,5627,27.547113,28.178192,127,2.810820514457787,2.8840362974843043,2.8216040382582364,2.869247886939787,0.32014813627915806,0.07468209775602702,0.3393701823655708,0.35608746893867554,345.5676876393012,14.432312360698793,2.3226609830431957,4.0,0.009139063808256843,0.00640379871321702,0.01526887292193513,0.057168844637751424,0.0,0.03273138852328755,nonelliptic_or_noisy
10,stage,5520,5647,5521,5647,27.647284,28.278363,127,2.8364936922520068,2.8840362974843043,2.823271630833068,2.8682859628706314,0.3220240093318637,0.07201770935115442,0.35613063450913424,0.33486828585669043,341.47621485299345,18.523785147006556,2.3662523904271104,4.0,0.01599567506733928,0.00648199986069854,0.023904195229616395,0.06385994048211248,0.0,0.07972442131717572,nonelliptic_or_noisy
10,stage,5540,5667,5541,5667,27.747455,28.378535,127,2.810820514457787,2.888261903775313,2.824069219658332,2.865978681724937,0.3294274633137031,0.0639753502739937,0.2780886318612877,0.30514572559744857,344.97055907421276,15.029440925787236,2.4341679416700233,4.0,0.01138000227260973,0.002830973785933678,0.019619371442663094,0.0786950669393816,0.0,0.07898128694743148,nonelliptic_or_noisy
10,stage,5560,5687,5561,5687,27.847627,28.478706,127,2.8105630048512937,2.874193915976866,2.821683384687941,2.869813289675923,0.33103471298033116,0.07357086713532507,0.2524758071539065,0.25082997445137384,344.98899233649536,15.011007663504667,2.5022919207021834,4.0,0.012939088443360742,0.006257453913509097,0.02322668275005729,0.03610528203975397,0.0,0.042504135853667954,nonelliptic_or_noisy
10,stage,5580,5707,5581,5707,27.947798,28.578877,127,2.81282544756713,2.8786787890070045,2.824005578711549,2.8676433877798067,0.326760873343531,0.07649559568959617,0.27403649774282607,0.2870956562866273,344.14265237879096,15.857347621209039,2.574532917918063,4.0,0.013754584461325537,0.006195077453309531,0.02535195551786623,0.04807517737497907,0.0,0.015372768925600971,nonelliptic_or_noisy
10,stage,5600,5727,5601,5727,28.047969,28.679049,127,2.8105630048512937,2.8840362974843043,2.819410292248236,2.8680734957949405,0.32523615859485877,0.08558168303871865,0.3046617315024602,0.303572080376846,340.795358658244,19.204641341755963,2.5817697628899126,4.0,0.014829640307891195,0.009406769885703483,0.02854303406275875,0.05611501219061799,0.0,0.017881250727772666,nonelliptic_or_noisy
10,stage,5620,5747,5621,5747,28.148141,28.77922,127,2.81282544756713,2.8786787890070045,2.8187325735340396,2.863273740572807,0.3246613548227195,0.082599090105265,0.2485060058092382,0.2702290652786751,347.8428469883808,12.157153011619167,2.2699013512403283,4.0,0.010527232030950948,0.013137055083010375,0.026835341454400523,0.05081842084732692,0.0,0.017912908977873003,nonelliptic_or_noisy
10,stage,5640,5767,5641,5767,28.248312,28.879391,127,2.81282544756713,2.874193915976866,2.8158255926180447,2.862709241796517,0.3260552915917699,0.0876677985041957,0.2358426675574527,0.23238075016462642,347.4753808731171,12.52461912688289,2.2647525294992037,4.0,0.0034764425044657116,0.011808719498970907,0.01745535026082484,0.03640508954554988,0.0,0.01375494631062066,nonelliptic_or_noisy
10,stage,5660,5787,5661,5787,28.348483,28.979563,127,2.7939634542693144,2.841869556862653,2.8112647013290406,2.860848103887327,0.3305340884158094,0.09418356960916849,0.24698359134600337,0.2740047736994221,347.3031269984826,12.69687300151743,2.3236464682436564,4.0,0.014433162297704916,0.016622401558310365,0.030344820104529862,0.07769573899020094,0.0,0.11322617841534283,nonelliptic_or_noisy
10,stage,5680,5807,5681,5807,28.448655,29.079734,127,2.77155153817925,2.81431182476765,2.8170821998045152,2.8534563151698054,0.3328865020094267,0.0817058099667428,0.24344025969256913,0.3237721005213936,343.85553868514074,16.144461314859235,2.647742682623454,4.0,0.011312239054672425,0.008968257742239468,0.02007519959162339,0.18037504926152412,0.0,0.10670524130148648,nonelliptic_or_noisy
10,stage,5700,5827,5701,5827,28.548826,29.179905,127,2.7757222795962084,2.8131924348712105,2.8042069137061945,2.851033347486534,0.3124323929876358,0.08154426208889856,0.2534556788449479,0.3176384445322214,343.85142982952004,16.14857017047994,3.2855571196952664,4.0,0.02315609921178395,0.006191040380603971,0.03625627727384812,0.1515962641075789,0.0,0.013821699469732104,nonelliptic_or_noisy
10,stage,5720,5847,5721,5847,28.648997,29.280077,127,2.770342150527716,2.8181137911998517,2.808064143970838,2.8486483345322666,0.3172330126745653,0.07637105299248485,0.24205215959252455,0.2871184660667884,344.04331243834486,15.956687561655135,3.259684534690465,4.0,0.01668598032922382,0.012697450594733891,0.028934812833189116,0.15298378349236635,0.0,0.022984588160285833,nonelliptic_or_noisy
10,stage,5740,5867,5741,5867,28.749169,29.380248,127,2.77155153817925,2.81431182476765,2.8110944027097875,2.8496107800905435,0.31399690552558407,0.07734943845153311,0.2375991400424595,0.2890992777906513,341.8516699793492,18.148330020650803,3.159614412328106,4.0,0.0218898079186628,0.0017685394687797806,0.031776835146367734,0.1688111319710577,0.0,0.012706120758216071,nonelliptic_or_noisy
10,stage,5760,5887,5761,5887,28.84934,29.480419,127,2.766971696905007,2.811763322448827,2.807624366919759,2.8497038343735333,0.31096349856649125,0.08355317685207289,0.24814565011235404,0.3107577762914135,338.00317352922065,21.996826470779336,3.0208965850157234,4.0,0.009014717693276055,0.004818314034852054,0.013352974785653449,0.1788211560901364,0.0,0.016854598648614043,nonelliptic_or_noisy
10,stage,5780,5907,5781,5907,28.949511,29.58059,127,2.7655506760043966,2.8181137911998517,2.801750678908291,2.8459523309712162,0.30309771075568614,0.10893151571525359,0.4915970250907096,0.41531934174021545,345.30108402375885,14.698915976241132,2.889451332063056,4.0,0.053263963731875676,0.010310580313662877,0.07240626718483763,0.15066576470469362,0.0,0.021470024168603632,nonelliptic_or_noisy
10,stage,5800,5927,5801,5927,29.049683,29.680762,127,2.7648515222859427,2.8181137911998517,2.789396885971997,2.8486891824460545,0.3163670074722394,0.10171406141164104,0.4782401648059673,0.41273594174693745,343.241619621244,16.75838037875599,2.6028714725810365,4.0,0.04144080793651113,0.016551923719526344,0.06192279871491688,0.12393451850736481,0.0,0.0022099451015457744,nonelliptic_or_noisy
10,stage,5820,5947,5821,5947,29.149854,29.780933,127,2.760016000728024,2.8270847251720412,2.791138409427931,2.849211198751985,0.33275515048149196,0.11275977226938182,0.46597165436372345,0.42370535017173044,344.5864639529329,15.413536047067128,2.4829821307340394,4.0,0.03303781273731768,0.012568527645729157,0.05429624874561156,0.11475762462241033,0.0,0.03062663030138966,nonelliptic_or_noisy
10,stage,5840,5967,5841,5967,29.250025,29.881104,127,2.7633432378164997,2.824086658061818,2.7885153932990376,2.8522586414004167,0.34256623101547384,0.10192609279905648,0.45841109739478075,0.40128266784393635,344.4668822059456,15.533117794054418,2.444730530846076,4.0,0.02873635625055559,0.00965610535576443,0.04784019588308287,0.11028407064295966,0.0,0.013074020099662846,nonelliptic_or_noisy
10,stage,5860,5987,5861,5987,29.350196,29.981276,127,2.760016000728024,2.8270847251720412,2.7837006176536643,2.854625708156646,0.3396875972103504,0.11407928784898984,0.45014981051213554,0.37796968113012647,348.3933401141815,11.606659885818509,2.7705380896292513,4.0,0.01681826747677153,0.016749021406256795,0.026864538641742434,0.10693491959936775,0.0,0.013184814007173244,nonelliptic_or_noisy
10,stage,5880,6007,5881,6007,29.450368,30.081447,127,2.757720938748413,2.8270847251720412,2.779108251678824,2.854903289465246,0.341766972560082,0.11400728148432714,0.4507923719223128,0.38334393278568285,345.61749727440076,14.382502725599217,2.8024172953084587,4.0,0.028066137119456634,0.007530179035700284,0.04384368833098248,0.10267152843566166,0.0,0.006715283113576657,nonelliptic_or_noisy
10,stage,5900,6027,5901,6027,29.550539,30.181618,127,2.760016000728024,2.8270847251720412,2.789770159631517,2.850258803761704,0.3485106796193462,0.08082070103466256,0.23482639778880082,0.28798031152686876,345.4082811684331,14.591718831566894,3.0751487965338304,4.0,0.009239460518552966,0.008747664354232262,0.016355462849478142,0.10821484096222869,0.0,0.006585341895742393,nonelliptic_or_noisy
10,stage,5920,6047,5921,6047,29.65071,30.28179,127,2.7626381868626537,2.818105107378998,2.79688559840221,2.853208409670606,0.3511100728498002,0.08202157271960901,0.22306818251117458,0.29712507929908283,345.5775672243476,14.42243277565237,2.6186439277858504,4.0,0.014035296164924726,0.006125851754617674,0.023447211361086125,0.13967726434349248,0.0,0.026643056993399916,nonelliptic_or_noisy
10,stage,5940,6067,5941,6067,29.750882,30.381961,127,2.7626381868626537,2.824086658061818,2.796123950433373,2.851720903787247,0.35117389700950247,0.08939710414098612,0.2559220864364724,0.30343376003286276,347.6939342030255,12.30606579697449,2.1812176912014754,4.0,0.01268448462262778,0.008229463607534447,0.02339991854737075,0.12363101882570823,0.0,0.0170330162171983,nonelliptic_or_noisy
10,stage,5960,6087,5961,6087,29.851053,30.482132,127,2.7633432378164997,2.8417441379359,2.8011425234423997,2.8537995973481567,0.33728128990047834,0.09007124734660257,0.2680725024328455,0.3332223117017534,342.3214344671374,17.678565532862567,2.2408576390147252,4.0,0.01088847918618618,0.009631565153653161,0.017187880133781783,0.11763232515460723,0.0,0.0523941021797675,nonelliptic_or_noisy
10,stage,5980,6107,5981,6107,29.951224,30.582304,127,2.7971721224518444,2.881236616041708,2.805425272673092,2.853419696101891,0.3174313328287055,0.09554633896713013,0.3197906073680944,0.35840426427789784,341.90488288722565,18.095117112774325,2.2055897554955246,4.0,0.008479350624909114,0.01414652871121957,0.02204082095852737,0.0914069688518784,0.0,0.16381644878402163,nonelliptic_or_noisy
10,stage,6000,6127,6001,6127,30.051396,30.682475,127,2.803386675052095,2.871832915785065,2.8051043633128296,2.8543456383098933,0.31477441872306733,0.08378017439202629,0.336275424975433,0.3377153473978983,341.85461239741977,18.145387602580225,2.174980862753907,4.0,0.012858617204367758,0.0024277887594730623,0.01786870587486792,0.05582230928571041,0.0,0.03580868053714397,nonelliptic_or_noisy
10,stage,6020,6147,6021,6147,30.151567,30.782646,127,2.803386675052095,2.8630012114471644,2.811474885186657,2.850409055356538,0.3106478510655522,0.09133723594639277,0.3501260515569412,0.34641286342004085,347.58428048350686,12.41571951649316,2.402698778583875,4.0,0.008588194674125244,0.01492525531538982,0.02224307223900256,0.048176778681454514,0.0,0.028429954714340056,nonelliptic_or_noisy
10,stage,6040,6167,6041,6167,30.251738,30.882818,127,2.805668197215691,2.84479025151135,2.8107261589818044,2.844476261443111,0.3167245753642418,0.1029129630651914,0.3461550381506544,0.35255325317940894,343.3770777974516,16.622922202548434,2.0345312969569718,4.0,0.009438722129814746,0.02025597524943967,0.02886042294034892,0.016000332105546987,0.0,0.05794726015491136,nonelliptic_or_noisy
10,stage,6060,6187,6061,6187,30.35191,30.982989,127,2.809924764302819,2.8480868512905184,2.813439844517385,2.8368678062334123,0.31613811275676607,0.10354282115398306,0.35217755608376194,0.3752448001757753,345.98662604967853,14.013373950321467,2.025629365139254,4.0,0.003942589433356917,0.015133274200301711,0.024602871099298828,0.037188865122005386,0.0,0.017030083963507955,nonelliptic_or_noisy
10,stage,6080,6207,6081,6207,30.452081,31.08316,127,2.823772353749197,2.8377140953081623,2.8194321585759874,2.832701365670231,0.3176128705601824,0.12513227855923784,0.4936500255091272,0.48809622400857006,344.5851732207747,15.414826779225294,2.5480431331925035,4.0,0.018339398887757343,0.031210618953409135,0.04340889733351551,0.02087633338440497,0.0,0.05447426677341144,nonelliptic_or_noisy
10,stage,6100,6227,6101,6227,30.552252,31.183332,127,2.770259717196818,2.839950818793765,2.8125217170810215,2.8270830460640264,0.3213343002188546,0.12419112505751535,0.45776563665431563,0.48217775991092915,343.60520745502726,16.394792544972766,2.847275664276918,4.0,0.006896860190301928,0.022439341055725797,0.03362427516859493,0.13748159844181376,0.0,0.16667800931632612,nonelliptic_or_noisy
10,stage,6120,6247,6121,6247,30.652424,31.283503,127,2.770259717196818,2.8417441379359,2.8133884768362254,2.8167327553415893,0.31993399749841,0.13475959742756946,0.41315301075147154,0.4943944982871897,345.55206244817117,14.44793755182881,2.372748627289284,4.0,0.005514239730354057,0.01714373779580377,0.027765223262316244,0.15583334628857023,0.0,0.005605278451670536,nonelliptic_or_noisy
10,stage,6140,6267,6141,6267,30.752595,31.383674,127,2.8038396080369656,2.8361869683491525,2.8216477025783746,2.8022441900769772,0.3160176292713834,0.15557086999602632,0.40822728926562213,0.4388950222753929,347.372066848339,12.627933151661017,3.305661832893675,4.0,0.0427571080830164,0.031276227865502146,0.0825577164364544,0.12129282864904771,0.0,0.10770480018905268,nonelliptic_or_noisy
10,stage,6160,6287,6161,6287,30.852766,31.483846,127,2.809924764302819,2.838938913412509,2.826279353666867,2.7968488864178656,0.31380680482752094,0.13497816867937512,0.40318635686431,0.4541367428562926,347.4443831621593,12.55561683784071,3.39690740889111,4.0,0.008004975402115375,0.012185026562126935,0.020351237871215115,0.14389669910590075,0.0,0.021282194534582768,nonelliptic_or_noisy
10,stage,6180,6307,6181,6307,30.952938,31.584017,127,2.805668197215691,2.836064094093045,2.8274759382171752,2.792150097635176,0.28914131539556104,0.19933629867800712,0.5272383522127418,0.6062476737340367,344.12502450351184,15.874975496488181,2.8906222908826322,4.0,0.048839176129993465,0.023745749844554898,0.0803461511519376,0.16957373400082365,0.0,0.01776443996124037,nonelliptic_or_noisy
10,stage,6200,6327,6201,6327,31.053109,31.684188,127,2.801953798911902,2.8324460169108514,2.8179608130618914,2.7818897131490994,0.28922065531760877,0.20341515837588062,0.49080107204054896,0.5907680195082529,343.63968061245816,16.36031938754185,2.803143677500467,4.0,0.03959139816951072,0.0370745735504557,0.07726898594197133,0.18335427639876292,0.0,0.017928492914997214,nonelliptic_or_noisy
10,stage,6220,6347,6221,6347,31.15328,31.784359,127,2.7875482986878524,2.8331770361783377,2.8257556617175363,2.7821840223126255,0.300219963367997,0.1988603872670981,0.4765498334009448,0.5119755828729413,344.1174783560942,15.882521643905838,3.0873640171642953,4.0,0.019421227960724267,0.021899200740062102,0.043326171269053707,0.21224050266087485,0.0,0.04804489425506666,nonelliptic_or_noisy
10,stage,6240,6367,6241,6367,31.253452,31.884531,127,2.785053160630847,2.8331770361783377,2.8273564573325833,2.7752099265347625,0.30370522691089274,0.181120126528638,0.48480475878938556,0.5100125590966187,348.11844389725684,11.881556102743156,2.819879621947116,4.0,0.04263136003872016,0.03342909293571162,0.08235158212620272,0.23628764042350475,0.0,0.008215657275261825,nonelliptic_or_noisy
10,stage,6260,6387,6261,6387,31.353623,31.984702,127,2.785053160630847,2.8324460169108514,2.8039966427432987,2.781834586865752,0.33380745315701266,0.12278404649246855,0.4917502173017518,0.4935927478533036,346.54179639804636,13.458203601953658,2.422366335805371,4.0,0.012382825741167976,0.018812420461844826,0.027845010202861536,0.16189114171125146,0.0,0.0021899429164107414,nonelliptic_or_noisy
10,stage,6280,6407,6281,6407,31.453794,32.084873,127,2.774601066730213,2.831098641554982,2.8036824014477464,2.78169320722955,0.34398094052840106,0.13212243816330915,0.49184745399965896,0.5140163992726221,345.354429245903,14.645570754097003,2.47685664900084,4.0,0.01844015031323245,0.009161236021959618,0.033434956927302834,0.16666347442990612,0.0,0.030637107037707376,nonelliptic_or_noisy
10,stage,6300,6427,6301,6427,31.553965,32.185045,127,2.7701272933901473,2.825943537267146,2.814887627186296,2.773406955645017,0.35082814282659924,0.08783302043096068,0.37239125421550684,0.4856530564476339,346.9413844894049,13.058615510595075,2.989169799813595,4.0,0.010287148536727861,0.013696098890342569,0.020234887850142182,0.19673077469691222,0.0,0.019455874527296583,nonelliptic_or_noisy
10,stage,6320,6447,6321,6447,31.654137,32.285216,127,2.757983969139339,2.8228375452932433,2.8162282633766824,2.7791778748626905,0.3534791479477429,0.06697793111162599,0.220945724597566,0.36699018285863977,347.3148058589164,12.685194141083608,2.8012255071621297,4.0,0.009440916618068925,0.009227640745887944,0.018188161154850908,0.2059279606986196,0.0,0.03545966867029678,nonelliptic_or_noisy
10,stage,6340,6467,6341,6467,31.754308,32.385387,127,2.7610955942434137,2.8228375452932433,2.8156787141052138,2.7736698019460535,0.35439214729225565,0.07296385301137609,0.22638562995566208,0.3536503697971373,341.0128007903198,18.987199209680213,2.63304868090959,4.0,0.007059206810333043,0.010790095274953726,0.015084407131010249,0.207292422259292,0.0,0.008780175090924786,nonelliptic_or_noisy
10,stage,6360,6487,6361,6487,31.854479,32.485559,127,2.7563080000677376,2.8112651903456003,2.812368666095517,2.770402869627908,0.35204769761343024,0.08318535647667034,0.22932126199589187,0.3507346622035773,341.5148142643977,18.485185735602276,2.574316461668638,4.0,0.011794436689071403,0.005635653822596426,0.017632574543190126,0.19705393195127402,0.0,0.035573577373291226,nonelliptic_or_noisy
10,stage,6380,6507,6381,6507,31.954651,32.58573,127,2.7452076333574436,2.8102105360252096,2.81314650159092,2.7684671462474704,0.3396155075081806,0.08555742147407037,0.24765436616702338,0.38574441759397293,341.4823827473582,18.517617252641806,2.587668259710646,4.0,0.011086018848553217,0.00786871262047083,0.016596804553455514,0.23478999874309545,0.0,0.032832293166390615,nonelliptic_or_noisy
10,stage,6400,6527,6401,6527,32.054822,32.685901,127,2.774601066730213,2.8102105360252096,2.8073596025552887,2.7644404501091993,0.3394670691036471,0.0921414898001814,0.24350079941120523,0.3226239820205991,344.52408272437077,15.475917275629227,2.328932201224964,4.0,0.018233388641757158,0.004312348598415377,0.028612587929023176,0.1658045611226861,0.0,0.08658699487517878,nonelliptic_or_noisy
10,stage,6420,6547,6421,6547,32.154993,32.786073,127,2.7865038693907715,2.7900325798022276,2.799178197523329,2.759132537804903,0.33387807168537603,0.07254849422329762,0.25514144708660563,0.3057941456634667,346.9637439301304,13.036256069869568,2.177756237088445,4.0,0.0077269399033943805,0.009999635877927642,0.01626551688116573,0.1000316399493444,0.0,0.07016648011638306,nonelliptic_or_noisy
10,stage,6440,6567,6441,6567,32.255165,32.886244,127,2.7875482986878524,2.7834404346002968,2.796953124897823,2.757446515831698,0.33237304713444604,0.06817760559553585,0.25673805295482327,0.3062042617771877,346.1665587530995,13.833441246900504,2.108179897547998,4.0,0.006860707441200039,0.0031418170059835508,0.012462887335814198,0.08316854907723893,0.0,0.020080959511053546,nonelliptic_or_noisy
10,stage,6460,6587,6461,6587,32.355336,32.986415,127,2.769829106359028,2.7528117079658627,2.806668610933128,2.759553926975424,0.32805092730847524,0.0787161389271813,0.2745536059204452,0.31112191012629603,347.9015927466977,12.098407253302272,2.1549866375579496,4.0,0.02246065095837895,0.012162585578157923,0.033065405367631695,0.11416334142804717,0.0,0.10786393839501596,nonelliptic_or_noisy
10,stage,6480,6607,6481,6607,32.455507,33.086587,127,2.7713012349082256,2.738774606076042,2.8024056142440403,2.75692601349813,0.33185071873794103,0.07427806193139141,0.2755097156552688,0.29001965025511284,348.51585846081224,11.484141539187767,2.1480793410123713,4.0,0.004076618520899139,0.007992046881196514,0.01366706226355567,0.10852251741443229,0.0,0.04253142777940351,nonelliptic_or_noisy
10,stage,6500,6627,6501,6627,32.555679,33.186758,127,2.7713012349082256,2.737896562922085,2.8011398090677724,2.755429985775779,0.3335031950311153,0.0811489526017325,0.27845079003237044,0.29565707546121744,348.3171880863793,11.682811913620675,2.5523139778085757,4.0,0.015119501505155569,0.01706770874339491,0.03450668795604706,0.10377318878733786,0.0,0.0026327878324376736,nonelliptic_or_noisy
10,stage,6520,6647,6521,6647,32.65585,33.286929,127,2.7701272933901473,2.752313541649458,2.810239845999199,2.7550092836786733,0.3319896806914071,0.08359371381008998,0.2631566993452579,0.3174495918130243,344.87089195578875,15.129108044211272,2.8387796019658267,4.0,0.020755803095760916,0.014147805546180526,0.03476413446674902,0.12109723834658126,0.0,0.043569714018715136,nonelliptic_or_noisy
10,stage,6540,6667,6541,6667,32.756021,33.387101,127,2.7845567322823057,2.740652874176664,2.8057985895268263,2.754343278086415,0.3366832576918224,0.0991413204861265,0.27612006280690177,0.3000358961911057,342.4789495322247,17.52105046777531,2.6574260477661418,4.0,0.009208788021795119,0.006591991703158555,0.013752278053179948,0.07505986541216705,0.0,0.055102488689920744,nonelliptic_or_noisy
10,stage,6560,6687,6561,6687,32.856193,33.487272,127,2.788989336584251,2.7023293253943947,2.809384112212762,2.7543368947678077,0.33012989161989376,0.1057699972750107,0.3578882412898894,0.38130621249179175,343.38948560272183,16.61051439727818,2.0551730564058484,4.0,0.0121064927000146,0.022689221885431314,0.034169172731697374,0.16921682301156957,0.0,0.1168601861281998,nonelliptic_or_noisy
10,stage,6580,6707,6581,6707,32.956364,33.587443,127,2.8134025374122933,2.7023293253943947,2.798186926476131,2.7612546476255866,0.32120862084696383,0.11355913845899286,0.5841179919983452,0.5523377043107416,340.74114420790954,19.25885579209048,2.7816648592838904,4.0,0.03156290438526134,0.021541415009028606,0.05384332678575444,0.18946596296739798,0.0,0.07600418931369095,nonelliptic_or_noisy
10,stage,6600,6727,6601,6727,33.056535,33.687615,127,2.8134025374122933,2.693384044278039,2.806763195472416,2.746128259153343,0.30773031006729146,0.12474070828098507,0.5690303016903725,0.5572267440853385,344.3933956330748,15.606604366925177,2.462405964421935,4.0,0.007973514464807077,0.019872489741866988,0.029382843546373338,0.1727501149117566,0.0,0.029068573434965387,nonelliptic_or_noisy
10,stage,6620,6747,6621,6747,33.156707,33.787786,127,2.8268621757155152,2.6911874080257907,2.8127595389750097,2.7460615082324873,0.301226623658917,0.13217715399924787,0.6045429922442962,0.55747576097895,342.54238444986134,17.45761555013865,2.5036833225052275,4.0,0.01707402208062527,0.04128628373581457,0.07434087515356284,0.18808866683865708,0.0,0.04527391249755947,nonelliptic_or_noisy
10,stage,6640,6767,6641,6767,33.256878,33.887957,127,2.8125614451720935,2.6826127006742952,2.8112597783941857,2.746372875911233,0.30354433303461587,0.13432026880849124,0.6178864015824866,0.5752146728967035,345.43136075481397,14.56863924518603,2.465382913130419,4.0,0.032867059105479705,0.04511847422337621,0.08504351614010057,0.21009603443256206,0.0,0.05493242574271981,nonelliptic_or_noisy
10,stage,6660,6787,6661,6787,33.357049,33.988129,127,2.804943050844411,2.675719550384356,2.8185847085498392,2.7329624584858294,0.2926347408438482,0.15354419719234794,0.6761983122403761,0.5869636424600263,345.44503469881647,14.554965301183541,2.3587960750279318,4.0,0.015361589267090772,0.027039044759106304,0.04207071714832213,0.20109008849837276,0.0,0.03510867616114336,nonelliptic_or_noisy
10,stage,6680,6807,6681,6807,33.457221,34.0883,127,2.8092685800197943,2.6742061054286728,2.8085453305790984,2.7276655966828205,0.261567831713826,0.22325083965560177,0.7170275703331567,0.6283065935042599,346.3168020506641,13.68319794933594,2.4135332175203663,4.0,0.058801552847414944,0.04832998610134322,0.12788774246244647,0.20439968888249385,0.0,0.017519945152043033,nonelliptic_or_noisy
10,stage,6700,6827,6701,6827,33.557392,34.188471,127,2.781597275399931,2.675719550384356,2.8218178303690817,2.7129137735610587,0.2843087658360282,0.19531883134759612,0.6490949426204456,0.585661591406439,346.8699367662355,13.130063233764476,2.5060421430638495,4.0,0.01813818128823384,0.0321502421000575,0.058878224659740526,0.1926860263477239,0.0,0.09747382060264737,nonelliptic_or_noisy
10,stage,6720,6847,6721,6847,33.657563,34.288642,127,2.781597275399931,2.675719550384356,2.821418835495011,2.70816112421385,0.3084361710546489,0.17256666879535312,0.5825025279120456,0.5506400060211766,346.41697761598243,13.583022384017587,2.3760668793729334,4.0,0.02754263503315132,0.03543195656739004,0.07055213314076925,0.1665288842556165,0.0,0.0,nonelliptic_or_noisy
10,stage,6740,6867,6741,6867,33.757734,34.388814,127,2.804943050844411,2.671163719020274,2.830663344203935,2.701385239755218,0.3182525042692144,0.17924702871107107,0.5667368595570104,0.5593242941864821,346.4740171150633,13.525982884936683,2.68637238128377,4.0,0.02823596272452905,0.04390018336238218,0.08128414030644306,0.12469557727660514,0.0,0.07473986080712453,nonelliptic_or_noisy
10,stage,6760,6887,6761,6887,33.857906,34.488985,127,2.822039205699713,2.6828255707785633,2.8288892311773415,2.6912794718518716,0.3198613813195049,0.17566602944727888,0.5659977451490045,0.5494372758877117,344.6749438879013,15.325056112098732,2.3160863446360236,4.0,0.021397217196878534,0.018191669954313826,0.0441185111692255,0.03401716153614468,0.0,0.06469946928180019,nonelliptic_or_noisy
10,stage,6780,6907,6781,6907,33.958077,34.589156,127,2.804943050844411,2.675719550384356,2.829208749330505,2.6922378612881452,0.32223791738793683,0.16216334734050386,0.5733628872538492,0.5536703518679374,341.8005283041189,18.199471695881062,2.3520979021775847,4.0,0.034307270883057364,0.04502607964408258,0.09759289393430773,0.0910953148776292,0.0,0.05745493232526566,nonelliptic_or_noisy
10,stage,6800,6927,6801,6927,34.058248,34.689328,127,2.7850818513409603,2.6823585011471947,2.8226918124064238,2.696342002282084,0.33866791008977626,0.11464270702919882,0.32352254106690065,0.3795723750457462,345.5463295811626,14.4536704188374,2.4230921423724547,4.0,0.02874159593968546,0.022250566106525437,0.03930572856490462,0.11848006761642,0.0,0.0618346633610611,nonelliptic_or_noisy
10,stage,6820,6947,6821,6947,34.15842,34.789499,127,2.7850818513409603,2.6819842491785035,2.813279529302367,2.6964461723966995,0.33441698714746687,0.10770325786976243,0.3065645260856804,0.3051333124712123,345.77245592170567,14.227544078294304,2.4029326824401456,4.0,0.01649221668453183,0.022167459621066903,0.0399916788412221,0.09476194042316341,0.0,0.0011191176975889883,nonelliptic_or_noisy
10,stage,6840,6967,6841,6967,34.258591,34.88967,127,2.773325592592389,2.671163719020274,2.819178400986894,2.700180159976444,0.32058584757209385,0.16223469216833133,0.4827164961042204,0.5402498046729374,348.5119593865714,11.488040613428629,2.3117017764431447,4.0,0.05456594907573244,0.04274401766433841,0.10124415706920123,0.16926086543577742,0.0,0.04983971224217212,nonelliptic_or_noisy
10,stage,6860,6987,6861,6987,34.358762,34.989842,127,2.765110116238302,2.696748482735159,2.8063419228634503,2.719992838398267,0.317906947612055,0.16546769453810511,0.5702649047349422,0.5641953976641447,344.1532641947438,15.846735805256165,2.1604649908983573,4.0,0.01643910178039581,0.02716125036612761,0.050204302191902854,0.1488877869359824,0.0,0.08452611152827379,nonelliptic_or_noisy
10,stage,6880,7007,6881,7007,34.458934,35.090013,127,2.773325592592389,2.6845690810059626,2.8060904931259385,2.730615931484499,0.315686440444378,0.16077781439205782,0.590614039985767,0.5876715058418945,342.13202924008186,17.867970759918144,2.5135374875738017,4.0,0.016159698253499798,0.027043795595068237,0.046860309512326954,0.1790199400945769,0.0,0.04653737329686633,nonelliptic_or_noisy
10,stage,6900,7027,6901,7027,34.559105,35.190184,127,2.7712860952664133,2.6942917749108037,2.809862201279502,2.7550261998347514,0.318557171903083,0.17455937125565513,0.6179992982507112,0.5800533659347828,348.424041578954,11.575958421045991,2.4879224774191484,4.0,0.00844454620779922,0.02697655842804094,0.03895021943323896,0.2258617728566938,0.0,0.031185298465665392,nonelliptic_or_noisy
10,stage,6920,7047,6921,7047,34.659276,35.290356,127,2.781597275399931,2.697169849216272,2.814435560404656,2.7605216824524814,0.3122074935939535,0.17848277239659782,0.6105869062405358,0.5680354132451053,341.15201177625534,18.84798822374465,2.605256947543803,4.0,0.025954383459420943,0.025008030433057864,0.04206513138262505,0.22855602565562855,0.0,0.03428910004301039,nonelliptic_or_noisy
10,stage,6940,7067,6941,7067,34.759448,35.390527,127,2.781597275399931,2.703312259394368,2.821519239733631,2.769627860269833,0.31805549734012667,0.1435545212090093,0.5674622294155685,0.5515130997124376,344.3534878643324,15.646512135667571,2.4742162025409153,4.0,0.01804743139447156,0.008407725086197587,0.024600788393387654,0.24336923580132663,0.0,0.019312384880829047,nonelliptic_or_noisy
10,stage,6960,7087,6961,7087,34.859619,35.490698,127,2.789536752708001,2.757593544357886,2.8157925572861897,2.7698541009795665,0.32612841100648077,0.11029790930721756,0.3415228909085369,0.35573467561432737,346.9154332494114,13.084566750588554,2.545464834836695,4.0,0.010209383543847596,0.009424611035289677,0.0175650247087228,0.08885266822098122,0.0,0.16821241599250647,nonelliptic_or_noisy
10,stage,6980,7107,6981,7107,34.95979,35.59087,127,2.8096343026005863,2.7447123507389035,2.8094569644794243,2.7720593356156864,0.3380464562564365,0.09789956423012137,0.2717823484335523,0.2706959491995624,346.9374767104787,13.062523289521343,2.259104006474842,4.0,0.008806502682075971,0.006660569906209212,0.016214736085103224,0.08089882133214352,0.0,0.07061529952834815,nonelliptic_or_noisy
10,stage,7000,7127,7001,7127,35.059962,35.691041,127,2.788252149350299,2.7316810005306245,2.8166471806498636,2.766688414419881,0.3429314770867978,0.09484461502751423,0.26057804425762987,0.28875698432939473,346.7621745691735,13.237825430826504,2.5635395406806594,4.0,0.011991525494045856,0.015738254824088943,0.02675941618707826,0.13144158549983864,0.0,0.07301814105489395,nonelliptic_or_noisy
10,stage,7020,7147,7021,7147,35.160133,35.791212,127,2.7593767493031995,2.7228833747331276,2.8250652067783464,2.7447677575221583,0.33812546742261335,0.10953678102712576,0.3080986472113681,0.37750371810657685,345.6415993440713,14.358400655928648,2.5243889868976006,4.0,0.019258796583110346,0.0454343344667453,0.08907642698679323,0.2047701209539227,0.0,0.08927417843198346,nonelliptic_or_noisy
10,stage,7040,7167,7041,7167,35.260304,35.891384,127,2.786865809352074,2.736578477604022,2.807475900585111,2.7352675940390117,0.3425538750750945,0.09775414164893967,0.3226892637730785,0.3234834070395294,338.7017842958935,21.298215704106504,2.7459966974867256,4.0,0.023125930161082095,0.042042519420750636,0.07345011421669945,0.060287561624052,0.0,0.08965489230210012,nonelliptic_or_noisy
10,stage,7060,7187,7061,7187,35.360476,35.991555,127,2.7547622447428672,2.728145213461455,2.8086884359239184,2.723185778470661,0.3267452977173996,0.11802457410664009,0.3816247636735121,0.38427685030693115,337.796238326265,22.203761673734995,2.2828208731030912,4.0,0.02290152406508076,0.07122846935489148,0.11524457393887695,0.16573693265503903,0.0,0.10158601370500575,nonelliptic_or_noisy
10,stage,7080,7207,7081,7207,35.460647,36.091726,127,2.7593767493031995,2.705853439960893,2.8123740268168884,2.7060825428576774,0.3376092468903068,0.11426869605374414,0.37535405113904524,0.3638430267419684,343.0450077131415,16.954992286858484,2.8686989733623776,4.0,0.032429952108942395,0.0527779501402586,0.09950976406604223,0.15697962421372547,0.0,0.06742817705930662,nonelliptic_or_noisy
10,stage,7100,7227,7101,7227,35.560818,36.191898,127,2.789904273253854,2.7007567974827396,2.827644259305032,2.6814885187866166,0.33279994730476176,0.13636937960714826,0.37920610251808556,0.40646063272436195,345.17849097500556,14.821509024994459,2.3216218228977246,4.0,0.023103431682735084,0.05707590391780581,0.10138236850849924,0.12732635239567106,0.0,0.09299895761099164,nonelliptic_or_noisy
10,stage,7120,7247,7121,7247,35.66099,36.292069,127,2.7966298755388856,2.7039685263881243,2.8169785894383925,2.653089513369342,0.3221305629429528,0.13511659585107041,0.3629399109983033,0.44662350634779524,342.7128711330901,17.28712886690988,3.7548972726717236,4.0,0.012748914028471671,0.024535638100507608,0.035044908610726656,0.17010897639266254,0.0,0.023136939562193024,nonelliptic_or_noisy
10,stage,7140,7267,7141,7267,35.761161,36.39224,127,2.7966298755388856,2.69373095098104,2.814040825676874,2.6438080721417325,0.31979930359742786,0.14077754258571284,0.3774390357398705,0.4515012369282324,341.6387840964951,18.361215903504924,3.785136958336308,4.0,0.030121701451888284,0.030092997899120073,0.0565352377461811,0.16532829493222687,0.0,0.03201250062749228,nonelliptic_or_noisy
10,stage,7160,7287,7161,7287,35.861332,36.492411,127,2.795578735345252,2.6983925205080954,2.823008199737336,2.6544568516333458,0.3111675524868561,0.14009302191983183,0.4037381849848084,0.4640944466120268,341.73059114158366,18.269408858416323,2.5369195926472847,4.0,0.043260308373112004,0.041695800269916344,0.07928183370438323,0.16645362189949545,0.0,0.015357036051278484,nonelliptic_or_noisy
10,stage,7180,7307,7181,7307,35.961503,36.592583,127,2.8050242791715463,2.690374739457534,2.812490349200717,2.6492805609944075,0.3181464951378857,0.15795968265692487,0.409376077610075,0.4575645569996931,343.7766723787671,16.223327621232922,2.3247881642411565,4.0,0.02616266779142166,0.019863520011604338,0.05515939122184713,0.13128196563689834,0.0,0.038943183212251896,nonelliptic_or_noisy
10,stage,7200,7327,7201,7327,36.061675,36.692754,127,2.7966298755388856,2.6854081014616966,2.8154692488323096,2.6573375242523642,0.30443576240248443,0.16410398398510162,0.453791440677777,0.4758385275724599,339.4141532967933,20.585846703206702,2.785023715824052,4.0,0.03274066136375021,0.03665408482335674,0.0685121298181731,0.11104640760841457,0.0,0.03203841934433221,nonelliptic_or_noisy
10,stage,7220,7347,7221,7347,36.161846,36.792925,127,2.789904273253854,2.681963469485038,2.8034857813691754,2.6656647602665546,0.30746591958463076,0.15428388677068516,0.4509713455513935,0.4892757826915198,344.8748276376479,15.125172362352064,2.487413602968481,4.0,0.024037275305367853,0.010725867684200873,0.03668969088992172,0.06900174467280747,0.0,0.024576389796518026,nonelliptic_or_noisy
10,stage,7240,7367,7241,7367,36.262017,36.893097,127,2.795578735345252,2.6811825405815215,2.8040369058011625,2.6725152793004656,0.3136889348246965,0.13033445605198815,0.38601361209084184,0.38729628356709883,345.23444225935606,14.765557740643922,2.3569068620573415,4.0,0.025839273076885733,0.01456640166914617,0.039817889543442835,0.03860643493963598,0.0,0.018259956809613724,nonelliptic_or_noisy
10,stage,7260,7387,7261,7387,36.362189,36.993268,127,2.790488569749027,2.664851797064778,2.8051620560957677,2.680936808486341,0.3146823929487833,0.1265400175302878,0.3837483324425963,0.4101951805183433,347.58270791696754,12.417292083032446,2.263451686407357,4.0,0.02982925647689347,0.034397995501756526,0.059219337737650465,0.06918859288102858,0.0,0.05435843199005519,nonelliptic_or_noisy
10,stage,7280,7407,7281,7407,36.46236,37.093439,127,2.757843918775637,2.6702885759532577,2.806704576232319,2.6870328555414837,0.32346379718126683,0.11468974664460192,0.28926630937814185,0.36529690316649177,347.36545954382217,12.634540456177813,2.2352209059860813,4.0,0.028482183734479475,0.029831515430179572,0.06306417605409666,0.15967820509788988,0.0,0.10231218093769671,nonelliptic_or_noisy
10,stage,7300,7427,7301,7427,36.562531,37.193611,127,2.778953550594843,2.6820096853358857,2.7949743169837373,2.696764786396969,0.3054318111592083,0.1440575404253727,0.4354292228368212,0.4930424842237636,345.9543514781394,14.045648521860612,2.4106355176946566,4.0,0.029409940826158783,0.02337751666263355,0.047620679195734476,0.07130959755874539,0.0,0.07905336624157329,nonelliptic_or_noisy
10,stage,7320,7447,7321,7447,36.662703,37.293782,127,2.8077682797051695,2.7071227309240484,2.7901079621881895,2.70418471516165,0.3115614550137086,0.12347566100871292,0.438847364423318,0.42257478065126763,344.1502191535526,15.849780846447405,2.2555734783250863,4.0,0.012495830929771676,0.01754253044433081,0.037252322663427276,0.05746229902114544,0.0,0.1226802066516535,nonelliptic_or_noisy
10,stage,7340,7467,7341,7467,36.762874,37.393953,127,2.7960759667199797,2.7005238396279836,2.793165585217591,2.7188625422772668,0.3151793437968552,0.12679580915726402,0.4147946879423622,0.4365152270759909,345.34589852161145,14.654101478388565,2.1766428624082446,4.0,0.025917752038872796,0.024356262435285422,0.04410451426162782,0.058913149024021005,0.0,0.04259774160574909,nonelliptic_or_noisy
10,stage,7360,7487,7361,7487,36.863045,37.494125,127,2.808716591751566,2.704525479780304,2.806632570332002,2.7222490863376696,0.3144525683395105,0.17003432889171,0.4616784558577948,0.4365597290788192,345.8434162723979,14.156583727602095,2.342085139399233,4.0,0.033279545550506225,0.010453612845458779,0.05052124080831029,0.05675167594927501,0.0,0.04216503521021921,nonelliptic_or_noisy
10,stage,7380,7507,7381,7507,36.963217,37.594296,127,2.815799750427547,2.7071227309240484,2.8084047817445663,2.732430519578565,0.2805302521422217,0.19636856357811844,0.49981213268843355,0.48067848284450365,343.13253835503394,16.86746164496604,2.2974340508616073,4.0,0.04017164292034282,0.01922467325655335,0.059689345053374504,0.09398655345632435,0.0,0.026893091375012737,nonelliptic_or_noisy
10,stage,7400,7527,7401,7527,37.063388,37.694467,127,2.815799750427547,2.7142746246056557,2.8078326301501053,2.734097087801731,0.28453075463700495,0.20473038230098295,0.4749524696140696,0.46715161577650605,341.399271997812,18.600728002188035,2.303465281426935,4.0,0.05554228332066786,0.030331147235341086,0.08925885528370724,0.07508375883945467,0.0,0.025135749176680194,nonelliptic_or_noisy
10,stage,7420,7547,7421,7547,37.163559,37.794639,127,2.815799750427547,2.715969710481903,2.8270206684561754,2.7355238551369774,0.286381879357861,0.1716520306109088,0.47586287786164266,0.423328210599436,348.2476259237986,11.752374076201413,2.260249917177694,4.0,0.020079050644147146,0.003965360370258319,0.033801645152401624,0.07872328908462844,0.0,0.005918970432235545,nonelliptic_or_noisy
10,stage,7440,7567,7441,7567,37.263731,37.89481,127,2.815799750427547,2.7209167651241755,2.8380011178202356,2.7275768570726595,0.2890133561931753,0.15532292516097906,0.40850639378699505,0.39182690134553294,346.7384156515465,13.261584348453473,2.1892803751061147,4.0,0.024058450925256217,0.01910739148057867,0.042046534908423853,0.08019981118850204,0.0,0.017117045064747555,nonelliptic_or_noisy
10,stage,7460,7587,7461,7587,37.363902,37.994981,127,2.7999392803139527,2.7274735916896775,2.835196260479933,2.7351657009658035,0.2989701068435769,0.13820242121832893,0.41841081670850583,0.39808842794310656,345.5218593879417,14.478140612058299,2.2575966964923673,4.0,0.02582860095713781,0.024377887204018088,0.04176931148971428,0.12070213353731682,0.0,0.05740492540159619,nonelliptic_or_noisy
10,stage,7480,7607,7481,7607,37.464073,38.095153,127,2.810265774844404,2.721427480478634,2.8393303660979017,2.724680832215496,0.2797901432753459,0.1843594674762938,0.44550115584413963,0.4539450644073874,346.24091335934975,13.759086640650231,2.443572809965143,4.0,0.007579688608447373,0.010578591914150967,0.017031453625642238,0.10452872444203554,0.0,0.042768782870244555,nonelliptic_or_noisy
10,stage,7500,7627,7501,7627,37.564245,38.195324,127,2.815799750427547,2.7274735916896775,2.8221293050343115,2.728281338878435,0.28151033160766686,0.17817723666677462,0.538041929363476,0.5362069636802348,340.0328590835456,19.96714091645443,2.386728551428263,4.0,0.017507319773274695,0.034019337834141655,0.05743663705600428,0.022666616949213462,0.0,0.02911566953668611,nonelliptic_or_noisy
10,stage,7520,7647,7521,7647,37.664416,38.295495,127,2.810265774844404,2.7274735916896775,2.826903652962177,2.7255671563495323,0.29014134793353585,0.1742001805989236,0.52365741962067,0.5222859981333577,341.6220419752216,18.377958024778422,2.2088556909141026,4.0,0.020936677659190692,0.024448030291811605,0.04190362662516593,0.05771926543110008,0.0,0.019073377933057106,nonelliptic_or_noisy
10,stage,7540,7667,7541,7667,37.764587,38.395667,127,2.7972831631683692,2.728859243976219,2.825477896289898,2.72717866714095,0.29104064313124495,0.16846745380135159,0.5208150227386019,0.46582134564347943,347.186828378519,12.813171621481008,2.3050252042115154,4.0,0.014770371834692073,0.022523912126009592,0.04032897273997805,0.0970475280948487,0.0,0.04486091164971614,nonelliptic_or_noisy
10,stage,7560,7687,7561,7687,37.864759,38.495838,127,2.808716591751566,2.731075387707916,2.8281859664026077,2.7340267793016158,0.2818798530384462,0.16959857566205863,0.525094122633789,0.501054592523307,339.9103245596181,20.089675440381875,2.4292495510436893,4.0,0.024555563326043865,0.020825183849348866,0.0396173093777014,0.06985886630475331,0.0,0.04131627701429496,nonelliptic_or_noisy
10,stage,7580,7707,7581,7707,37.96493,38.596009,127,2.808716591751566,2.7313024884268957,2.8354000213602957,2.721736785064019,0.27725498221278944,0.18949794188585242,0.5210402448027879,0.5051987488066977,348.1012944662488,11.898705533751187,2.6407253779403135,4.0,0.0260363226767871,0.02712409821151701,0.06506145270480719,0.10223880615199328,0.0,0.0008191041948717137,nonelliptic_or_noisy
10,stage,7600,7727,7601,7727,38.065101,38.69618,127,2.808716591751566,2.725205989851842,2.826109845960016,2.7154181238056685,0.2806034308887828,0.1752611671064025,0.49551266962427637,0.46385562087144144,349.9643899423644,10.035610057635601,2.293790573756316,4.0,0.02775252842707913,0.023565838555802233,0.06062185257397205,0.07112581085142859,0.0,0.021726386437056478,nonelliptic_or_noisy
10,stage,7620,7747,7621,7747,38.165272,38.796352,127,2.815799750427547,2.7298938576920317,2.8328051916278505,2.7138167022336424,0.2909986445378185,0.150262895006896,0.3920332170551552,0.39903994478751903,349.4969536420369,10.503046357963127,2.4414352462998123,4.0,0.017170679362551344,0.02266763715215399,0.03600070226132614,0.08042008510202873,0.0,0.02918897872456418,nonelliptic_or_noisy
10,stage,7640,7767,7641,7767,38.265444,38.896523,127,2.815807428491829,2.731075387707916,2.829968278082212,2.7136149591492837,0.2880064357098901,0.15852431597995748,0.3765672902507166,0.38756089833848456,348.94706405007054,11.05293594992945,2.61110247492161,4.0,0.019512129802220824,0.02834246095965618,0.043137608468838566,0.07805735033587635,0.0,0.0041025297240543145,nonelliptic_or_noisy
10,stage,7660,7787,7661,7787,38.365615,38.996694,127,2.7999392803139527,2.7425708733147514,2.8289525109685347,2.712432789257493,0.28458035663638026,0.16433345634140661,0.3761372897198852,0.42732250184274223,348.99863475274447,11.001365247255563,2.4648012909641968,4.0,0.028576974605278232,0.01391871009988401,0.0359045253622038,0.14700191663592202,0.0,0.06885400424155882,nonelliptic_or_noisy
10,stage,7680,7807,7681,7807,38.465786,39.096866,127,2.815807428491829,2.7374532195352668,2.824587441707293,2.7129315408166215,0.29411824460176,0.15108608826855147,0.3601175365085133,0.3971660226124223,348.7759695827037,11.224030417296326,2.360320081167074,4.0,0.018504122193999457,0.015930979506854348,0.03493294708691562,0.08855669284320182,0.0,0.056688041782084364,nonelliptic_or_noisy
10,stage,7700,7827,7701,7827,38.565958,39.197037,127,2.7999392803139527,2.741066144117621,2.820355862797813,2.7156317434565844,0.29799689494250686,0.15339731079199748,0.35203824301019954,0.395606871222297,346.98878090612726,13.011219093872713,2.3573939571789233,4.0,0.005140199005517457,0.014363528557764235,0.02101937198255536,0.10944782736636002,0.0,0.05461216040443917,nonelliptic_or_noisy
10,stage,7720,7847,7721,7847,38.666129,39.297208,127,2.7886428310616065,2.7506885709741926,2.809452372789232,2.7193091092318635,0.30123551912177843,0.13448844751310624,0.35193554236517327,0.39678257228967506,349.8611355287023,10.138864471297733,2.4581988776186017,4.0,0.011384274507328969,0.007421296569212519,0.017371741713977033,0.1249934231186633,0.0,0.049261012139239606,nonelliptic_or_noisy
10,stage,7740,7867,7741,7867,38.7663,39.39738,127,2.7863282493008077,2.7441769722790292,2.808633676147782,2.7246586131161337,0.30582049226617686,0.12596803172252571,0.3220367387399747,0.36176117603694585,344.9569169614273,15.043083038572732,2.1862635803618735,4.0,0.013151526077002549,0.008370233725180524,0.01987743637932727,0.09691788032082037,0.0,0.022597345228363926,nonelliptic_or_noisy
10,stage,7760,7887,7761,7887,38.866472,39.497551,127,2.785659460188672,2.7313024884268957,2.8098658979007496,2.7192415258217872,0.2979524447556036,0.13772122697954994,0.3327486260966493,0.3691757704924661,345.59129155905015,14.408708440949871,2.6050260503842533,4.0,0.01915698656716951,0.0058533691801174,0.026292855567329642,0.09076867608980892,0.0,0.04326812256796735,nonelliptic_or_noisy
10,stage,7780,7907,7781,7907,38.966643,39.597722,127,2.779725646293743,2.7442843492548654,2.8142014803104796,2.715371318912744,0.28956119521266266,0.14641978579286455,0.33395475115086315,0.4079097040967861,345.97184598164387,14.028154018356124,2.4867734911393566,4.0,0.020151709914311068,0.00957482828515047,0.03534007900325544,0.15539015955740967,0.0,0.0492942851577052,nonelliptic_or_noisy
10,stage,7800,7927,7801,7927,39.066814,39.697894,127,2.777216619883956,2.7441769722790292,2.806634412151617,2.716657557338783,0.2975612769114656,0.14350102126402442,0.3525022224597701,0.4049492159378377,339.94977267450884,20.050227325491154,2.493315690871337,4.0,0.020762559839924772,0.01490345792952389,0.03822424989739218,0.135377350364828,0.0,0.008439683590127586,nonelliptic_or_noisy
10,stage,7820,7947,7821,7947,39.166986,39.798065,127,2.7763942592415183,2.7441769722790292,2.8077620475855216,2.7181110210937054,0.285922319110549,0.12481717597461844,0.35330164131288666,0.4142358666448704,347.2002435544415,12.799756445558486,2.4586993074993058,4.0,0.011581033621015004,0.0037193204963174935,0.014775372328641598,0.1426417406698582,0.0,0.0028761680619959302,nonelliptic_or_noisy
10,stage,7840,7967,7841,7967,39.267157,39.898236,127,2.777534291641433,2.73339377610587,2.808435831526673,2.7205304708385234,0.2918637408536775,0.11301017714732392,0.3277478164248232,0.3533992085801971,344.2451479570193,15.754852042980692,2.285234820592871,4.0,0.0222729669128865,0.01228431415379455,0.03813496139180272,0.11468339745652988,0.0,0.03715190016452796,nonelliptic_or_noisy
10,stage,7860,7987,7861,7987,39.367328,39.998408,127,2.785659460188672,2.727984656237729,2.8037159322924343,2.719302101022427,0.29844625660536483,0.10948203310046349,0.3065526891855249,0.32767633839849886,343.39499786207085,16.605002137929123,2.3009057273705285,4.0,0.018839667491012017,0.008434952026654811,0.029038636764240254,0.06713283119805034,0.0,0.03270602528214332,nonelliptic_or_noisy
10,stage,7880,8007,7881,8007,39.4675,40.098579,127,2.785659460188672,2.73339377610587,2.796641329225754,2.723554856534093,0.3006399124151575,0.0962253793794721,0.30133190872918786,0.3043282660911144,347.93624314065363,12.06375685934639,2.123094686237061,4.0,0.011973207109010842,0.007817730189459852,0.02191674940271086,0.04904434205613609,0.0,0.01799202183332161,nonelliptic_or_noisy
10,stage,7900,8027,7901,8027,39.567671,40.19875,127,2.785659460188672,2.710775523538393,2.7944693614555693,2.7255691959969734,0.2973356252210695,0.09191172015343517,0.29829015572862927,0.32372822978178,344.4729755729278,15.5270244270722,2.2256436757884734,4.0,0.010138706714621038,0.007846368747327767,0.01642359721670339,0.05790836579874856,0.0,0.07606976981201118,nonelliptic_or_noisy
10,stage,7920,8047,7921,8047,39.667842,40.298922,127,2.7887379382062187,2.7058552190990772,2.801539871994774,2.7234258093876083,0.3061655125063696,0.09394142148781624,0.308160320839709,0.3218968573601414,347.75188095332226,12.248119046677738,2.1892726010967225,4.0,0.02410293171943909,0.004120039058390292,0.03785745691403842,0.071006409321938,0.0,0.018957068443005674,nonelliptic_or_noisy
10,stage,7940,8067,7941,8067,39.768014,40.399093,127,2.792102940965852,2.7058552190990772,2.8009384098855685,2.718851614890971,0.3071711922328338,0.09252516598268179,0.32560783073670235,0.3334342740890223,343.7005136976174,16.29948630238262,2.2338391888837594,4.0,0.01649014654923594,0.012396610060027374,0.026880851948400758,0.05116149339721904,0.0,0.010954812315481793,nonelliptic_or_noisy
10,stage,7960,8087,7961,8087,39.868185,40.499264,127,2.791352213129664,2.70497517186044,2.8065063052674293,2.7108622765692116,0.313635455185145,0.10869098591773534,0.3384498242200616,0.3424065426244589,344.64714864285105,15.352851357148952,2.2116471919495067,4.0,0.02258372624884993,0.020064934643550043,0.04217182686745942,0.051835481285156276,0.0,0.003688205791829963,nonelliptic_or_noisy
10,stage,7980,8107,7981,8107,39.968356,40.599436,127,2.799001434654957,2.6925087474365275,2.811857031269279,2.7059699883925807,0.30577539967321893,0.11774978541323557,0.34063653983929015,0.3645399849297512,345.3215152220725,14.678484777927494,2.197494902268486,4.0,0.028050110502449575,0.021580953367865516,0.050110394472051865,0.0608739012798255,0.0,0.047832768214634745,nonelliptic_or_noisy
10,stage,8000,8127,8001,8127,40.068528,40.699607,127,2.8008058895420467,2.685248339635311,2.8281228034008827,2.6871583340646352,0.3119199759014155,0.1406454391419251,0.3247491757134137,0.34211123947812194,344.0594873731955,15.94051262680447,2.2088158997538554,4.0,0.014938929618486276,0.026180453705822268,0.04457760141436331,0.08779048416954348,0.0,0.023984619385782554,nonelliptic_or_noisy
10,stage,8020,8147,8021,8147,40.168699,40.799778,127,2.799057171547952,2.685248339635311,2.8305840276997767,2.6748882416407698,0.3159085930850397,0.12473633432239423,0.33850274959932525,0.33854932946934296,342.0739869291825,17.926013070817483,2.3249532647523963,4.0,0.005082803007085492,0.028571131567895338,0.04330060177037016,0.1050476425877109,0.0,0.005535518920258511,nonelliptic_or_noisy
10,stage,8040,8167,8041,8167,40.26887,40.899949,127,2.801462048424935,2.6750728551905145,2.8228092516210226,2.6663274726331947,0.31602193231520503,0.11564883304066755,0.32490250299196194,0.3176301717845326,342.98314927254734,17.01685072745265,3.087170124342848,4.0,0.018431225616281615,0.012083889314940493,0.02685256384473737,0.0729985122505804,0.0,0.03308570297779712,nonelliptic_or_noisy
10,stage,8060,8187,8061,8187,40.369041,41.000121,127,2.8020748798244473,2.6542804468816623,2.8174233314557324,2.6603271723919097,0.3172807937134403,0.11772917161387077,0.3152870125178339,0.3211162165311245,345.95059448007953,14.049405519920445,2.8914745408135603,4.0,0.02756481315470478,0.017370323332918325,0.05152246192155209,0.05199369675158828,0.0,0.06556160346684563,nonelliptic_or_noisy
10,stage,8080,8207,8081,8207,40.469213,41.100292,127,2.791352213129664,2.6765597789537807,2.817447100174566,2.654502368909363,0.32263460288756035,0.11282007101569351,0.29501805950655413,0.3108924060660641,345.5288215397173,14.47117846028269,2.912175088778236,4.0,0.02376954959860411,0.00749932640244437,0.0442438703098181,0.10590400388367012,0.0,0.07663584682017395,nonelliptic_or_noisy
10,stage,8100,8227,8101,8227,40.569384,41.200463,127,2.7837074478709622,2.6983052359851305,2.814580673991668,2.6485076465279205,0.33816862340792947,0.10008018199475766,0.2563125548478588,0.32961073499241594,348.062011065812,11.937988934188027,2.6995586840667105,4.0,0.014450809779175055,0.008024585227621539,0.022695427253306918,0.17326099709912446,0.0,0.06816157187920671,nonelliptic_or_noisy
10,stage,8120,8247,8121,8247,40.669555,41.300635,127,2.784286614345694,2.692675091511365,2.8118105343877042,2.6439228185961703,0.314391705310672,0.11130208894163846,0.2493332809847755,0.3195537042331401,336.09629645935934,23.903703540640635,3.1628257628360292,4.0,0.02237325080042207,0.010307280012813055,0.038500639343885826,0.17807489050457742,0.0,0.018002558843956722,nonelliptic_or_noisy
10,stage,8140,8267,8141,8267,40.769727,41.400806,127,2.784286614345694,2.692675091511365,2.8091788759803245,2.6444492792649577,0.3110604819078668,0.11473762545147571,0.25978513180847623,0.32416804879008165,336.26685901981006,23.73314098018997,7.575470233436962,4.0,0.009112066299778364,0.013097446613668611,0.025166357675326857,0.17447125460982857,0.0,0.0,nonelliptic_or_noisy
10,stage,8160,8287,8161,8287,40.869898,41.500977,127,2.7837074478709622,2.685248339635311,2.807516954535275,2.6446890534657252,0.3136857443152712,0.09657005240109526,0.25024569713562195,0.3021977813749231,336.3818407265807,23.618159273419256,8.183146632326622,4.0,0.012968797713757795,0.015400487804155032,0.026756157650489883,0.14993143714893445,0.0,0.023747653782978412,nonelliptic_or_noisy
10,stage,8180,8307,8181,8307,40.970069,41.601149,127,2.778943746088292,2.69354922836419,2.805857047393239,2.637929844402411,0.3177655234608264,0.09137768256013852,0.25736371999904206,0.3295257456543987,336.7522427687381,23.247757231261918,8.809455769541458,4.0,0.020677315517618,0.01627869186778809,0.03377605393392251,0.1944474178828126,0.0,0.03011863540627467,nonelliptic_or_noisy
10,stage,8200,8327,8201,8327,41.070241,41.70132,127,2.7891532507463315,2.70497517186044,2.8071975620706775,2.6404655587431063,0.3212809111626209,0.08435782881444313,0.2355831146064181,0.3264665725663945,338.92392596621823,21.076074033781783,7.8955392807858065,4.0,0.00874033566305831,0.011653517849075468,0.01969349422604019,0.20849581374784015,0.0,0.04769263668079946,nonelliptic_or_noisy
10,stage,8220,8347,8221,8347,41.170412,41.801491,127,2.7891532507463315,2.6985557240999363,2.8141883328455757,2.650371256758442,0.3149460165673066,0.07764018866671826,0.24178020060943023,0.333328278713748,343.78716395309687,16.21283604690313,4.87974015290948,4.0,0.017812431922600448,0.022376842690575275,0.040379522492193336,0.17241073998170672,0.0,0.020382692343503976,nonelliptic_or_noisy
10,stage,8240,8367,8241,8367,41.270583,41.901663,127,2.7807949536646657,2.693578741515967,2.8053588168795933,2.6514645943592456,0.32261111400036524,0.07395349233113407,0.25025350662392354,0.30764279783587783,344.3258123405868,15.67418765941319,2.4911825118056425,4.0,0.011105771622622279,0.014618067202168582,0.026865080276060632,0.1511241511317294,0.0,0.03015355383523241,nonelliptic_or_noisy
10,stage,8260,8387,8261,8387,41.370755,42.001834,127,2.769774672717382,2.693578741515967,2.7995477270862574,2.6507438654175717,0.3273869528545857,0.07440069631091874,0.22954316750774137,0.3078326380248756,343.98229292718224,16.017707072817743,2.2217227328529874,4.0,0.01076176194985088,0.00890830576224764,0.01840988146673271,0.15933961412727815,0.0,0.03366133210622571,nonelliptic_or_noisy
10,stage,8280,8407,8281,8407,41.470926,42.102005,127,2.742565143905414,2.7021663579515662,2.8024951982918673,2.6547744135405855,0.32737910815846577,0.07648958026212906,0.24292496008138745,0.346975184281387,347.55872014633576,12.441279853664218,2.266862805198082,4.0,0.00996353133426643,0.013873488550026366,0.021483202556477107,0.23338153717679988,0.0,0.08715441930301156,nonelliptic_or_noisy
10,stage,8300,8427,8301,8427,41.571097,42.202177,127,2.7318984751893893,2.703503193488939,2.8015130275810955,2.6611028549405855,0.32571697987611964,0.09852099214339317,0.3289375890891178,0.40245855170293593,347.58221225796416,12.417787742035843,2.2747964512109142,4.0,0.010573802035636282,0.005045906249895904,0.014563890761141327,0.2502497100290248,0.0,0.033004462929509405,nonelliptic_or_noisy
10,stage,8320,8447,8321,8447,41.671269,42.302348,127,2.7264336911042575,2.713908387222929,2.7945054551302015,2.6543511012665166,0.34069906128749927,0.10164608762987119,0.3036841304992291,0.3894656506973809,347.58253306996346,12.41746693003655,2.276836558367356,4.0,0.022434945036433798,0.011482487903801243,0.030364587551841987,0.26547760408003757,0.0,0.03449658387926728,nonelliptic_or_noisy
10,stage,8340,8467,8341,8467,41.77144,42.402519,127,2.7298706121628333,2.711065970873314,2.788884184984688,2.6514685590500435,0.3385428682920318,0.09675694252278007,0.2845430049313965,0.377233401701263,347.33899310163093,12.661006898369052,2.130803348170757,4.0,0.020524815144615512,0.014110361367609922,0.041132538843018006,0.2477430643735666,0.0,0.01317415909814844,nonelliptic_or_noisy
10,stage,8360,8487,8361,8487,41.871611,42.502691,127,2.719965045534951,2.698961788531528,2.7777119490905493,2.6533129844403875,0.32605081722961815,0.10873823564308814,0.3013177784197429,0.39089895247353285,342.49299489924016,17.50700510075984,2.5274061839089565,4.0,0.019879667954562443,0.00943181329749755,0.030553771603709454,0.22576414732430608,0.0,0.04797012814743645,nonelliptic_or_noisy
10,stage,8380,8507,8381,8507,41.971783,42.602862,127,2.7345886132095956,2.7050803000979524,2.7819608616395635,2.652777464908897,0.3310804625300541,0.10545737590951342,0.2968624154463091,0.3687714555839641,344.80940165186894,15.190598348131042,2.5275081041882426,4.0,0.015931813794173393,0.006027818676142932,0.026194612410057806,0.2131418621038442,0.0,0.04787950546592084,nonelliptic_or_noisy
10,stage,8400,8527,8401,8527,42.071954,42.703033,127,2.7891532507463315,2.6877764232894057,2.782793451298185,2.6498072165421562,0.32475209193530635,0.09697028067254976,0.31284251353518727,0.3129761583836031,344.68323503633366,15.316764963666332,2.5389636710416794,4.0,0.020729541699081304,0.004415719792497681,0.029882869095389265,0.11854627880798592,0.0,0.17626576165408775,nonelliptic_or_noisy
10,stage,8420,8547,8421,8547,42.172125,42.803205,127,2.785379738431473,2.6665465436232116,2.782490161470353,2.650832651804627,0.32849476853547266,0.08151829111332178,0.23571361781089906,0.2376136971250427,344.72756819697867,15.272431803021343,2.9320397297046594,4.0,0.0228214847688314,0.004978993492958258,0.028691709473144887,0.048638097498905006,0.0,0.06564072272747765,nonelliptic_or_noisy
10,stage,8440,8567,8441,8567,42.272297,42.903376,127,2.790279536904696,2.6592342455605085,2.78443396987677,2.650520765580515,0.331917184131814,0.06808631854624467,0.1972941386439935,0.20793280689556828,344.6492405049885,15.350759495011491,3.0266664413877695,4.0,0.020081511287262755,0.0043347120895345665,0.02935276097962417,0.03161220752090141,0.0,0.026519095118280052,supported
10,stage,8460,8587,8461,8587,42.372468,43.003547,127,2.790279536904696,2.6592342455605085,2.7855307228959174,2.6550912597095646,0.32640470256737836,0.06669120135723201,0.20864084558478257,0.21684259029695133,344.76372501161694,15.236274988383059,2.60038872688305,4.0,0.0201877068162986,0.004040553378271822,0.02841527060739855,0.019307407924358363,0.0,0.0,nonelliptic_or_noisy
10,stage,8480,8607,8481,8607,42.472639,43.103718,127,2.796291660670584,2.648622062764618,2.7859356723449973,2.653965624605731,0.33026842877159535,0.07263812221554698,0.225171663952535,0.237470978577472,345.14788789452433,14.852112105475689,2.579222619427401,4.0,0.018814502687232924,0.008495056586718458,0.029882774347761997,0.0352844262805115,0.0,0.03693022425389963,nonelliptic_or_noisy
10,stage,8500,8627,8501,8627,42.57281,43.20389,127,2.790279536904696,2.640858894158523,2.7874718019288562,2.6569775211606204,0.32848504150999314,0.07324414393755298,0.23232161252871608,0.25111433598500654,347.10853337613645,12.89146662386357,2.2164855973197826,4.0,0.017534935458844967,0.0054050896480127815,0.02965745485029976,0.04980848420807209,0.0,0.029891719083364937,nonelliptic_or_noisy
10,stage,8520,8647,8521,8647,42.672982,43.304061,127,2.790279536904696,2.6300406282978255,2.788230187300188,2.6602842170116543,0.3266907277448946,0.06685098348124914,0.25853087657573504,0.26611851183418694,348.4424464286495,11.557553571350505,2.101488034983905,4.0,0.020932934164798123,0.005565444239711976,0.02576787520246619,0.0927878879792227,0.0,0.03311470128146762,nonelliptic_or_noisy
10,stage,8540,8667,8541,8667,42.773153,43.404232,127,2.7699442008275614,2.640858894158523,2.7891741737437385,2.6594988511426356,0.3223149302107201,0.0768347903273174,0.2724713074625498,0.3097075852743185,346.6348170876584,13.365182912341592,2.0925936401204335,4.0,0.017773906765029043,0.004170114790272526,0.026962043672589753,0.08309057869405015,0.0,0.07146397087170624,nonelliptic_or_noisy
10,stage,8560,8687,8561,8687,42.873324,43.504404,127,2.76105617963419,2.6300406282978255,2.797410079942399,2.6588149217176396,0.30456551299244117,0.12970841818962375,0.523666711462186,0.46864393433836604,349.90819968871386,10.091800311286155,2.1400375426485,4.0,0.030756943390068733,0.004814083847984418,0.03690083494742087,0.15222804499682438,0.0,0.045970850154141485,nonelliptic_or_noisy
10,stage,8580,8707,8581,8707,42.973496,43.604575,127,2.762868654224704,2.6436516374822494,2.7934970974294493,2.6591782045209658,0.30566898467157977,0.1331918179686377,0.5170400642223878,0.4962812258414217,347.878309174646,12.121690825353966,2.1149371884181405,4.0,0.028641119067879858,0.010987777508170935,0.051836309729598136,0.11234090227018967,0.0,0.04492165161253172,nonelliptic_or_noisy
10,stage,8600,8727,8601,8727,43.073667,43.704746,127,2.786670212257323,2.66246180132298,2.8019876522794713,2.660598305782766,0.3056013402769002,0.1309291059366195,0.523610998878158,0.5214043774263537,348.54036445792815,11.459635542071865,2.1264433274592496,4.0,0.023677061579136308,0.012654207304257679,0.02968450884199403,0.050491855203866315,0.0,0.09927000680466838,nonelliptic_or_noisy
10,stage,8620,8747,8621,8747,43.173838,43.804918,127,2.786670212257323,2.670506896179265,2.7995185679036267,2.660121086930043,0.309975672933823,0.13497268752690314,0.48272980155074663,0.5094358325699592,347.9341862609854,12.0658137390146,2.2612784694727104,4.0,0.02207549967072967,0.009823282806297432,0.03394743036537298,0.05329791011122091,0.0,0.025953955612518932,nonelliptic_or_noisy
10,stage,8640,8767,8641,8767,43.27401,43.905089,127,2.7986492435695087,2.6674826347540375,2.791280803446522,2.664208917808806,0.30689604802267756,0.1347746221445095,0.49565136347397226,0.501622963894534,342.44865645849166,17.551343541508334,2.0919511329192098,4.0,0.021091323229092997,0.01681351637748974,0.041769381414627854,0.026272570722266398,0.0,0.040257578279167205,nonelliptic_or_noisy
10,stage,8660,8787,8661,8787,43.374181,44.00526,127,2.796291660670584,2.664992742999772,2.794211885670893,2.6684437412650026,0.3184590599740685,0.12912289394820575,0.48388744474666334,0.4732549841229176,342.3727348107326,17.6272651892674,2.119137095834003,4.0,0.021533237091648158,0.007111799044802521,0.030668501383799104,0.012652331799784427,0.0,0.0107673455578194,nonelliptic_or_noisy
10,stage,8680,8807,8681,8807,43.474352,44.105432,127,2.8008278270662266,2.66753054126954,2.7992535672361516,2.672648661109083,0.3288266044859366,0.10703526842909393,0.3705353386957856,0.3663807681495236,342.1787646902573,17.821235309742704,2.3214215191544936,4.0,0.02019499238994047,0.016101572532599376,0.0329669101895628,0.01628444595899703,0.0,0.01580714462954001,nonelliptic_or_noisy
10,stage,8700,8827,8701,8827,43.574524,44.205603,127,2.798655250919997,2.6674826347540375,2.7976883865615445,2.6786496227507706,0.3328368396898533,0.09322045400593887,0.2955784316794613,0.3136065879876274,342.4558231181549,17.544176881845072,2.221600627253595,4.0,0.020149881891914523,0.01213969680219288,0.02823406468088881,0.03367646009973054,0.0,0.006529037671299721,nonelliptic_or_noisy
10,stage,8720,8847,8721,8847,43.674695,44.305774,127,2.7986492435695087,2.66753054126954,2.797030434095596,2.679857473097665,0.32889054396911294,0.09092673754320695,0.30533534661523143,0.3209202601230961,345.4832202755695,14.516779724430474,2.459141524681738,4.0,0.015623143268671928,0.010077247592334616,0.025448694626095107,0.03780215373856697,0.0,0.00014680172533784982,nonelliptic_or_noisy
10,stage,8740,8867,8741,8867,43.774866,44.405946,127,2.7941007246725764,2.670506896179265,2.804071827617884,2.681241987856031,0.3256400994105435,0.08979952356673432,0.3168428218332539,0.3016739435790749,346.94410999874844,13.055890001251571,2.1528579314400877,4.0,0.021074294317050612,0.00641513292552569,0.03159790143316892,0.04499278020225214,0.0,0.016692602635018202,nonelliptic_or_noisy
10,stage,8760,8887,8761,8887,43.875038,44.506117,127,2.798655250919997,2.66753054126954,2.8082468195831405,2.680039552905434,0.3288784487219728,0.08003359969507294,0.2900990326637537,0.2907276251764292,346.8194617795844,13.180538220415604,2.318717511804328,4.0,0.01027434889834105,0.008267067437502724,0.014818820311462307,0.04792969631161011,0.0,0.016543524181594757,nonelliptic_or_noisy
10,stage,8780,8907,8781,8907,43.975209,44.606288,127,2.7934947757604514,2.66753054126954,2.803334733393235,2.681558890841468,0.32688247349283395,0.0842591622534841,0.29775324166588957,0.2685095157729597,343.4528099560442,16.547190043955847,2.1928023477834007,4.0,0.014874778207077822,0.006635396859653983,0.02519138228902915,0.05242044540686102,0.0,0.015786943559268775,nonelliptic_or_noisy
10,stage,8800,8927,8801,8927,44.07538,44.70646,127,2.8093373110389157,2.664992742999772,2.801240844071499,2.680365556409054,0.3138103496268672,0.10601105741512928,0.3258317157194492,0.30997297760086545,346.99201750140094,13.007982498599084,2.0147192156480647,4.0,0.016869155625706036,0.0069470941521462895,0.025683207999879127,0.055366510471165684,0.0,0.051128050295605104,nonelliptic_or_noisy
10,stage,8820,8947,8821,8947,44.175552,44.806631,127,2.799586033495673,2.6632580760736184,2.7944566826728434,2.678967878281586,0.29965847639229876,0.11640774804781173,0.39536966132611706,0.3628240894195763,347.1105226264407,12.889477373559334,2.0531098581384133,4.0,0.015541700016024616,0.00833153109207391,0.025773695715306785,0.05514939385876133,0.0,0.03305218323190599,nonelliptic_or_noisy
10,stage,8840,8967,8841,8967,44.275723,44.906802,127,2.7941007246725764,2.6788634221341603,2.7881234925640483,2.677018210914371,0.30280363093920615,0.11537628315655693,0.37824604661225497,0.38320887557432093,347.0967460880098,12.903253911990175,2.425740809704838,4.0,0.01720493946053761,0.007612356988242483,0.028444867374879043,0.020658821533956963,0.0,0.05462723522820207,nonelliptic_or_noisy
10,stage,8860,8987,8861,8987,44.375894,45.006974,127,2.8060690645085256,2.689691475546249,2.782079546995056,2.675548962742421,0.310388041942471,0.11738040909626822,0.3672350126725476,0.42462771958801476,348.26323522675193,11.736764773248087,2.4626908872519664,4.0,0.019708116351451286,0.008003033643706647,0.026525686794432936,0.08971974968067478,0.0,0.051998258097346116,nonelliptic_or_noisy
10,stage,8880,9007,8881,9007,44.476066,45.107145,127,2.8134584119151116,2.689691475546249,2.778198915062352,2.6787240422070475,0.30200464034966723,0.11796736283967744,0.3503106865549681,0.4316739615854321,344.4795293849188,15.52047061508122,2.4319472300197833,4.0,0.008201373845144421,0.00825497738203993,0.016482309141979335,0.12226907218895867,0.0,0.024467661814833355,nonelliptic_or_noisy
10,stage,8900,9027,8901,9027,44.576237,45.207316,127,2.8208679096863474,2.6910772395813973,2.782535942999229,2.6734413815679527,0.3034025761083865,0.11748645267080354,0.3768001606207531,0.4227124574158207,343.7339643322925,16.26603566770751,2.296263120917391,4.0,0.023628902514908005,0.013239382551148794,0.035101801691801965,0.13907050617666064,0.0,0.024844780791441055,nonelliptic_or_noisy
10,stage,8920,9047,8921,9047,44.676408,45.307487,127,2.798319123160656,2.673265496951561,2.781282841133296,2.6717251615107376,0.3146801812761397,0.09973757308370546,0.3454372083330641,0.367314496706966,343.4917079581487,16.508292041851295,2.2558621209107628,4.0,0.013295563270936667,0.010514773950940566,0.018441781748514942,0.05435923844174223,0.0,0.09131525057657286,nonelliptic_or_noisy
10,stage,8940,9067,8941,9067,44.776579,45.407659,127,2.7656436288711106,2.6295506554283667,2.78193950059987,2.672053703223843,0.32707287382568245,0.09278554945052259,0.3061936627191752,0.33371377156879745,347.6722023833827,12.32779761661733,2.311588377596821,4.0,0.017444973494819514,0.0074231751190435005,0.03113112314092571,0.1391736793732779,0.0,0.16686569241631458,nonelliptic_or_noisy
10,stage,8960,9087,8961,9087,44.876751,45.50783,127,2.76361769849249,2.631730876809479,2.777476215772412,2.664608653027065,0.3357922627925743,0.06881797243445086,0.24041560080490038,0.2684478321397759,348.09588731882224,11.904112681177791,2.54238445518969,4.0,0.01657066397323854,0.006883116030537455,0.028715742875603956,0.1062538449455776,0.0,0.008863214279680183,nonelliptic_or_noisy
10,stage,8980,9107,8981,9107,44.976922,45.608001,127,2.76361769849249,2.6211472127323807,2.783333561583665,2.662235899150232,0.33689406561094465,0.0829954599229953,0.2495885206381897,0.29681012975639354,347.11280437639607,12.887195623603917,3.021289676675668,4.0,0.01338223718426179,0.004955856155582408,0.02040610371251676,0.1352771382569919,0.0,0.031415406673623456,nonelliptic_or_noisy
10,stage,9000,9127,9001,9127,45.077093,45.708173,127,2.763368357169223,2.6301153888273374,2.7873113935346536,2.6616669294370485,0.33077577363155014,0.08956021078749148,0.2322077063248291,0.295868970387252,344.9994201216868,15.000579878313186,4.104516141877942,4.0,0.025422101306786,0.012150959560870386,0.047480443838140145,0.11974179514939534,0.0,0.027123031209599385,nonelliptic_or_noisy
10,stage,9020,9147,9021,9147,45.177265,45.808344,127,2.7656436288711106,2.6211472127323807,2.7839178644917215,2.65961939044356,0.3373770209751499,0.08494616176608823,0.22015392847314233,0.29687477327802103,342.36362332290526,17.63637667709474,3.361794661737187,4.0,0.01218511158358884,0.003954781656287223,0.01886396703327573,0.12624374318972448,0.0,0.027424213278244347,nonelliptic_or_noisy
10,stage,9040,9167,9041,9167,45.277436,45.908515,127,2.7752181143312793,2.62001384552745,2.779211911668911,2.6607433765763715,0.32877056556990797,0.09496971125404938,0.25962861480376903,0.30436485737561086,340.46313157101787,19.53686842898211,3.6088538500850356,4.0,0.004167270713719143,0.007184380232971271,0.01367593284946993,0.12447851450224383,0.0,0.02932541274846263,nonelliptic_or_noisy
10,stage,9060,9187,9061,9187,45.377607,46.008687,127,2.7716814935795355,2.6078415851106547,2.779165852987368,2.658322845705651,0.3298922934811233,0.09938787265214205,0.27726694549409303,0.3510803900797146,336.78240744416985,23.217592555830148,3.2820587761987388,4.0,0.029398574810981258,0.013950323441619047,0.050919943532817875,0.15469612940292166,0.0,0.038423542491370935,nonelliptic_or_noisy
10,stage,9080,9207,9081,9207,45.477779,46.108858,127,2.7346318096323667,2.606150194610105,2.784825498019029,2.6621181425454865,0.33376945271288777,0.08319173768001847,0.2518964377554103,0.40557437803840407,348.591790551338,11.408209448661989,2.609703396273445,4.0,0.004011028604979573,0.007350026973189274,0.013937687496774081,0.2252410173282885,0.0,0.1111194304706908,nonelliptic_or_noisy
10,stage,9100,9227,9101,9227,45.57795,46.209029,127,2.734302079980847,2.598158316285277,2.7858981307677633,2.6684373435676796,0.33407711231000287,0.07860447298016456,0.2615462401813428,0.4294893877224946,348.4263762120048,11.573623787995164,2.587536833751717,4.0,0.01731395838300511,0.008744970471421963,0.031073885535843927,0.26097388208169153,0.0,0.023942608296304946,nonelliptic_or_noisy
10,stage,9120,9247,9121,9247,45.678121,46.309201,127,2.729726173456392,2.6211472127323807,2.778399714762792,2.6666530691413213,0.33000898645110216,0.08318688895856771,0.24929498008709716,0.3869143375616084,348.712466085972,11.287533914028009,2.472282071066149,4.0,0.007842969346913453,0.005267735636843602,0.014459488686858068,0.20191131687329755,0.0,0.07102802495954114,nonelliptic_or_noisy
10,stage,9140,9267,9141,9267,45.778293,46.409372,127,2.7278896276805,2.624592276109862,2.775580050771486,2.669193625712349,0.32374770590037155,0.09329555471184467,0.2329658298166883,0.4034827749539819,348.72939342417635,11.270606575823665,2.209068462745723,4.0,0.01032643034735073,0.004823367871208662,0.01372406253786467,0.2016900260322614,0.0,0.012058830488958448,nonelliptic_or_noisy
10,stage,9160,9287,9161,9287,45.878464,46.509543,127,2.7012073964751946,2.6038806325153336,2.7671485345000724,2.6709997998938286,0.33506217127907345,0.0847565391656834,0.21018940945655812,0.4407585270831505,345.906409456381,14.093590543618953,2.077584677863435,4.0,0.006554410463126231,0.007348878994658008,0.01509524209920092,0.2808181276119362,0.0,0.10080939030212498,nonelliptic_or_noisy
10,stage,9180,9307,9181,9307,45.978635,46.609715,127,2.715037470714977,2.6078415851106547,2.764584063108142,2.674459882546743,0.3392624371130876,0.06256492640404805,0.18792316861899547,0.3666684781559493,345.5187423206519,14.481257679348133,2.3089457985075885,4.0,0.007698719440624958,0.006748641752330386,0.016112328416084336,0.24471693577889295,0.0,0.04240406915615047,supported
10,stage,9200,9327,9201,9327,46.078807,46.709886,127,2.7175336145947773,2.615484461788226,2.7640384846221244,2.6782851928407587,0.3330600889351043,0.07546848764297699,0.18082730098395802,0.3472473527350564,350.2037398539029,9.79626014609707,2.5465550785075264,4.0,0.007303024421759203,0.004972129440278659,0.010411516991430125,0.2346272113985961,0.0,0.024140291984689848,supported
10,stage,9220,9347,9221,9347,46.178978,46.810057,127,2.7175336145947773,2.6078415851106547,2.7672819779621967,2.681235644720904,0.3387108984493861,0.07442783466643035,0.1926791106243918,0.3831818486483881,349.1688094164044,10.831190583595614,2.0862454403098782,4.0,0.011943289807419285,0.010387825834023494,0.025379174888053847,0.26177366858303885,0.0,0.022564602180089616,saved_center_displaced
10,stage,9240,9367,9241,9367,46.279149,46.910229,127,2.757040207374854,2.6533132480900052,2.769739011913055,2.6833727911169825,0.3285505790510537,0.0692273398191699,0.20027034028105534,0.2679249770661059,348.36836801395975,11.631631986040246,2.0704481194105573,4.0,0.01462832243121086,0.007284823634171993,0.020857652496223882,0.09932054123912269,0.0,0.1833402908629025,nonelliptic_or_noisy
10,stage,9260,9387,9261,9387,46.379321,47.0104,127,2.77726766885912,2.6695010770882344,2.776029916379391,2.6847007498817153,0.3287872252122177,0.0675276984255326,0.2004283211762336,0.21989849596870933,348.0956045558394,11.904395444160617,2.0609789869132107,4.0,0.01882091766687844,0.007142166063543656,0.028659553180818868,0.046382539219235366,0.0,0.07879701153377851,nonelliptic_or_noisy
10,stage,9280,9407,9281,9407,46.479492,47.110571,127,2.7725540010668457,2.6637573568219395,2.778472958412838,2.688804932329815,0.3242717581958798,0.0674971541472541,0.1991790088766622,0.25841157883636506,347.6215686288015,12.37843137119849,2.0963764678616212,4.0,0.018771561966646675,0.008508341344220044,0.030459593926290666,0.07936992755731447,0.0,0.022913728410520407,supported
10,stage,9300,9427,9301,9427,46.579663,47.210743,127,2.77726766885912,2.6637573568219395,2.7827073065842187,2.688220291652018,0.3289468129616731,0.07223790409851569,0.1953704294504334,0.24503021453385965,347.426560182538,12.573439817461958,2.2147588478884264,4.0,0.010910928044136858,0.0019912103952608455,0.015962015447904217,0.0761838168771731,0.0,0.014329574285382483,supported
10,stage,9320,9447,9321,9447,46.679835,47.310914,127,2.757040207374854,2.6600384235460774,2.792613656988656,2.6903044249486068,0.32330826743273966,0.07669495485562346,0.18839381990788742,0.2740508496022431,347.318106163907,12.681893836093035,2.163394308555922,4.0,0.005461682831026316,0.0027965509323150863,0.009535817307473974,0.14446442512442043,0.0,0.06361264392002859,supported
10,stage,9340,9467,9341,9467,46.780006,47.411085,127,2.757040207374854,2.6695010770882344,2.792570013288617,2.691749811991959,0.3260105996872048,0.07592275387257419,0.1964316557163262,0.2574593294634563,347.34127494849014,12.65872505150987,2.235190701625466,4.0,0.004017518866560746,0.011678586479120612,0.020480275514390793,0.12858795597927564,0.0,0.02902560085848738,supported
10,stage,9360,9487,9361,9487,46.880177,47.511256,127,2.749861516249652,2.67845101520746,2.790663737970147,2.6977160517493335,0.31555508461628334,0.08040444609762376,0.20001288649216434,0.2764622650176387,347.05798506510166,12.942014934898333,2.39933301224057,4.0,0.01820303872113414,0.010762452198607218,0.026103738117923662,0.14299134483030085,0.0,0.03635888061912671,nonelliptic_or_noisy
10,stage,9380,9507,9381,9507,46.980348,47.611428,127,2.773131922123941,2.695540996609872,2.7949974086439684,2.703401331779557,0.3268515854507603,0.06406082024206683,0.20417737695709295,0.22627248963036128,347.284813038298,12.715186961701962,2.2535413462491194,4.0,0.007998568595328815,0.01035805912438239,0.01946347766348854,0.07108857050479998,0.0,0.08833297404518436,nonelliptic_or_noisy
10,stage,9400,9527,9401,9527,47.08052,47.711599,127,2.7750977711144236,2.695540996609872,2.7972546267809073,2.7039937242259056,0.3304514054725399,0.05734205727736391,0.2079447741095196,0.22145645900811,349.23416630680634,10.76583369319364,2.3145041530543105,4.0,0.004288163832370894,0.009131038974264854,0.013205742497149378,0.0717637863522666,0.0,0.0059489805699916645,nonelliptic_or_noisy
10,stage,9420,9547,9421,9547,47.180691,47.81177,127,2.7805677321594997,2.7008471677508905,2.801659086371874,2.7098113051266277,0.3297810910536618,0.0606788568829694,0.23294329363034297,0.24155206007161847,347.1399872332082,12.860012766791797,2.295186331257854,4.0,0.011314288662574286,0.006344521867199168,0.019957127152036076,0.06949235250471175,0.0,0.023108530080215486,nonelliptic_or_noisy
10,stage,9440,9567,9441,9567,47.280862,47.911942,127,2.778047519647445,2.695540996609872,2.800369907237607,2.7103919302359216,0.32749022763938895,0.0620663400968045,0.2198445287382882,0.23886796434194346,347.2467483797215,12.753251620278485,2.293480876997119,4.0,0.005960478817828091,0.005252036991884657,0.010804416281578067,0.08186863250726549,0.0,0.01793720510092879,nonelliptic_or_noisy
10,stage,9460,9587,9461,9587,47.381034,48.012113,127,2.77726766885912,2.7008471677508905,2.803886189128605,2.7152532717917084,0.3201814057461769,0.06291298049575623,0.22258682251485912,0.26093100796972635,346.9342050391053,13.065794960894713,2.151698865044617,4.0,0.005043751090275833,0.007130941766106338,0.011962882219562543,0.09453027877869735,0.0,0.016750418416369046,nonelliptic_or_noisy
10,stage,9480,9607,9481,9607,47.481205,48.112284,127,2.7805677321594997,2.7008471677508905,2.804495470456763,2.7197902660334585,0.32764531001549174,0.06966237509279295,0.24025125175745465,0.27155987762524286,341.17210692795044,18.827893072049577,2.1873441435835432,4.0,0.004379154019841959,0.006179114434312806,0.010609758760706625,0.09314487114030734,0.0,0.010072060241679863,nonelliptic_or_noisy
10,stage,9500,9627,9501,9627,47.581376,48.212456,127,2.7679068962358855,2.702259194351279,2.802960412732503,2.7147563282110063,0.3244955433457731,0.07581711553489572,0.2475644182294646,0.2753981732305837,339.55717048459036,20.442829515409667,2.097652847412407,4.0,0.007242339310186651,0.0041315240259967734,0.010977497113594532,0.11468450993630776,0.0,0.0392588819198805,nonelliptic_or_noisy
10,stage,9520,9647,9521,9647,47.681548,48.312627,127,2.773131922123941,2.70121049875478,2.7978926397901853,2.7179600940642157,0.3285445719598372,0.08391728527801767,0.23703030628995933,0.2678257865378971,345.7262346495693,14.273765350430695,2.264900354114188,4.0,0.003562239982000345,0.0037808657561967753,0.006946946544634393,0.0909887103595995,0.0,0.016220711667770383,nonelliptic_or_noisy
10,stage,9540,9667,9541,9667,47.781719,48.412798,127,2.7679068962358855,2.70121049875478,2.797584347994662,2.7150485386805534,0.3243938690651276,0.08588841964783944,0.24717715172823804,0.2807853148283017,345.5971744459575,14.402825554042519,2.2082697013695647,4.0,0.010360151893132405,0.0027530593995266526,0.016228651395827177,0.10094245649516255,0.0,0.016107042661174645,nonelliptic_or_noisy
10,stage,9560,9687,9561,9687,47.88189,48.51297,127,2.7599277335830235,2.70121049875478,2.7986046565439575,2.710437772283891,0.3234358312591378,0.09529838332633513,0.2459510662934749,0.2931298108933588,347.91425946346243,12.085740536537552,2.2258813963271145,4.0,0.00794620474656509,0.01191978444339343,0.022756845788535214,0.12293746457204903,0.0,0.024670002150964827,nonelliptic_or_noisy
10,stage,9580,9707,9581,9707,47.982062,48.613141,127,2.7608754720475543,2.7008471677508905,2.7922969012958356,2.70929492218174,0.3259952211479369,0.09458144957938923,0.24864844796096394,0.2850168063329362,347.6611903486653,12.338809651334694,2.2966409829333094,4.0,0.008725371429429717,0.013380129874299254,0.023407943999514836,0.09980889045197255,0.0,0.003113531415441052,nonelliptic_or_noisy
10,stage,9600,9727,9601,9727,48.082233,48.713312,127,2.7608754720475543,2.707037173123945,2.79561503562386,2.705119027388654,0.3251586839806393,0.09242616486621322,0.23959810318447136,0.2904743401519662,346.89297334339705,13.107026656602965,2.4104998957107853,4.0,0.009732463944255386,0.011589916026000405,0.01713169893113739,0.10700153561717606,0.0,0.01903687546423688,nonelliptic_or_noisy
10,stage,9620,9747,9621,9747,48.182404,48.813484,127,2.773131922123941,2.702259194351279,2.796386689420898,2.7019637741477505,0.3263759796826923,0.09254704296693685,0.22434234770687722,0.260340970243827,344.3276467629941,15.672353237005911,2.420703558722506,4.0,0.011134647107021174,0.00900987301899829,0.016844577150990008,0.07125721598720969,0.0,0.04030576548855799,nonelliptic_or_noisy
10,stage,9640,9767,9641,9767,48.282576,48.913655,127,2.773329386201642,2.709642044630166,2.8029445751805504,2.699814007802217,0.32415164790795337,0.09396731609818425,0.2365622168800743,0.2673866930752286,346.06091689427905,13.939083105720973,2.3628805208329493,4.0,0.01271218624625803,0.010022033143714908,0.023341527226836325,0.09626161402027092,0.0,0.02278405978553101,nonelliptic_or_noisy
10,stage,9660,9787,9661,9787,48.382747,49.013826,127,2.7478320456931806,2.7089692274082693,2.8031979934557394,2.694010112680286,0.318453194022628,0.08831532275709192,0.2427304083596721,0.31421096742246746,346.4436946465817,13.556305353418278,2.1984384291700034,4.0,0.011894687447778298,0.006030489717220225,0.021482148833016225,0.18009311410122528,0.0,0.08009408134633775,nonelliptic_or_noisy
10,stage,9680,9807,9681,9807,48.482918,49.113998,127,2.727348791611738,2.7089692274082693,2.798984412942623,2.6917511476009097,0.3109500337752159,0.08590311841127542,0.2506013984118227,0.3679821139165142,346.46275677360023,13.537243226399768,2.8585448863469085,4.0,0.013494706580799985,0.00271204324408933,0.02093965730547773,0.23693776765472013,0.0,0.06587313669902932,nonelliptic_or_noisy
10,stage,9700,9827,9701,9827,48.58309,49.214169,127,2.7263732574100956,2.7008471677508905,2.797006350764178,2.694395902358906,0.3093884366493422,0.09281885241073116,0.25948156424273255,0.3565892453708678,346.24212959270807,13.757870407291906,2.8636608001648365,4.0,0.019108550276709574,0.005234695465670487,0.03170448580380028,0.22924933795368937,0.0,0.02644066238641599,nonelliptic_or_noisy
10,stage,9720,9847,9721,9847,48.683261,49.31434,127,2.7219662027547677,2.70121049875478,2.7969036844620145,2.6947908807522625,0.3162286355835971,0.0875020963228726,0.24784205829843645,0.40786270469383856,344.36656524869045,15.633434751309556,3.3288931540510927,4.0,0.014836349511981194,0.0035350774663269447,0.02033918519338243,0.23784042023120455,0.0,0.01398357343938861,nonelliptic_or_noisy
10,stage,9740,9867,9741,9867,48.783432,49.414512,127,2.719382108481504,2.702259194351279,2.7929684046688066,2.7008894144253026,0.31232215656945383,0.08585597753623836,0.24246063806289544,0.40887410100748073,345.5546605575662,14.445339442433816,2.975350070654407,4.0,0.009757586901848369,0.01209903646441883,0.022053865962044644,0.23565104969968803,0.0,0.008929184347521326,nonelliptic_or_noisy
10,stage,9760,9887,9761,9887,48.883604,49.514683,127,2.7201455815296054,2.7001372908311616,2.7932184799203723,2.700182972852083,0.3020198485302336,0.0969807594224453,0.28738573791876054,0.4577887699719619,341.1313985979338,18.8686014020662,4.690324222656907,4.0,0.01549030527157969,0.0118615603053689,0.025748696738929065,0.24194738533108057,0.0,0.0074666467800023366,nonelliptic_or_noisy
10,stage,9780,9907,9781,9907,48.983775,49.614854,127,2.7201455815296054,2.703619657012033,2.783320710564287,2.7018652979420184,0.30263297275500145,0.10582705876969832,0.2864953768887307,0.404087392787809,338.5956075933614,21.40439240663858,4.324244994025709,4.0,0.008261285477545264,0.010632511842129306,0.018436194009978663,0.208832113839458,0.0,0.011506896122950095,nonelliptic_or_noisy
10,stage,9800,9927,9801,9927,49.083946,49.715025,127,2.7234437095084107,2.70121049875478,2.7853360518463917,2.709535950315344,0.30725336525392166,0.10072754027987856,0.30880372171243575,0.39705060130021874,335.87379171280827,24.126208287191716,3.790610298378813,4.0,0.011551796316754376,0.012740496841163844,0.021689846416745342,0.20325174060565998,0.0,0.013293011995728169,nonelliptic_or_noisy
10,stage,9820,9947,9821,9947,49.184118,49.815197,127,2.719382108481504,2.703619657012033,2.780649677918073,2.7152438260523755,0.3067150670145245,0.08719514290737586,0.29006344374458387,0.41581606579016905,341.55366261086624,18.44633738913376,2.8527113149199463,4.0,0.02134519313646165,0.016724924679742546,0.03383307072741537,0.20331748279685685,0.0,0.015396557036499909,nonelliptic_or_noisy
10,stage,9840,9967,9841,9967,49.284289,49.915368,127,2.719382108481504,2.703619657012033,2.7855795707240127,2.7159613951582595,0.3076283575459926,0.08626986425514294,0.28850408614739104,0.4110082826187463,344.67949992782394,15.32050007217608,2.3619228406725807,4.0,0.00623710160817756,0.011359114552217997,0.014927439137110312,0.21889438704422098,0.0,0.0,nonelliptic_or_noisy
10,stage,9860,9987,9861,9987,49.38446,50.015539,127,2.7199394384596216,2.7037669387429903,2.7880342145064594,2.7141120623020587,0.3080634051248079,0.08574787027195137,0.2872674368831118,0.4071672076818028,347.4173486313325,12.582651368667513,2.36185202598836,4.0,0.012134431174185919,0.009038536933777387,0.022964434650977427,0.22357774505694372,0.0,0.0018712451478867119,nonelliptic_or_noisy
10,stage,9880,10007,9881,10007,49.484631,50.115711,127,2.715736583517664,2.704627485066765,2.7827608288041286,2.715504775106095,0.31346250973526973,0.07621766896587774,0.23950740715494048,0.35810486376059625,347.65608556327464,12.343914436725361,2.0975372849290133,4.0,0.013165248119368424,0.01205718226071189,0.023177379522720653,0.21661646446215,0.0,0.01368600690955967,nonelliptic_or_noisy
10,stage,9900,10027,9901,10027,49.584803,50.215882,127,2.7199394384596216,2.6999177047977336,2.783896198365304,2.7200720220869896,0.3179049455508426,0.07796234857689834,0.2062980069408016,0.31376358850124403,347.45412542333855,12.545874576661436,2.221630646586746,4.0,0.006264056834622669,0.011455712220790169,0.021071980404865423,0.21093464545247975,0.0,0.019856156599101844,nonelliptic_or_noisy
10,stage,9920,10047,9921,10047,49.684974,50.316053,127,2.7199394384596216,2.693775693428448,2.7845592872459193,2.7185887050961863,0.32401321582317566,0.0822414907621294,0.21359245086594567,0.3252603945891771,344.156800609635,15.843199390365006,2.1306091628110466,4.0,0.005827231869881256,0.010540311669698469,0.015648924365411147,0.21363330600050393,0.0,0.018956052004488286,nonelliptic_or_noisy
10,stage,9940,10067,9941,10067,49.785145,50.416225,127,2.69927114118032,2.690785163786136,2.782782427099793,2.71305920241407,0.3230676848100209,0.08204309601708966,0.2190457750842189,0.38655542881366833,339.75462131794404,20.245378682055975,2.438962366818592,4.0,0.006977667658561357,0.009766827250244706,0.01658322706222898,0.26753127689508144,0.0,0.06464134265809678,nonelliptic_or_noisy
10,stage,9960,10087,9961,10087,49.885317,50.516396,127,2.715736583517664,2.692013553825686,2.7797637294634403,2.706322889947375,0.3153284621779828,0.09099139654655505,0.23458723396724565,0.35533521116011213,340.24828685959596,19.751713140404057,2.954636503462178,4.0,0.0052009988874373745,0.017021211380574938,0.024459311205744662,0.20805812929474884,0.0,0.052361909003172565,nonelliptic_or_noisy
10,stage,9980,10107,9981,10107,49.985488,50.616567,127,2.7263732574100956,2.690785163786136,2.7758167909843383,2.706533842562449,0.3148943819771401,0.08672594449290516,0.23349606304207451,0.3195491585868912,335.4923855468917,24.50761445310829,3.115862129867293,4.0,0.0032718593072906233,0.013327181693302194,0.021261285804313513,0.1647888314125236,0.0,0.034003052045270946,nonelliptic_or_noisy
10,stage,10000,10127,10001,10127,50.085659,50.716739,127,2.7354882393726676,2.684043982771157,2.7815259885541748,2.7010987119775733,0.3087966947119269,0.0855057743325796,0.2760870558952398,0.3222722291980216,337.0484569027644,22.95154309723557,3.0610501556268743,4.0,0.0057933186486828206,0.023266008864115048,0.03833893884220958,0.15898873107652298,0.0,0.03671331143050739,nonelliptic_or_noisy
10,stage,10020,10147,10021,10147,50.185831,50.81691,127,2.7328026776015895,2.692013553825686,2.7853143528822684,2.687330408432439,0.31391861227164364,0.10041978413412013,0.27337677823524703,0.34090570059517533,337.53003245891097,22.469967541089026,3.017642163840021,4.0,0.016447152862642204,0.0276093017459041,0.04315166096187579,0.16794190582388996,0.0,0.026790043475088416,nonelliptic_or_noisy
10,stage,10040,10167,10041,10167,50.286002,50.917081,127,2.745699789010117,2.678904436315767,2.7888298001206095,2.6833360546194593,0.30202752341130495,0.09990020119578706,0.3122590873449093,0.3444765357889913,337.3612139998015,22.63878600019845,3.045292767428061,4.0,0.014993605073347651,0.011920229174543178,0.02228665293335738,0.1435534342477788,0.0,0.06088780138340741,nonelliptic_or_noisy
10,stage,10060,10187,10061,10187,50.386173,51.017253,127,2.7447813790615987,2.6817848477945994,2.789380282710222,2.6860631641748354,0.3009250005138861,0.09324605550619329,0.3079272698000626,0.3665551799285248,340.2697964935985,19.730203506401498,2.990388666497295,4.0,0.009877091816893226,0.024672105129159058,0.032557463746359816,0.14888640151201682,0.0,0.010046636724419588,nonelliptic_or_noisy
10,stage,10080,10207,10081,10207,50.486345,51.117424,127,2.7447813790615987,2.688640603118576,2.7878472460555583,2.6914322020559664,0.3040393259945242,0.09613094288731035,0.3014873755821153,0.3712872269689618,343.6801925850113,16.319807414988702,2.4392100115381528,4.0,0.012845787127201339,0.01537647906001605,0.032236080346075315,0.14194298708088712,0.0,0.022548909755509734,nonelliptic_or_noisy
10,stage,10100,10227,10101,10227,50.586516,51.217595,127,2.746327044733979,2.688640603118576,2.794876439677492,2.695584909742421,0.3095705514301777,0.09220999857825056,0.3030937670746206,0.36455354257443895,346.22720398757787,13.772796012422148,2.2552283415297185,4.0,0.008070361560047744,0.017019277282025597,0.026976023249946354,0.15842438090033584,0.0,0.004992935100705393,nonelliptic_or_noisy
10,stage,10120,10247,10121,10247,50.686687,51.317767,127,2.750429219327703,2.6817848477945994,2.792051593610895,2.69698314717594,0.31529920179040904,0.0926822550240818,0.2814827148559931,0.34177781388655765,347.36763213868835,12.632367861311648,2.2629607253569075,4.0,0.004304378256592429,0.01960793795850722,0.03353814195720166,0.14053440723131333,0.0,0.025338849307491328,nonelliptic_or_noisy
10,stage,10140,10267,10141,10267,50.786859,51.417938,127,2.746327044733979,2.6817848477945994,2.788191495669179,2.7016882333711734,0.3177243620335916,0.10132200518512248,0.28060543469395466,0.3262310085359048,344.67755895054177,15.322441049458257,2.224712326539302,4.0,0.0036918010894145432,0.008102306718968217,0.012548771769693424,0.1458965955876875,0.0,0.012911111277297231,nonelliptic_or_noisy
10,stage,10160,10287,10161,10287,50.88703,51.518109,127,2.7512658160750463,2.688640603118576,2.7863249665688836,2.709102327357391,0.32039319228941365,0.09574611627680048,0.23092365751788838,0.2863695126480306,345.09961264901716,14.900387350982827,2.2560407871129433,4.0,0.007425005975905022,0.010411070005646063,0.018120848254578055,0.1266987765552086,0.0,0.02637206029606994,nonelliptic_or_noisy
10,stage,10180,10307,10181,10307,50.987201,51.618281,127,2.746327044733979,2.6824151970223857,2.78665964580412,2.706892050730647,0.3300203843333896,0.09061210849050733,0.2081312944077037,0.2900478781342925,345.46337615085406,14.536623849145931,2.2970682469048813,4.0,0.0032801195003288263,0.0035075517259099053,0.007025222555741347,0.14295709860101377,0.0,0.024078869272220874,nonelliptic_or_noisy
10,stage,10200,10327,10201,10327,51.087373,51.718452,127,2.735636689991116,2.6868777167583584,2.785820919468858,2.706112243551009,0.3244293825659949,0.08887680951950772,0.23225307290627456,0.2956682509470651,345.19030421037485,14.809695789625126,2.289467539740322,4.0,0.009179119673293334,0.005546264996766068,0.015336866354673188,0.16565718822136954,0.0,0.03570692608562453,nonelliptic_or_noisy
10,stage,10220,10347,10221,10347,51.187544,51.818623,127,2.72720264195569,2.6832110080314875,2.7846777092737196,2.7121307966434216,0.319453981355958,0.09128704869692647,0.2509851433469871,0.368839282828482,344.12801965321063,15.871980346789346,2.3350691829747428,4.0,0.0048285504445198454,0.008244140236893384,0.014220786836461784,0.20140864074717044,0.0,0.028788576629754554,nonelliptic_or_noisy
10,stage,10240,10367,10241,10367,51.287715,51.918794,127,2.7618269809514926,2.705266728695051,2.7872244167494986,2.7130422945934987,0.3253223117327702,0.0993099898675938,0.24660479265849958,0.27742514228300286,348.8488056251062,11.151194374893782,2.26434965949132,4.0,0.0081036022769224,0.010428375459669365,0.018963001986770544,0.08164532571661318,0.0,0.1261899352437162,nonelliptic_or_noisy
10,stage,10260,10387,10261,10387,51.387886,52.018966,127,2.7618269809514926,2.698992227239718,2.7846358627544214,2.7128440691929745,0.3251435054854469,0.0898075973457362,0.24800732761870026,0.2860237208373481,347.18996221005244,12.810037789947584,2.2321205648278486,4.0,0.008129644745632018,0.007925773683314086,0.013640917628439464,0.08207314684280084,0.0,0.01929763734928282,nonelliptic_or_noisy
10,stage,10280,10407,10281,10407,51.488058,52.119137,127,2.772241980993253,2.6962742886661735,2.787220886557095,2.7122431871586574,0.32011606097397316,0.10480361654553222,0.2853701113967898,0.30548865832529165,345.7839953051106,14.216004694889426,2.6379944805831053,4.0,0.011522443612663543,0.00905303917364921,0.0184601210439481,0.0683958057703965,0.0,0.03362468334977938,nonelliptic_or_noisy
10,stage,10300,10427,10301,10427,51.588229,52.219308,127,2.7618269809514926,2.6962742886661735,2.7884920820025583,2.712414722397522,0.3082901343924366,0.12379526519992012,0.32271086655017683,0.3652287792491588,344.9087904959734,15.091209504026622,2.237665238019608,4.0,0.00886923720806244,0.010074203706048728,0.019258635536735912,0.10110461680187552,0.0,0.03378311168563931,nonelliptic_or_noisy
10,stage,10320,10447,10321,10447,51.6884,52.31948,127,2.7746136201133664,2.711197965949978,2.7906160471383785,2.711989958305475,0.3032765403694757,0.1269578992627255,0.331380165062225,0.34800320806158075,344.62570218144384,15.374297818556132,2.1634051709613784,4.0,0.009247047918621644,0.007188575386588836,0.016206852709513705,0.05282971662543696,0.0,0.06480005122230136,nonelliptic_or_noisy
10,stage,10340,10467,10341,10467,51.788572,52.419651,127,2.7629098842673985,2.7175376554483828,2.792871145840431,2.7101989549247136,0.30125852226717875,0.13457218137205532,0.3230298933750229,0.3502211529153218,339.8451910889377,20.154808911062254,2.41334179862274,4.0,0.009834534020206034,0.004552124292758818,0.0172590414364134,0.10239358534838729,0.0,0.0441829432194246,nonelliptic_or_noisy
10,stage,10360,10487,10361,10487,51.888743,52.519822,127,2.7629098842673985,2.716496253232466,2.7894568518160274,2.706887753982738,0.31008938770598793,0.11229890708087654,0.319762955866783,0.33531212990123277,344.19588296045805,15.804117039541957,2.8825293948624977,4.0,0.00769958251048575,0.008488224051885257,0.014109832511931639,0.09104579581117335,0.0,0.003358393602635227,nonelliptic_or_noisy
10,stage,10380,10507,10381,10507,51.988914,52.619994,127,2.7618269809514926,2.7140633301366255,2.7882126793199355,2.708924631478799,0.3018486459542474,0.10248293151356122,0.30796501770494084,0.34537595730228776,348.1537976746571,11.846202325342903,2.7756776983775837,4.0,0.02063173921601325,0.008720752890070948,0.0322278841793533,0.08905599145901467,0.0,0.008822442481173216,nonelliptic_or_noisy
10,stage,10400,10527,10401,10527,52.089086,52.720165,127,2.7462279755906787,2.711867821272091,2.784906646230706,2.707492274190137,0.308732353133883,0.10680903876875092,0.30624734613880017,0.3689612536414029,350.657716494526,9.34228350547395,2.459347748877797,4.0,0.007280489902315668,0.004120069002761508,0.011869962524387661,0.1260813018358912,0.0,0.05102397870177917,nonelliptic_or_noisy
10,stage,10420,10547,10421,10547,52.189257,52.820336,127,2.7441484478474245,2.711867821272091,2.7827984511711,2.708001532028519,0.3182693054342667,0.08145283609803738,0.2478572431684207,0.2985306845950802,350.45853201381595,9.54146798618406,2.6440697275985405,4.0,0.008345716326532167,0.006440587339837062,0.016054660365118503,0.12204413126021242,0.0,0.0065338620713571854,nonelliptic_or_noisy
10,stage,10440,10567,10441,10567,52.289428,52.920508,127,2.7501747490752426,2.714439635503714,2.781096197514671,2.7064559907852415,0.3155525400797012,0.08312240598197529,0.2653988300287245,0.29991408508096723,344.5817094726204,15.41829052737963,2.6249407660951403,4.0,0.019180666112435185,0.0028849622473734607,0.033368424463656954,0.10120493685146517,0.0,0.020764021483933366,nonelliptic_or_noisy
10,stage,10460,10587,10461,10587,52.3896,53.020679,127,2.745734215274356,2.720093613568263,2.777204841697663,2.715559203658967,0.30903752508708454,0.08113895528775004,0.28243682016345556,0.3091173843034108,347.2055321727149,12.794467827285093,2.3515887659861883,4.0,0.005191108921449694,0.012761171190007598,0.01850603736210118,0.10288593934370051,0.0,0.023263467028103276,nonelliptic_or_noisy
10,stage,10480,10607,10481,10607,52.489771,53.12085,127,2.7501747490752426,2.732463011460183,2.7784378801991587,2.718045300386904,0.30056564737603686,0.0929100857342513,0.27593223121362676,0.30363646272461614,343.3887447015016,16.6112552984984,2.5489165389456505,4.0,0.008778363245823328,0.014925400056430123,0.024543996570892897,0.10556143705071654,0.0,0.043725260526456415,nonelliptic_or_noisy
10,stage,10500,10627,10501,10627,52.589942,53.221022,127,2.7501747490752426,2.72883453980688,2.7835236057565127,2.7290266651132056,0.2989444241265868,0.10577561565808802,0.312858835163987,0.3609326567004723,343.8665997585128,16.13340024148723,2.237972341636753,4.0,0.019287381227816792,0.026896304258729974,0.04374481561181026,0.11155722405053616,0.0,0.012137612748269837,nonelliptic_or_noisy
10,stage,10520,10647,10521,10647,52.690114,53.321193,127,2.757627428401733,2.7325778799605285,2.788226796724199,2.736712464751711,0.29841847062342486,0.11548135403904604,0.372424209201772,0.36960316479174277,348.05070123158185,11.949298768418135,2.114888915769363,4.0,0.021165538666825856,0.02332952997784301,0.041277275099611155,0.10347026180352725,0.0,0.02794721616616181,nonelliptic_or_noisy
10,stage,10540,10667,10541,10667,52.790285,53.421364,127,2.761678851653439,2.7325778799605285,2.7943464906594073,2.744955356108256,0.29732045609237784,0.12033731087654237,0.3622461026083682,0.37573963463986787,347.70323820442434,12.296761795575655,2.3226864483602006,4.0,0.026113964977108026,0.021918155364515784,0.04832996723604407,0.11749574446172749,0.0,0.013626453103675357,nonelliptic_or_noisy
10,stage,10560,10687,10561,10687,52.890456,53.521536,127,2.757627428401733,2.743492863470783,2.800685293385101,2.7541308849038457,0.29351144724903083,0.11263297822646622,0.32841861243238174,0.35917259456561773,346.9994087605625,13.000591239437476,2.127371430994568,4.0,0.01493141707144684,0.007519757897829515,0.026932024488650477,0.1511100640807078,0.0,0.03966670729555522,nonelliptic_or_noisy
10,stage,10580,10707,10581,10707,52.990628,53.621707,127,2.761678851653439,2.74873068822786,2.8040803479531022,2.7533000096384828,0.2934989505031146,0.12346096835304068,0.3308961168692851,0.35968153241117257,344.39554153907034,15.604458460929663,2.301953147548321,4.0,0.015172262552721182,0.009941100646423454,0.022626272533174882,0.1453054191170489,0.0,0.02256173503636016,nonelliptic_or_noisy
10,stage,10600,10727,10601,10727,53.090799,53.721878,127,2.760356286110368,2.74873068822786,2.8051539612618126,2.7561003926458825,0.28172971025291543,0.12299456690474711,0.3486715695039792,0.3880670593102558,339.59157111055174,20.40842888944827,2.3037713412566503,4.0,0.01096876073848739,0.010378591234198828,0.020508020534642398,0.16114674740791715,0.0,0.00469444824219564,nonelliptic_or_noisy
10,stage,10620,10747,10621,10747,53.19097,53.82205,127,2.766397952777035,2.732920527800053,2.805179432278355,2.7586599047189804,0.2889211169780064,0.11944613425800939,0.3378661576128752,0.3935453582036884,347.59189664543914,12.408103354560886,2.2555850188403164,4.0,0.012906310069451105,0.006865973843866937,0.023797694016296948,0.16110237148022646,0.0,0.058580748116601924,nonelliptic_or_noisy
10,stage,10640,10767,10641,10767,53.291142,53.922221,127,2.789474875853958,2.7438762449183605,2.8008278105330078,2.758726397075212,0.28924686844258896,0.14238701595894035,0.3253785416491982,0.3802944530181648,346.91241769767333,13.087582302326652,2.1071651823663893,4.0,0.009475159956827324,0.01058773532649669,0.022812634756212483,0.06462533661241827,0.0,0.08831726079497752,nonelliptic_or_noisy
10,stage,10660,10787,10661,10787,53.391313,54.022392,127,2.792458558837641,2.7438762449183605,2.7967912472643697,2.7608704120271206,0.2930513788390722,0.15138916477081776,0.3305668011819869,0.37917675772558684,345.22319576567077,14.776804234329255,2.0964156964792107,4.0,0.0022775356265875538,0.006195327297230103,0.010114451239329577,0.05984542753898843,0.0,0.01018143301527128,nonelliptic_or_noisy
10,stage,10680,10807,10681,10807,53.491484,54.122563,127,2.780921762300845,2.74873068822786,2.7997255024746224,2.7586024422503557,0.2917930543594269,0.14343853507931184,0.3275976984151417,0.35496376393831996,346.4975661269305,13.502433873069489,2.1279946079334637,4.0,0.008796185206250334,0.01682033033282991,0.030031205071792983,0.07278280860711885,0.0,0.04289519802656644,nonelliptic_or_noisy
10,stage,10700,10827,10701,10827,53.591655,54.222735,127,2.7961653946375,2.74873068822786,2.796641616010057,2.7541066750880225,0.29549396208139206,0.13047771858072735,0.3540124782388199,0.3681498910570117,346.3750502028302,13.624949797169768,2.1421718668485723,4.0,0.005692169686538874,0.016331516790049648,0.02569105972374151,0.01826446191670516,0.0,0.0515869503027482,nonelliptic_or_noisy
10,stage,10720,10847,10721,10847,53.691827,54.322906,127,2.792458558837641,2.750598277160666,2.799247702361009,2.7570392436967373,0.3100450469751664,0.1092474805813366,0.33816792481753294,0.3467540504719152,346.4371191788619,13.562880821138112,2.120206131836902,4.0,0.01202117684635966,0.011111645308278576,0.027877117594067503,0.03018380610034827,0.0,0.013387490903816216,nonelliptic_or_noisy
10,stage,10740,10867,10741,10867,53.791998,54.423077,127,2.792458558837641,2.7492939293345793,2.8050003367932717,2.7552747491554235,0.3104089524172972,0.10479928627773608,0.3314961026974803,0.3529892343551998,346.2161988929524,13.783801107047598,2.1275065355778096,4.0,0.014420629224202277,0.012634970355686777,0.02188559305002074,0.04476299238364184,0.0,0.004202030308498635,nonelliptic_or_noisy
10,stage,10760,10887,10761,10887,53.892169,54.523249,127,2.780921762300845,2.750598277160666,2.800082437363076,2.75489385771847,0.30985173964798757,0.10635191117343307,0.3458746845710495,0.35364611884675035,346.2463692174288,13.753630782571166,2.151056962308188,4.0,0.007200862970873131,0.01188740361730365,0.020772594634998042,0.06337314659084084,0.0,0.03747049173554689,nonelliptic_or_noisy
10,stage,10780,10907,10781,10907,53.992341,54.62342,127,2.780921762300845,2.74873068822786,2.798062462291236,2.753611781937539,0.30805822926947996,0.10219534000679495,0.2920430156510926,0.306102811237824,345.0127273241764,14.987272675823583,2.3476501990806167,4.0,0.006023421414789463,0.011575934520856507,0.016958676814028004,0.05785315321743976,0.0,0.006062454287407493,nonelliptic_or_noisy
10,stage,10800,10927,10801,10927,54.092512,54.723591,127,2.792909580684012,2.753589995587167,2.7960728950828333,2.7513365792615163,0.3084853591010521,0.0983834977316684,0.29372410700335805,0.2878977680587224,344.7907953042225,15.209204695777483,2.1472066110234054,4.0,0.010457051785352086,0.008664588528182022,0.017927904042773175,0.012590126215720405,0.0,0.04193148318692287,nonelliptic_or_noisy
10,stage,10820,10947,10821,10947,54.192683,54.823763,127,2.792458558837641,2.7438762449183605,2.7968434255023102,2.751698004216624,0.30914184518501053,0.09722668053025349,0.2840350329103125,0.2948323550886406,344.6988821248394,15.301117875160642,2.204995188142573,4.0,0.007314268240261422,0.007828245605604712,0.016023759170807988,0.02900608163431236,0.0,0.03145551449297553,nonelliptic_or_noisy
10,stage,10840,10967,10841,10967,54.292855,54.923934,127,2.790914081809293,2.7492939293345793,2.798352672119944,2.7464326690323633,0.30859132606891465,0.09375425031474906,0.27840704806708144,0.2846953106660848,345.04004161301987,14.959958386980146,2.2704503017908944,4.0,0.011964532463284395,0.012161865358365546,0.023619698724032977,0.025826740748290954,0.0,0.018255648390758408,nonelliptic_or_noisy
10,stage,10860,10987,10861,10987,54.393026,55.024105,127,2.782444464404942,2.7426852336824057,2.7921046970064527,2.7428842001582945,0.31338778526384564,0.08977585692530068,0.26106246157021845,0.2454357152991806,345.0250741115155,14.97492588848452,2.3925181710723047,4.0,0.009097576650875334,0.010360272665352456,0.017958082731768275,0.030831710232194505,0.0,0.03427980125392434,nonelliptic_or_noisy
10,stage,10880,11007,10881,11007,54.493197,55.124277,127,2.780921762300845,2.74873068822786,2.790853971656899,2.7385864973109073,0.3121186298784105,0.09137448366242869,0.25719648265451905,0.24889021808186781,345.98824926406417,14.011750735935818,2.7377929094841003,4.0,0.004694470395238507,0.010947510740768529,0.015775369951457528,0.045485750409604335,0.0,0.019974045126805708,nonelliptic_or_noisy
10,stage,10900,11027,10901,11027,54.593369,55.224448,127,2.7756479527770352,2.7420185670157387,2.790561199942645,2.7340596620007687,0.3140436754680185,0.08393824306235091,0.2319883859334731,0.2589164977602376,348.48042388671166,11.519576113288354,2.4866265389227022,4.0,0.002522719114490098,0.006397699787062934,0.007919599161817163,0.05382727468090452,0.0,0.027181369512893575,nonelliptic_or_noisy
10,stage,10920,11047,10921,11047,54.69354,55.324619,127,2.743744891552545,2.7426852336824057,2.784532002555578,2.731106282222249,0.3078869928504842,0.08554222034369416,0.262760660991345,0.32319169188718017,344.16824116840735,15.831758831592623,2.6157027482611026,4.0,0.013021898882480816,0.004848274546610135,0.021482870433744052,0.137709055924648,0.0,0.10364200745943558,nonelliptic_or_noisy
10,stage,10940,11067,10941,11067,54.793711,55.424791,127,2.769579770958853,2.7480185670157384,2.786222656648476,2.7316140261788773,0.3164060108293611,0.0785005118637947,0.25152203798772554,0.2783497983128295,338.63547759083514,21.364522409164888,2.9531939462602543,4.0,0.012302965619213221,0.004998662050065154,0.018743207592486065,0.07385658408956718,0.0,0.0833727543121001,nonelliptic_or_noisy
10,stage,10960,11087,10961,11087,54.893883,55.524962,127,2.7536072551026165,2.757660843438503,2.787920827241058,2.7362938597501074,0.31463199449182305,0.07759394366428085,0.24570565341718809,0.30197374929707815,344.6938715337837,15.306128466216313,2.7206026897250988,4.0,0.015476303878859295,0.013963043527233668,0.03058290063807789,0.12847512618711993,0.0,0.059298793589334944,nonelliptic_or_noisy
10,stage,10980,11107,10981,11107,54.994054,55.625133,127,2.7448249190691696,2.75820697281284,2.7855216487594032,2.7379082296333754,0.31040840292048977,0.07603830196749098,0.24158876840358784,0.30606873341557145,342.8728685257691,17.127131474230886,2.6695000594506135,4.0,0.01302211233701335,0.01387566624734524,0.0235221410954578,0.14651071546496383,0.0,0.028347493457419593,nonelliptic_or_noisy
10,stage,11000,11127,11001,11127,55.094225,55.725305,127,2.7536072551026165,2.755299095068544,2.789806638638965,2.739994595759694,0.3082851532311081,0.08421171367510498,0.2625110255631816,0.3219365124490929,343.3157848695253,16.68421513047468,2.569218978090538,4.0,0.016202981900266204,0.015233317136827079,0.02926730687168071,0.1274848708166336,0.0,0.030008664781436996,nonelliptic_or_noisy
10,stage,11020,11147,11021,11147,55.194397,55.825476,127,2.7484909760328486,2.7566852336824055,2.793730399538677,2.7442580855656877,0.30988238677208674,0.06898399405935189,0.2423815370914783,0.3146652319998946,344.46915553325977,15.530844466740222,2.647824343632769,4.0,0.016667942593964234,0.014155506632649556,0.035157150644119894,0.15139691334776076,0.0,0.01710560462905835,nonelliptic_or_noisy
10,stage,11040,11167,11041,11167,55.294568,55.925647,127,2.743744891552545,2.758560233682405,2.7956274870210835,2.750412024669845,0.30800711280318105,0.06474896371624825,0.23372202711248372,0.3192248709584131,344.63614343366856,15.36385656633144,2.6590533782789394,4.0,0.020073191914887236,0.0061937162359397896,0.03662241409867861,0.1705108019144685,0.0,0.016567905425725782,nonelliptic_or_noisy
10,stage,11060,11187,11061,11187,55.394739,56.025819,127,2.7391252255043077,2.77576569345252,2.800688377107657,2.7543568698413723,0.3034911049098649,0.07368066954336411,0.24486258579701542,0.29785732219108657,343.6519901563467,16.348009843653276,2.543297656399324,4.0,0.006213770815363925,0.005439352645711941,0.011413485096275286,0.2147655686684766,0.0,0.05869976933132369,nonelliptic_or_noisy
10,stage,11080,11207,11081,11207,55.494911,56.12599,127,2.7448249190691696,2.7664526755428707,2.8006058976010713,2.753211469590611,0.30354730090161053,0.07421020564116078,0.23787697179107645,0.2886277530198606,341.1670455304414,18.832954469558622,2.3614216059140802,4.0,0.015581671118002184,0.010585654705153087,0.024936312058108208,0.18887017180999635,0.0,0.03597046188487202,nonelliptic_or_noisy
10,stage,11100,11227,11101,11227,55.595082,56.226161,127,2.7391252255043077,2.77576569345252,2.797611719291764,2.752549806429793,0.29949597964868685,0.07309899454864582,0.24399422937722962,0.2986462761244536,341.2729245005174,18.72707549948263,2.7191048981332933,4.0,0.01581309179448612,0.00838715045622774,0.02402338166209309,0.21010542124477294,0.0,0.03645703902317819,nonelliptic_or_noisy
10,stage,11120,11247,11121,11247,55.695253,56.326332,127,2.7388117458804833,2.7659325455103625,2.7969618135640393,2.755280747265278,0.3027332124885864,0.07441363328429254,0.2401830888165682,0.29210456671236584,341.1076884193016,18.892311580698383,2.53739649777801,4.0,0.011690682508203156,0.00441383607040084,0.01964300353086284,0.1952795471177057,0.0,0.03249773435650437,nonelliptic_or_noisy
10,stage,11140,11264,11141,11264,55.795424,56.411478,124,2.7448249190691696,2.765643567015739,2.795194909617587,2.7553712955463063,0.30653267440028387,0.0817091449433205,0.2330647081423649,0.28208551105515084,342.86290026936075,17.137099730639267,2.552115685905591,4.0,0.007369845095154683,0.009909902244714467,0.020166248613668017,0.16770403124889802,0.0,0.01963938427787803,nonelliptic_or_noisy
10,stage,11160,11264,11161,11264,55.895596,56.411478,104,2.7381928245719065,2.7659325455103625,2.793494948937772,2.7551628295773933,0.3102509215826919,0.07696752020182293,0.2351674617435686,0.28305260792847714,342.92671957009316,17.073280429906873,2.882036579484515,4.0,0.008453417213277616,0.00884965240132454,0.01764692545824253,0.1815982702497434,0.0,0.021396833471480862,nonelliptic_or_noisy
10,stage,11180,11264,11181,11264,55.995767,56.411478,84,2.7381928245719065,2.7664526755428707,2.795612110785473,2.756292097177341,0.31100603584542263,0.07997391046112538,0.2448675266505086,0.2958429361954431,342.8611651331711,17.138834866828905,2.414690882153939,4.0,0.0172978698888766,0.010143614495703753,0.030559881926809456,0.1874926149819274,0.0,0.0016724113765003818,nonelliptic_or_noisy
10,stage,11200,11264,11201,11264,56.095938,56.411478,64,2.7391252255043077,2.779293929334579,2.7924526053344674,2.752405178129301,0.31352555883473077,0.07747071705563228,0.22887767393349484,0.31277347571679326,342.92526112474155,17.074738875258433,2.5493470596723617,4.0,0.014556333256056372,0.009328828881782476,0.022911888724427357,0.19048786046020535,0.0,0.04106542402753383,nonelliptic_or_noisy
10,stage,11220,11264,11221,11264,56.19611,56.411478,44,2.7484909760328486,2.7802269003490725,2.80182094946314,2.75870060191579,0.31959758888308715,0.0721322984900452,0.23788840852123266,0.2889759454110894,337.2334920677326,22.76650793226741,2.419059877108737,4.0,0.011563458135011962,0.01539780237718409,0.026250053002778665,0.17994687309201243,0.0,0.029449861908813685,nonelliptic_or_noisy
10,stage,11280,11407,11281,11407,62.011935,62.643014,127,2.746141542520625,2.7615500985472705,2.771805849570304,2.7038870963401345,0.3236362227158981,0.0983765980241774,0.2778335303101447,0.35507529201072413,345.1304633926143,14.869536607385745,2.767077620509624,4.0,0.016799792415975612,0.03205288601098038,0.04868226697346168,0.19502263322837463,0.0,0.05816405281907421,nonelliptic_or_noisy
10,stage,11300,11427,11301,11427,62.112106,62.743186,127,2.749319301091642,2.764983106022831,2.7744288239657315,2.6915787111548077,0.3266938290669422,0.09354631213927392,0.27264870946677355,0.371960314849903,342.52702968319767,17.472970316802357,2.3163813372171234,4.0,0.012360263117544162,0.027665247997522832,0.04007359959540203,0.2374707786821281,0.0,0.01431921943554744,nonelliptic_or_noisy
10,stage,11320,11447,11321,11447,62.212278,62.843357,127,2.7498762136466004,2.7444307416011577,2.7703233344634928,2.6829453175799856,0.3361192545410938,0.09691369158073114,0.25086291881252504,0.3177172917328089,342.83739954572104,17.162600454278984,2.488900080248147,4.0,0.012567504107101599,0.025518426807668377,0.047381829976830624,0.19277728758188983,0.0,0.06116849349948326,nonelliptic_or_noisy
10,stage,11340,11467,11341,11467,62.312449,62.943528,127,2.7498762136466004,2.7444307416011577,2.766401418204272,2.674755082361454,0.33616315036652233,0.09227469598603226,0.2295066484589519,0.3514773383833108,342.2869425934787,17.713057406521273,2.264649967935984,4.0,0.010748482179742981,0.01104240983673807,0.019330146057682563,0.21301715581703218,0.0,0.0,nonelliptic_or_noisy
10,stage,11360,11487,11361,11487,62.41262,63.0437,127,2.769445571824654,2.733919276235597,2.7707923149729625,2.6703891619707303,0.3307740453920922,0.08748477716854061,0.21090367754033285,0.3316503464285211,344.10957010755556,15.89042989244447,2.287746096940215,4.0,0.006019093106298915,0.008430226697673423,0.013308319252135414,0.19210814153749087,0.0,0.0671568709432541,nonelliptic_or_noisy
10,stage,11380,11507,11381,11507,62.512792,63.143871,127,2.7928495656802608,2.730727786873895,2.77083386891407,2.6736818220356,0.33015568403498013,0.08239820643746602,0.21024896740238183,0.34185768367799707,343.84837036600254,16.151629633997487,2.5692217442522534,4.0,0.010788933564934239,0.005709395922711564,0.017187088409857568,0.18520600477695257,0.0,0.0715438099739462,nonelliptic_or_noisy
10,stage,11400,11527,11401,11527,62.612963,63.244042,127,2.7754453281466156,2.7266852336824057,2.7798891351447863,2.672911306121526,0.32536673071683964,0.08138520325793921,0.21152792815890298,0.32471863405672474,344.1131308005997,15.886869199400286,2.521903419604607,4.0,0.012174460359025465,0.011724269147075866,0.02726837859632147,0.16583511848640753,0.0,0.054915143052720224,nonelliptic_or_noisy
10,stage,11420,11547,11421,11547,62.713134,63.344213,127,2.7891164514393525,2.7236240091926094,2.7775599021374693,2.677928129233666,0.32224388368677365,0.07326448351284738,0.20494291384342267,0.3066954965162114,343.5302430004656,16.469756999534393,2.5480857833918473,4.0,0.009099948337483118,0.003465595690539171,0.012500444145518977,0.14626985340808818,0.0,0.04347534739018121,nonelliptic_or_noisy
10,stage,11440,11567,11441,11567,62.813305,63.444385,127,2.7784510076051,2.725465721487283,2.7785549619697214,2.67695043893432,0.3247416124744878,0.07711951654402649,0.2005786703076891,0.3007554611920602,343.4867075208648,16.513292479135224,2.4056227016471468,4.0,0.008474879803867451,0.002197182318481444,0.01271881830513767,0.1493969114564012,0.0,0.033328927119949475,nonelliptic_or_noisy
10,stage,11460,11587,11461,11587,62.913477,63.544556,127,2.766489940366041,2.702885233682405,2.781191721883391,2.6787986368126813,0.32122991105862614,0.08377304892830532,0.20944341060542918,0.23700045706275866,340.1279857604887,19.872014239511298,2.5037449637280202,4.0,0.006620339737518851,0.005744694483248853,0.013863040446086869,0.08784643886875243,0.0,0.07954676247780627,nonelliptic_or_noisy
10,stage,11480,11607,11481,11607,63.013648,63.644727,127,2.7261782514244235,2.7107396007707316,2.7771386599713734,2.6740495897501426,0.3218568319484951,0.07613504015610248,0.2123360466515604,0.31892284860722153,343.8896628052826,16.110337194717374,2.216149732782383,4.0,0.008977190992057578,0.006352565192144074,0.014624650110956382,0.19510000161335697,0.0,0.12760250377591995,nonelliptic_or_noisy
10,stage,11500,11627,11501,11627,63.113819,63.744899,127,2.743240538445206,2.6965419270239077,2.7725357502058277,2.6695205971061666,0.3174259310370778,0.08355031827304506,0.20594903790812558,0.27901429648594983,340.10807338810395,19.891926611896068,3.1979219059964707,4.0,0.016935101003382035,0.010624723885909152,0.029477895789184944,0.12555450537801108,0.0,0.06992732744273326,nonelliptic_or_noisy
10,stage,11520,11647,11521,11647,63.213991,63.84507,127,2.7200440951142317,2.6965419270239077,2.772741309372464,2.6678837894114915,0.3066826829761545,0.09124121138948707,0.21503354948181075,0.3527574662836101,339.71161197862256,20.288388021377447,3.2920477755998245,4.0,0.011070197826511648,0.011606147797461577,0.02376531302998721,0.19559535630043942,0.0,0.07563662579793506,nonelliptic_or_noisy
10,stage,11540,11667,11541,11667,63.314162,63.945241,127,2.7137197468462664,2.7163738040145624,2.7726537843137273,2.6654760460558937,0.31014618736254695,0.0740290699460569,0.21639219046947836,0.3548599239486216,342.07081859434794,17.929181405652063,3.3396176873976735,4.0,0.01024613555273435,0.010488585178788007,0.02105712782985833,0.25107650723124414,0.0,0.0671163394069664,nonelliptic_or_noisy
10,stage,11560,11687,11561,11687,63.414333,64.045413,127,2.7261782514244235,2.7262424765496807,2.78179954243609,2.660221387153496,0.31175754254499294,0.07992922746567524,0.2189311124694085,0.3967914295263683,342.06965605325433,17.930343946745648,5.3246753557335715,4.0,0.02067219914884922,0.00956092105343204,0.035881127114622616,0.2769072841080362,0.0,0.05098049301192943,nonelliptic_or_noisy
10,stage,11580,11707,11581,11707,63.514505,64.145584,127,2.7211462981296552,2.7234386065495215,2.785822806476286,2.6536531475934595,0.3102986933594098,0.07731386964826162,0.22791579494882827,0.4301449240342095,342.9431078490489,17.056892150951125,5.256978193438653,4.0,0.015678537982438404,0.008130546448762,0.026168169797648598,0.30663221263463913,0.0,0.018564057691623507,nonelliptic_or_noisy
10,stage,11600,11727,11601,11727,63.614676,64.245755,127,2.7298353836150224,2.713049396135249,2.789221204804794,2.6515713040289346,0.3145873540237374,0.06543212680632313,0.2097243807577512,0.37764174578412374,343.0644762297261,16.935523770273903,3.5146698861873675,4.0,0.021817111303427637,0.01121424080302263,0.03721201323459255,0.2717098957432475,0.0,0.04305275089880384,nonelliptic_or_noisy
10,stage,11620,11747,11621,11747,63.714847,64.345927,127,2.7784510076051,2.6962848206398826,2.795709610181306,2.651760779945556,0.32232258848603884,0.07336982686887414,0.19932162840523335,0.2941407669702437,343.9514862338143,16.048513766185717,4.059711845381624,4.0,0.012290812893548353,0.009991163008400484,0.0235067810812082,0.14814958813513412,0.0,0.1595451099805216,supported
10,stage,11640,11767,11641,11767,63.815019,64.446098,127,2.7830940217510247,2.7075072249581673,2.7934092862332105,2.651621579252513,0.3276170945902503,0.07751465884222129,0.2104964984158955,0.3101629800163011,347.5508183369902,12.449181663009837,2.5706358814106185,4.0,0.015255595293064764,0.007719434537324084,0.0261477596517666,0.1734636542733512,0.0,0.03707057871046741,nonelliptic_or_noisy
10,stage,11660,11787,11661,11787,63.91519,64.546269,127,2.756820479831439,2.6965419270239077,2.7958414279278982,2.6490860284051228,0.3137953756028468,0.07574976653898895,0.21700857543762472,0.32103104648742736,349.88879566070244,10.111204339297563,2.4792690091257468,4.0,0.011740596511199625,0.01308280017441547,0.024419524940993788,0.19579179674742203,0.0,0.09072768298007176,nonelliptic_or_noisy
10,stage,11680,11807,11681,11807,64.015361,64.646441,127,2.756820479831439,2.6908461015355742,2.7951524102321215,2.6505306420510277,0.322733615382499,0.07661130249876912,0.21936704744269478,0.3040537289998602,349.98466498028216,10.01533501971785,2.3889818759344057,4.0,0.012430593975041704,0.00852255510527892,0.01882817620598837,0.1723705991233548,0.0,0.017648689869454306,nonelliptic_or_noisy
10,stage,11700,11827,11701,11827,64.115533,64.746612,127,2.7784510076051,2.6861826040181063,2.7901630437603906,2.6497657554213125,0.32973786680203204,0.07482976293028336,0.2147111039291384,0.26077821389095823,345.34954511612887,14.650454883871111,2.381739641840725,4.0,0.008070522067502285,0.008155203041726393,0.015371661793093783,0.11601297555315357,0.0,0.06710645119594741,nonelliptic_or_noisy
10,stage,11720,11847,11721,11847,64.215704,64.846783,127,2.7830940217510247,2.6801160872461436,2.788078746794965,2.6459199112431935,0.32320517269251314,0.08592112002453407,0.22274557024895772,0.24718493747341558,345.18234919344206,14.817650806557944,2.5449205012003313,4.0,0.004950679376380942,0.008721842969501886,0.01481901891219036,0.10692147637005943,0.0,0.023636333316809324,nonelliptic_or_noisy
10,stage,11740,11867,11741,11867,64.315875,64.946955,127,2.7830940217510247,2.677934383259138,2.7879507793043654,2.6441206459919306,0.3231006681850633,0.07506549730225286,0.25120494578814967,0.25938047760689664,344.9178564914367,15.082143508563345,2.3935830566758334,4.0,0.009332268573475414,0.009133797729962288,0.015672014485011158,0.10572788778962407,0.0,0.006752397013788189,nonelliptic_or_noisy
10,stage,11760,11887,11761,11887,64.416047,65.047126,127,2.7877762515883537,2.6801160872461436,2.7899193281518286,2.639843671255054,0.32390440883647176,0.08835973354373257,0.261137465575268,0.28490204102137945,344.6838869926987,15.316113007301269,2.6388372791211534,4.0,0.012512627374242677,0.009892994651354573,0.019624059061586305,0.12451018249818405,0.0,0.015947820980218998,nonelliptic_or_noisy
10,stage,11780,11907,11781,11907,64.516218,65.147297,127,2.8202814389815485,2.6801160872461436,2.7893758637567485,2.6386904865295633,0.33360505313792305,0.08223373838296025,0.25885258412384105,0.35166629212515327,342.91275533466006,17.08724466533994,2.4522476673266453,4.0,0.010472199303038353,0.01211556850299092,0.02073850517970328,0.15492568529180353,0.0,0.09743613619592284,nonelliptic_or_noisy
10,stage,11800,11927,11801,11927,64.616389,65.247468,127,2.8265019278559373,2.674251541254068,2.7878581063291783,2.6388244670006333,0.3313058844032853,0.09146160082968538,0.25118873853281126,0.3568194824307929,347.48308068137675,12.516919318623277,2.496241436481821,4.0,0.001943498630541769,0.010785759113203475,0.01660436159943518,0.15823866147595367,0.0,0.0258042981898834,nonelliptic_or_noisy
10,stage,11820,11947,11821,11947,64.716561,65.34764,127,2.8202814389815485,2.6665197671083343,2.7861682355790838,2.63485448534732,0.33054462319257677,0.09468467098100282,0.27130529680466564,0.36956625524043374,349.4502311180601,10.54976888193988,2.4098105385852597,4.0,0.007564125068580523,0.0036427028595635218,0.011031458849371206,0.1408118804059891,0.0,0.030021506793536473,nonelliptic_or_noisy
10,stage,11840,11967,11841,11967,64.816732,65.447811,127,2.829515293344981,2.6479183130973727,2.786617430186798,2.636442725068806,0.33153073367251085,0.10137896008513925,0.2675690126652503,0.34331366686003983,349.42623739187894,10.573762608121056,2.4555527967598976,4.0,0.0065034334520462055,0.009630749621622428,0.016763638588654775,0.1339431125959831,0.0,0.06264045982880205,nonelliptic_or_noisy
10,stage,11860,11987,11861,11987,64.916903,65.547982,127,2.829515293344981,2.6479183130973727,2.7892945307836996,2.6368181047157906,0.33389849630758184,0.09688277544263546,0.27582954352879463,0.3250562014290341,347.0727762986231,12.927223701376882,2.4816586822958135,4.0,0.007911089227755833,0.011996897898563163,0.020859941309562095,0.1249612868051902,0.0,0.0,nonelliptic_or_noisy
10,stage,11880,12007,11881,12007,65.017074,65.648154,127,2.8136908457554393,2.621792315016237,2.795921882454873,2.6362511254184335,0.3326463450573159,0.09394833829365065,0.2672399873688523,0.29818058252902246,346.74190485391836,13.258095146081669,2.2454760258311564,4.0,0.01120485999810037,0.009750127297399252,0.020614673347581235,0.06886703198655236,0.0,0.09182345388807064,nonelliptic_or_noisy
10,stage,11900,12027,11901,12027,65.117246,65.748325,127,2.8265019278559373,2.621791557358595,2.8000700173190856,2.639774963903132,0.33375732468419383,0.08185225306414101,0.24679123901914612,0.28634598771946057,346.58113086217026,13.41886913782973,2.342476826832055,4.0,0.010722160836083565,0.009569799187389408,0.02095334130986629,0.0957866560092208,0.0,0.03838442237941702,nonelliptic_or_noisy
10,stage,11920,12047,11921,12047,65.217417,65.848496,127,2.816058298910993,2.621792315016237,2.8027805287662417,2.637233873935836,0.3319752563530848,0.0957920889230798,0.25794691570301737,0.25904614601540416,348.40386005709735,11.596139942902626,2.503767972282579,4.0,0.011444479655080721,0.0045316740699441905,0.017827417392685202,0.06134550266242293,0.0,0.03145905838632703,nonelliptic_or_noisy
10,stage,11940,12067,11941,12067,65.317588,65.948668,127,2.8253429333046056,2.6479183130973727,2.8028430712037755,2.641775679748732,0.3288924897524368,0.09298047936762856,0.2709971491301721,0.2857209407468024,349.1563161846233,10.843683815376739,2.3519429513165244,4.0,0.016772212084431925,0.010904852842711575,0.02642791090205954,0.07091462471673679,0.0,0.08430335953781865,nonelliptic_or_noisy
10,stage,11960,12087,11961,12087,65.41776,66.048839,127,2.8293803887102182,2.6479183130973727,2.806912898813649,2.640566459490788,0.32893120798330555,0.0847974660915134,0.24887437563403583,0.278886434577499,349.1024092326357,10.897590767364306,2.408916789879478,4.0,0.009663407538675051,0.007954193864666604,0.018227990480276835,0.07186837546530646,0.0,0.012274467449794359,nonelliptic_or_noisy
10,stage,11980,12107,11981,12107,65.517931,66.14901,127,2.8253429333046056,2.6665197671083343,2.8086578174676538,2.641906143864892,0.3332382677318865,0.08328986407014485,0.24773644956872382,0.28060903542206633,345.7443758284084,14.255624171591565,2.3415354631253233,4.0,0.005251800975563673,0.01229666665301374,0.017571544759325083,0.08923313845568186,0.0,0.05712002270133889,nonelliptic_or_noisy
10,stage,12000,12127,12001,12127,65.618102,66.249182,127,2.8078584241505684,2.659078099988444,2.8126235966366004,2.6458662122228933,0.33029985524288846,0.07300587740336713,0.24006441002725834,0.2459972667500936,345.11481393292263,14.88518606707735,2.3196849340842265,4.0,0.010063730047601974,0.007202098377847059,0.016252010088043722,0.04252184142907853,0.0,0.05753037758057851,nonelliptic_or_noisy
10,stage,12020,12147,12021,12147,65.718274,66.349353,127,2.788198642093075,2.6699228674759503,2.8100028660617165,2.647394898468837,0.32420978965225833,0.06649412371023904,0.2447837335220533,0.27178725470117754,345.27526345947035,14.72473654052962,2.2768572672553042,4.0,0.006026969065670931,0.0029107883353008653,0.010437585396947648,0.0967021120561339,0.0,0.06925308454659172,nonelliptic_or_noisy
10,stage,12040,12167,12041,12167,65.818445,66.449524,127,2.788198642093075,2.6665197671083343,2.8143778942292723,2.648716906786428,0.324564948497606,0.06668784106713935,0.23644948249541145,0.26926184490585603,345.2717237616564,14.728276238343602,2.2318854799665493,4.0,0.005893920043805465,0.010831132090480162,0.018205086456236516,0.09754301664794476,0.0,0.01048511363709733,nonelliptic_or_noisy
10,stage,12060,12187,12061,12187,65.918616,66.549696,127,2.8078584241505684,2.659078099988444,2.817104438286584,2.6477715048044432,0.3303024855627242,0.06837436234424628,0.21764797207602113,0.20745438450583029,340.54827573415673,19.451724265843282,2.3859790243376184,4.0,0.00580999624928488,0.008457290990323314,0.015400562712385685,0.04421930972379119,0.0,0.06364188056045895,nonelliptic_or_noisy
10,stage,12080,12207,12081,12207,66.018788,66.649867,127,2.829893371272724,2.646441107833198,2.8127662775060083,2.645535425743572,0.3288837630435686,0.07888147801069254,0.22695339627063926,0.22434168369814514,340.9565988160249,19.043401183975096,2.4064148040754243,4.0,0.01386466831010486,0.007441613292228558,0.021549048789880294,0.052149194480778274,0.0,0.07723527062960836,nonelliptic_or_noisy
10,stage,12100,12227,12101,12227,66.118959,66.750038,127,2.829893371272724,2.657198721147236,2.8108745886261377,2.6489668656452716,0.3237556493690212,0.08614044979503356,0.2147350744018367,0.23442138998562434,346.99530241453084,13.004697585469156,2.3290944398520463,4.0,0.012279154586611328,0.012332008724550746,0.021015561263698336,0.06401074358410677,0.0,0.03322756941849069,nonelliptic_or_noisy
10,stage,12120,12247,12121,12247,66.21913,66.85021,127,2.820657628052706,2.646441107833198,2.8035872795986045,2.647443662983316,0.3304545201637562,0.09112208207641434,0.21700002632432264,0.21419232731278678,341.47446654405576,18.52553345594423,2.464044700424139,4.0,0.016728284360682844,0.00546142665141314,0.023378991951506032,0.051746193494267706,0.0,0.042905557699696346,nonelliptic_or_noisy
10,stage,12140,12267,12141,12267,66.319302,66.950381,127,2.820657628052706,2.645525168793088,2.799615593670633,2.6465302266162523,0.33457050036258057,0.0859276161272075,0.2116068416614166,0.23050652825185902,346.35041043287487,13.649589567125156,2.5138964459142,4.0,0.017833510847294187,0.010182836866551656,0.028886818276050937,0.0629643785720625,0.0,0.0027376563059728614,nonelliptic_or_noisy
10,stage,12160,12287,12161,12287,66.419473,67.050552,127,2.8318449259293508,2.6349920071251214,2.7988918621721743,2.6461824394783395,0.3228913081818946,0.08687373346708668,0.24320891047031123,0.24769398697745326,344.69492495251643,15.30507504748355,2.4394135559342103,4.0,0.014356469926928708,0.006164419208072078,0.02332138260938583,0.10778021856785074,0.0,0.04758767822696429,nonelliptic_or_noisy
10,stage,12180,12307,12181,12307,66.519644,67.150724,127,2.829893371272724,2.645525168793088,2.8000187467850735,2.647355823157769,0.33085324396649046,0.08401133846764552,0.2178711137624587,0.21561075035092084,345.99467404358523,14.005325956414783,2.430864018091814,4.0,0.012389025566373769,0.003757194914576014,0.020864284916808102,0.09046506815181683,0.0,0.03237817886049246,nonelliptic_or_noisy
10,stage,12200,12327,12201,12327,66.619816,67.250895,127,2.8233069253988026,2.632538071265387,2.800373603945844,2.643549059843294,0.33050532841642516,0.07864377715987614,0.2424168333210133,0.24097440615580537,344.3105527968096,15.68944720319039,2.277028981274803,4.0,0.01894019435728411,0.008652655251890623,0.029125464088071276,0.07697217827550348,0.0,0.04405919392776945,nonelliptic_or_noisy
10,stage,12220,12347,12221,12347,66.719987,67.351066,127,2.8233069253988026,2.645525168793088,2.803970080157373,2.6424943527593885,0.3366599384976288,0.07804397745708662,0.25594137379950804,0.2583851815739708,348.922934792639,11.077065207360977,2.331394691451671,4.0,0.01113381055906519,0.006370301802443908,0.018438061147955872,0.05813856565169049,0.0,0.038576308145414684,nonelliptic_or_noisy
10,stage,12240,12367,12241,12367,66.820158,67.451237,127,2.811438665785275,2.632538071265387,2.8089140209507115,2.6435998419806803,0.3340726554006969,0.0858777446052864,0.24465558997150932,0.2541523785630649,348.7397742134083,11.260225786591736,2.2560913670296423,4.0,0.007512591555954073,0.005493480872485037,0.013597399574445886,0.03396331657888075,0.0,0.052662761858256905,nonelliptic_or_noisy
10,stage,12260,12387,12261,12387,66.920329,67.551409,127,2.8233069253988026,2.6312194332519523,2.8123937449282037,2.6439495407261946,0.3337681303266205,0.08586613747327353,0.2642583475303609,0.25589540823061163,349.0877113005654,10.912288699434631,2.085689891954203,4.0,0.014177132333486905,0.005025676316089999,0.02100892531839827,0.05023733658099626,0.0,0.035777200733288,nonelliptic_or_noisy
10,stage,12280,12407,12281,12407,67.020501,67.65158,127,2.797959035228705,2.63278950578993,2.8058993120453435,2.6464921701100153,0.33781835784682324,0.08092188060874357,0.24605473265592587,0.24013893475719006,345.6967877154522,14.303212284547795,2.2475411304306965,4.0,0.007127466852703928,0.003476600314734571,0.013291008475406195,0.04688026393414815,0.0,0.07517788458073843,nonelliptic_or_noisy
10,stage,12300,12427,12301,12427,67.120672,67.751751,127,2.799512108490366,2.6421098296977643,2.8051904226978075,2.6459927717024194,0.3303444831139827,0.07964149674227698,0.2426897532163679,0.2503148255456523,344.2693758697034,15.7306241302966,2.12827606462319,4.0,0.011390219866165239,0.0057133550345338565,0.019602657613863074,0.020823683875367427,0.0,0.02860297365426583,nonelliptic_or_noisy
10,stage,12320,12447,12321,12447,67.220843,67.851923,127,2.797959035228705,2.6421098296977643,2.807648690827639,2.648376110801244,0.32887338831469715,0.08111919960452352,0.211063642417023,0.21829453382206152,344.4134435228083,15.586556477191703,2.386560465720487,4.0,0.003859045087733183,0.002179640850272389,0.006271287936159504,0.03508739738760641,0.0,0.0047224047820341435,nonelliptic_or_noisy
10,stage,12340,12467,12341,12467,67.321015,67.952094,127,2.77758844151056,2.6476180887596064,2.807717728041202,2.6476845691686046,0.3262721469627704,0.07073754457100186,0.18159461798432303,0.21361188197727263,344.67232548244675,15.32767451755327,2.487374371247494,4.0,0.010724241163440663,0.0038327299992584793,0.01888751467283088,0.09234425970983785,0.0,0.06467662142909673,supported
10,stage,12360,12487,12361,12487,67.421186,68.052265,127,2.7811880112656944,2.655699944995085,2.8059458269309983,2.6469165267695534,0.3263952389001314,0.07312222935118591,0.23489861499028336,0.26064396352930397,344.688006279167,15.311993720833007,2.294863494765156,4.0,0.015909427387114292,0.006378233277926088,0.028261478328057508,0.08048436632187121,0.0,0.027105848972974432,nonelliptic_or_noisy
10,stage,12380,12507,12381,12507,67.521357,68.152437,127,2.7922059321957424,2.655854834695242,2.8050713660835505,2.646670954538159,0.32374497321325885,0.06807089191761609,0.22665863511022447,0.22992737241671038,345.43567336216404,14.564326637835984,2.4522168792102144,4.0,0.007578748650509235,0.007651395214230517,0.01593098750706059,0.048825643892663986,0.0,0.034036079340372144,nonelliptic_or_noisy
10,stage,12400,12527,12401,12527,67.621529,68.252608,127,2.7811880112656944,2.6599000072484293,2.809122025911136,2.6417070568783148,0.3205082715571357,0.06784046008434767,0.24030241200269176,0.27390870142396184,344.7015797350303,15.298420264969696,2.953904261916961,4.0,0.004770008505830761,0.005962662676047802,0.00946668087383514,0.10400997033320909,0.0,0.03662007053609886,nonelliptic_or_noisy
10,stage,12420,12547,12421,12547,67.7217,68.352779,127,2.7922059321957424,2.665543499199631,2.805573752955095,2.640841578257819,0.3239580435690133,0.07024131016430189,0.2620299905148626,0.26026701923748524,342.8708495889629,17.129150411037077,2.3640499667916086,4.0,0.010040726814063532,0.011357108896015801,0.02158910170396487,0.086699716434785,0.0,0.03821222984566161,nonelliptic_or_noisy
10,stage,12440,12567,12441,12567,67.821871,68.452951,127,2.797959035228705,2.6599000072484293,2.8066508488431707,2.638096295167166,0.3288962117659088,0.0705746451423933,0.2685831571140139,0.3066638079024867,348.31468308748487,11.685316912515146,2.26732530460638,4.0,0.00953574990360246,0.011157231276181892,0.025475536387193378,0.07136693068043994,0.0,0.02450311686201524,nonelliptic_or_noisy
10,stage,12460,12587,12461,12587,67.922043,68.553122,127,2.797674883069238,2.6599000072484293,2.8022151540986413,2.639052911370489,0.32680151651768563,0.0667830736340074,0.2734173873640552,0.303425018626966,345.16143107320136,14.838568926798652,2.181996395481664,4.0,0.004112806388079274,0.006223976037747071,0.010238772624967923,0.06528665862651471,0.0,0.0008694946170838824,nonelliptic_or_noisy
10,stage,12480,12607,12481,12607,68.022214,68.653293,127,2.7881131138079978,2.6599000072484293,2.8010175854152903,2.6378249640039337,0.3264831023683258,0.06940026110832682,0.2674868207909693,0.2968260431044568,347.33806826891555,12.661931731084437,2.125041404379083,4.0,0.005251272721497408,0.004397533284635597,0.011399089534698285,0.07832000085722157,0.0,0.02928717961780751,nonelliptic_or_noisy
10,stage,12500,12627,12501,12627,68.122385,68.753465,127,2.7922059321957424,2.665392310021939,2.8022109883574546,2.6397676704576325,0.329970351516392,0.06207723322208107,0.20505211818534302,0.23517057012160913,345.3870793177094,14.612920682290632,2.125428980238603,4.0,0.003115781017657226,0.005803791677950593,0.009517585900162199,0.08336689648385483,0.0,0.02075812509299372,nonelliptic_or_noisy
10,stage,12520,12647,12521,12647,68.222557,68.853636,127,2.7922059321957424,2.665392310021939,2.802761516071777,2.639895281466749,0.32797674517059927,0.07012832401611138,0.20343683331471074,0.21145520021002764,347.62364663030274,12.376353369697272,2.4482416878133875,4.0,0.00558911950934888,0.006228668450946024,0.011147110749912172,0.08413898481230798,0.0,0.0,nonelliptic_or_noisy
10,stage,12540,12667,12541,12667,68.322728,68.953807,127,2.7811880112656944,2.6708763736182752,2.8008017417496256,2.6444062479882446,0.3275371021621997,0.07398830251550059,0.20386047720816022,0.24374514702865072,347.878911607273,12.12108839272699,2.111758320543315,4.0,0.006077259736476236,0.0076562901497661436,0.010921230733919627,0.1005836980794272,0.0,0.03757527294363671,nonelliptic_or_noisy
10,stage,12560,12687,12561,12687,68.422899,69.053979,127,2.7811880112656944,2.6738018270187784,2.7986131282161457,2.6456107789522547,0.33172080398986353,0.07557470064530855,0.19666649220069332,0.24325768647437723,344.4688969349152,15.531103065084796,2.361955060325666,4.0,0.010737376511948163,0.0061673537869889935,0.01588442936535654,0.09990830719195347,0.0,0.008819023001622179,supported
10,stage,12580,12707,12581,12707,68.523071,69.15415,127,2.7787770844296964,2.665543499199631,2.8025553644619055,2.642905214909286,0.33030597733554184,0.07263491824200323,0.20589310190059912,0.2445655905295089,348.19812336292557,11.801876637074407,2.4496135511057733,4.0,0.011909230128235231,0.0028629518751511086,0.016260598863918892,0.09939682321043176,0.0,0.02604571240432764,nonelliptic_or_noisy
10,stage,12600,12727,12601,12727,68.623242,69.254321,127,2.7787770844296964,2.655699944995085,2.8058789235152335,2.6423045666929306,0.3342424612572204,0.07909882235249656,0.20245758552922025,0.23990783774289942,347.4072845178335,12.592715482166495,2.5050412529284762,4.0,0.007147886737108615,0.004450152624067735,0.013243786398968905,0.09044792540604982,0.0,0.029450340233614508,nonelliptic_or_noisy
10,stage,12620,12747,12621,12747,68.723413,69.354493,127,2.800739690518164,2.6548092490081228,2.8074927321714855,2.642217177576214,0.33663337176207103,0.08301106099450155,0.2026533327148582,0.2221770540810915,346.8395045636972,13.160495436302824,2.516525386933697,4.0,0.015318820864741617,0.00623073728948155,0.023383007748363844,0.04244555727357957,0.0,0.06529554598718552,nonelliptic_or_noisy
10,stage,12640,12767,12641,12767,68.823585,69.454664,127,2.7881131138079978,2.653644960883842,2.806055041402671,2.6394821868366627,0.33346212981748674,0.08133416507170918,0.2147179984121734,0.24270091423979562,342.97956993063,17.020430069369965,2.474452503149215,4.0,0.00503450600192586,0.008812587563249407,0.015722629528139027,0.06854808928295088,0.0,0.038025733862462295,nonelliptic_or_noisy
10,stage,12660,12787,12661,12787,68.923756,69.554835,127,2.7945184546748227,2.6548092490081228,2.805761314235026,2.6419388560576307,0.3340201144338051,0.08207949229572031,0.2304928209994113,0.2351987707507419,342.9930575842922,17.006942415707798,2.384265381049356,4.0,0.013056695979890452,0.010619662492276066,0.02072578844624852,0.05116290214182882,0.0,0.0194907314271199,nonelliptic_or_noisy
10,stage,12680,12807,12681,12807,69.023927,69.655006,127,2.7935317559677606,2.653644960883842,2.809227854097238,2.644707691943776,0.3333626480946977,0.08504994102361757,0.22442325037022406,0.21454792507323192,346.76255123118773,13.23744876881228,2.2490667263369337,4.0,0.008160673868912047,0.012323532889643008,0.022117513577902613,0.05418176889802032,0.0,0.004578054612637908,nonelliptic_or_noisy
10,stage,12700,12827,12701,12827,69.124098,69.755178,127,2.77797334331199,2.6474162920415365,2.808275050123499,2.64689809131399,0.325971068217563,0.08719217686063267,0.23954625949839975,0.22446851035297843,344.22736057941285,15.772639420587176,2.2859495244286396,4.0,0.004904778852396322,0.014567144763969316,0.020401094664757525,0.09297186288565726,0.0,0.05141221227799227,nonelliptic_or_noisy
10,stage,12720,12847,12721,12847,69.22427,69.855349,127,2.7777446221484787,2.6612951036017134,2.804541002451252,2.6506939890046746,0.32377614220276363,0.08820205355674475,0.2217726081190182,0.23432759031574285,349.72213382978504,10.277866170214956,2.2459331633003843,4.0,0.001588534361697768,0.007463524122507859,0.010659684567762336,0.08900339513714876,0.0,0.04287127515505278,nonelliptic_or_noisy
10,stage,12740,12867,12741,12867,69.324441,69.95552,127,2.77797334331199,2.6657936502007225,2.8059546791327143,2.650125274812352,0.32291374815732593,0.08428010767452726,0.21854510296001417,0.2239173496184913,349.6774177325971,10.322582267402906,2.2022548378499023,4.0,0.006030220318818252,0.00937787527776062,0.015619497751738312,0.0993129126203541,0.0,0.013949103581299159,nonelliptic_or_noisy
10,stage,12760,12887,12761,12887,69.424612,70.055692,127,2.7777446221484787,2.675009727473907,2.8001354622156645,2.6551651906915867,0.3260834603963065,0.0869079280725163,0.18714022091477506,0.21580418301843368,348.005048001709,11.994951998291004,2.196930209726183,4.0,0.009690972951790253,0.008097918171593395,0.017380086101883574,0.09175303461853508,0.0,0.028271642429526758,supported
10,stage,12780,12907,12781,12907,69.524784,70.155863,127,2.7853378377551556,2.675009727473907,2.8008897252418374,2.654561695807218,0.3283723017599131,0.07866179767643566,0.19107582206051896,0.20054174238806904,348.0030869276994,11.996913072300572,2.3279282638897305,4.0,0.004945357324212892,0.0041887609364559255,0.00844307710234898,0.07823479055622191,0.0,0.023123800533665712,supported
10,stage,12800,12927,12801,12927,69.624955,70.256034,127,2.77797334331199,2.6757662581371715,2.7996413040448296,2.6542538064310723,0.3263540669308214,0.07676764943856396,0.18791172066989673,0.21873785549714217,345.4305283839302,14.569471616069794,2.337503232015591,4.0,0.008695438031918905,0.004351552602951597,0.012358520350118068,0.09355900094337245,0.0,0.022684719414199504,supported
10,stage,12820,12947,12821,12947,69.725126,70.356206,127,2.77797334331199,2.675009727473907,2.7982208434156606,2.655443455401081,0.3281620865468578,0.07598254674471026,0.18652073035947492,0.2242157519611261,343.6606676648622,16.3393323351378,2.2739185234799932,4.0,0.006732304944821146,0.002854738793876241,0.010253977791556592,0.0858012250107264,0.0,0.0023053566949952854,supported
10,stage,12840,12967,12841,12967,69.825298,70.456377,127,2.7853378377551556,2.674380883963588,2.7959247523285464,2.657222481166555,0.32717264326713213,0.07955525626693144,0.21964681090241092,0.23080053786315416,347.9300088255677,12.06999117443231,2.4935479661171285,4.0,0.0017841746614120377,0.0066656454956483535,0.00895928581306555,0.061623994338226996,0.0,0.02259141726055305,nonelliptic_or_noisy
10,stage,12860,12987,12861,12987,69.925469,70.556548,127,2.7946915122561493,2.6740077937512483,2.7946352874568356,2.654632063642092,0.32692731870829184,0.08771239211554999,0.23927159763727507,0.2435339017774788,347.9795522885529,12.020447711447105,2.410923022830663,4.0,0.00804174773637232,0.010341730653652086,0.018796816909101195,0.05926641971232143,0.0,0.02863361896282815,nonelliptic_or_noisy
10,stage,12880,13007,12881,13007,70.02564,70.65672,127,2.841812906714708,2.6855250527832064,2.795377584696622,2.6537200923936686,0.33157512648891385,0.08587816642384462,0.23793793680982972,0.3191397630612853,348.52064739371303,11.479352606286984,2.3639178442978563,4.0,0.003630517774888568,0.006175997162348874,0.009922435631451367,0.16974483389029482,0.0,0.1462971153564845,nonelliptic_or_noisy
10,stage,12900,13027,12901,13027,70.125812,70.756891,127,2.8501437722584138,2.6654608657248433,2.7986788373652014,2.651773645714229,0.3144562253916016,0.09647938147970275,0.24198266751508474,0.3255152657205651,347.83622630419615,12.163773695803831,2.801980184084225,4.0,0.010488253166248662,0.01072462156473163,0.01831921721727237,0.16935239690432277,0.0,0.06908746620266264,nonelliptic_or_noisy
10,stage,12920,13047,12921,13047,70.225983,70.857062,127,2.841812906714708,2.629614094020011,2.8062988325445373,2.6493328745351343,0.3265237841582603,0.0914828841742283,0.2532349907561925,0.3121637241922089,338.6364471382049,21.3635528617951,2.648114542410748,4.0,0.01950472308278071,0.016971921999350617,0.032400148223175454,0.1244049465082973,0.0,0.11270877969842358,nonelliptic_or_noisy
10,stage,12940,13067,12941,13067,70.326154,70.957234,127,2.8403498556743667,2.6529384984198305,2.801673730149821,2.64132574709769,0.3199811085940617,0.09003304423793598,0.26115632505888536,0.2997630237532513,346.749757762621,13.250242237378973,2.3294740844960686,4.0,0.014527722142051239,0.021950855018357363,0.03726254682421205,0.12620092001615837,0.0,0.07303632787927214,nonelliptic_or_noisy
10,stage,12960,13087,12961,13087,70.426326,71.057405,127,2.841812906714708,2.63687214670063,2.810484371143546,2.6323634657293464,0.3257386653541035,0.08301848688964499,0.2363197314123548,0.2584092133692707,345.6052158951525,14.394784104847487,2.374675361168386,4.0,0.014662179950086396,0.013480896820048606,0.025280234651657907,0.09716779771424955,0.0,0.04952690868875694,nonelliptic_or_noisy
10,stage,12980,13107,12981,13107,70.526497,71.157576,127,2.8403498556743667,2.633554314558541,2.817047721183317,2.6304720306030998,0.33396859434096376,0.07758175690408804,0.20692606827565696,0.2262482530157062,346.45903660677897,13.540963393221022,2.3792183403111618,4.0,0.01081977358358051,0.005322315224987659,0.01667807701104115,0.07038118278967426,0.0,0.01085757772237142,nonelliptic_or_noisy
10,stage,13000,13127,13001,13127,70.626668,71.257748,127,2.7946915122561493,2.6529384984198305,2.8147206407140044,2.6265751075398165,0.3286985262484841,0.07689598793375294,0.21035710204467004,0.25322309245422014,345.2331026715427,14.766897328457274,2.616886596515144,4.0,0.01589444993208112,0.006437347759668978,0.022619432839414783,0.10072702933645127,0.0,0.1509064595299071,nonelliptic_or_noisy
10,stage,13020,13147,13021,13147,70.72684,71.357919,127,2.7984903867870345,2.6529384984198305,2.8129145454128386,2.624459240094058,0.33451173349383706,0.07563697597373048,0.20009063621230508,0.256696482508849,341.15978484488625,18.84021515511378,2.590955713302755,4.0,0.010529994026664612,0.016943629103582387,0.028211661646306584,0.0954338109236349,0.0,0.011356476172621973,nonelliptic_or_noisy
10,stage,13040,13167,13041,13167,70.827011,71.45809,127,2.7905501934056716,2.6529384984198305,2.8116832966947736,2.6182490671812464,0.3337236000100183,0.0739373370766154,0.20411194678565736,0.28897848090762535,341.5525259861715,18.447474013828515,3.086225123699267,4.0,0.009394957234435699,0.007422047160794648,0.014953717813160147,0.12171676631894546,0.0,0.023792723622556567,nonelliptic_or_noisy
10,stage,13060,13187,13061,13187,70.927182,71.558262,127,2.793998805539383,2.633554314558541,2.8113116349113043,2.6183474619407034,0.33460375016973737,0.0746592038634705,0.2093069639407054,0.258393155814866,341.29226400329645,18.70773599670353,3.934748329527654,4.0,0.00865757563940077,0.009778216037324877,0.015152278179547585,0.06886669959873534,0.0,0.05884142931444952,nonelliptic_or_noisy
10,stage,13080,13207,13081,13207,71.027354,71.658433,127,2.793998805539383,2.633554314558541,2.8086888098010063,2.6224728545407943,0.33460375016973737,0.06539214033167016,0.20580296035694656,0.2504874621574147,341.32906324322767,18.67093675677236,2.674380052429137,4.0,0.015320338988261956,0.01714448244489325,0.03615011284953359,0.054993258580548036,0.0,0.0,nonelliptic_or_noisy
10,stage,13100,13227,13101,13227,71.127525,71.758604,127,2.7905501934056716,2.628009609878899,2.808908810992416,2.6281645127843896,0.3343960348620814,0.07301779793981668,0.22826548032692828,0.251751055138606,340.81380142130735,19.186198578692657,2.6351234481287125,4.0,0.010309766247241356,0.0155654472289694,0.021081739607782753,0.054902777444862716,0.0,0.01952677619600462,nonelliptic_or_noisy
10,stage,13120,13247,13121,13247,71.227696,71.858775,127,2.789953858170545,2.627360010934341,2.8132550938441008,2.6285035204608764,0.3324307229008409,0.06558485839419642,0.20592380100357016,0.23894314538325911,341.8334276907328,18.166572309267238,3.1786633356728986,4.0,0.003054190775503365,0.012609006117006256,0.020108031600805973,0.0701778629102446,0.0,0.002652622422939562,nonelliptic_or_noisy
10,stage,13140,13267,13141,13267,71.327867,71.958947,127,2.789953858170545,2.629614094020011,2.8116061157132832,2.6322002838331624,0.3332651104116423,0.06131621660254185,0.19143968795437483,0.21564877103964947,342.06064477003974,17.939355229960285,2.9553486707831507,4.0,0.009035990843598046,0.010645068163648483,0.016957552106712476,0.06543187327092735,0.0,0.006763633561538747,supported
10,stage,13160,13287,13161,13287,71.428039,72.059118,127,2.7814277282637416,2.629614094020011,2.8058684172276256,2.6315014028748402,0.3317884437495815,0.058738264052020185,0.17711409886918397,0.2149775357152515,342.6443849258741,17.355615074125936,2.411759937551657,4.0,0.0034232402075284594,0.01156095167704555,0.01581667803632725,0.07388277099760171,0.0,0.02569748906998845,supported
10,stage,13180,13307,13181,13307,71.52821,72.159289,127,2.789953858170545,2.6398457752279194,2.8038847996824607,2.630262708696231,0.3312817739360582,0.06365505467921437,0.18318197865025151,0.20076766721267406,344.5767454349247,15.423254565075307,2.3726190797571354,4.0,0.008899407863610336,0.006821950671329319,0.014779141130234937,0.051040429020761606,0.0,0.04020290772174832,supported
10,stage,13200,13327,13201,13327,71.628381,72.259461,127,2.789953858170545,2.665384276577309,2.803955933908937,2.628576488492951,0.33119116642562646,0.06482368802961111,0.1780073686184375,0.261895399140339,344.5063601771822,15.493639822817807,2.7728147958534746,4.0,0.011615322401160758,0.009478991144564792,0.022055136217266704,0.11890747234298661,0.0,0.07711105832022437,supported
10,stage,13220,13347,13221,13347,71.728553,72.359632,127,2.8482805010854007,2.67089882040011,2.8039064527170963,2.6257749472638756,0.32316318387201026,0.05536105746593752,0.16995940249110417,0.30933642392225763,341.4664625315377,18.533537468462356,2.873693147055938,4.0,0.0042539982613419,0.0028268082158973366,0.007765547028054957,0.19583545213136722,0.0,0.18129154111651324,supported
10,stage,13240,13367,13241,13367,71.828724,72.459803,127,2.920454094331472,2.655597338939547,2.7980505992747764,2.6294935010359146,0.2777764568047793,0.07762370843639503,0.2059500028226978,0.5730333251373783,341.64844622703896,18.35155377296103,6.180197881658326,4.0,0.010049902522124805,0.010116329386793244,0.022988030513790093,0.4505637659474488,0.0,0.26560132169791756,nonelliptic_or_noisy
10,stage,13260,13387,13261,13387,71.928895,72.559975,127,2.9788154925893537,2.6250234751674535,2.7945222831513306,2.6351812045921026,0.2301708815984099,0.08819101150393412,0.23817194241378434,0.8034363626495227,338.99382228167167,21.00617771832834,8.312036466143011,4.0,0.022262354535184128,0.0406866226422145,0.07615247689405262,0.8018952214164392,0.0,0.286243217579042,nonelliptic_or_noisy
10,stage,13280,13407,13281,13407,72.029067,72.660146,127,2.983962989325491,2.5733699397633645,2.7978754617449275,2.645042125763399,0.20485489175242547,0.10588506050567541,0.32873568068939873,0.9365195847193731,338.46869140000496,21.531308599995068,11.461565286745296,4.0,0.017988409255038428,0.05599972718882359,0.11791066518020707,0.9734344722827284,0.0,0.2533958862231222,nonelliptic_or_noisy
10,stage,13300,13427,13301,13427,72.129238,72.760317,127,2.9717165830061214,2.526026942407112,2.802022477595934,2.6523231439525743,0.1920705470480852,0.11832571935638736,0.3526667512270989,1.0935877989081038,335.2900178557496,24.70998214425039,20.932590889010257,4.0,0.6050300315021413,0.18226462053252002,1.4536722874958274,1.1013372156188161,0.0,0.25460054788670383,center_unidentifiable
10,stage,13320,13447,13321,13447,72.229409,72.860489,127,2.95026141959445,2.4551702660933143,2.958641913112153,2.6736290042179607,0.12885065414772628,0.18536793533262821,0.6383569270520555,1.344230283270561,249.34971254696075,110.65028745303925,16.994289564972643,3.0,0.14135050834550553,0.12124371298263624,0.29302618871499647,1.696688513733002,0.0,0.5745700453836529,center_unidentifiable
10,stage,13340,13467,13341,13467,72.329581,72.96066,127,,,,,,,,,,,,,,,,,,,fit_failed
10,stage,13360,13487,13361,13487,72.429752,73.060831,127,2.9341568947268266,2.446276603932372,3.0058207789394227,2.407568279662514,0.10062350117334486,0.18967173938980594,0.4671450496442693,0.6984084999652893,329.95965993203583,30.040340067964163,7.61691891892095,4.0,0.24601701659052994,0.07857811431616633,0.41938699602573304,0.8094496445956505,0.0,0.10951997832159009,center_unidentifiable
10,stage,13380,13507,13381,13507,72.529923,73.161003,127,,,,,,,,,,,,,,,,,,,fit_failed
10,stage,13400,13527,13401,13527,72.630095,73.261174,127,2.9320076423924437,2.449485047114221,1.7990229614596347,3.085868049777895,0.1060182909608221,0.3739913317316705,0.7900098063190583,1.6660641838051402,30.735350287235065,329.26464971276494,37.044860992871946,4.0,2.090152938850666,1.2504314193257327,12.724780619929358,12.257091561227456,0.0,0.07985899952331664,center_unidentifiable
10,stage,13420,13547,13421,13547,72.730266,73.361345,127,2.932538069882249,2.449579592204673,2.7513206717833616,2.6412790494537224,0.12446009073778924,0.21801985493296897,0.5672819678864687,2.090638817437436,290.78185732694425,69.21814267305575,26.85415520055678,3.0,0.1520151706769633,0.08638983749215008,0.355531608776382,2.119524287305166,0.0,0.004328999068335257,center_unidentifiable
10,stage,13440,13567,13441,13567,72.830437,73.461517,127,2.9331600557867405,2.4529966668230117,2.7829404508457847,2.6433930629186944,0.17440209379264315,0.12583374141556827,0.4179720211780365,1.4134643252903412,339.40952136650634,20.59047863349367,14.17318153396812,4.0,0.26105503377204525,0.10525057873050815,0.61966906908581,1.3905887018935164,0.0,0.019915020005234794,center_unidentifiable
10,stage,13460,13587,13461,13587,72.930609,73.561688,127,2.9324402155052107,2.4546967441830616,2.781903214492441,2.6430832542152074,0.3722996178331224,0.06569068181793705,0.18640567308107553,0.6753736372650059,345.42546063531114,14.574539364688881,4.9558008409117535,4.0,0.022801538050613884,0.011718938802476675,0.03596328594731737,0.6477173081906156,0.0,0.004958893647953222,saved_center_displaced
10,stage,13480,13607,13481,13607,73.03078,73.661859,127,2.9463524176990523,2.4546967441830616,2.784497334833193,2.642993764079856,0.42967307565031493,0.053213699074885684,0.14952637424239057,0.6027287651261192,347.9100305762296,12.089969423770404,2.6006924843990817,4.0,0.014704964488226282,0.007369305875607271,0.02146701753231147,0.577880962128376,0.0,0.032378575671248015,saved_center_displaced
10,stage,13500,13627,13501,13627,73.130951,73.76203,127,2.9300350806546476,2.449531294276918,2.7878500986698356,2.640782810726923,0.44157409628861544,0.06280569585811747,0.1596681666669142,0.5690505863708669,346.2007133992646,13.799286600735416,2.808583351551158,4.0,0.006674529410806984,0.01636037006566265,0.024055856667105475,0.5396926919432475,0.0,0.038760002247851706,saved_center_displaced
10,stage,13520,13647,13521,13647,73.231123,73.862202,127,2.917700078451334,2.449485047114221,2.7918826898682623,2.6485926069201486,0.4410370028812045,0.05921520839022443,0.1458227806533678,0.5798856882270282,346.316708716918,13.68329128308196,4.175036334164442,4.0,0.010668902271986675,0.005155234274424342,0.01688759018392502,0.5340341988202514,0.0,0.02796837639201627,saved_center_displaced
10,stage,13540,13667,13541,13667,73.331294,73.962373,127,2.9014371158551393,2.4581175888633355,2.7894451502378415,2.650722919476072,0.40465657839682284,0.06014467082415482,0.16123026497101983,0.6062892463236254,343.2726568522825,16.727343147717484,3.070374383769742,4.0,0.0040469445925004,0.003867316037012011,0.007354415599420367,0.5505857500658697,0.0,0.04550051094288129,saved_center_displaced
10,stage,13560,13687,13561,13687,73.431465,74.062544,127,2.8857092654275815,2.5034409335056167,2.7865102453356587,2.6513738039971297,0.38707338318583867,0.05910976096611988,0.16420379194115384,0.5211270833836034,343.138409024811,16.861590975189003,2.1170149168644725,4.0,0.007668199820266359,0.00939426908829232,0.015259632762620169,0.46015551404392935,0.0,0.12394210439383037,saved_center_displaced
10,stage,13580,13707,13581,13707,73.531636,74.162716,127,2.864748495274529,2.5391916904874003,2.7912772666358543,2.65278506581004,0.3750438518608311,0.059587145816858596,0.16238004194232503,0.4411448409139444,343.29415704409854,16.70584295590146,2.399802233958501,4.0,0.008312680800873174,0.0027416497744685913,0.01427079826887896,0.3607123502172186,0.0,0.11050008038536782,saved_center_displaced
10,stage,13600,13727,13601,13727,73.631808,74.262887,127,2.8437771796284252,2.589404984742675,2.7919414388446038,2.6519952963526014,0.3338355313746698,0.07874545902872193,0.19202018730798553,0.37741486355166215,346.87630569633774,13.123694303662262,2.6817522290297973,4.0,0.0038629010665358864,0.004906189410413637,0.008610143490245593,0.2434372998155036,0.0,0.16300434663077887,supported
10,stage,13620,13747,13621,13747,73.731979,74.363058,127,2.8247517155816984,2.65443203473461,2.793382008484395,2.645040962424352,0.3254830602969545,0.08113698783869128,0.22179633497746015,0.25558253235185646,342.49494556928136,17.50505443071862,2.3827748228383774,4.0,0.00358205599306151,0.009844633139224098,0.011827045187448251,0.10060505229739007,0.0,0.2081617449838749,nonelliptic_or_noisy
10,stage,13640,13767,13641,13767,73.83215,74.46323,127,2.825176377355527,2.697843338920096,2.7982588785667417,2.6422883329229188,0.33183711056454623,0.08276350518956646,0.23781709334166948,0.36180628442164564,342.5823407277759,17.417659272224085,2.430361318022249,4.0,0.005996341707142366,0.012527600040589058,0.021214754869179484,0.18603275500709612,0.0,0.1308273843853916,nonelliptic_or_noisy
10,stage,13660,13787,13661,13787,73.932322,74.563401,127,2.82054785803054,2.721037405723571,2.799470736854153,2.6422148578852855,0.3211728042953824,0.08459183220735213,0.2411259377735771,0.4324274188728311,341.2295869199253,18.770413080074732,2.9131048620901048,4.0,0.0154002179228744,0.012194149457687048,0.027643882057826877,0.2540436321637917,0.0,0.07364067834298073,nonelliptic_or_noisy
10,stage,13680,13807,13681,13807,74.032493,74.663572,127,2.842269944739697,2.718399212454435,2.8061494602957917,2.6375264095223647,0.3188761645631891,0.07997283895416049,0.24912365877487885,0.4658357064456179,339.54425345067045,20.45574654932954,2.900638744960346,4.0,0.01704729731027971,0.013280306390537176,0.026341921998287787,0.2777647782666532,0.0,0.06862133247952121,nonelliptic_or_noisy
10,stage,13700,13827,13701,13827,74.132664,74.763744,127,2.857223766130299,2.7018723833060214,2.8054974298908717,2.635763069043152,0.32064089179847605,0.09137134780578561,0.2466714283605982,0.4533276037464056,338.0140567538221,21.985943246177904,2.883068052367568,4.0,0.016899483605879225,0.01490867295050907,0.036796886164496306,0.2617906405296553,0.0,0.06951063861805212,nonelliptic_or_noisy
10,stage,13720,13847,13721,13847,74.232836,74.863915,127,2.8116486984767115,2.6973062876907736,2.8103594514189227,2.6278715484149004,0.32631992363975143,0.07731949393941955,0.24549377787266635,0.38942871661061373,341.69302596771996,18.30697403228005,3.149993341910354,4.0,0.006076116300576642,0.006728923045177267,0.012369354303979892,0.2128178588668255,0.0,0.14036296357020947,nonelliptic_or_noisy
10,stage,13740,13867,13741,13867,74.333007,74.964086,127,2.8436245304667733,2.7362238656893174,2.8092910384505654,2.62508515820197,0.33906940819134673,0.0785534846453943,0.22292351321523868,0.507200568822347,341.4878546674167,18.5121453325833,2.7274211120216734,4.0,0.002401861109392296,0.012148760589132281,0.021589194245900944,0.34305988293269923,0.0,0.1485505757423577,nonelliptic_or_noisy
10,stage,13760,13887,13761,13887,74.433178,75.064258,127,2.8785099528229146,2.731399831607129,2.8092855972543616,2.6278774537890404,0.300919143118063,0.08019198979229435,0.241055249772511,0.5670134236400749,341.5889248737641,18.411075126235886,7.835499552682124,4.0,0.010818162094293052,0.011320956692278242,0.021161037951074248,0.4138477505425447,0.0,0.1170327074431656,nonelliptic_or_noisy
10,stage,13780,13907,13781,13907,74.53335,75.164429,127,2.8622069804042103,2.7084854519488744,2.814109924056245,2.6336500136890115,0.31233333176027855,0.07733931299848938,0.2430846916919619,0.45836799337127826,341.50651283333775,18.493487166662227,7.347697564318096,4.0,0.010501150006609176,0.010652847552014798,0.02060938771742633,0.2848200933875907,0.0,0.09003892307028623,nonelliptic_or_noisy
10,stage,13800,13927,13801,13927,74.633521,75.2646,127,2.8622069804042103,2.7177416182325373,2.8113692297351864,2.6332820951640743,0.3137727170310598,0.07448717869055019,0.23922163844096386,0.47974537671496936,338.76609957762474,21.233900422375275,3.5306555195879334,4.0,0.00638427268791377,0.014881068446705528,0.022065560428485304,0.3141743786013181,0.0,0.02949958929267499,nonelliptic_or_noisy
10,stage,13820,13947,13821,13947,74.733692,75.364772,127,2.857223766130299,2.7110694585632427,2.806221597314428,2.635443995269031,0.31464864221793387,0.07136287938855385,0.2360597222110112,0.4380454927041145,339.05472075768347,20.94527924231654,3.729726587762458,4.0,0.013096483590956737,0.015105014136505439,0.025360115850420945,0.28989923797360967,0.0,0.026466578831560082,nonelliptic_or_noisy
10,stage,13840,13967,13841,13967,74.833864,75.464943,127,2.8806579036659694,2.7027284432748644,2.805559701744173,2.642067285803045,0.2917448817531808,0.07325004532577253,0.24465425561425705,0.4686771674025473,337.91541352811015,22.084586471889832,4.395805619948055,4.0,0.024419022045827042,0.02409557321298532,0.03773231992082927,0.33089745920587316,0.0,0.08526048737063528,nonelliptic_or_noisy
10,stage,13860,13987,13861,13987,74.934035,75.565114,127,2.8700120456345943,2.70406933792644,2.803998196238848,2.6427683775225956,0.3085721671558692,0.06416980858544967,0.20466652225823637,0.4159459666708881,341.7506393928581,18.24936060714191,3.763552248008752,4.0,0.015177066772169269,0.009662004805000715,0.027570425451041616,0.2919473455456822,0.0,0.034772973054161105,nonelliptic_or_noisy
10,stage,13880,14007,13881,14007,75.034206,75.665286,127,2.888399491571252,2.7018723833060214,2.8055447895126875,2.6467880663324412,0.3019337828056202,0.07267676280249519,0.2115048500111519,0.45352647973095744,345.9366609785683,14.063339021431723,4.005132215147656,4.0,0.02334926421354748,0.01106344455482575,0.03781716921976837,0.32952470666331596,0.0,0.06133208441336815,nonelliptic_or_noisy
10,stage,13900,14027,13901,14027,75.134378,75.765457,127,2.892253137734925,2.7007715266627677,2.8031209774721138,2.6450303356603553,0.3061167225402082,0.06656741738885791,0.21955803255680564,0.45788820664060836,344.8198758471074,15.180124152892562,5.699784042329578,4.0,0.01347696792757402,0.014409132031807262,0.03296350356434375,0.3434203001643657,0.0,0.013092396983376308,nonelliptic_or_noisy
10,stage,13920,14047,13921,14047,75.234549,75.865628,127,2.892253137734925,2.692429218668603,2.802686898185975,2.6451667608626734,0.3195625154471566,0.06432026692880748,0.21533680523163007,0.4185466024531569,344.83272444050107,15.167275559498943,2.761711003437306,4.0,0.011177516750475127,0.007244467945277376,0.0195371419782436,0.3169056806744558,0.0,0.026105402201167072,nonelliptic_or_noisy
10,stage,13940,14067,13941,14067,75.33472,75.965799,127,2.909109259847722,2.6899713903710785,2.809794898063555,2.642195926096867,0.31874844239329025,0.06814543270298679,0.23904268821189317,0.44741196860956156,344.6634667668383,15.33653323316166,2.808045535703763,4.0,0.006164366452217436,0.009390883929489021,0.015800307954044617,0.3457527642778274,0.0,0.05344142297451731,nonelliptic_or_noisy
10,stage,13960,14087,13961,14087,75.434891,76.065971,127,2.955780680116172,2.7026670472769796,2.811243109988692,2.6397631874248817,0.33371802183473115,0.06269884655822504,0.22870588918385676,0.546820574170284,344.01813544864086,15.981864551359143,2.535122519980405,4.0,0.014908129940591933,0.00338489160242899,0.023704437934817923,0.4723523716282263,0.0,0.144934805220735,nonelliptic_or_noisy
10,stage,13980,14107,13981,14107,75.535063,76.166142,127,2.9972072178028553,2.685006970394636,2.8177726964265646,2.6443983889393228,0.24370962800786836,0.083412161343302,0.318951638715252,0.8820935472628104,334.82500803533514,25.17499196466486,5.558217834264679,4.0,0.017956164711692958,0.029828412773022103,0.04939694150608353,0.7548831527306964,0.0,0.18478434702926735,nonelliptic_or_noisy
10,stage,14000,14127,14001,14127,75.635234,76.266313,127,3.043219574558196,2.676642577510034,2.81169594810841,2.6454679209142427,0.19429877665532974,0.08874769020000546,0.3645449476429231,1.3405154578728609,332.95679855305775,27.043201446942238,12.079418551264633,4.0,0.04573584951874436,0.04230175237509346,0.13278184831193282,1.2023391821161962,0.0,0.24069344243346405,nonelliptic_or_noisy
10,stage,14020,14147,14021,14147,75.735405,76.366485,127,3.0600656740978405,2.6751423933270857,2.811171661846358,2.6446484669360957,0.16343075526352113,0.0994800789818751,0.38151598572060774,1.6376772737009795,332.8921002181075,27.107899781892506,25.833502540349564,4.0,0.016995891619480546,0.07912736391508542,0.1614783562004595,1.534320006503285,0.0,0.10348581600705363,nonelliptic_or_noisy
10,stage,14040,14167,14041,14167,75.835577,76.466656,127,3.1068368680993155,2.662839685942191,2.8108190477779535,2.6434609140322087,0.10111203601024987,0.19047169404280667,0.6257921429800393,2.8447509907979853,328.5376072500981,31.462392749901866,39.36576926039487,3.0,0.028007359778304916,0.023862435026706035,0.0909515672392083,2.933888668277494,0.0,0.4783029754875509,center_unidentifiable
10,stage,14060,14187,14061,14187,75.935748,76.566827,127,3.117424610073926,2.649893537577851,2.8148943784164544,2.7631922847291848,0.07900131737830862,0.400481835772516,1.0026626302224406,2.3585849482919854,236.79984170017593,123.20015829982408,51.79197664268631,3.0,0.07195193461652578,0.12691313903127222,0.34107609681740436,4.089169273539481,0.0,0.21169678282021304,center_unidentifiable
10,stage,14080,14207,14081,14207,76.035919,76.666999,127,,,,,,,,,,,,,,,,,,,fit_failed
10,stage,14100,14227,14101,14227,76.136091,76.76717,127,3.099972882868393,2.621618842991712,2.6915523436145876,3.06729577679564,0.08052319349856123,0.21921161882619392,0.7830745744000027,3.2002031748729927,42.41005515545504,317.58994484454496,15.615712794740194,2.0,8.363019131193724,11.320415257614009,21.003222071701096,7.507308068180921,0.0,0.18792314731768867,center_unidentifiable
10,stage,14120,14247,14121,14247,76.236262,76.867341,127,3.08998461320562,2.634387813560644,2.907699616046075,2.683512902510111,0.09738481695915568,0.20289403400276693,0.6380445226623013,1.690153332534836,119.73353961334448,240.26646038665552,15.700071866127482,4.0,1.0602514382192418,0.5676150682720166,2.656205983854362,1.9385823938142732,0.0,0.16646826730739728,center_unidentifiable
10,stage,14140,14267,14141,14267,76.336433,76.967513,127,3.084653000450933,2.6437936199258836,2.7735999852210202,2.608690165501709,0.12921761811778879,0.17998273410531226,0.4559925669730368,1.819920669379677,216.22460778558892,143.77539221441108,37.68216887419177,4.0,0.5985617965342951,0.11026271913795156,1.391876523856293,2.422483315997321,0.0,0.08367134903127281,center_unidentifiable
10,stage,14160,14287,14161,14287,76.436605,77.067684,127,3.067189198707474,2.6515554310300895,2.7536004986947713,2.7138619403224316,0.18979256152502275,0.13604497881817676,0.41906972112080526,1.3060850903801273,276.947063891051,83.05293610894898,11.037479377419826,3.0,0.019273197221211145,0.015679897827482882,0.07558808473659576,1.684568577773277,0.0,0.10069411371240043,center_unidentifiable
10,stage,14180,14307,14181,14307,76.536776,77.167855,127,2.9731062705094877,2.658908815923104,2.765545294908735,2.72275789781534,0.24844815836776135,0.09207721595833397,0.3014989105441174,0.7836115247964935,278.4524005721063,81.54759942789373,7.616175218875659,4.0,0.2188858457037714,0.13249534547231523,0.4729533847824239,0.874063776156837,0.0,0.37983721122803754,center_unidentifiable
10,stage,14200,14327,14201,14327,76.636947,77.268027,127,2.932987038097625,2.669767548673785,2.7609662645467963,2.7241006595666692,0.352352696218665,0.06408980475435821,0.2122681662385865,0.4295069708814739,275.77183489404956,84.22816510595044,5.047922946797697,4.0,0.41933023678108616,0.18782292647894364,1.0713919549691706,0.5119797121927124,0.0,0.11795789534593536,center_unidentifiable
10,stage,14220,14347,14221,14347,76.737119,77.368198,127,2.9270658488591117,2.680841069962005,2.711537021500085,2.717847253817664,0.3523242052249248,0.060274400734241784,0.19427514817326427,0.591027123976211,261.7013180817246,98.29868191827539,37.796721827513934,4.0,0.18542357875134138,0.051753042651832705,0.3814697857432059,0.620686058846342,0.0,0.03564104638186235,center_unidentifiable
10,stage,14240,14367,14241,14367,76.83729,77.468369,127,2.900511167629463,2.680841069962005,2.708296641424303,2.715684963777154,0.35480039630108406,0.0648693434883799,0.1920057086535804,0.5375753516079318,258.7554236953599,101.24457630464008,59.13699008652605,4.0,0.13512343791026282,0.26125089489253644,0.6898935334733843,0.5505833216927901,0.0,0.07484400103971225,center_unidentifiable
10,stage,14260,14387,14261,14387,76.937461,77.568541,127,2.800928736563521,2.6894349700486093,2.725391663797835,2.6218269372805767,0.3282453124144023,0.06101458593831282,0.19733763275732857,0.45319745558174934,140.81693928218047,219.18306071781953,41.903211639053296,4.0,0.06796426153466044,0.4748317935112282,1.175997042578285,0.3088362074219969,0.0,0.30450569573703895,center_unidentifiable
10,stage,14280,14407,14281,14407,77.037633,77.668712,127,2.7855398046812896,2.943316060841826,2.7551766577958876,2.9933415845288653,0.08126382020310671,0.2310025665638256,0.4171930949191419,0.6201152675167239,336.78837844852194,23.21162155147806,2.5533553115430125,4.0,0.3207935572896662,0.2857070419390164,0.81998047275236,0.720111395534705,0.0,3.1298929887575797,center_unidentifiable
10,stage,14300,14427,14301,14427,77.137804,77.768883,127,2.77284784615056,2.9601258600965625,2.752837746040282,2.991105974948037,0.0635940178440705,0.3077540903212454,0.5376661577826104,0.5487394288614493,330.40956132667066,29.590438673329324,2.4633871156151494,4.0,0.3777798955104954,0.3647436033468877,0.8310056668729802,0.5799366967539331,0.0,0.3312123371755471,center_unidentifiable
10,stage,14320,14447,14321,14447,77.237975,77.869054,127,2.7654722087198844,2.9693314230028127,2.7521240509409557,2.9875602051241272,0.05617605047222288,0.3433244439059245,0.6079810251389185,0.6004246420537916,332.5347678411516,27.465232158848398,2.377479979404863,4.0,0.8316124995433515,0.7020710575954592,1.5740292801998923,0.40218922130152046,0.0,0.20998030758452244,center_unidentifiable
10,stage,14340,14467,14341,14467,77.338147,77.969226,127,2.762292697602601,2.974014499463217,2.735276529335668,2.996260145370521,0.05700149737311007,0.311116466388176,0.6063964024888535,0.5921241794384007,343.82050375669365,16.179496243306357,2.510325846913558,4.0,0.5812707275686907,0.5597740173067839,1.6880617209337594,0.6139543217487613,0.0,0.09930322465443962,center_unidentifiable
10,stage,14360,14487,14361,14487,77.438318,78.069397,127,2.759390140229047,2.9857044953095357,2.7311866044138178,2.9910878063867434,0.0500088347489699,0.29294892709162257,0.5970500480597977,0.6257060984939057,346.18483633475813,13.815163665241855,3.27955282919534,4.0,0.2749035136191159,0.17526296903431338,0.41283307246596634,0.57415266481027,0.0,0.240856459881346,center_unidentifiable
10,stage,14380,14507,14381,14507,77.538489,78.169568,127,2.756323200580294,2.9934184785171336,2.6848569514884133,3.488063355297649,0.05577536200424347,0.5093473377433211,1.074101005850076,1.8569659138778272,169.60404910371335,190.39595089628665,20.7441449181775,4.0,0.14240254527459492,3.1266815546859723,8.930236279774139,8.960603982367275,0.0,0.14883461373648918,center_unidentifiable
10,stage,14400,14527,14401,14527,77.63866,78.26974,127,2.7540325637317133,2.999924368819651,2.742644170785702,3.2829127420286137,0.072823505812852,0.44818111133663546,0.802376532235825,1.056393662025544,281.94460572431484,78.05539427568517,17.201163273280194,3.0,0.043284350719117286,0.5429210818718558,1.5946288617555475,3.8890936482600202,0.0,0.0947134253949558,center_unidentifiable
10,stage,14420,14547,14421,14547,77.738832,78.369911,127,2.757354095526461,3.007686096572453,2.7570754122811,3.203414850525573,0.09619589274132963,0.3337011722406006,0.6164277047392098,0.6925613851810042,300.1041350448851,59.895864955114945,15.825921826853204,4.0,0.1801151714780971,0.832611780242613,1.042449834831105,2.034691365433279,0.0,0.08776435183602416,center_unidentifiable
10,stage,14440,14567,14441,14567,77.839003,78.470082,127,2.7598063384774294,3.015267253375926,2.774458562303969,3.1087433430528075,0.1723609698821725,0.1923596112714457,0.31048153269466194,0.3560571825172399,295.66364134909827,64.3363586509017,10.695836735683123,3.0,0.013907338894175725,0.46792513138901104,0.6008428027509509,0.548949552393062,0.0,0.04622798437956845,center_unidentifiable
10,stage,14460,14587,14461,14587,77.939174,78.570254,127,2.7588965372102,3.028403380390837,2.820861849027847,2.7508407892698137,0.17192496502679336,0.1775635198087874,0.3113217373481571,0.3715104499946168,185.15620546817482,174.84379453182518,12.655579612432414,3.0,0.01652835050137903,0.2821342417133343,2.3373845847910553,1.6541827365881796,0.0,0.07658919982736964,center_unidentifiable
10,stage,14480,14607,14481,14607,78.039346,78.670425,127,,,,,,,,,,,,,,,,,,,fit_failed
10,stage,14500,14627,14501,14627,78.139517,78.770596,127,,,,,,,,,,,,,,,,,,,fit_failed
10,stage,14520,14647,14521,14647,78.239688,78.870768,127,2.752291391125796,3.175056167605286,2.7229916665266707,3.2594405668359214,0.05960042648108024,0.23596677524558515,0.6029836283403549,0.892547313100631,305.6390087649353,54.360991235064695,2.6118649115932753,2.0,0.35966803599846503,0.3857800311138419,0.5574685762021749,1.4987539024875023,0.0,0.32576895183306753,center_unidentifiable
10,stage,14540,14667,14541,14667,78.33986,78.970939,127,2.7541887490340926,3.193071126827128,2.7377278937422798,3.2434737388788295,0.06005418003937191,0.23100198022033266,0.5710679917769187,0.6716844405841201,343.6586509773997,16.341349022600326,3.008614539295712,4.0,0.23543146258171133,0.25005671874335744,0.7572328721163781,0.88291067971843,0.0,0.3016376162671533,center_unidentifiable
10,stage,14560,14687,14561,14687,78.440031,79.07111,127,2.7595756256751205,3.210375394090386,2.749815853812822,3.234234897193077,0.06006201891634045,0.25807709996009887,0.5893683724455115,0.6096071838127655,343.2701578166898,16.72984218331019,3.1975031892493546,4.0,0.26741671614680984,0.19503245427702537,0.4924006084719448,0.42919737209433323,0.0,0.30174406945312005,center_unidentifiable
10,stage,14580,14707,14581,14707,78.540202,79.171282,127,,,,,,,,,,,,,,,,,,,fit_failed
10,stage,14600,14727,14601,14727,78.640374,79.271453,127,,,,,,,,,,,,,,,,,,,fit_failed
10,stage,14620,14747,14621,14747,78.740545,79.371624,127,,,,,,,,,,,,,,,,,,,fit_failed
10,stage,14640,14767,14641,14767,78.840716,79.471796,127,,,,,,,,,,,,,,,,,,,fit_failed
10,stage,14660,14787,14661,14787,78.940888,79.571967,127,,,,,,,,,,,,,,,,,,,fit_failed
10,stage,14680,14807,14681,14807,79.041059,79.672138,127,,,,,,,,,,,,,,,,,,,fit_failed
10,stage,14700,14827,14701,14827,79.14123,79.77231,127,,,,,,,,,,,,,,,,,,,fit_failed
10,stage,14720,14847,14721,14847,79.241402,79.872481,127,,,,,,,,,,,,,,,,,,,fit_failed
10,stage,14740,14867,14741,14867,79.341573,79.972652,127,,,,,,,,,,,,,,,,,,,fit_failed
10,stage,14760,14887,14761,14887,79.441744,80.072823,127,,,,,,,,,,,,,,,,,,,fit_failed
10,stage,14780,14907,14781,14907,79.541915,80.172995,127,,,,,,,,,,,,,,,,,,,fit_failed
10,stage,14800,14927,14801,14927,79.642087,80.273166,127,,,,,,,,,,,,,,,,,,,fit_failed
10,stage,14820,14947,14821,14947,79.742258,80.373337,127,,,,,,,,,,,,,,,,,,,fit_failed
10,stage,14840,14967,14841,14967,79.842429,80.473509,127,,,,,,,,,,,,,,,,,,,fit_failed
10,stage,14860,14987,14861,14987,79.942601,80.57368,127,,,,,,,,,,,,,,,,,,,fit_failed
10,stage,14880,15007,14881,15007,80.042772,80.673851,127,,,,,,,,,,,,,,,,,,,fit_failed
10,stage,14900,15027,14901,15027,80.142943,80.774023,127,,,,,,,,,,,,,,,,,,,fit_failed
10,stage,14920,15047,14921,15047,80.243115,80.874194,127,,,,,,,,,,,,,,,,,,,fit_failed
10,stage,14940,15067,14941,15067,80.343286,80.974365,127,,,,,,,,,,,,,,,,,,,fit_failed
10,stage,14960,15087,14961,15087,80.443457,81.074537,127,,,,,,,,,,,,,,,,,,,fit_failed
10,stage,14980,15107,14981,15107,80.543629,81.174708,127,,,,,,,,,,,,,,,,,,,fit_failed
10,stage,15000,15127,15001,15127,80.6438,81.274879,127,,,,,,,,,,,,,,,,,,,fit_failed
10,stage,15020,15147,15021,15147,80.743971,81.375051,127,,,,,,,,,,,,,,,,,,,fit_failed
10,stage,15040,15167,15041,15167,80.844143,81.475222,127,,,,,,,,,,,,,,,,,,,fit_failed
10,stage,15060,15187,15061,15187,80.944314,81.575393,127,,,,,,,,,,,,,,,,,,,fit_failed
10,stage,15080,15207,15081,15207,81.044485,81.675565,127,,,,,,,,,,,,,,,,,,,fit_failed
10,stage,15100,15227,15101,15227,81.144657,81.775736,127,,,,,,,,,,,,,,,,,,,fit_failed
10,stage,15120,15247,15121,15247,81.244828,81.875907,127,,,,,,,,,,,,,,,,,,,fit_failed
10,stage,15140,15267,15141,15267,81.344999,81.976079,127,,,,,,,,,,,,,,,,,,,fit_failed
10,stage,15160,15287,15161,15287,81.445171,82.07625,127,2.9486154164865814,3.1015176067387547,3.267848074557995,2.959007053913145,0.03981096814522697,0.5006143051322127,0.7469342223209973,0.8419684212796377,28.363514316066357,331.63648568393364,2.6268378551222837,3.0,0.5629061786562476,0.24237032281263796,9.849531011300623,8.781448839972164,0.0,0.0,center_unidentifiable
10,stage,15180,15307,15181,15307,81.545342,82.176421,127,2.9486154164865814,3.1015176067387547,2.9815608289050437,3.1019774584504503,0.041548437463119516,0.4069292389069851,0.7552276576655743,0.6994708101970099,347.7798409557404,12.220159044259628,2.9414382436197175,2.0,1.0468570717863397,0.3231389989519554,1.4195060627978082,0.7930171042901523,0.0,0.0,center_unidentifiable
10,stage,15200,15327,15201,15327,81.645513,82.276592,127,,,,,,,,,,,,,,,,,,,fit_failed
10,stage,15220,15347,15221,15347,81.745684,82.376764,127,,,,,,,,,,,,,,,,,,,fit_failed
10,stage,15240,15367,15241,15367,81.845856,82.476935,127,,,,,,,,,,,,,,,,,,,fit_failed
10,stage,15260,15387,15261,15387,81.946027,82.577106,127,,,,,,,,,,,,,,,,,,,fit_failed
10,stage,15280,15407,15281,15407,82.046198,82.677278,127,,,,,,,,,,,,,,,,,,,fit_failed
10,stage,15300,15427,15301,15427,82.14637,82.777449,127,,,,,,,,,,,,,,,,,,,fit_failed
10,stage,15320,15447,15321,15447,82.246541,82.87762,127,,,,,,,,,,,,,,,,,,,fit_failed
10,stage,15340,15467,15341,15467,82.346712,82.977792,127,,,,,,,,,,,,,,,,,,,fit_failed
10,stage,15360,15487,15361,15487,82.446884,83.077963,127,,,,,,,,,,,,,,,,,,,fit_failed
10,stage,15380,15507,15381,15507,82.547055,83.178134,127,,,,,,,,,,,,,,,,,,,fit_failed
10,stage,15400,15527,15401,15527,82.647226,83.278306,127,,,,,,,,,,,,,,,,,,,fit_failed
10,stage,15420,15547,15421,15547,82.747398,83.378477,127,,,,,,,,,,,,,,,,,,,fit_failed
10,stage,15440,15567,15441,15567,82.847569,83.478648,127,,,,,,,,,,,,,,,,,,,fit_failed
10,stage,15460,15587,15461,15587,82.94774,83.57882,127,,,,,,,,,,,,,,,,,,,fit_failed
10,stage,15480,15607,15481,15607,83.047912,83.678991,127,,,,,,,,,,,,,,,,,,,fit_failed
10,stage,15500,15627,15501,15627,83.148083,83.779162,127,,,,,,,,,,,,,,,,,,,fit_failed
10,stage,15520,15647,15521,15647,83.248254,83.879334,127,,,,,,,,,,,,,,,,,,,fit_failed
10,stage,15540,15667,15541,15667,83.348426,83.979505,127,,,,,,,,,,,,,,,,,,,fit_failed
10,stage,15560,15687,15561,15687,83.448597,84.079676,127,2.9486154164865814,3.1015176067387547,3.0008548051710915,2.4773048065543684,0.11260967011440189,0.20950301499425672,0.43383289424551724,0.4842646278144593,171.51153241650493,188.48846758349507,22.354117251665524,2.0,0.147390901576585,0.5627706294186814,0.7116106162854394,5.562532078079936,1.0648487828928757,0.0,center_unidentifiable
10,stage,15580,15707,15581,15707,83.548768,84.179847,127,2.9486154164865814,3.1015176067387547,2.9754801627177057,2.969967061897131,0.13132401003950805,0.19771333279006217,0.3993147164755937,0.4165778308351036,340.9097561711025,19.09024382889748,15.09448805390776,2.0,0.03529758471912144,1.5671182100314514,3.895731198719185,1.0223997411319323,0.9290192941869193,0.0,center_unidentifiable
10,stage,15600,15727,15601,15727,83.64894,84.280019,127,,,,,,,,,,,,,,,,,,,fit_failed
10,stage,15620,15747,15621,15747,83.749111,84.38019,127,,,,,,,,,,,,,,,,,,,fit_failed
10,stage,15640,15767,15641,15767,83.849282,84.480361,127,,,,,,,,,,,,,,,,,,,fit_failed
10,stage,15660,15787,15661,15787,83.949453,84.580533,127,,,,,,,,,,,,,,,,,,,fit_failed
10,stage,15680,15807,15681,15807,84.049625,84.680704,127,,,,,,,,,,,,,,,,,,,fit_failed
10,stage,15700,15827,15701,15827,84.149796,84.780875,127,2.9486154164865814,3.1015176067387547,3.0018954313751,2.8424913059767314,0.20584990240750797,0.08360040183516272,0.19931044159558606,1.0417602242386372,288.075448456797,71.924551543203,8.217444899869674,4.0,0.043055327887487185,0.0673453783896182,0.14887693451186004,1.2846700753089755,0.0,0.0,saved_center_displaced
10,stage,15720,15847,15721,15847,84.249967,84.881047,127,2.9486154164865814,3.1015176067387547,3.000454942846772,2.8141876718762404,0.32533431868081525,0.05763340730671584,0.12257024056854066,0.618719081134517,295.3444140611148,64.65558593888524,11.835875694746512,3.0,0.04693955839219271,0.06619946252555255,0.14721819515640402,0.8974426154032286,0.0,0.0,center_unidentifiable
10,stage,15740,15867,15741,15867,84.350139,84.981218,127,2.9486154164865814,3.1015176067387547,3.0069979489440235,2.78119508758149,0.3425010464424337,0.05617827750939165,0.11632706222843738,0.5060164569791011,330.4801595345304,29.519840465469596,9.773566901289588,3.0,0.07323164066497626,0.12721961982822372,0.18573741141244768,0.9506525787734309,0.0,0.0,center_unidentifiable
10,stage,15760,15887,15761,15887,84.45031,85.081389,127,,,,,,,,,,,,,,,,,,,fit_failed
10,stage,15780,15907,15781,15907,84.550481,85.181561,127,2.9486154164865814,3.1015176067387547,2.756031475274605,2.722062587331524,0.37210416630894627,0.07519871756707631,0.19000637763600556,1.194472177107321,330.0856173406826,29.914382659317454,22.360811242182947,4.0,0.24090421564751038,1.0648856822983235,2.525029653422102,1.1435741714501741,0.0,0.0,center_unidentifiable
10,stage,15800,15927,15801,15927,84.650653,85.281732,127,2.9486154164865814,3.1015176067387547,2.7625393825946176,2.72087235230476,0.3824616928678165,0.06735681184766895,0.1856918329941702,1.165826635048517,336.60263278764353,23.397367212356478,14.783736018748927,4.0,0.03482122625555536,0.05604105016356015,0.1400931779718153,1.1078030329131978,0.0,0.0,saved_center_displaced
10,stage,15820,15947,15821,15947,84.750824,85.381903,127,2.9486154164865814,3.1015176067387547,2.7672927991742964,2.7204679191322643,0.397546954221954,0.068250815891518,0.17845974859205954,1.1215848890646838,336.5707238405744,23.4292761594256,6.417816569285531,4.0,0.015533105901333109,0.006186721415708706,0.02739808137957415,1.0614882404756056,0.0,0.0,saved_center_displaced
10,stage,15840,15967,15841,15967,84.850995,85.482075,127,2.9486154164865814,3.1015176067387547,2.76123563107271,2.7256955984894464,0.46692521260187053,0.06324367546568363,0.17881904415447983,0.9596561163697931,338.4828867684142,21.51711323158585,3.650426957822565,4.0,0.017024165743183182,0.007630366039052502,0.0310039949115836,0.8993827451818375,0.0,0.0,saved_center_displaced
10,stage,15860,15987,15861,15987,84.951167,85.582246,127,2.9486154164865814,3.1015176067387547,2.778149985665196,2.725232608636887,0.5441821426036477,0.0636520840210609,0.18360559420776107,0.8425957583805908,343.71149376583645,16.288506234163535,2.5731034154083217,4.0,0.016871274584941885,0.00888009441028515,0.02655185678246238,0.7591147203586934,0.0,0.0,saved_center_displaced
10,stage,15880,16007,15881,16007,85.051338,85.682417,127,2.9486154164865814,3.1015176067387547,2.7979961550706207,2.7186412654249685,0.5421052333894951,0.06691934766685229,0.17371520434983767,0.8299054178906143,346.8261526779324,13.173847322067614,2.771551861724403,4.0,0.015416988737183304,0.00288877687075842,0.025350715442165748,0.7589616093525253,0.0,0.0,saved_center_displaced
10,stage,15900,16027,15901,16027,85.151509,85.782589,127,2.9486154164865814,3.1015176067387547,2.797087881611462,2.7136754214364744,0.5338172214526603,0.06268235091285293,0.17257602723035526,0.8605368345633806,346.61958388509305,13.380416114906925,2.4728010695717257,4.0,0.012273235993891301,0.006940878434589242,0.017760602495379932,0.7800269668842864,0.0,0.0,saved_center_displaced
10,stage,15920,16047,15921,16047,85.251681,85.88276,127,2.9486154164865814,3.1015176067387547,2.80152112412825,2.7156430418995017,0.5240762106109954,0.0630087298399379,0.17107613320837722,0.8682922149557493,343.1193501821561,16.880649817843903,2.579638193533272,4.0,0.005567565879025772,0.007649776556874304,0.013107999325437894,0.7879768818560372,0.0,0.0,saved_center_displaced
10,stage,15940,16067,15941,16067,85.351852,85.982931,127,2.9486154164865814,3.1015176067387547,2.8021585154006208,2.710897027180338,0.5410898874749204,0.04409151811512365,0.15788624894329478,0.836270377721594,346.59226175463954,13.407738245360449,2.600329928562713,4.0,0.005382642829608066,0.005226404353543455,0.009741616275029636,0.7709881620598658,0.0,0.0,saved_center_displaced
10,stage,15960,16087,15961,16087,85.452023,86.083103,127,2.9486154164865814,3.1015176067387547,2.8064548576936423,2.7112183046613305,0.5393288041546208,0.04549060613402142,0.13932097287342682,0.8276718589489374,345.2997945993444,14.700205400655566,2.6230351217042625,4.0,0.003996405168642498,0.006107365511864503,0.010453901886964084,0.7701853801997057,0.0,0.0,saved_center_displaced
10,stage,15980,16107,15981,16107,85.552195,86.183274,127,2.9486154164865814,3.1015176067387547,2.802123406818235,2.7100362204305775,0.5581604361729465,0.04501075686098822,0.14118843994870825,0.8111692801151383,345.0395613303001,14.960438669699895,2.6622632933629062,4.0,0.009701727654869898,0.00312796677576613,0.014381657590287632,0.7488748737165289,0.0,0.0,saved_center_displaced
10,stage,16000,16127,16001,16127,85.652366,86.283445,127,2.9486154164865814,3.1015176067387547,2.8017993780643726,2.71240900734379,0.5148138463516806,0.05104061981753411,0.15113480048774738,0.8727741012658782,345.3391111196005,14.660888880399485,2.5973363183199325,4.0,0.00710417900312213,0.005577005131467759,0.014412316581609932,0.8078359680042889,0.0,0.0,saved_center_displaced
10,stage,16020,16147,16021,16147,85.752537,86.383616,127,2.9486154164865814,3.1015176067387547,2.8009150128374136,2.711279747510897,0.5657465852114776,0.043264813152884926,0.1295695033445752,0.7802262747811237,344.7749512204331,15.225048779566897,2.7972364477655414,4.0,0.005626725614053014,0.0049472387138760196,0.011186586446053215,0.7375282950739299,0.0,0.0,saved_center_displaced
10,stage,16040,16167,16041,16167,85.852708,86.483788,127,2.9486154164865814,3.1015176067387547,2.7988495306988654,2.709381447599491,0.5393288041546208,0.04855706116119026,0.12930869714973567,0.8296656287226305,345.42155293226,14.57844706774,2.274315532703788,4.0,0.00679556029170181,0.003327162710673208,0.010632761204527417,0.7783054311599437,0.0,0.0,saved_center_displaced
10,stage,16060,16187,16061,16187,85.95288,86.583959,127,2.9486154164865814,3.1015176067387547,2.7955881259392843,2.7115409940119863,0.5657465852114776,0.04574483278288251,0.11875688724880616,0.7882811564957103,342.0098767245739,17.99012327542605,2.6872304229554747,4.0,0.004081367109018645,0.003947738608676055,0.008361989995662863,0.7404837257100817,0.0,0.0,saved_center_displaced
10,stage,16080,16207,16081,16207,86.053051,86.68413,127,2.9486154164865814,3.1015176067387547,2.797774357638582,2.716118394140092,0.5006402049217451,0.053079589474183134,0.14773032293221847,0.8902481982937476,348.8067893402631,11.193210659736897,2.2055124012316667,4.0,0.009605836323311927,0.00501155947025024,0.01299695766728839,0.826674754983393,0.0,0.0,saved_center_displaced
10,stage,16100,16227,16101,16227,86.153222,86.784302,127,2.9486154164865814,3.1015176067387547,2.801334017898266,2.7179207206416756,0.5573213571299144,0.04129190760943829,0.12629652895291452,0.7910948014481283,347.1804847062039,12.819515293796087,2.1350085230766704,4.0,0.0049272805645391915,0.007337341465765819,0.010443187192728229,0.7372756726383565,0.0,0.0,saved_center_displaced
10,stage,16120,16247,16121,16247,86.253394,86.884473,127,2.9486154164865814,3.1015176067387547,2.8007012835806537,2.718562833969093,0.49538316572829694,0.041551499344968136,0.12185488647792962,0.8612507595995429,343.43700225826547,16.562997741734517,2.1916055206508442,4.0,0.006137762243281929,0.008319049360281366,0.012067096155818264,0.8287073019341992,0.0,0.0,saved_center_displaced
10,stage,16140,16267,16141,16267,86.353565,86.984644,127,2.9486154164865814,3.1015176067387547,2.792622684319432,2.7198609416898547,0.5500131853564971,0.03988926541281167,0.12642709101456862,0.8040798387690701,345.564736510494,14.43526348950598,2.245697131106588,4.0,0.007519969207936734,0.005807519789267023,0.01228118601626504,0.7496277688400712,0.0,0.0,saved_center_displaced
10,stage,16160,16287,16161,16287,86.453736,87.084816,127,2.9486154164865814,3.1015176067387547,2.788042727082436,2.7251233969052695,0.5268807310327746,0.03819964830270155,0.13275750643799367,0.8070891375967282,344.1490821057167,15.850917894283342,2.406531731018084,4.0,0.010935169077854918,0.004657103656450601,0.016202116158979894,0.7766731411628646,0.0,0.0,saved_center_displaced
10,stage,16180,16307,16181,16307,86.553908,87.184987,127,2.9486154164865814,3.1015176067387547,2.788916088194677,2.7245693732685594,0.5426356362817123,0.034971982284382364,0.11261449068935656,0.7929466778347201,344.14461111732334,15.855388882676671,2.2038109405344892,4.0,0.009511280390759767,0.0027397287897512838,0.014028946407061526,0.7544330790593856,0.0,0.0,saved_center_displaced
10,stage,16200,16327,16201,16327,86.654079,87.285158,127,2.9486154164865814,3.1015176067387547,2.7896205621655654,2.7278172025023957,0.5004009227373851,0.03560134226399699,0.12099891044853132,0.848165436448725,343.5498340873974,16.450165912602596,2.4696272901628853,4.0,0.0073603011331798175,0.002799322391987524,0.01134068681066054,0.8115840675997983,0.0,0.0,saved_center_displaced
10,stage,16220,16347,16221,16347,86.75425,87.38533,127,2.9486154164865814,3.1015176067387547,2.7900645409289675,2.7248760367537885,0.5215531554386648,0.03847808646544527,0.11605263392322059,0.8167518681584506,343.6358511408244,16.364148859175582,2.2752019436123905,4.0,0.007026161203652513,0.0015903502554548712,0.011635359716942923,0.7835308228633326,0.0,0.0,saved_center_displaced
10,stage,16240,16367,16241,16367,86.854422,87.485501,127,2.9486154164865814,3.1015176067387547,2.789420028308975,2.722804747038483,0.5004009227373851,0.04878117752996975,0.12327410831440494,0.8553693223932841,341.47233121628244,18.527668783717534,2.431498038656873,4.0,0.009343070521989617,0.007803639591058612,0.01862626744248718,0.8209659613614017,0.0,0.0,saved_center_displaced
10,stage,16260,16387,16261,16387,86.954593,87.585672,127,2.9486154164865814,3.1015176067387547,2.788295654245218,2.7262558253948352,0.5196808038976606,0.04311215601153331,0.11508366417868668,0.8274787518576002,341.499012042917,18.500987957082977,2.4072864383626236,4.0,0.010603684218570586,0.0023388923821269637,0.018271292721985872,0.785238385354261,0.0,0.0,saved_center_displaced
10,stage,16280,16407,16281,16407,87.054764,87.685844,127,2.9486154164865814,3.1015176067387547,2.7931669758451503,2.7277989034628116,0.4952509947923621,0.0466827228181395,0.11998007264390728,0.8659174366660907,340.09191430389,19.908085696110007,2.4577210551619992,4.0,0.008020361530329423,0.003980540245898184,0.013982436688745358,0.817280635838812,0.0,0.0,saved_center_displaced
10,stage,16300,16427,16301,16427,87.154936,87.786015,127,2.9486154164865814,3.1015176067387547,2.7949254525568716,2.7279809382193005,0.5366021842798812,0.04388556614602334,0.11659103785456654,0.800005190398852,345.59908276644387,14.400917233556134,2.517117111392559,4.0,0.006553352405622794,0.004381840766667695,0.010438041622459255,0.7527338260594695,0.0,0.0,saved_center_displaced
10,stage,16320,16447,16321,16447,87.255107,87.886186,127,2.9486154164865814,3.1015176067387547,2.79250798719195,2.726324254252206,0.5008477581455821,0.048702515580664865,0.11592315537831559,0.8598652599689489,345.4184438267747,14.581556173225277,2.493110728410179,4.0,0.006358816867856839,0.003411168179798754,0.009619601332271379,0.8113716991250024,0.0,0.0,saved_center_displaced
10,stage,16340,16467,16341,16467,87.355278,87.986358,127,2.9486154164865814,3.1015176067387547,2.7959497857306217,2.727497352164358,0.5170287033638924,0.05211874407132848,0.12124826419596497,0.8420266429160045,344.6456001203083,15.354399879691682,2.5072030886679566,4.0,0.008034357070118726,0.004164095972727949,0.013976434610832915,0.7813447343564854,0.0,0.0,saved_center_displaced
10,stage,16360,16487,16361,16487,87.45545,88.086529,127,2.9486154164865814,3.1015176067387547,2.7930799229958354,2.729969107210311,0.4597226594903762,0.05118855320800203,0.1331924537069362,0.9452018492973356,344.7871478706392,15.212852129360792,2.5456966673465855,4.0,0.006236052973909308,0.0030274124170806068,0.010679563621072894,0.8761581246812604,0.0,0.0,saved_center_displaced
10,stage,16380,16507,16381,16507,87.555621,88.1867,127,2.9486154164865814,3.1015176067387547,2.795856512813609,2.7291532495689514,0.5008477581455821,0.05095863524695968,0.13086226958466932,0.873415409709432,344.7493499704873,15.250650029512691,2.5951297087932903,4.0,0.01020236062827159,0.00571539866290826,0.01671481691520994,0.8035983474231714,0.0,0.0,saved_center_displaced
10,stage,16400,16527,16401,16527,87.655792,88.286872,127,2.9486154164865814,3.1015176067387547,2.7910538965652685,2.729129061765167,0.47640406443005634,0.06116915006195603,0.15628140216062408,0.9132652202787335,344.72775178985574,15.272248210144236,2.400781348258395,4.0,0.01218920009541996,0.0014985363984049824,0.018190103758894453,0.848754144069384,0.0,0.0,saved_center_displaced
10,stage,16420,16547,16421,16547,87.755964,88.387043,127,2.9486154164865814,3.1015176067387547,2.7968555067149308,2.7273141073468796,0.4603882147192639,0.061480730575258664,0.15448383284615233,0.9426748682146586,344.63911156576427,15.360888434235747,2.8156366099680095,4.0,0.006003737670378518,0.006770199165548077,0.01385438956222537,0.8770990242486901,0.0,0.0,saved_center_displaced
10,stage,16440,16567,16441,16567,87.856135,88.487214,127,2.9486154164865814,3.1015176067387547,2.7969279341157955,2.7275648753192643,0.47640406443005634,0.0637213045360046,0.15391574403896027,0.9105338010064152,343.69007654718666,16.309923452813308,2.398959273044298,4.0,0.013904315404968698,0.0018034960105856013,0.020800248501595717,0.847067606150018,0.0,0.0,saved_center_displaced
10,stage,16460,16587,16461,16587,87.956306,88.587385,127,2.9486154164865814,3.1015176067387547,2.7898219729989524,2.726421430824109,0.4912500606668891,0.059191243626520715,0.1535177730398508,0.8846956232457948,345.75035199188454,14.24964800811544,2.6024539487014375,4.0,0.01051643304143898,0.0027896840301961105,0.018076593905451306,0.8291573125025515,0.0,0.0,saved_center_displaced
10,stage,16480,16607,16481,16607,88.056477,88.687557,127,2.9486154164865814,3.1015176067387547,2.789542902668065,2.727992434507628,0.4912500606668891,0.06086553535319215,0.16623821781146236,0.8856602847041426,345.86893662217904,14.131063377820983,2.5715054891214524,4.0,0.006339694513117814,0.007151636836828483,0.011501510412236944,0.8264357238165069,0.0,0.0,saved_center_displaced
10,stage,16500,16627,16501,16627,88.156649,88.787728,127,2.9486154164865814,3.1015176067387547,2.7886347900347563,2.7269955106626904,0.5382781849410134,0.05420762424532933,0.1626780527131126,0.8138729236494828,345.7969591754198,14.203040824580244,2.4723844377125292,4.0,0.012580765326939605,0.0021414806804911754,0.02015237725442806,0.7565973893683781,0.0,0.0,saved_center_displaced
10,stage,16520,16647,16521,16647,88.25682,88.887899,127,2.9486154164865814,3.1015176067387547,2.7925993342441737,2.722353019997034,0.505011617309328,0.05656600714876229,0.1294353312948357,0.8769814379345042,348.9709778372974,11.029022162702587,2.597323694498556,4.0,0.010041789057056797,0.005899708656391473,0.01829157808077726,0.8118789364224077,0.0,0.0,saved_center_displaced
10,stage,16540,16667,16541,16667,88.356991,88.988071,127,2.9486154164865814,3.1015176067387547,2.795690621472166,2.718023292416007,0.5073832634655929,0.051707114503425314,0.13171574811164977,0.876602906608197,349.3826510562906,10.61734894370938,2.6421896894070156,4.0,0.004794168927858249,0.006775827586974728,0.012506723045882101,0.8137056111715183,0.0,0.0,saved_center_displaced
10,stage,16560,16687,16561,16687,88.457163,89.088242,127,2.9486154164865814,3.1015176067387547,2.7919550965846724,2.719367503347294,0.5073832634655929,0.045798874971104936,0.1372118623745962,0.8793157235783438,349.07514691841345,10.924853081586557,2.4674854456474185,4.0,0.006914928395113984,0.00523419672688865,0.012975487931130526,0.8140093452488228,0.0,0.0,saved_center_displaced
10,stage,16580,16707,16581,16707,88.557334,89.188413,127,2.9486154164865814,3.1015176067387547,2.7922238580494123,2.7204763896107376,0.505011617309328,0.04877635620412034,0.13990157657030372,0.8784647636804894,341.52172827576896,18.478271724231032,2.4943590604877417,4.0,0.013038068684407624,0.009504819836076097,0.023447361923424444,0.815598645663923,0.0,0.0,saved_center_displaced
10,stage,16600,16727,16601,16727,88.657505,89.288585,127,2.9486154164865814,3.1015176067387547,2.794874869752367,2.7200491422497355,0.5121885955685438,0.04907357385128447,0.1254356974114576,0.87313877602608,345.7947154704346,14.20528452956543,2.410464150132249,4.0,0.006237836533372289,0.006698803774878359,0.012695503379696384,0.8029928436913164,0.0,0.0,saved_center_displaced
10,stage,16620,16747,16621,16747,88.757677,89.388756,127,2.9486154164865814,3.1015176067387547,2.795348451382925,2.720633312814899,0.50216634594589,0.048312001832225726,0.13398137272184238,0.8889562564410398,345.7383584123649,14.261641587635076,2.290972664321936,4.0,0.006033861016844198,0.006142625716473391,0.013202432679130061,0.8175876172974602,0.0,0.0,saved_center_displaced
10,stage,16640,16767,16641,16767,88.857848,89.488927,127,2.9486154164865814,3.1015176067387547,2.7964863560237587,2.7222750366687936,0.5212368532516762,0.03407787845634402,0.12985059243308253,0.8495429229945162,346.61354937853866,13.386450621461355,2.327645234759831,4.0,0.012891243676965073,0.006417894421585902,0.021841103228205077,0.7839380417992758,0.0,0.0,saved_center_displaced
10,stage,16660,16787,16661,16787,88.958019,89.589099,127,2.9486154164865814,3.1015176067387547,2.794040205251043,2.722640021247433,0.49571274334040427,0.03848948890228632,0.13231797128923575,0.892312092906653,343.30589469513916,16.694105304860845,2.294515417340302,4.0,0.004432416153310369,0.0021876138962818753,0.007438641660723795,0.8254708768727319,0.0,0.0,saved_center_displaced
10,stage,16680,16807,16681,16807,89.058191,89.68927,127,2.9486154164865814,3.1015176067387547,2.7926247562360262,2.7257678848421283,0.4867533517368331,0.043803288749038216,0.1440083837621415,0.9036081398339896,344.1247273233141,15.875272676685901,2.22096682050203,4.0,0.00610218593311784,0.005205533909006583,0.011749889673534627,0.835829164320508,0.0,0.0,saved_center_displaced
10,stage,16700,16827,16701,16827,89.158362,89.789441,127,2.9486154164865814,3.1015176067387547,2.8036089961705404,2.7239196985447576,0.49571274334040427,0.03813139013977492,0.1347068237588067,0.8655958417385826,347.7143194955472,12.285680504452783,2.395915231064427,4.0,0.002249271299455731,0.002765402818521796,0.00436581008465078,0.8159638400052112,0.0,0.0,saved_center_displaced
10,stage,16720,16847,16721,16847,89.258533,89.889613,127,2.9486154164865814,3.1015176067387547,2.8019432217328872,2.7226251709671514,0.47915041084527304,0.040929261401544584,0.1433200125898352,0.9044058028023801,348.931538264991,11.068461735009032,2.306313876422455,4.0,0.005896824168734044,0.002388524116980575,0.008559585401363224,0.8479399921518981,0.0,0.0,saved_center_displaced
10,stage,16740,16867,16741,16867,89.358705,89.989784,127,2.9486154164865814,3.1015176067387547,2.804887005972038,2.723958918315563,0.4994907588700857,0.04703012795031935,0.13717546174180092,0.8608937900957275,349.034198712656,10.965801287343998,2.3204722439935646,4.0,0.004302077933231191,0.003542031499943724,0.008130748140998185,0.8088049889409431,0.0,0.0,saved_center_displaced
10,stage,16760,16887,16761,16887,89.458876,90.089955,127,2.9486154164865814,3.1015176067387547,2.8020672135107625,2.7222841927008212,0.5314311992064835,0.04220874410654167,0.12937191995736297,0.81748020888551,343.5200600558432,16.479939944156797,2.350734072557125,4.0,0.0029713282285660204,0.002540168808177709,0.005516408261548467,0.765036168710906,0.0,0.0,saved_center_displaced
10,stage,16780,16907,16781,16907,89.559047,90.190127,127,2.9486154164865814,3.1015176067387547,2.8063331480857916,2.723656110780297,0.5597146634534127,0.04795097172747999,0.12132027727702197,0.7748829242000354,343.8096165554945,16.190383444505517,2.421408887169921,4.0,0.0028467632049671405,0.0023212191382860543,0.0052272559059594135,0.7213706919048553,0.0,0.0,saved_center_displaced
10,stage,16800,16927,16801,16927,89.659219,90.290298,127,2.9486154164865814,3.1015176067387547,2.804135261392627,2.725004731126339,0.5000679905945318,0.05167854008437899,0.12965992164247087,0.8676406275392426,345.4063387433484,14.59366125665161,2.4016053466465515,4.0,0.004432389366472984,0.0037050403437077517,0.00831841797414443,0.8064545585202352,0.0,0.0,saved_center_displaced
10,stage,16820,16947,16821,16947,89.75939,90.390469,127,2.9486154164865814,3.1015176067387547,2.797474471563895,2.720122154797631,0.567161249106429,0.04498452314996995,0.12299852749517799,0.7801181493925812,337.2325284395314,22.7674715604686,2.3544799343035474,4.0,0.004914708609114018,0.0047869743483656855,0.01140664553396999,0.7233414410081727,0.0,0.0,saved_center_displaced
10,stage,16840,16967,16841,16967,89.859561,90.49064,127,2.9486154164865814,3.1015176067387547,2.7939003449622657,2.720768805199273,0.5277817186592614,0.04721460388568071,0.12728445371885933,0.8394137198420192,343.70237451412197,16.297625485878047,2.44124576096317,4.0,0.007148315812690764,0.002588286789696806,0.008620403003334703,0.7786973808666547,0.0,0.0,saved_center_displaced
10,stage,16860,16987,16861,16987,89.959733,90.590812,127,2.9486154164865814,3.1015176067387547,2.7893433957153126,2.720791168381636,0.567161249106429,0.043954907895023286,0.11243930283921434,0.7935447883270882,345.2560705149111,14.7439294850889,2.520995542797717,4.0,0.007450851125193925,0.004482207086507385,0.01241286608234657,0.7276566884719236,0.0,0.0,saved_center_displaced
10,stage,16880,17007,16881,17007,90.059904,90.690983,127,2.9486154164865814,3.1015176067387547,2.7862825967527205,2.721578811229951,0.5586059259197201,0.04156203695324072,0.11043905959805853,0.8058612142333483,344.0258553069329,15.974144693067112,2.386651276027874,4.0,0.0064832655473837965,0.0042325872235617025,0.011287345548676485,0.7396361559512564,0.0,0.0,saved_center_displaced
10,stage,16900,17027,16901,17027,90.160075,90.791154,127,2.9486154164865814,3.1015176067387547,2.7816552076387886,2.722903910270732,0.5446288435133295,0.036422859748103206,0.12032379681785756,0.8292012228278596,344.01164619420354,15.98835380579648,2.66080701501011,4.0,0.003728632343099031,0.004805892983304459,0.007998856165685622,0.7597692899714167,0.0,0.0,saved_center_displaced
10,stage,16920,17047,16921,17047,90.260246,90.891326,127,2.9486154164865814,3.1015176067387547,2.778595607528802,2.7257622364995098,0.531000570622947,0.03709656402540996,0.13351731989080096,0.8522701587981698,347.05029724216666,12.94970275783331,2.3780951939451334,4.0,0.0033658010175403263,0.007598309402959374,0.012637936841908287,0.7767042474758294,0.0,0.0,saved_center_displaced
10,stage,16940,17067,16941,17067,90.360418,90.991497,127,2.9486154164865814,3.1015176067387547,2.7748337832262884,2.730572330965712,0.5446288435133295,0.039974424992213216,0.12596065902220888,0.8213796229440495,347.273988865066,12.72601113493404,2.3463326219775777,4.0,0.006472832686063221,0.00475047174890937,0.012326937085793958,0.7521352231022862,0.0,0.0,saved_center_displaced
10,stage,16960,17087,16961,17087,90.460589,91.091668,127,2.9486154164865814,3.1015176067387547,2.7656776873270554,2.735283174886891,0.5284923377030514,0.04845075818929676,0.1341516356279895,0.8499991250746709,348.4816332869864,11.518366713013592,2.258419757088077,4.0,0.012867896240312593,0.0043083035339521345,0.02029444951199393,0.7746229718205376,0.0,0.0,saved_center_displaced
10,stage,16980,17107,16981,17107,90.56076,91.19184,127,2.9486154164865814,3.1015176067387547,2.763253482610644,2.7371976110791914,0.5570474527560778,0.05228255080649384,0.12230909528102336,0.8023972997926082,346.6585870875376,13.341412912462381,2.217226250500193,4.0,0.009449241937725072,0.0033551697546518517,0.012716161668749974,0.7338048454197654,0.0,0.0,saved_center_displaced
10,stage,17000,17127,17001,17127,90.660932,91.292011,127,2.9486154164865814,3.1015176067387547,2.761177340938922,2.7368800740619745,0.5284923377030514,0.052779418043647004,0.1292324818893383,0.8370008410356583,343.05712400956924,16.942875990430743,2.3464280359916803,4.0,0.006784797590779624,0.004282265630306165,0.01212989503339863,0.7757769033644332,0.0,0.0,saved_center_displaced
10,stage,17020,17147,17021,17147,90.761103,91.392182,127,2.9486154164865814,3.1015176067387547,2.758019725485197,2.740147817114383,0.545118954180021,0.04927777890007467,0.13460318651040268,0.8210447073824587,342.74759486656285,17.252405133437172,2.197320122927642,4.0,0.00857432907374221,0.0021788564911086362,0.014329495360301429,0.7494733508649665,0.0,0.0,saved_center_displaced
10,stage,17040,17167,17041,17167,90.861274,91.492354,127,2.9486154164865814,3.1015176067387547,2.759567437613339,2.741508025492698,0.5284923377030514,0.05078967286596501,0.1428300004768409,0.8463659305909287,342.803316646993,17.196683353007042,2.2623229245710257,4.0,0.0072803566814072926,0.002230383952038792,0.009325711607397471,0.7694106614639145,0.0,0.0,saved_center_displaced
10,stage,17060,17187,17061,17187,90.961446,91.592525,127,2.9486154164865814,3.1015176067387547,2.762624467163692,2.740652656813809,0.5284923377030514,0.04937642700472464,0.14313651793772383,0.8420838923222126,343.0306351740451,16.969364825954905,2.446907474835959,4.0,0.0110262926471199,0.0032453791748465626,0.017651635735627582,0.7681767903103692,0.0,0.0,saved_center_displaced
10,stage,17080,17207,17081,17207,91.061617,91.692696,127,2.9486154164865814,3.1015176067387547,2.7706803905886397,2.7383360763067603,0.5046302830573549,0.05479650983084007,0.14848447591131,0.8737724285094218,345.02339688082634,14.976603119173653,2.4356339663997377,4.0,0.005009940106084087,0.002991979383893452,0.009335798277689088,0.8014335062658758,0.0,0.0,saved_center_displaced
10,stage,17100,17227,17101,17227,91.161788,91.792868,127,2.9486154164865814,3.1015176067387547,2.775651150331271,2.736290177151871,0.545118954180021,0.05093417889919032,0.1456817939799365,0.8112630305000867,342.5178835146614,17.4821164853386,2.4111472539218206,4.0,0.0068568268311392086,0.003989643462966004,0.012000978597573982,0.7413308357089108,0.0,0.0,saved_center_displaced
10,stage,17120,17247,17121,17247,91.26196,91.893039,127,2.9486154164865814,3.1015176067387547,2.7797638449240063,2.73915265948954,0.545118954180021,0.05625511327756338,0.15122578554792915,0.8031263449744833,339.77066646836124,20.22933353163876,2.3806857933345142,4.0,0.006851101059460232,0.007015414990116648,0.014066682345528667,0.7333701081696068,0.0,0.0,saved_center_displaced
10,stage,17140,17267,17141,17267,91.362131,91.99321,127,2.9486154164865814,3.1015176067387547,2.7821762905457406,2.734302747474527,0.5618684579209069,0.04019439798236017,0.1418740754640382,0.7760357289836765,339.3947595386969,20.60524046130307,2.747658136566608,4.0,0.004732703570607394,0.0032852712540315464,0.007525860937105568,0.7175582223170965,0.0,0.0,saved_center_displaced
10,stage,17160,17287,17161,17287,91.462302,92.093382,127,2.9486154164865814,3.1015176067387547,2.7833977712017597,2.7385828134412358,0.5604533699263091,0.042174878953790865,0.13610624080077519,0.762626207956199,347.531864277375,12.468135722624968,2.616416336969502,4.0,0.006242248151779329,0.004967533306288212,0.00912443093433595,0.7115155378376562,0.0,0.0,saved_center_displaced
10,stage,17180,17307,17181,17307,91.562474,92.193553,127,2.9486154164865814,3.1015176067387547,2.7847294304633894,2.737196974358051,0.5387632698289214,0.041328645794699755,0.138958471401109,0.794193407348048,344.3625793574552,15.637420642544761,2.5770300590838144,4.0,0.006167226472830945,0.00619495623389329,0.013330510383869586,0.7414849250663631,0.0,0.0,saved_center_displaced
10,stage,17200,17327,17201,17327,91.662645,92.293724,127,2.9486154164865814,3.1015176067387547,2.788948983754467,2.7386510443254513,0.5234847511089875,0.04961213140923266,0.1401611041711997,0.8193431597941919,344.13046207481625,15.869537925183778,2.7858901672149536,4.0,0.0034963032466170723,0.0038503968774392856,0.006264405838265808,0.757311567131468,0.0,0.0,saved_center_displaced
10,stage,17220,17347,17221,17347,91.762816,92.393896,127,2.9486154164865814,3.1015176067387547,2.792871861556785,2.7414803795005325,0.5057954288756474,0.05810875197221048,0.14558250488521526,0.8461961809578771,347.0478771537578,12.952122846242208,2.5954099626384237,4.0,0.010973104283332216,0.004907012914729699,0.013674495506056684,0.7755686119552033,0.0,0.0,saved_center_displaced
10,stage,17240,17367,17241,17367,91.862988,92.494067,127,2.9486154164865814,3.1015176067387547,2.7983260081008665,2.7409278783155924,0.5267713166078417,0.05943396833589475,0.144795743020293,0.8198386922538475,346.8584804104471,13.141519589552928,2.6004596050381985,4.0,0.008026109622781025,0.003279004395648162,0.012629255525349797,0.741603928272029,0.0,0.0,saved_center_displaced
10,stage,17260,17387,17261,17387,91.963159,92.594238,127,2.9486154164865814,3.1015176067387547,2.802056821766916,2.7382937617223257,0.44827388833538706,0.06319630144167149,0.1668570902281042,0.9689614166078492,346.7394161251768,13.260583874823249,2.735783326931004,4.0,0.008511595764627396,0.001707833188958151,0.011401792306185685,0.8737451629929232,0.0,0.0,saved_center_displaced
10,stage,17280,17407,17281,17407,92.06333,92.694409,127,2.9486154164865814,3.1015176067387547,2.7973525745075607,2.737110808423475,0.5057954288756474,0.05686015324999618,0.15849246696566707,0.8671489731217137,345.71309365759777,14.286906342402224,2.5588785649237065,4.0,0.01118935468306821,0.0024021225089623202,0.01897259539758408,0.7800661189993893,0.0,0.0,saved_center_displaced
10,stage,17300,17427,17301,17427,92.163501,92.794581,127,2.9486154164865814,3.1015176067387547,2.8048285409891003,2.73754173032637,0.5070843838165685,0.04896760773202008,0.14317395999746346,0.8558243534851775,342.99506127188755,17.004938728112464,2.295801513560135,4.0,0.005666086267048379,0.0017038402866183565,0.008835049405919119,0.7717607110430431,0.0,0.0,saved_center_displaced
10,stage,17320,17447,17321,17447,92.263673,92.894752,127,2.9486154164865814,3.1015176067387547,2.8071334707205935,2.7374696651218935,0.48772888791628205,0.050167492716174183,0.14730839993881653,0.8776849675075962,343.81582932897663,16.184170671023363,2.3021301843432354,4.0,0.008119526517434873,0.0037046369332411687,0.013529664638764722,0.8008014363231153,0.0,0.0,saved_center_displaced
10,stage,17340,17467,17341,17467,92.363844,92.994923,127,2.9486154164865814,3.1015176067387547,2.8000266659673896,2.7376925263834835,0.5205745240539318,0.04534403835046349,0.15366496273529892,0.8219667310671693,344.20957574728624,15.79042425271377,2.4656078740712353,4.0,0.00729506140292422,0.0009827386038649855,0.010474256316501668,0.7549309973144305,0.0,0.0,saved_center_displaced
10,stage,17360,17487,17361,17487,92.464015,93.095095,127,2.9486154164865814,3.1015176067387547,2.7953685306768254,2.73784884705071,0.5025754667686869,0.04564423464654991,0.150097997324251,0.8454416416230625,344.40514410218697,15.594855897813018,2.4475348522065334,4.0,0.005956314524713176,0.0029331604483621354,0.010420948280410217,0.7852323938691421,0.0,0.0,saved_center_displaced
10,stage,17380,17507,17381,17507,92.564187,93.195266,127,2.9486154164865814,3.1015176067387547,2.799759427343713,2.7404404197803967,0.5210864532868394,0.04923981578026391,0.1377616301579454,0.8092010736083887,345.9741281692206,14.025871830779403,2.522496272746856,4.0,0.0029540142618909126,0.002673134893873284,0.0057334300384471616,0.7495053602019439,0.0,0.0,saved_center_displaced
10,stage,17400,17527,17401,17527,92.664358,93.295437,127,2.9486154164865814,3.1015176067387547,2.803661775889604,2.7407417395257556,0.5205745240539318,0.04638206931945629,0.13175375518010501,0.7963459659266536,345.80800586202935,14.191994137970637,2.694832973075516,4.0,0.0066430088617699355,0.0026216542195221463,0.010864667453369694,0.7468803308059209,0.0,0.0,saved_center_displaced
10,stage,17420,17547,17421,17547,92.764529,93.395609,127,2.9486154164865814,3.1015176067387547,2.802119811376258,2.7402085555967313,0.5533520014675586,0.04370659359533571,0.11378429980087745,0.7498394205300619,344.1390980691814,15.860901930818626,2.729994694362498,4.0,0.005917505594725157,0.005288332297245423,0.01091335881627589,0.7045758075649766,0.0,0.0,saved_center_displaced
10,stage,17440,17567,17441,17567,92.864701,93.49578,127,2.9486154164865814,3.1015176067387547,2.8037294860002495,2.743726827507805,0.5492363888775392,0.04805896255188593,0.12797894523766598,0.7482618137071035,344.36367714316884,15.636322856831137,2.81824406900046,4.0,0.003473130690051223,0.004163547319415241,0.007565883806659128,0.7028179251561161,0.0,0.0,saved_center_displaced
10,stage,17460,17587,17461,17587,92.964872,93.595951,127,2.9486154164865814,3.1015176067387547,2.8039589321943734,2.747057258207706,0.5366864470496904,0.04786259827916237,0.12926711999941398,0.762936025379108,344.3007782896043,15.6992217103957,2.857880824951731,4.0,0.0023919803772349912,0.004699618696939054,0.0075605714598586116,0.7133430183514595,0.0,0.0,saved_center_displaced
10,stage,17480,17607,17481,17607,93.065043,93.696123,127,2.9486154164865814,3.1015176067387547,2.8040869647007427,2.7534058351961663,0.5025754667686869,0.053673548985190195,0.13792807024397233,0.8140163125054493,344.19787231681886,15.802127683181126,2.9126445184230048,4.0,0.004897685799710881,0.0042983823351764976,0.00968531995257729,0.7499811220084299,0.0,0.0,saved_center_displaced
10,stage,17500,17627,17501,17627,93.165215,93.796294,127,2.9486154164865814,3.1015176067387547,2.8046304037030745,2.7563933597008,0.5265162126852162,0.04680295360245053,0.12848176774463987,0.7699903322341235,348.04494995504945,11.95505004495057,2.707994156804578,4.0,0.005731989092577854,0.005510218588726526,0.01135608468831436,0.7102442590569209,0.0,0.0,saved_center_displaced
10,stage,17520,17647,17521,17647,93.265386,93.896465,127,2.9486154164865814,3.1015176067387547,2.804303218183415,2.7611985346432597,0.5128551705862682,0.051664172145312895,0.1342857771169536,0.7819413024686016,346.8662966199962,13.133703380003777,2.8135909141161877,4.0,0.005692513286281536,0.009102694350858616,0.015969220369860256,0.7207739550553096,0.0,0.0,saved_center_displaced
10,stage,17540,17667,17541,17667,93.365557,93.996637,127,2.9486154164865814,3.1015176067387547,2.807056302794244,2.7684565785045594,0.47670792154126973,0.059354017589576216,0.1417482240724494,0.8229483090549315,342.2155855857168,17.784414414283237,2.6072490327072173,4.0,0.005964220470657257,0.008037319281099792,0.01621920188154677,0.7591564312628719,0.0,0.0,saved_center_displaced
10,stage,17560,17687,17561,17687,93.465729,94.096808,127,2.9486154164865814,3.1015176067387547,2.8018818349829497,2.7695927878712383,0.5071948323122348,0.05464126200782179,0.13563245419760492,0.7747861030008852,349.75585331563826,10.244146684361745,2.4326168208356367,4.0,0.003617882770022808,0.006474590723920964,0.010714302941122593,0.7155270060950584,0.0,0.0,saved_center_displaced
10,stage,17580,17707,17581,17707,93.5659,94.196979,127,2.9486154164865814,3.1015176067387547,2.801791700137345,2.7683500900757254,0.5071948323122348,0.05818216279638745,0.1409631613545443,0.7780994143114981,344.80384989752474,15.196150102475235,2.6236563032691254,4.0,0.006719050999171086,0.00872959867423241,0.012375743729476056,0.7178402737070426,0.0,0.0,saved_center_displaced
10,stage,17600,17727,17601,17727,93.666071,94.297151,127,2.9486154164865814,3.1015176067387547,2.803050441045975,2.7697840283762347,0.4505577051649996,0.06262075574714332,0.17338394809274937,0.8731542526134947,344.6780238139085,15.321976186091485,2.4156751111751547,4.0,0.007675670086980445,0.007554150322883772,0.015441671438312727,0.8040380762769876,0.0,0.0,saved_center_displaced
10,stage,17620,17747,17621,17747,93.766243,94.397322,127,2.9486154164865814,3.1015176067387547,2.805059076654103,2.7721170801077233,0.5045150533441702,0.04981923328444223,0.15355186244451424,0.7711984474786904,344.6423163232703,15.357683676729696,2.2581550072828875,4.0,0.0066010347618472645,0.008107138756314893,0.015642018115120945,0.7122149329802046,0.0,0.0,saved_center_displaced
10,stage,17640,17767,17641,17767,93.866414,94.497493,127,2.9486154164865814,3.1015176067387547,2.8026250173981544,2.770860679400617,0.44276244419994126,0.06274888929713698,0.17192852984714846,0.8922566680385366,344.77304708609967,15.226952913900318,2.5071190695398204,4.0,0.003332798441783014,0.009243966220210008,0.015377594931875562,0.8163554141287295,0.0,0.0,saved_center_displaced
10,stage,17660,17787,17661,17787,93.966585,94.597665,127,2.9486154164865814,3.1015176067387547,2.8029821654772915,2.7706974492475034,0.43794815776734036,0.061555539216462514,0.16815022553173423,0.9043605377098834,344.7661915401032,15.233808459896817,2.157300893772739,4.0,0.006740018783894641,0.004890113999450354,0.011016972086702295,0.8253415308268063,0.0,0.0,saved_center_displaced
10,stage,17680,17807,17681,17807,94.066757,94.697836,127,2.9486154164865814,3.1015176067387547,2.8127882231501773,2.770828708732907,0.43398338479337334,0.05501522521675842,0.17905675027704562,0.9069560357154244,344.4167792230623,15.583220776937694,2.219538538605994,4.0,0.008002116097884359,0.010130202394294824,0.017097262955666794,0.823757564501845,0.0,0.0,saved_center_displaced
10,stage,17700,17827,17701,17827,94.166928,94.798007,127,2.9486154164865814,3.1015176067387547,2.8125860590456297,2.7741084033194054,0.43102241164860894,0.05319995618023241,0.17448586964866541,0.9028062465741394,344.68810520497874,15.311894795021267,2.1941216534083376,4.0,0.0067693480722172536,0.0011089976058650238,0.010646823083469361,0.8225629061810963,0.0,0.0,saved_center_displaced
10,stage,17720,17847,17721,17847,94.267099,94.898178,127,2.9486154164865814,3.1015176067387547,2.8110827800137748,2.777338714609259,0.47565498998581063,0.04722566276047694,0.15378093344602528,0.8225565467604533,343.24277727415955,16.75722272584045,2.1578020235243174,4.0,0.006919069462673616,0.0025788293271228925,0.010446639984566622,0.7403402459656998,0.0,0.0,saved_center_displaced
10,stage,17740,17867,17741,17867,94.36727,94.99835,127,2.9486154164865814,3.1015176067387547,2.813862312171813,2.7756697594094253,0.4967419916476663,0.04772288217977125,0.15109937634073245,0.794728107902868,346.08358031527877,13.916419684721248,2.170501666819129,4.0,0.003257652110005078,0.004494926749796619,0.006878563801906875,0.7098493796034804,0.0,0.0,saved_center_displaced
10,stage,17760,17887,17761,17887,94.467442,95.098521,127,2.9486154164865814,3.1015176067387547,2.812665333973645,2.783690719597429,0.5117293687822705,0.04561162208889517,0.1484471084712777,0.7494503004023157,345.6669353832531,14.333064616746908,2.51307731042884,4.0,0.004217215011344104,0.00790772784817206,0.014468520425576807,0.6755180950685956,0.0,0.0,saved_center_displaced
10,stage,17780,17907,17781,17907,94.567613,95.198692,127,2.9486154164865814,3.1015176067387547,2.8131308705029143,2.7832797659747888,0.5247923094035226,0.044333703937899996,0.15130255698618308,0.740781955748299,347.6930090771991,12.306990922800898,2.5495436516118364,4.0,0.00883547452731605,0.006325793345805905,0.01590444654752939,0.6590754035299913,0.0,0.0,saved_center_displaced
10,stage,17800,17927,17801,17927,94.667784,95.298864,127,2.9486154164865814,3.1015176067387547,2.8098274240176497,2.78639115704622,0.5414961238133211,0.04978489912947088,0.14569189690237003,0.7116592550682808,344.97803253205313,15.021967467946887,2.5643997098707367,4.0,0.006592911706137217,0.005372298251504094,0.012807211928191621,0.6358961153177082,0.0,0.0,saved_center_displaced
10,stage,17820,17947,17821,17947,94.767956,95.399035,127,2.9486154164865814,3.1015176067387547,2.8112981724235144,2.7850246845287794,0.48760217804803657,0.053185044281532604,0.14287288123276612,0.7813077623970447,343.16400090587325,16.835999094126723,2.453446604276703,4.0,0.0061295539417465204,0.005671030482736909,0.013360140090656003,0.7075404287004033,0.0,0.0,saved_center_displaced
10,stage,17840,17967,17841,17967,94.868127,95.499206,127,2.9486154164865814,3.1015176067387547,2.808348446481843,2.7892159785405743,0.4164058765704516,0.0642818739854018,0.16788086596914611,0.892427972507426,340.7953338911954,19.204666108804602,3.0768384742626997,4.0,0.012684768851786711,0.003793097330421017,0.019728326861161605,0.8221672357033373,0.0,0.0,saved_center_displaced
10,stage,17860,17987,17861,17987,94.968298,95.599378,127,2.9486154164865814,3.1015176067387547,2.8242106226898973,2.7926995966453965,0.3662611047040322,0.06934357524941501,0.2024901722936384,0.9934736585812353,345.2537949375013,14.746205062498694,3.2971719663193144,4.0,0.02439050926912158,0.005996545025870793,0.03250874143126617,0.9090075288591961,0.0,0.0,nonelliptic_or_noisy
10,stage,17880,18007,17881,18007,95.06847,95.699549,127,2.9486154164865814,3.1015176067387547,2.8286939241554236,2.7940271732347544,0.3995544645055702,0.06378941979375596,0.17181844764100943,0.8876710365427513,339.20849297679865,20.791507023201365,4.479154261679849,4.0,0.0345165724723792,0.01302053744134489,0.048201110075193156,0.8260395018301178,0.0,0.0,saved_center_displaced
10,stage,17900,18027,17901,18027,95.168641,95.79972,127,2.9486154164865814,3.1015176067387547,2.856187428668848,2.775143385135645,0.3995544645055702,0.06295295819744887,0.1837830219241954,0.9047873571911396,338.7934853497741,21.206514650225945,4.953380974021349,4.0,0.057028926828764606,0.023805237394487883,0.10860257563270848,0.8489692932799504,0.0,0.0,saved_center_displaced
10,stage,17920,18047,17921,18047,95.268812,95.899892,127,2.9486154164865814,3.1015176067387547,2.8599255626127325,2.767558059272514,0.43769090280505757,0.05049962966967969,0.14487032975246678,0.864413140038972,340.4793743896648,19.520625610335173,2.764652689655167,4.0,0.04202198488087754,0.030765853184668963,0.09495288403449892,0.7894512423773722,0.0,0.0,saved_center_displaced
10,stage,17940,18067,17941,18067,95.368984,96.000063,127,2.9486154164865814,3.1015176067387547,2.894114104671305,2.7632662325668322,0.4781943190617153,0.0509057735110067,0.1237129263394416,0.7609516603377775,263.2710245736413,96.72897542635873,5.387542325198631,4.0,0.03327034353556938,0.027832707619287942,0.07335544177979879,0.7164745234766057,0.0,0.0,saved_center_displaced
10,stage,17960,18087,17961,18087,95.469155,96.100234,127,2.9486154164865814,3.1015176067387547,2.9507844054218273,2.7199989443468433,0.5932880215694047,0.03136085901168023,0.08815020337059164,0.6664673745721945,233.38080651715143,126.61919348284859,30.832152676828994,4.0,0.037714486253874274,0.0772965417581589,0.20058656000816408,0.6430684827265076,0.0,0.0,saved_center_displaced
10,stage,17980,18107,17981,18107,95.569326,96.200406,127,2.9486154164865814,3.1015176067387547,2.8561652138911566,2.811076443598104,0.6040697523718606,0.0336048274442956,0.08948753771659732,0.5608627490757968,142.1834915371214,217.8165084628786,61.277136376855154,3.0,0.14652114488975979,0.12321967687016351,0.4791925645685555,0.5045776788703588,0.0,0.0,center_unidentifiable
10,stage,18000,18127,18001,18127,95.669498,96.300577,127,2.9486154164865814,3.1015176067387547,3.2737769743027267,2.606296944611668,0.6092020229656677,0.03203817971933174,0.0798665204337174,0.869461158501029,138.19088900376113,221.80911099623887,42.68702604683306,3.0,0.04959114453001584,0.005726257936230008,0.259071694139466,0.9724691949738536,0.0,0.0,center_unidentifiable
10,stage,18020,18147,18021,18147,95.769669,96.400748,127,,,,,,,,,,,,,,,,,,,fit_failed
10,stage,18040,18167,18041,18167,95.86984,96.50092,127,,,,,,,,,,,,,,,,,,,fit_failed
10,stage,18060,18187,18061,18187,95.970012,96.601091,127,,,,,,,,,,,,,,,,,,,fit_failed
10,stage,18080,18207,18081,18207,96.070183,96.701262,127,,,,,,,,,,,,,,,,,,,fit_failed
10,stage,18100,18227,18101,18227,96.170354,96.801433,127,,,,,,,,,,,,,,,,,,,fit_failed
10,stage,18120,18247,18121,18247,96.270526,96.901605,127,2.9486154164865814,3.1015176067387547,2.761759241173445,2.5086579742912614,0.610628088458695,0.020896138064200386,0.04801369822525865,1.014025717185818,329.722434411686,30.277565588314033,2.6767412740604715,4.0,0.011571795271054989,0.019924649143358824,0.04594038064114157,1.01798301123808,0.0,0.0,saved_center_displaced
10,stage,18140,18267,18141,18267,96.370697,97.001776,127,2.9486154164865814,3.1015176067387547,2.7595563117434874,2.5041460977520416,0.6123737796145134,0.021838945595819143,0.04686015511299973,1.0009875011016232,326.65978911895024,33.34021088104976,2.5291835669600022,4.0,0.5440592052623766,0.6084102964037641,1.871924482969023,1.0231902288436685,0.0,0.0,center_unidentifiable
10,stage,18160,18287,18161,18287,96.470868,97.101947,127,2.9486154164865814,3.1015176067387547,2.7533951801766743,2.5103304176505534,0.6148544340647117,0.0224536001919588,0.047002132666903736,0.9956810589529378,338.18068670540544,21.81931329459455,2.5564022862014637,4.0,0.005765014136761327,0.0071476353958315865,0.013399064573686663,1.012574505221879,0.0,0.0,saved_center_displaced
10,stage,18180,18307,18181,18307,96.571039,97.202119,127,2.9486154164865814,3.1015176067387547,2.635770866899666,2.82522320621595,0.609476685641671,0.028334070323504983,0.09536511006264309,0.7046489932082206,255.9404938687796,104.05950613122039,49.783039842639035,4.0,0.07156196222182185,0.1925701026354648,0.547733551471959,0.684825348333581,0.0,0.0,center_unidentifiable
10,stage,18200,18327,18201,18327,96.671211,97.30229,127,2.9486154164865814,3.1015176067387547,2.8059668065416488,2.720319262420311,0.606628807206511,0.031976550785078106,0.10182432960597931,0.7328115168165464,320.85432297240226,39.145677027597735,39.086567591129445,3.0,0.010089661519135427,0.0018132748401629738,0.02224320843808271,0.6709448936168148,0.0,0.0,center_unidentifiable
10,stage,18220,18347,18221,18347,96.771382,97.402461,127,2.9486154164865814,3.1015176067387547,2.8039883885644254,2.7198177998314015,0.5963493464140504,0.032008582386038154,0.10288115596157371,0.7470431337599502,320.89981764852234,39.10018235147767,31.967867361665814,4.0,0.03875008691264858,0.022001924674782118,0.07018569364388241,0.6844662301990085,0.0,0.0,saved_center_displaced
10,stage,18240,18367,18241,18367,96.871553,97.502633,127,2.9486154164865814,3.1015176067387547,2.8165412661973335,2.7202577993551222,0.5626637261657625,0.03978785889287053,0.14885165965404443,0.7783173475113754,320.25696167567776,39.74303832432226,8.179880936387955,4.0,0.010706271104654433,0.008958885733702729,0.019893427065964017,0.7171033964515222,0.0,0.0,saved_center_displaced
10,stage,18260,18387,18261,18387,96.971725,97.602804,127,2.9486154164865814,3.1015176067387547,2.81767555651782,2.720812519772647,0.5385106855530878,0.047507573851023596,0.14610788829926874,0.8104645331693411,338.81203144634384,21.187968553656173,3.6582512349277176,4.0,0.006558296199301587,0.012085224942486495,0.020172278085297018,0.7476056001024194,0.0,0.0,saved_center_displaced
10,stage,18280,18407,18281,18407,97.071896,97.702975,127,2.9486154164865814,3.1015176067387547,2.8199214765452574,2.7262545830317726,0.4475716632337138,0.06170851325763703,0.19516060268514518,0.9579001504481887,336.8972041572548,23.102795842745184,3.4635772066037926,4.0,0.010318984712678803,0.00819120060535675,0.015581650813292462,0.8863767410290604,0.0,0.0,saved_center_displaced
10,stage,18300,18427,18301,18427,97.172067,97.803147,127,2.9486154164865814,3.1015176067387547,2.820515062815221,2.7331338871857223,0.4463105021567391,0.05535637215023136,0.19252966376528222,0.9453180511098582,337.48304090612527,22.516959093874718,3.2675081392928815,4.0,0.014124402233858621,0.001640686945341665,0.018822232356225644,0.8738778287518482,0.0,0.0,saved_center_displaced
10,stage,18320,18432,18321,18432,97.272239,97.828189,112,2.9486154164865814,3.1015176067387547,2.8229766411276094,2.7314816971887095,0.45831325026773184,0.05751624900916232,0.18250670872897345,0.9214938893378574,334.495473833414,25.50452616658599,3.5774832105548136,4.0,0.008268784907330955,0.0029132725304752897,0.013477608725907024,0.8526557179506391,0.0,0.0,saved_center_displaced
10,stage,18340,18432,18341,18432,97.37241,97.828189,92,2.9486154164865814,3.1015176067387547,2.8250622449145566,2.7341080872654997,0.44515185557666825,0.06191330384248584,0.1955753654249243,0.9536432384055973,334.18837644104036,25.811623558959663,3.2423115969822476,4.0,0.011499497085328741,0.007356555986596555,0.019994519034528757,0.8707760637108127,0.0,0.0,saved_center_displaced
10,stage,18360,18432,18361,18432,97.472581,97.828189,72,2.9486154164865814,3.1015176067387547,2.819035672494237,2.7339554761501965,0.4697993486855402,0.05367194871023829,0.1816582140863371,0.8950031914685229,334.1766660309016,25.823333969098403,3.532919811676136,4.0,0.026391360091088664,0.01068966949827194,0.044268831326468853,0.8295760900674289,0.0,0.0,saved_center_displaced
10,stage,18380,18432,18381,18432,97.572753,97.828189,52,2.9486154164865814,3.1015176067387547,2.8251041443762546,2.7346331083642736,0.4264780147480155,0.05504894065407672,0.18606139274887476,0.9497348831182856,334.1232473066136,25.876752693386365,3.619763361273091,4.0,0.03394333062608589,0.023886588036108394,0.05196070532945275,0.9077058987510365,0.0,0.0,saved_center_displaced
10,stage,18400,18432,18401,18432,97.672924,97.828189,32,2.9486154164865814,3.1015176067387547,2.8090981382032147,2.7333585705352794,0.47782241697902994,0.03944378917491588,0.12767506238770931,0.8663335368866261,320.58841326793544,39.41158673206457,3.5955853663998303,0.0,,,,0.8239634353178029,0.0,0.0,center_unidentifiable
