sample_no,start_index_0based,end_index_exclusive_0based,source_start_frame_1based,source_end_frame_1based,start_time_sec,end_time_sec,n_points,source,assessment,saved_center_x,saved_center_y,refit_center_x,refit_center_y,median_orbit_radius,residual_median_over_radius,residual_p95_over_radius,saved_center_residual_p95_over_radius,coverage_deg,max_gap_deg,normalized_condition,jackknife_valid_fits,jackknife_sd_x_over_radius,jackknife_sd_y_over_radius,jackknife_max_over_radius,saved_vs_refit_over_radius,initial_center_correction_over_radius,previous_saved_center_step_over_radius
14,0,768,2049,2816,15.781025,19.622595,768,initial,fit_failed,,,,,,,,,,,,,,,,,,
14,20,788,2069,2836,15.881197,19.722767,768,initial,fit_failed,,,,,,,,,,,,,,,,,,
14,40,808,2089,2856,15.981368,19.822938,768,initial,fit_failed,,,,,,,,,,,,,,,,,,
14,60,828,2109,2876,16.081539,19.923109,768,initial,fit_failed,,,,,,,,,,,,,,,,,,
14,80,848,2129,2896,16.18171,20.023281,768,initial,fit_failed,,,,,,,,,,,,,,,,,,
14,100,868,2149,2916,16.281882,20.123452,768,initial,fit_failed,,,,,,,,,,,,,,,,,,
14,120,888,2169,2936,16.382053,20.223623,768,initial,fit_failed,,,,,,,,,,,,,,,,,,
14,140,908,2189,2956,16.482224,20.323795,768,initial,fit_failed,,,,,,,,,,,,,,,,,,
14,160,928,2209,2976,16.582396,20.423966,768,initial,fit_failed,,,,,,,,,,,,,,,,,,
14,180,948,2229,2996,16.682567,20.524137,768,initial,fit_failed,,,,,,,,,,,,,,,,,,
14,200,968,2249,3016,16.782738,20.624308,768,initial,fit_failed,,,,,,,,,,,,,,,,,,
14,220,988,2269,3036,16.88291,20.72448,768,initial,fit_failed,,,,,,,,,,,,,,,,,,
14,240,1008,2289,3056,16.983081,20.824651,768,initial,fit_failed,,,,,,,,,,,,,,,,,,
14,260,1028,2309,3076,17.083252,20.924822,768,initial,fit_failed,,,,,,,,,,,,,,,,,,
14,280,1048,2329,3096,17.183424,21.024994,768,initial,fit_failed,,,,,,,,,,,,,,,,,,
14,300,1068,2349,3116,17.283595,21.125165,768,initial,fit_failed,,,,,,,,,,,,,,,,,,
14,320,1088,2369,3136,17.383766,21.225336,768,initial,fit_failed,,,,,,,,,,,,,,,,,,
14,340,1108,2389,3156,17.483938,21.325508,768,initial,center_unidentifiable,2.325139448830621,2.9815888299764177,2.4216710122563994,3.0089448025721874,0.20872747233460287,0.3218687100131412,0.6666020711199003,0.7705038036475403,356.21427484164377,3.7857251583562403,2.216744555085688,4.0,0.15348760935971245,0.20600139264905176,0.5063931845611177,0.48068854864697314,9.301314512978239,2.1741497545319963
14,360,1128,2409,3176,17.584109,21.425679,768,initial,nonelliptic_or_noisy,2.1786377302128117,3.2345684534727344,2.414546465045859,3.017102857407881,0.39701460544052314,0.16918331616902665,0.35112723570233384,0.5333647739027866,355.4797066404755,4.520293359524507,2.370279473720329,4.0,0.037717568070972506,0.07050358372981616,0.1666098859011539,0.808154680693472,8.177533314090333,0.7363403980994749
14,380,1148,2429,3196,17.68428,21.52585,768,initial,nonelliptic_or_noisy,2.1816985897829033,3.2382404566515097,2.4117602314242133,3.019394098316404,0.3985944630074515,0.17021871172494013,0.34682206431502954,0.5130346679312741,352.8693693026211,7.130630697378902,2.295175703617871,4.0,0.05216859403983999,0.08827421025776137,0.216037001271567,0.7966115173484039,0.0,0.011993206168191392
14,400,1168,2449,3216,17.784452,21.626022,768,initial,center_unidentifiable,2.2703759078184076,3.073262672010662,2.3985348721480104,3.0423100859441248,0.2520162106915094,0.2559320300009715,0.5382556555281002,0.6494882277895521,352.359842900655,7.640157099345026,2.6896920733134317,4.0,0.08132995676085075,0.15700910031741308,0.3967584663165278,0.5231559555074053,0.0,0.7432066481281252
14,420,1188,2469,3236,17.884623,21.726193,768,initial,center_unidentifiable,2.3247218293157252,2.9839091563460407,2.3940968450975006,3.0448732656887803,0.21635632470499894,0.3085638354088435,0.6407163620443507,0.7360593605074395,354.0469231401958,5.953076859804193,2.744883705326216,4.0,0.20497274884474778,0.35408993964685387,0.7606542317967168,0.4268670025938029,0.0,0.48338150790756645
14,440,1208,2489,3256,17.984794,21.826364,768,initial,center_unidentifiable,2.3349557034483213,2.96793040413175,2.385775945340298,3.055137526866166,0.2137003947647938,0.3199183954906439,0.6508086447279322,0.7530293012130523,352.5877201096223,7.412279890377697,2.740708802249449,4.0,0.22242351865946652,0.39072746477401754,0.8838735849967466,0.4723179364839706,0.0,0.08879279213788895
14,460,1228,2509,3276,18.084966,21.926536,768,initial,center_unidentifiable,2.300945414616997,3.038415210506954,2.3994863139015736,3.0374320141584277,0.23594360476574508,0.2960435567129008,0.5872425119830297,0.6464197235709019,352.7597436542211,7.240256345778928,2.7393067666662763,4.0,0.17213836447982075,0.34992920630120594,0.7524587570156349,0.4176667733957526,0.0,0.33169430707172004
14,480,1248,2529,3296,18.185137,22.026707,768,initial,center_unidentifiable,2.317420389819611,3.018204319631197,2.3966900510695233,3.0442803744263003,0.22299924376838065,0.30403000963827054,0.6222458395947527,0.6683552194004155,352.3780835262581,7.621916473741905,2.7343638810199407,4.0,3.1822229667637205,4.176796292557464,11.889753953362986,0.37420945806125055,0.0,0.11692858684520825
14,500,1268,2549,3316,18.285308,22.126878,768,initial,center_unidentifiable,2.3217457316824563,3.005485423117897,2.6080633480039688,2.8806522650845574,0.2222735148820372,0.3366780949039836,0.6957484647611011,0.7639363336193284,342.87295379625846,17.127046203741525,2.3975275588064324,4.0,0.7852726217038793,0.6263048145728218,1.6834489130268928,1.4052403619808205,0.0,0.060440147203335376
14,520,1288,2569,3336,18.385479,22.22705,768,initial,center_unidentifiable,2.339497693845952,2.973108059982666,2.581736307768946,2.9011642777809397,0.21568327231393042,0.34561771659919643,0.7147404009976405,0.8194483985349941,351.4641716434168,8.5358283565832,2.4109814394235016,4.0,0.7044611251901541,0.5753298914483614,1.5665015763582155,1.1716085547344532,0.0,0.17119823804579706
14,540,1308,2589,3356,18.485651,22.327221,768,initial,center_unidentifiable,2.3543591838797147,2.9503618716670066,2.579957055190786,2.897890281127367,0.21101823579451823,0.35734943814245235,0.7310110179250243,0.8570083338244104,351.00497571436944,8.995024285630572,2.4163438185321944,4.0,0.692098051733024,0.5901187976911407,1.5448322350209205,1.0976286485897373,0.0,0.128760487786344
14,560,1328,2609,3376,18.585822,22.427392,768,initial,center_unidentifiable,2.35787428541427,2.949095796867834,2.6116841905682855,2.8571464512137106,0.21118896133884302,0.3817229779333518,0.7310072259405176,0.8578576929234092,349.3747944449134,10.625205555086616,2.450029276410963,4.0,1.3829599100845786,1.2748058313176895,3.7495433392719186,1.2782492223886104,0.0,0.017691071506048893
14,580,1348,2629,3396,18.685993,22.527564,768,initial,center_unidentifiable,2.3587504908774566,2.9447153756812807,2.59568434687789,2.8736571263572257,0.21594900902259884,0.36889238784102596,0.7145562882759029,0.889997013335968,350.3349968634784,9.665003136521591,2.4369044232744606,4.0,18.02633407878736,16.387213987216832,56.15119974003594,1.1454551925981,0.0,0.02068633895450138
14,600,1368,2649,3416,18.786165,22.627735,768,initial,center_unidentifiable,2.5856531813695844,2.8796289794225705,2.5765141872864867,2.8917486678735487,0.23242035516125045,0.34608003053645525,0.6681212318592229,0.6675726451886081,355.98019753277566,4.019802467224332,2.472129050718883,4.0,0.7933556333061775,0.6938235727900277,1.81530974880729,0.06530924663825578,0.0,1.015630098836115
14,620,1388,2669,3436,18.886336,22.727906,768,initial,center_unidentifiable,2.1127060352171867,3.328259249363792,2.5428216058579727,2.92483337315917,0.5518321998253755,0.14486099920976434,0.28087298553846607,0.4215979793093566,355.16235423434375,4.837645765656276,2.5664337247021902,4.0,0.17771281468932057,0.14832785286407882,0.3388595067042673,1.0686307848064285,0.0,1.1813019447329127
14,640,1408,2689,3456,18.986507,22.828077,768,initial,center_unidentifiable,2.9885122527279084,2.8796289794225705,2.536515357436398,2.9291993221239934,0.5336684147898179,0.14967493211745572,0.28999338255992124,0.7730958258026996,354.8293066952783,5.170693304721694,2.609441391076377,4.0,0.1925528837324829,0.1677091425545344,0.3783131666792398,0.8520402171708051,0.0,1.8438888285894504
14,660,1428,2709,3476,19.086679,22.928249,768,initial,center_unidentifiable,2.9459630463813187,2.8796289794225705,2.5383717058849258,2.929305167076828,0.4880384179475401,0.15913281907201512,0.3129474235322452,0.7992085145352538,354.6402603543904,5.359739645609608,2.691775564463851,4.0,0.1853161121364032,0.15689903811656628,0.35863243760773394,0.8413423405176698,0.0,0.08718413301463376
14,680,1448,2729,3496,19.18685,23.02842,768,initial,center_unidentifiable,2.473985660855327,2.7825261884136534,2.5433142522988064,2.92694339024144,0.23811951951443966,0.3151689620303792,0.6408768580016317,0.8748234832687405,353.9121120230829,6.087887976917123,2.6811732248471634,4.0,0.22737965404771998,0.23665934745601636,0.4217744506451067,0.6727548973522223,0.0,2.023616718396929
14,700,1468,2749,3516,19.287021,23.128591,768,initial,center_unidentifiable,2.5455544387683102,2.7248577162178886,2.5277433189023824,2.9441527939646246,0.2694355155196395,0.27503502068600033,0.5607023150655227,0.7509877717987249,355.14162809961726,4.858371900382721,2.685729158923412,4.0,0.7804181248177889,0.8599481942224022,2.4754149447934726,0.816585730696102,0.0,0.34112652978033714
14,720,1488,2769,3536,19.387193,23.228763,768,initial,center_unidentifiable,2.552870499926326,2.7091965904574975,2.5220412381038826,2.950975603220927,0.27395215003232376,0.2675923339445991,0.5522766904927578,0.7629570259733028,353.94511076020797,6.054889239792022,2.737855479250498,4.0,0.25959195731044626,0.25707886262520946,0.5135077739863085,0.8897050401818201,0.0,0.06309753506753984
14,740,1508,2789,3556,19.487364,23.328934,768,initial,center_unidentifiable,2.5519532457531913,2.7184575199959036,2.517422723777105,2.9569054019330108,0.2683713018247589,0.27227123805207876,0.5627719897498693,0.7515412596431665,355.9038787468826,4.096121253117413,2.755418786749755,4.0,0.23215771654836023,0.22976674577470982,0.4485822003494984,0.8977679590221388,0.0,0.03467674673375281
14,760,1528,2809,3576,19.587535,23.429105,768,initial,center_unidentifiable,2.559879481314087,2.7016853429594008,2.51193537112071,2.9633261101410717,0.27601620334663235,0.2656693013458301,0.5477390016779622,0.7615589225251578,354.78727354240345,5.212726457596526,2.7414601781681673,4.0,0.19876559725947457,0.18901465333738762,0.3747814859657327,0.9637015191854956,0.0,0.06720899545098172
14,780,1548,2829,3596,19.687707,23.529277,768,initial,center_unidentifiable,2.557412349243502,2.714053928737251,2.511810215742129,2.9663243030807775,0.2651576010429463,0.2767572724421945,0.5683750885125393,0.7486796846104447,355.10421853820264,4.895781461797327,2.7737909859872567,4.0,0.22900338462627734,0.2228686716513164,0.42075131510926367,0.9668171681405049,0.0,0.047565079067371605
14,800,1568,2849,3616,19.787878,23.629448,768,initial,center_unidentifiable,2.538750667112631,2.7527689400233895,2.5199809017990953,2.9629839980587493,0.24052402128471084,0.30133171242112317,0.6211843831109629,0.808959792308531,354.2653300437478,5.7346699562522,2.8088302847933906,4.0,0.23906079574624386,0.2391041621669215,0.5095039728504901,0.8774647725670144,0.0,0.1786849520397879
14,820,1588,2869,3636,19.888049,23.729619,768,initial,center_unidentifiable,2.5289076363049583,2.768508459523326,2.5108041770414937,2.975705379868582,0.23197039104020922,0.30905142830157617,0.6435272994077865,0.8187989053644983,354.3666987799547,5.633301220045307,2.833425608174999,4.0,0.26120878632078387,0.26029386744493826,0.5057150361280366,0.8966070815328911,0.0,0.08002694788589727
14,840,1608,2889,3656,19.988221,23.829791,768,initial,center_unidentifiable,2.474886450143499,2.8717858995303827,2.503188444136783,2.9912527008231327,0.2139327976698458,0.3333580469970165,0.6853206375499751,0.7565481345314667,354.7504563234716,5.249543676528399,2.948758750606564,4.0,0.34071139035303,0.37029417554797156,0.8185842436629649,0.5738879175994712,0.0,0.5448095965692857
14,860,1628,2909,3676,20.088392,23.929962,768,initial,center_unidentifiable,2.460535399103448,2.8805923348328477,2.5825500255712956,2.8833150836049595,0.21854768821524567,0.3081789633128987,0.6339144090175605,0.6499872005979994,355.4894394471292,4.510560552870808,2.9099967682421446,4.0,0.23225958792391493,0.1309882615764451,0.4283826579357347,0.5584364797817839,0.0,0.0770433017226654
14,880,1648,2929,3696,20.188563,24.030133,768,initial,nonelliptic_or_noisy,2.3904272332572782,2.975819791533182,2.5737715708361404,2.890090170396186,0.2568964309291137,0.2621617375693568,0.5444307135298924,0.5383921013359287,355.37155480678007,4.628445193219919,3.0366258201682323,4.0,0.11011665087860362,0.07566762200220098,0.20214874298990534,0.7878560843132877,0.0,0.4603081704358103
14,900,1668,2949,3716,20.288735,24.130305,768,initial,center_unidentifiable,2.5856531813695844,2.8796289794225705,2.566004644990724,2.888899989856237,0.17932752883615438,0.3688409117291629,0.8080683618171526,0.801917239656815,353.3306159051111,6.669384094888947,2.6818286396437796,4.0,0.21378720635991771,0.1549178034135944,0.38878181137868356,0.1211523045762508,0.0,1.2136282368036653
14,920,1688,2969,3736,20.388906,24.230476,768,initial,center_unidentifiable,2.5856531813695844,2.8796289794225705,2.5747103513972633,2.8621345983806106,0.17932752883615438,0.39193427646806894,0.8533202993578287,0.918546637014128,355.0254548462573,4.974545153742735,2.5678519762845213,4.0,0.14520833301028538,0.09359556288602142,0.25523478050909465,0.11506819524748087,0.0,0.0
14,940,1708,2989,3756,20.489077,24.330647,768,initial,nonelliptic_or_noisy,2.9413884721031303,2.8796289794225705,2.563978623077942,2.8705723686467692,0.41719746928299206,0.17068721875050905,0.3681794973797782,0.9715026656426166,354.3203330229375,5.679666977062473,2.4738817259569883,4.0,0.07715987166272066,0.03598280555244513,0.13551858976611,0.9048916299974767,0.0,0.8526784482775579
14,960,1728,3009,3776,20.589249,24.430819,768,initial,nonelliptic_or_noisy,2.7830629837105256,2.4708219803666376,2.566175129886729,2.865960352911213,0.4589203701973422,0.15472431976767712,0.3376044871303922,0.4945960391299775,354.8235850113106,5.176414988689394,2.460840006082562,4.0,0.06104317515585471,0.04020430648596083,0.10395404224058807,0.9821943943865861,0.7516959278694402,0.9552745262804605
14,980,1748,3029,3796,20.68942,24.53099,768,initial,nonelliptic_or_noisy,2.7053969140341847,2.555432418313807,2.5812822800441095,2.847282318603224,0.34844505896230704,0.20491009071369476,0.4446066698318423,0.5199831169126121,354.20015784525407,5.799842154745913,2.0814987663894584,4.0,0.05739272810139119,0.06147118884512202,0.10215266038818742,0.9101715299345303,0.0,0.3296124728871399
14,1000,1768,3049,3816,20.789591,24.631161,768,initial,nonelliptic_or_noisy,2.584122705877005,2.698485639675779,2.57818382484569,2.8527864280270445,0.22123195028489423,0.32095665375730137,0.6993153907373675,0.7028361675358923,353.14288240803484,6.857117591965187,2.094302423319511,4.0,0.08810132536045379,0.08195571670628023,0.17672957000995726,0.697978011826016,0.0,0.8477124686295157
14,1020,1788,3069,3836,20.889762,24.731333,768,initial,nonelliptic_or_noisy,2.916379440477617,2.407554579388734,2.5910768268177677,2.839502836992702,0.5739492513025353,0.12518926197907793,0.26902774363151394,0.4353993936109378,356.2875428169638,3.712457183036192,2.0433727213183865,4.0,0.019359821384347182,0.05104632436973434,0.0787163307985978,0.9421412048323474,0.0,0.7694550436478301
14,1040,1808,3089,3856,20.989934,24.831504,768,initial,nonelliptic_or_noisy,2.7013371938129915,2.594519246689374,2.6085403535202283,2.817473552491137,0.3094815169951344,0.2274198030392812,0.4896215472303157,0.5197535559727812,355.13805897418837,4.861941025811617,1.9947975368197106,4.0,0.0253008597150434,0.11067569358187891,0.16444789270008597,0.7803215108666086,0.0,0.9207474021088832
14,1060,1828,3109,3876,21.090105,24.931675,768,initial,nonelliptic_or_noisy,2.747917750836987,2.5506796894959547,2.6011038620483857,2.826115788736661,0.3567423324868764,0.19613714978939842,0.42501642823157054,0.46946695689158935,356.6502797167013,3.349720283298718,1.9476862346097994,4.0,0.14058538501007486,0.09283536048676912,0.24484402196990868,0.8749192954629097,0.0,0.17930601552903602
14,1080,1848,3129,3896,21.190276,25.031846,768,initial,nonelliptic_or_noisy,2.5856531813695844,3.2466579374895987,2.592124843484522,2.835775092479781,0.4585441927794438,0.15066964256037838,0.3315138942131922,0.8773867499745646,355.81620256128684,4.183797438713161,1.9494821468025154,4.0,0.06669127898433362,0.13168860566868515,0.22385849999960616,0.8961705647691497,0.0,1.5585054554280624
14,1100,1868,3149,3916,21.290448,25.132018,768,initial,center_unidentifiable,2.5856531813695844,3.3655471483154513,2.6393115194696994,2.7986443625815443,0.576321451260495,0.1247609574368157,0.2758687095474565,0.8726422441835208,355.1462234959668,4.853776504033207,1.9714276193831612,4.0,0.17693084996291908,0.1641019274567094,0.4050146313418562,0.9880537152441964,0.0,0.2062897547294576
14,1120,1888,3169,3936,21.390619,25.232189,768,initial,fit_failed,,,,,,,,,,,,,,,,,,
14,1140,1908,3189,3956,21.49079,25.33236,768,initial,fit_failed,,,,,,,,,,,,,,,,,,
14,1160,1928,3209,3976,21.590962,25.432532,768,initial,fit_failed,,,,,,,,,,,,,,,,,,
14,1180,1948,3229,3996,21.691133,25.532703,768,initial,fit_failed,,,,,,,,,,,,,,,,,,
14,1200,1968,3249,4016,21.791304,25.632874,768,initial,fit_failed,,,,,,,,,,,,,,,,,,
14,1220,1988,3269,4036,21.891476,25.733046,768,initial,center_unidentifiable,2.495853873156075,2.793644048628299,7.216340061030263,-1.2935290695751689,0.22354831608719705,0.3501626633941187,0.7709966286494141,1.3553589035387315,9.772192713068364,350.22780728693164,2.4105883339968206,4.0,3.856653231277253,2.6443832259855244,27.678918950935092,27.931478879844434,0.0,3.07688348963029
14,1240,2008,3289,4056,21.991647,25.833217,768,initial,fit_failed,,,,,,,,,,,,,,,,,,
14,1260,2028,3309,4076,22.091818,25.933388,768,initial,center_unidentifiable,2.277839813660067,2.9099734257928356,10.385055298042312,-2.7512297002694313,0.3994537882478605,0.19204926960760227,0.40591653593976884,0.989701103357346,5.9582694385440504,354.04173056145595,2.7249983480935978,4.0,5.8498328420542,4.48935966394598,23.592308847827894,24.75426025857287,0.0,0.6207981028384967
14,1280,2048,3329,4096,22.19199,26.03356,768,initial,fit_failed,,,,,,,,,,,,,,,,,,
14,1300,2068,3349,4116,22.292161,26.133731,768,initial,center_unidentifiable,2.5856531813695844,3.2286606173777734,3.509981199730934,2.1164342038670205,0.49679076594121985,0.15834516222551887,0.32334535323884983,0.8985786101440916,59.56977935329877,300.43022064670123,3.002389477435461,3.0,43.71903057799218,32.46801297783136,114.5670637484355,2.9110397748140477,0.0,0.9090916650097645
14,1320,2088,3369,4136,22.392332,26.233902,768,initial,center_unidentifiable,2.622071948063167,2.6899998521763697,3.6660397657167727,2.006239194520794,0.231944205953289,0.33286742650042395,0.6854407133451262,0.7939931970991295,49.11986490671546,310.88013509328454,3.015467992463514,3.0,1.1365990659410252,1.1131313216378367,4.050711756444697,5.380420271053522,0.0,2.32767398835736
14,1340,2108,3389,4156,22.492504,26.334074,768,initial,center_unidentifiable,2.631940473119025,2.689246786396017,3.2312818539834507,2.317727752707997,0.23069704022369747,0.33360305343108637,0.6935258852801361,0.7584084626694796,134.23334674632588,225.76665325367412,2.9244815449610817,3.0,0.8480696392513375,0.577138073516562,3.305492376647173,3.0566060641965063,0.0,0.04290135890169506
14,1360,2128,3409,4176,22.592675,26.434245,768,initial,center_unidentifiable,2.6155657161519725,2.7043389577655392,3.1337953356229535,2.395010258056461,0.2283805388177429,0.3396838401173675,0.6942049218277214,0.7389235857960953,219.3373788252316,140.6626211747684,2.9603478252445306,3.0,0.7713932013312208,0.49497629207713506,2.4074764075411013,2.642642477075889,0.0,0.09750810595995726
14,1380,2148,3429,4196,22.692846,26.534416,768,initial,center_unidentifiable,2.584004796005373,2.731700583054186,3.135352959823456,2.394872267537612,0.2262352402547293,0.34256708780518574,0.6967316181866087,0.7380403177719068,218.09315116324672,141.90684883675328,2.9604707797563625,3.0,0.8279957062024901,0.5515412305170125,2.7562694887478685,2.8558526346206285,0.0,0.18463174554748432
14,1400,2168,3449,4216,22.793018,26.634588,768,initial,center_unidentifiable,2.5836694734782464,2.732892105036776,3.1518722632956435,2.3849722063379186,0.22458521177267043,0.3450966052967619,0.7018821380687874,0.7463228413370908,203.5570859541411,156.4429140458589,2.9524420722593123,3.0,0.6673890278607439,0.42431766291647305,2.1700856463084506,2.9666254686533367,0.0,0.005511524352292337
14,1420,2188,3469,4236,22.893189,26.734759,768,initial,center_unidentifiable,2.6194430024510504,2.716389488717745,3.098504808895912,2.4192332089253408,0.2266418496226617,0.3379986353473372,0.7016641178310044,0.7381777587131281,248.8134887467496,111.1865112532504,2.8517936390252308,4.0,7.396930584092806,4.672154264414668,19.92710245499235,2.4873577567440655,0.0,0.17382698050734943
14,1440,2208,3489,4256,22.99336,26.83493,768,initial,center_unidentifiable,2.6024975199969953,2.7382430734855765,3.0127834687617505,2.478941257659691,0.22487948046725587,0.3390378254879447,0.7078850758152271,0.7343193931771408,311.6133285139402,48.38667148605983,2.8166953668115386,4.0,2.9363552216546083,1.9403476502984633,7.367438857780094,2.15830092769575,0.0,0.12297131601878541
14,1460,2228,3509,4276,23.093531,26.935102,768,initial,center_unidentifiable,2.672483767817848,2.695761834022012,2.978816401045021,2.5037567847102573,0.22639378565203105,0.3329847894787315,0.7020633492579624,0.7174244807594173,321.78265155492704,38.21734844507294,2.7947711955446293,4.0,1.943471094559908,1.306796533912908,4.526516807449345,1.5969180547221016,0.0,0.3616274427296254
14,1480,2248,3529,4296,23.193703,27.035273,768,initial,center_unidentifiable,2.881163728138083,2.568210439019334,2.8966017963919515,2.5609950117689317,0.33606613003223,0.22663391661518717,0.481297572585592,0.4837673306035995,344.1835912032994,15.816408796700632,2.7431963716665435,4.0,0.43272654941867644,0.3258157504299994,0.7786929532739795,0.05070733961612076,0.0,0.72775705247954
14,1500,2268,3549,4316,23.293874,27.135444,768,initial,center_unidentifiable,2.9460965452092323,2.5160354047880693,2.8536299961207345,2.5935647124077184,0.4062858927356286,0.1882699556740765,0.40029797255078503,0.40806280652805205,348.5753329298682,11.424667070131798,2.668617731281817,4.0,0.4587440406124348,0.21643562700583485,0.9741630543680948,0.29700360054000946,0.0,0.20502235029993987
14,1520,2288,3569,4336,23.394045,27.235615,768,initial,center_unidentifiable,3.0722483005432464,2.419464547920674,2.823046065683597,2.617260139001187,0.5560772000188032,0.1387360073259058,0.29298147455829404,0.3400373371653235,351.5733766419397,8.426623358060272,2.607392296097828,4.0,0.44612931775224174,0.21966385421002213,1.0063040632956208,0.5721481283544768,0.0,0.28570067786976716
14,1540,2308,3589,4356,23.494217,27.335787,768,initial,center_unidentifiable,2.5856531813695844,2.8796289794225705,2.816392850795981,2.6218925001084497,0.25206037502709455,0.30895564929235336,0.6480266355732968,0.7164898282905584,351.50646847211266,8.49353152788732,2.56962266661332,4.0,4.058106651813896,2.6944740838678243,10.991151467422151,1.372416874620005,0.0,2.6569861384189424
14,1560,2328,3609,4376,23.594388,27.435958,768,initial,center_unidentifiable,2.5856531813695844,2.8796289794225705,2.782831629283575,2.6447575120583955,0.25494646980881963,0.31132392289215,0.6493185278326234,0.73279800466935,355.84494373653183,4.155056263468195,2.5585752663837065,4.0,2.3840148259675065,1.5462507865085857,6.368196047507815,1.2028637032528282,0.0,0.0
14,1580,2348,3629,4396,23.694559,27.536129,768,initial,center_unidentifiable,2.5856531813695844,2.8796289794225705,2.7858079522653063,2.642047548756626,0.2540463726779022,0.30942348936186254,0.6470311337733834,0.7406426748849279,355.63281277056126,4.367187229438738,2.5674732775738986,4.0,0.6515184199522326,0.40055868976241676,1.3296270476617926,1.2228300806904135,0.0,0.0
14,1600,2368,3649,4416,23.794731,27.636301,768,initial,center_unidentifiable,2.5856531813695844,2.8796289794225705,2.7706492665639915,2.653940734986316,0.2568645663039645,0.31414365045949955,0.6514792647684945,0.726483673713288,354.8994871601578,5.100512839842221,2.5193887193009448,4.0,0.4257177492686462,0.2876786159095089,0.6658139070882195,1.1360838928115977,0.0,0.0
14,1620,2388,3669,4436,23.894902,27.736472,768,initial,center_unidentifiable,2.5856531813695844,2.8796289794225705,2.7588280781071806,2.6630287435653526,0.2573156971570204,0.31123738281599006,0.6570026511837174,0.7192056735454097,354.60114723420367,5.398852765796308,2.480611883271995,4.0,0.3218335122354956,0.2362053348985754,0.5865431372203305,1.0777340205194608,0.0,0.0
14,1640,2408,3689,4456,23.995073,27.836643,768,initial,center_unidentifiable,2.8198534275812186,2.607864438086958,2.7462589273377955,2.671817376806306,0.29078955020086317,0.2718488904563462,0.5816533972043603,0.5723254600543183,354.7083100526981,5.291689947301928,2.4605297196965967,4.0,0.2563520352558203,0.2067415995063781,0.4429541395017035,0.3352918926472548,0.0,1.2337300149772226
14,1660,2428,3709,4476,24.095245,27.936815,768,initial,center_unidentifiable,2.712799226706664,2.706123161371405,2.5752135719397913,2.804207730881239,0.23562050765381226,0.34256614107805555,0.7237046902623401,0.7305696742460456,353.7258304329,6.274169567099986,2.4390025004376557,3.0,0.9257167221833308,0.7389716447775801,2.149976904175681,0.7171218818911961,0.0,0.6167176095299075
14,1680,2448,3729,4496,24.195416,28.036986,768,initial,center_unidentifiable,2.726678765939276,2.710999871051713,2.7545801277451227,2.6800809472143112,0.23642274490565984,0.31845093580819855,0.6997941446873189,0.695712798975544,354.56448073043447,5.435519269565504,2.4205509205996196,3.0,0.30491295485949765,0.3263921468950245,0.5664190155599209,0.17615445067604607,0.0,0.062224778710385946
14,1700,2468,3749,4516,24.295587,28.137157,768,initial,center_unidentifiable,2.75324710417822,2.6892147381986353,2.7774048923289483,2.66259946394438,0.23991248482467187,0.3084238226333444,0.6885040846611473,0.6843790458767008,353.87518838713254,6.124811612867434,2.409608499208129,3.0,34.280518230207434,25.834045628824946,91.25787218149141,0.1498213226066825,0.0,0.14321033900312521
14,1720,2488,3769,4536,24.395759,28.237329,768,initial,center_unidentifiable,2.7415699079595393,2.7051838362974516,2.760927291939368,2.675846731410543,0.23243029095832024,0.3138813809332785,0.7117799132404202,0.7113205368117442,355.56535204410625,4.434647955893733,2.4171527969959676,2.0,0.14574944800836453,0.11452090344594099,0.34981609537009256,0.15121905132161706,0.0,0.08511389956721879
14,1740,2508,3789,4556,24.49593,28.3375,768,initial,center_unidentifiable,2.6852399198727026,2.7815878508172105,2.6422091795656004,2.7718618026308377,0.22478951463535032,0.3302879768912663,0.7483683965842277,0.7438060119322044,354.9121076463378,5.087892353662184,2.441312110598459,2.0,0.14931152432689082,0.13641748995277408,0.7768605835590084,0.19625567199794638,0.0,0.4222812453994934
14,1760,2528,3809,4576,24.596101,28.437671,768,initial,center_unidentifiable,2.6609392768529156,2.8146033308599248,2.648800494548213,2.766049041810626,0.21844762501182355,0.33829684162629603,0.7698784583763467,0.7718506921967286,356.9469315550785,3.053068444921511,2.4467604001385626,2.0,1.5620002072995474,1.4056290610002364,3.3733074535776697,0.2291106004115307,0.0,0.1876625052155752
14,1780,2548,3829,4596,24.696273,28.537843,768,initial,center_unidentifiable,2.663726068842998,2.8146198931150956,2.57566468927902,2.8263068415479506,0.21888331175445214,0.33219549855765695,0.770655325702038,0.7746270918394427,354.6401859136786,5.359814086321437,2.4482523239879947,3.0,3.3714831819739346,2.8609380755859197,7.781301074951932,0.40584868135151225,0.0,0.012732086256792926
14,1800,2568,3849,4616,24.796444,28.638014,768,initial,fit_failed,,,,,,,,,,,,,,,,,,
14,1820,2588,3869,4636,24.896615,28.738185,768,initial,fit_failed,,,,,,,,,,,,,,,,,,
14,1840,2608,3889,4656,24.996787,28.838357,768,initial,center_unidentifiable,2.697096987744237,2.7929817156442867,2.666417953286415,2.749876345143026,0.21746047098655136,0.34171715288135,0.776620225637362,0.785017963533813,356.42385337932365,3.576146620676362,2.4626445943603006,3.0,0.8316150873540268,0.7661174055904548,1.4845461741491988,0.24330024453861263,0.0,0.03120107805697931
14,1860,2628,3909,4676,25.096958,28.938528,768,initial,center_unidentifiable,2.6817542036610997,2.805235036873186,2.728857448937229,2.6973218854584298,0.22056286286451476,0.3364355116865957,0.7709033953182867,0.7792301224359037,355.9866958678354,4.013304132164613,2.490672336472409,3.0,0.630428585847793,0.6036083747435893,1.2987762644914247,0.5338402561573486,0.0,0.08902358792230435
14,1880,2648,3929,4696,25.197129,29.038699,768,initial,center_unidentifiable,2.669264046402172,2.8108465534611313,2.634904595893828,2.7646655596727863,0.21901887806747067,0.33001019446422547,0.7649442775516181,0.7697521003808737,355.9880588710309,4.011941128969096,2.537421763183087,3.0,0.4510400261626954,0.4711383112502563,1.1389729942001048,0.26281245816770943,0.0,0.0625188742247582
14,1900,2668,3949,4716,25.2973,29.138871,768,initial,center_unidentifiable,2.543702740198029,2.907887441485464,2.6234585841222673,2.7658470516789184,0.263152557323221,0.2668857697557865,0.6114107736708908,0.6308547964329201,356.0358446734987,3.9641553265013165,2.6430992037925356,3.0,0.1603490721533033,0.2457799338505009,0.4400461466950415,0.6190332198882519,2.6335809729295896,0.6030349428249664
14,1920,2688,3969,4736,25.397472,29.239042,768,initial,center_unidentifiable,2.773936583102408,2.715270019637644,2.5956606640857447,2.804046714597944,0.25075485043161305,0.2645291031542764,0.6257941870787855,0.6423915083352565,356.3870054127861,3.6129945872138887,2.7893167453238306,3.0,0.08908580907609476,0.159013881696644,0.3468432566947049,0.7942308442085306,1.380330286707566,1.1971125069520696
14,1940,2708,3989,4756,25.497643,29.339213,768,initial,center_unidentifiable,2.268990124135087,3.190088884311564,2.6118135493078443,2.7905184710807407,0.5809094790195398,0.11322082786150404,0.2683658195619068,0.4515704861501957,355.8920666431884,4.107933356811602,2.736456643378259,4.0,0.7405609153982445,0.6952113614768393,2.287899729888015,0.9063082672049432,0.010798291195229924,1.1931741348370788
14,1960,2728,4009,4776,25.597814,29.439384,768,initial,center_unidentifiable,2.2229154159665927,3.1284581254949204,2.6037127378404774,2.7948218716671365,0.5585837961260582,0.11800111188086712,0.28042082944458907,0.45543013748687045,355.6535079885823,4.3464920114177135,2.8287526280557387,4.0,0.2722975287530169,0.2621894508521917,0.8322134445156159,0.9063641148523415,0.0,0.1377582450874824
14,1980,2748,4029,4796,25.697986,29.539556,768,initial,center_unidentifiable,2.409546821218581,2.9910520500712288,2.6120102019197455,2.7893352608571647,0.3359232717566955,0.18974295636459687,0.4649925062411281,0.4935569734722805,355.89838061719536,4.1016193828046426,2.971627264352475,4.0,0.6845000116827464,0.635513783439677,2.1234801081633727,0.8507866247355,1.0618968885464635,0.6899131169477607
14,2000,2768,4049,4816,25.798157,29.639727,768,initial,center_unidentifiable,2.289435445337619,3.0753167189976027,2.6359327044562346,2.783976627207893,0.46516106772508997,0.13413473329341336,0.3200005987357442,0.4045255879813394,356.31763448087685,3.682365519123151,3.0959364655697055,3.0,0.11668939903643061,0.11865952877651761,0.21408555134736168,0.9732162932185201,1.386473865090694,0.3154214263311736
14,2020,2788,4069,4836,25.898328,29.739898,768,initial,center_unidentifiable,2.2980800261662133,3.0686587016585416,2.622030907047803,2.8022059021619032,0.43668309714588616,0.14011883154671342,0.33550421066091257,0.4583336096665406,356.40512214081633,3.594877859183696,3.1576365586380915,4.0,0.4457075084843271,0.4290604637538376,1.4083582813111832,0.960544470845068,1.133039915812587,0.024986927663759432
14,2040,2808,4089,4856,25.9985,29.84007,768,initial,center_unidentifiable,2.471274567739927,2.9428137836405894,2.6098003524150695,2.81699625824056,0.2656252448404167,0.22663384944771045,0.5435383816273741,0.5572765521065165,356.18654642520846,3.8134535747915157,3.116833615687288,4.0,0.2425646449087346,0.23296032429908162,0.7092600498762897,0.7045069269879168,1.49667270377296,0.8059742766224389
14,2060,2828,4109,4876,26.098671,29.940241,768,initial,nonelliptic_or_noisy,2.518898752323573,2.9011639389200785,2.5710209119482133,2.856112441605134,0.24035853044520086,0.24470598728747744,0.618897736695234,0.6101761363680751,354.30032374942465,5.69967625057535,2.805031808275446,4.0,0.08256698644405744,0.08271970033344701,0.1828447559146459,0.286629349025092,0.0,0.26322123040223666
14,2080,2848,4129,4896,26.198842,30.040412,768,initial,center_unidentifiable,2.5245299699808044,2.8934824804281107,2.525133184528109,2.9261110897170073,0.23909412075398448,0.26503973533640324,0.6575546231919985,0.6650404599775833,352.6890559755879,7.310944024412076,2.5652852949975915,4.0,0.13186379830843692,0.19904086033934845,0.4480810460521088,0.13649095431802943,0.0,0.039835626634763206
14,2100,2868,4149,4916,26.299014,30.140584,768,initial,center_unidentifiable,2.5720161753419855,2.8594547302885376,2.5260579709281683,2.920997767540426,0.21660234267795953,0.29516962917200007,0.7268019845021161,0.7357637617956521,352.77618983847276,7.223810161527241,2.4724751283762894,4.0,0.16223430678468995,0.23324051203428056,0.5186357997703473,0.3546107424601357,0.0,0.2697081176552759
14,2120,2888,4169,4936,26.399185,30.240755,768,initial,center_unidentifiable,2.585660306710313,2.8513013298677734,2.526686577814429,2.921640696153764,0.21382382808050607,0.3030352828791852,0.7368182944314994,0.741826834552597,352.7806715188686,7.21932848113141,2.470395924171286,4.0,0.1689707973185737,0.23051118985292263,0.5401787264920348,0.42928176479803465,0.0,0.07433531372983178
14,2140,2908,4189,4956,26.499356,30.340926,768,initial,center_unidentifiable,2.582780507788165,2.851169528890472,2.5306269492248306,2.9191108915057016,0.21338710205390943,0.3087349506634137,0.7377265401078898,0.7465244681867204,353.2888393402592,6.711160659740787,2.4138929097940056,4.0,0.12858408869578433,0.21021759989364566,0.46549335252772717,0.4013859436955806,0.0,0.01350978298225926
14,2160,2928,4209,4976,26.599528,30.441098,768,initial,center_unidentifiable,2.572075349608605,2.8555145056293827,2.533966838110339,2.9152650871603285,0.21123074049751195,0.30840100065245735,0.7441409695762503,0.7550127975043666,353.5460056085597,6.453994391440289,2.415240456120047,4.0,0.12842218407188094,0.21407355487008706,0.4717619367118647,0.3355043250048467,0.0,0.05469526516615276
14,2180,2948,4229,4996,26.699699,30.541269,768,initial,center_unidentifiable,2.5757360222040413,2.8535205169174422,2.538804246286937,2.908211017009495,0.21067753398728,0.3209520781076402,0.7450954934573243,0.7542126282179139,352.72089311867916,7.279106881320844,2.3209347500225395,4.0,0.18270140459588272,0.28770966450612667,0.5305486123793427,0.31323926491142556,0.0,0.019786232659600986
14,2200,2968,4249,5016,26.79987,30.64144,768,initial,center_unidentifiable,2.5557011308918174,2.8717407638685963,2.5311182298619346,2.916819836775906,0.2056725436593318,0.3204707937078591,0.7662314508550522,0.7777156277398264,353.4034929846927,6.59650701530726,2.323834349920535,4.0,0.1362720034219514,0.23865206210650267,0.4331954115696242,0.249650694262885,0.0,0.1316699027746566
14,2220,2988,4269,5036,26.900042,30.741612,768,initial,center_unidentifiable,2.57670711500486,2.8495006083650725,2.528493527696732,2.9197610163107512,0.20220591266334742,0.32643295302531566,0.7738516180803392,0.7922983895007896,353.0383983780044,6.961601621995616,2.3507572830968746,4.0,0.10793751157214261,0.21220466575238137,0.34549660583083347,0.42141171884495543,0.0,0.15129176098120872
14,2240,3008,4289,5056,27.000213,30.841783,768,initial,center_unidentifiable,2.5736211764807857,2.849545673698218,2.5266278308135717,2.912792690356118,0.20237268517365403,0.3405703208915237,0.7952965188776753,0.7993777644561416,352.9925701630701,7.007429836929883,2.3239646879191764,4.0,0.14347232143092772,0.24239209327320935,0.5009445586881026,0.38935300866835587,0.0,0.01525041563014684
14,2260,3028,4309,5076,27.100384,30.941954,768,initial,nonelliptic_or_noisy,2.510077226114531,2.8976859198031177,2.5354845228721774,2.8972801516599254,0.2207432779476849,0.31376718036908996,0.7394557970483666,0.7433680824846386,352.7685164876151,7.231483512384898,2.2893715398216976,4.0,0.017511925089572406,0.043446839498019835,0.09668301143036943,0.11511352442823596,0.0,0.36114459455528763
14,2280,3048,4329,5096,27.200556,31.042126,768,initial,center_unidentifiable,2.4079197207375227,2.9970420006450955,2.528782046719345,2.9024166726347453,0.2801429005832131,0.24701041055803252,0.5777756786856276,0.5973664534623788,353.13207431091234,6.867925689087648,2.2587720311664046,4.0,0.11353802028263198,0.18289829946963201,0.38691991249228497,0.5479277185614753,0.0,0.508688214297588
14,2300,3068,4349,5116,27.300727,31.142297,768,initial,center_unidentifiable,2.402616546490421,2.997701234405959,2.5441499628560966,2.885425668887398,0.2810795570053469,0.2547152339115923,0.5781564891104456,0.6083500069060652,352.5888238901243,7.411176109875738,2.2513488831755897,4.0,0.14837763914173435,0.20219534640227826,0.42481131512484044,0.6427310075637184,0.0,0.019012380905041145
14,2320,3088,4369,5136,27.400898,31.242468,768,initial,center_unidentifiable,2.377048145791403,3.0248579096909607,2.540590855432851,2.88321186508251,0.30613646302141906,0.24257968879288902,0.537348004684218,0.5647954389034394,354.9172337110676,5.082766288932424,2.263506268606497,4.0,0.12443272074546284,0.19227469185589383,0.3766889447675326,0.7067298331351923,0.0,0.12183837960278802
14,2340,3108,4389,5156,27.501069,31.34264,768,initial,center_unidentifiable,2.405380600029155,3.0005191232319723,2.5418854627058782,2.881887934903376,0.2803072083870435,0.2659888546142533,0.586392707860602,0.6123784826769522,354.76502734254007,5.23497265745991,2.275168345018824,4.0,0.10941358310691864,0.18996571377543478,0.3435248055300785,0.6451870872487407,0.0,0.1332505781122748
14,2360,3128,4409,5176,27.601241,31.442811,768,initial,center_unidentifiable,2.4388882685899005,2.970981649226027,2.549492172070507,2.873181915326197,0.2508421527758277,0.295249829942601,0.6521441603064995,0.6787664932425124,353.9835048108562,6.01649518914385,2.2310553247943803,4.0,0.11567001871330683,0.21377059210812294,0.3556246106162799,0.5885832768530826,0.0,0.1780719656565893
14,2380,3148,4429,5196,27.701412,31.542982,768,initial,center_unidentifiable,2.4154992053304727,2.9868879949071876,2.546259760472866,2.87599070522808,0.2689125481911942,0.27998419639923466,0.6107034304265683,0.6312154056295863,354.37204515507904,5.627954844920987,2.2278558208483976,4.0,0.13546637630128408,0.2367082837601162,0.36659462048483543,0.6375833664313758,0.0,0.10518413542602471
14,2400,3168,4449,5216,27.801583,31.643153,768,initial,center_unidentifiable,2.4149233451942336,2.9882662764622143,2.5548039489619256,2.8655981299002984,0.2648937137659053,0.28367486813443427,0.6196021013918631,0.6423746239594823,353.9277773081257,6.072222691874277,2.1622757550082397,4.0,0.13164012251248317,0.22967116990188505,0.34716154663686705,0.7023516438573044,0.0,0.005639036321551529
14,2420,3188,4469,5236,27.901755,31.743325,768,initial,center_unidentifiable,2.413055911092433,2.988731057074272,2.558670673072371,2.862446359280059,0.2653245798692204,0.29058603295120583,0.618022927068717,0.6463808492834553,353.91260601887905,6.0873939811209565,2.1593358253354746,4.0,0.1529641963750622,0.24030883826591448,0.43237143331965705,0.7264581438307268,0.0,0.007253018553427192
14,2440,3208,4489,5256,28.001926,31.843496,768,initial,nonelliptic_or_noisy,2.3693852173134697,3.0347232236903645,2.5661972969859135,2.8504499322794667,0.30431324213387356,0.2501347283221257,0.5410670696033456,0.5915522754745016,354.1298619771443,5.870138022855698,2.1815061772170155,4.0,0.08745566037371681,0.13182398624837452,0.2204401321620801,0.8859748308318751,0.0,0.2084117770374096
14,2460,3228,4509,5276,28.102097,31.943667,768,initial,center_unidentifiable,2.353922487362539,3.0391557097065216,2.552294384873535,2.8569447486362387,0.30652063700032095,0.24236501803975366,0.5305377271423156,0.5762188780737302,354.6199583926977,5.380041607302305,2.176135678375062,4.0,0.1301532934017625,0.18323508590549478,0.38433680091749345,0.8787507435015084,0.0,0.05247766986852068
14,2480,3248,4529,5296,28.202269,32.043839,768,initial,center_unidentifiable,2.3512635312339016,3.0418056314175477,2.5391149625746197,2.860213180937458,0.3019443817714848,0.2526896030912955,0.5556068113343167,0.6174880627370876,354.8751905801948,5.1248094198051986,2.0587021109731554,4.0,0.15381360089072887,0.21710308297678146,0.4497200185050271,0.8653042647689818,0.0,0.012432584221481146
14,2500,3268,4549,5316,28.30244,32.14401,768,initial,center_unidentifiable,2.3565869295746884,3.0486067828663095,2.5392412651613796,2.8589406558760664,0.30108611655791695,0.2524159672957164,0.5567063016725893,0.6146720655259494,354.9063404370871,5.093659562912891,2.061427942724983,4.0,0.18501877046594065,0.24682077123561538,0.5419065837445176,0.8745571192245783,0.0,0.02868546472817826
14,2520,3288,4569,5336,28.402611,32.244181,768,initial,center_unidentifiable,2.3543579014707783,3.0438160975495605,2.535767950326183,2.86340230055711,0.3001574911869124,0.2607685549405065,0.557948279416666,0.6147238357062196,353.92180426985686,6.07819573014311,2.0884053650660532,4.0,0.19478100295599027,0.27000404399976546,0.6020684053029209,0.8523827401794606,0.0,0.017603642806655346
14,2540,3308,4589,5356,28.502783,32.344353,768,initial,center_unidentifiable,2.36509357753206,3.034068691613195,2.530650123439333,2.8692824608038197,0.2931223626421907,0.26636701580482364,0.5718942369864217,0.6219117755399843,353.3437838950419,6.6562161049580935,2.119779163775372,4.0,0.15073884397873524,0.2399867866079691,0.5066698655322516,0.7968967311256503,0.0,0.04946935622196307
14,2560,3328,4609,5376,28.602954,32.444524,768,initial,center_unidentifiable,2.375197079258489,3.02573912201677,2.540209064381326,2.8548402262618624,0.28599992716832234,0.2694776473664782,0.582482515308449,0.6225858780251157,354.7402668519467,5.259733148053247,2.110888056991082,4.0,0.21184160842393496,0.3144567429461656,0.5108308750629437,0.8306342493801698,0.0,0.04578451562019841
14,2580,3348,4629,5396,28.703125,32.544695,768,initial,center_unidentifiable,2.3961543557986205,3.011926559576359,2.5430847736262843,2.8480217337020814,0.26953590718885506,0.28677439779531266,0.6247734613957174,0.6512034177913901,354.9467711354161,5.0532288645839,2.0767068381323597,4.0,0.198357581429718,0.2982503833833294,0.5301155772887184,0.8166674167517466,0.0,0.0931218698545312
14,2600,3368,4649,5416,28.803297,32.644867,768,initial,center_unidentifiable,2.3951150997012074,3.0131059040683676,2.5362732638570393,2.8554921094946866,0.27322240465127084,0.28501419615741974,0.6151694851818255,0.6443939123466402,354.10796390976935,5.892036090230657,2.0823249301847837,4.0,0.19480152937664105,0.29887919583343303,0.4841346813776863,0.7744016228215831,0.0,0.005753231654772871
14,2620,3388,4669,5436,28.903468,32.745038,768,initial,center_unidentifiable,2.416464964605004,2.9999730210890236,2.527374852781714,2.8678755649663605,0.2624432320114035,0.2974066278632287,0.643814478570282,0.6564441379041154,353.50555558797544,6.494444412024542,2.0908153608028446,4.0,0.221539731499543,0.3049468156676467,0.563525206809177,0.65722415636375,0.0,0.095509037942019
14,2640,3408,4689,5456,29.003639,32.845209,768,initial,center_unidentifiable,2.419852743331405,3.007055141672174,2.52934108814733,2.8695155346935666,0.2706793414890766,0.29056022206919274,0.6177477115678187,0.6357239171943897,353.39083207137344,6.609167928626573,2.1132655877138737,4.0,0.12275738238673316,0.14388946106682052,0.2845297076189639,0.6494685813221344,0.0,0.029003687815899112
14,2660,3428,4709,5476,29.103811,32.945381,768,initial,center_unidentifiable,2.424845889744057,2.996457630828717,2.522278784823408,2.8788963341676874,0.27187684851017313,0.2836846449334675,0.6138350509171727,0.6243076804873234,353.47724457837336,6.522755421626623,2.1626773154870906,4.0,0.18857858480777182,0.2968705489060467,0.5403445019003839,0.5616096511294347,0.0,0.043088973222098224
14,2680,3448,4729,5496,29.203982,33.045552,768,initial,center_unidentifiable,2.4325720544978098,2.9838173134333403,2.518856661411734,2.881052620845538,0.2704927482703016,0.29416408303841346,0.617467308593881,0.6309228733953396,353.5806763867067,6.419323613293271,2.1615955918358805,4.0,0.16665722971187846,0.2742563968647571,0.5238953793090881,0.496076162333911,0.0,0.0547687952484504
14,2700,3468,4749,5516,29.304153,33.145723,768,initial,center_unidentifiable,2.4443385145204672,2.9698145896754453,2.5142674644376575,2.8867446736604885,0.2612706700852122,0.3034765346743873,0.6397214751809541,0.6499858498187087,353.66901279943175,6.330987200568244,2.1804952844289023,4.0,0.16709786065352278,0.2840800546412321,0.5914456696430949,0.4156028952527195,0.0,0.07000421419876106
14,2720,3488,4769,5536,29.404325,33.245895,768,initial,center_unidentifiable,2.4450304980661612,2.9748161223330927,2.530003203198587,2.870841220255127,0.26544840181944285,0.2917573023053791,0.6283611894276346,0.6457831205769404,353.3344250432777,6.665574956722321,2.1784007114511414,4.0,0.09301608544289126,0.2076176822868871,0.41678718798252395,0.5058613379623116,0.0,0.019021305687699688
14,2740,3508,4789,5556,29.504496,33.346066,768,initial,center_unidentifiable,2.403035572607114,3.01397751684806,2.509854152252287,2.8953896317204975,0.3072930514026969,0.25853635523941415,0.5415337888009732,0.5574417986407058,354.539326619077,5.460673380923005,2.160110759021329,4.0,0.09239612058738124,0.19489690779366317,0.41036242916354965,0.5193855065260342,0.0,0.18686120873767156
14,2760,3528,4809,5576,29.604667,33.446237,768,initial,center_unidentifiable,2.3650320147370105,3.049519530591985,2.4782803039399686,2.9339787838205185,0.3470661098572317,0.22412941453905588,0.4837396009318694,0.5014806098477425,351.9075891500048,8.092410849995204,2.154720839122305,4.0,0.1629636513223777,0.27496013883506026,0.5016012782836913,0.4661544162366815,0.0,0.1499244408752392
14,2780,3548,4829,5596,29.704838,33.546409,768,initial,center_unidentifiable,2.3715047603401707,3.042690369080903,2.465459522415809,2.9497484529934117,0.3482109997117725,0.2268504011089972,0.4837676359142426,0.4974559860462289,352.2268431233789,7.773156876621083,2.195080951089747,4.0,0.21395033565346305,0.33540443709202944,0.5881408668368747,0.37953381491221055,0.0,0.027021675179092774
14,2800,3568,4849,5616,29.80501,33.64658,768,initial,center_unidentifiable,2.3735525690090196,3.0415546578195753,2.4674679961048143,2.947124471086946,0.3461277401981021,0.22875763451698633,0.4858290812788404,0.4990513362415891,353.65734218105615,6.342657818943822,2.1930122085075645,4.0,0.7743756785460607,1.0238000861441914,2.6806924135477477,0.3847740087828405,0.0,0.006765298902414278
14,2820,3588,4869,5636,29.905181,33.746751,768,initial,center_unidentifiable,2.32646447505436,3.0909102627209015,2.404258674983821,3.0266516322937127,0.4021720161324752,0.19725767747243247,0.4217006678820406,0.42807564564732375,322.0281844604711,37.97181553952891,2.193693797759454,3.0,0.2062721714371147,0.30625253344778974,0.7339627311627888,0.25089135552991604,0.0,0.1696160766031104
14,2840,3608,4889,5656,30.005352,33.846922,768,initial,center_unidentifiable,2.3484668592364906,3.048920512904177,2.549304329598198,2.823787371102138,0.36518445517899567,0.20589891278671482,0.4404674298185651,0.5000254056127373,355.44829301137264,4.551706988627383,2.082242106038906,4.0,0.7013462376119824,0.7436024415057795,2.269698052420538,0.8261475410700688,0.0,0.12981139950334095
14,2860,3628,4909,5676,30.105524,33.947094,768,initial,nonelliptic_or_noisy,2.3829448286258508,3.0089170873423257,2.598198844570619,2.766037961191906,0.3182361579119297,0.22192381954006746,0.49158637814780853,0.5690562253338463,355.93226899164245,4.067731008357542,2.106744632342127,4.0,0.10124810149293652,0.09056129308334515,0.18227604156851024,1.019800702716007,0.0,0.16594916804423118
14,2880,3648,4929,5696,30.205695,34.047265,768,initial,nonelliptic_or_noisy,2.4018415818913605,2.993939031107525,2.5903914333864777,2.7710466812949996,0.30193723697700814,0.23545081813942406,0.5141788269149248,0.5992928077582345,355.3469327505011,4.653067249498898,2.10199016906976,4.0,0.13592753346681055,0.10790556987497729,0.23461590075057961,0.9669071699135637,0.0,0.07986046547029552
14,2900,3668,4949,5716,30.305866,34.147436,768,initial,nonelliptic_or_noisy,2.372526178974259,3.016092243380997,2.5894512443052324,2.7679200855478125,0.33017811717640183,0.21545440745417943,0.4678475524722103,0.5658528859929323,355.2713398044843,4.728660195515724,2.113116711729984,4.0,0.06810606744183968,0.0688161711139544,0.13629372183540867,0.998293841752926,0.0,0.1112868772300036
14,2920,3688,4969,5736,30.406038,34.247608,768,initial,nonelliptic_or_noisy,2.305806851715731,3.0725015180755495,2.5810539991265085,2.7751090131842453,0.410087212300783,0.17268236403362086,0.3785305269793509,0.49436834941237107,356.0889286156573,3.9110713843426774,2.1372417998874313,4.0,0.07413057150885898,0.06894325308873828,0.14109680748489412,0.9881314126924012,0.0,0.213051655915753
14,2940,3708,4989,5756,30.506209,34.347779,768,initial,nonelliptic_or_noisy,2.2355135496382204,3.1321311942250527,2.5782475701419583,2.776339159098449,0.4905224247322799,0.14407925477681058,0.3160196614506709,0.4727480706842619,356.40386202589673,3.5961379741032635,2.1256066667383715,4.0,0.05150020247891202,0.05082327539512805,0.10185953099489917,1.0071278732320006,0.0,0.18791870992477985
14,2960,3728,5009,5776,30.60638,34.44795,768,initial,nonelliptic_or_noisy,2.5856531813695844,3.333906807980336,2.575638825038719,2.7788788244229665,0.5459810073022113,0.12824920925092614,0.2839611508937155,1.0201107117833161,356.8620629771969,3.1379370228031203,2.133278146551112,4.0,0.042888422760053606,0.04361357914427565,0.09346006535539779,1.0167355881879148,0.0,0.7401681555403342
14,2980,3748,5029,5796,30.706552,34.548122,768,initial,center_unidentifiable,2.5856531813695844,2.8796289794225705,2.56523417515512,2.7875730041810654,0.20473846904967047,0.34896139210086874,0.7615427838984523,0.9349143351843983,356.35540566949123,3.6445943305087645,2.1089048848664764,4.0,0.16926246125833042,0.16162518415959104,0.43048862876054445,0.4605551848506564,0.0,2.2188200911454286
14,3000,3768,5049,5816,30.806723,34.648293,768,initial,nonelliptic_or_noisy,2.2094444965202644,3.1881048782416315,2.567428094696165,2.7901291990434696,0.5335207199468488,0.13285759751913453,0.29088719046142797,0.520350068058199,356.1024805784297,3.897519421570308,2.110737425689284,4.0,0.09721554976065845,0.0777772184832005,0.2469895997400631,1.0033188850742185,0.0,0.9118827279751223
14,3020,3788,5069,5836,30.906894,34.748464,768,initial,center_unidentifiable,2.4627612386618796,2.9372422255666915,2.556350609344323,2.802847910227161,0.2273233998604237,0.2983033447205624,0.6628331340141304,0.710006758365877,356.7556078673361,3.244392132663902,2.1443480823759287,4.0,0.210815676618135,0.15135859642743016,0.5271529513696362,0.7204299176876928,0.0,1.5683070572197249
14,3040,3808,5089,5856,31.007066,34.848636,768,initial,center_unidentifiable,2.416919627043349,2.973905048078026,2.5561908596901626,2.804187093950964,0.26101651125837344,0.2606613404787135,0.5783162072896598,0.6369275074469736,356.61479060744637,3.385209392553631,2.1429573548159655,4.0,0.13333556771017782,0.10490948961841369,0.35052316160217833,0.8411210712022977,0.0,0.2248875698542052
14,3060,3828,5109,5876,31.107237,34.948807,768,initial,nonelliptic_or_noisy,2.389464198728616,2.9909181790755515,2.5562775073173936,2.802700316971896,0.2833924423163833,0.24137551207914018,0.5275157849153199,0.5935451230055347,355.6284081918033,4.3715918081966745,2.1460478273697974,4.0,0.04054100859066403,0.052434665126326344,0.09382505664527965,0.8874646773329756,0.0,0.11397388275599278
14,3080,3848,5129,5896,31.207408,35.048978,768,initial,nonelliptic_or_noisy,2.4810196049766597,2.913973283034083,2.5388967195037306,2.8186123463828365,0.21103914400956655,0.3100659805159079,0.693151204962229,0.7241456743811234,356.6239851770549,3.376014822945072,2.161805158685179,4.0,0.08238190422813904,0.08894071515629096,0.1579021877594701,0.5285763307788289,0.0,0.5666947350155123
14,3100,3868,5149,5916,31.30758,35.14915,768,initial,nonelliptic_or_noisy,2.561002268355314,2.8546194578396973,2.55007637571018,2.8125619780504407,0.18459992492561372,0.3436403971421397,0.7800377527775388,0.8025525817198267,356.64668100639705,3.353318993602978,2.173682747591305,4.0,0.07107775715881108,0.09086302039404734,0.2182339591994121,0.23539284140967348,0.0,0.5395436315969101
14,3120,3888,5169,5936,31.407751,35.249321,768,initial,nonelliptic_or_noisy,2.555479354160775,2.8575968068344517,2.547981889197693,2.8140278035738193,0.18416860968244098,0.3478505982443354,0.7783716661676049,0.7974724322430767,356.71294915935056,3.287050840649419,2.171613757149189,4.0,0.0723627139813216,0.07926481508531076,0.15287516075944757,0.24004844535397218,0.0,0.03406838832501316
14,3140,3908,5189,5956,31.507922,35.349492,768,initial,nonelliptic_or_noisy,2.551313363955785,2.8548722924211556,2.5431827230076736,2.814242401719916,0.1825634704237341,0.3478447428343792,0.7723442133337493,0.7981045517441393,356.34885106415453,3.6511489358454545,2.190437441699626,4.0,0.04024148703742092,0.02949826124405334,0.08777890316956799,0.22696454943644256,0.0,0.027266111913783704
14,3160,3928,5209,5976,31.608094,35.449664,768,initial,nonelliptic_or_noisy,2.5538542259438173,2.8510262071192516,2.550566094786769,2.810373174403977,0.1839691312798143,0.3460400072074955,0.7774356895675169,0.7978481169960936,356.3570377015812,3.64296229841881,2.2396312088541217,4.0,0.09295516932839074,0.09472495222206087,0.23239683258586002,0.22169910943723745,0.0,0.025056341897290623
14,3180,3948,5229,5996,31.708265,35.549835,768,initial,center_unidentifiable,2.532439344436523,2.864005054542044,2.5156300873947255,2.8361946149034574,0.18794128426491757,0.33298169282399853,0.7585502412549238,0.7884658865534818,355.9202510539035,4.079748946096494,2.2571814308378353,4.0,0.16262133594714337,0.12001117470417098,0.2820275353478267,0.17290356360398745,0.0,0.1332379908882934
14,3200,3968,5249,6016,31.808436,35.650006,768,initial,center_unidentifiable,2.5194731714489325,2.868900033923353,2.5010887971921014,2.8422446533851953,0.18993197787448574,0.32333407570301353,0.7360579675513867,0.7570555044704044,355.63886235240153,4.361137647598464,2.3001787826442595,4.0,0.16698673983120654,0.10591816813550413,0.27553071961488124,0.1704845365767777,0.0,0.0729702391283979
14,3220,3988,5269,6036,31.908607,35.750178,768,initial,center_unidentifiable,2.515971419732488,2.871366736913444,2.491865308243745,2.8501614132877107,0.19047266229690185,0.3240030922919575,0.7326582613666371,0.7495408487721932,353.45720965788786,6.542790342112155,2.281186307193216,4.0,0.19565576513942293,0.1292000449803671,0.3138552684076005,0.16855758839432664,0.0,0.022487882394536186
14,3240,4008,5289,6056,32.008779,35.850349,768,initial,center_unidentifiable,2.511059251214676,2.8928217870017083,2.560177369145586,2.8012506231922445,0.1940171456428577,0.3023326590309692,0.7042520370784038,0.7216249110398636,356.1077379845059,3.89226201549411,2.306792765097649,4.0,0.17966832166143884,0.1754409372460113,0.3310378414053907,0.5355855939992598,0.0,0.11344457432326989
14,3260,4028,5309,6076,32.10895,35.95052,768,initial,center_unidentifiable,2.517400662886873,2.8839561270320493,2.5688785007666897,2.7924539279945018,0.19320491246550653,0.3019695710885226,0.708697838067656,0.7247084908028354,356.0202249360629,3.97977506393707,2.3396535980697966,4.0,0.1251668514203147,0.14730209039367495,0.28531437056246123,0.5434057849254813,0.0,0.05641759901082981
14,3280,4048,5329,6096,32.209121,36.050691,768,initial,center_unidentifiable,2.532105426173969,2.8743228820319304,2.5778297721344985,2.7891315951268547,0.18585987197273596,0.3035061713930817,0.7247354309809344,0.7443234102560256,357.23854935053885,2.7614506494611386,2.324296915642878,4.0,0.13719872489139276,0.1420440849762113,0.30713289623168205,0.5202115823288326,0.0,0.09458326825689828
14,3300,4068,5349,6116,32.309293,36.150863,768,initial,nonelliptic_or_noisy,2.5328713457145247,2.873477624613649,2.5841993375934256,2.784074343724396,0.1864755943389706,0.30707105588483286,0.7252996097210542,0.7473958045449695,355.29211113254036,4.707888867459657,2.2973035218902416,4.0,0.0988823768757265,0.10232586992754567,0.19945567001977615,0.5528327317470215,0.0,0.0061169107573376125
14,3320,4088,5369,6136,32.409464,36.251034,768,initial,nonelliptic_or_noisy,2.532079344257364,2.874356808146774,2.5943683636879946,2.775283555782313,0.18197596216567552,0.31615892262931106,0.742309139211016,0.7673180412825515,356.309762885475,3.6902371145250266,2.2745534761971213,4.0,0.09249175828704967,0.09806178104464178,0.23448332208510925,0.6430930737451506,0.0,0.006502579397597338
14,3340,4108,5389,6156,32.509635,36.351205,768,initial,nonelliptic_or_noisy,2.5289705653028065,2.885312149196817,2.5593847217816843,2.829276808032567,0.18195625134106377,0.3101245578457161,0.7415825211865886,0.7707141163572964,356.1208565356217,3.8791434643782945,2.2149922111615874,4.0,0.058214597545685046,0.029334252852994035,0.11248519571312872,0.35039850586718707,0.0,0.06258586005976226
14,3360,4128,5409,6176,32.609807,36.451377,768,initial,nonelliptic_or_noisy,2.5227977833627864,2.8914514701124494,2.5715291927468815,2.8236252404215003,0.18319776354530498,0.3031932848472088,0.7424297670944419,0.7727155775296455,356.4149361757183,3.5850638242816864,2.1881739416915447,4.0,0.057161695414846336,0.0206874768295728,0.10006332993762733,0.4558862949320574,0.0,0.047522433696007345
14,3380,4148,5429,6196,32.709978,36.551548,768,initial,nonelliptic_or_noisy,2.1185687968551385,3.348408638884502,2.577879202479576,2.813087642703455,0.6953520683003436,0.0816201178886669,0.20163263919992036,0.6646658327405978,356.66822040903634,3.3317795909636576,2.170433887541147,4.0,0.022476154299912118,0.007848728043080056,0.040490183873177515,1.014394535553979,0.0,0.8773841990558449
14,3400,4168,5449,6216,32.810149,36.651719,768,initial,nonelliptic_or_noisy,2.5856531813695844,2.8796289794225705,2.568846201661993,2.8217696775809014,0.1853488793305934,0.303376751358191,0.7478661628899637,0.799417711129901,355.88017819075117,4.119821809248809,2.20618582327243,4.0,0.09828882046052169,0.03435261123517694,0.17079886115036833,0.32506762569851483,0.0,3.5703312579240354
14,3420,4188,5469,6236,32.910321,36.751891,768,initial,nonelliptic_or_noisy,2.5856531813695844,2.8796289794225705,2.5773961047485043,2.8147297060745293,0.18753760539545003,0.29758888256291965,0.7501346073216112,0.7920061995300155,356.61152258405315,3.388477415946861,2.160604486897786,4.0,0.09962264170378991,0.03429327447220854,0.17719459069811463,0.3488496870638978,0.0,0.0
14,3440,4208,5489,6256,33.010492,36.852062,768,initial,nonelliptic_or_noisy,2.376742781623955,3.0172268709910592,2.5621923316734034,2.8398218265766073,0.2873345789820587,0.20074823973168843,0.4891436230737616,0.5024687063116985,356.4197305764665,3.58026942353347,2.234130976656629,4.0,0.04014621016476759,0.03197356115451826,0.06796015761242362,0.8931747537005365,0.0,0.8705997850349839
14,3460,4228,5509,6276,33.110663,36.952233,768,initial,nonelliptic_or_noisy,2.4284953346607345,2.946681230241498,2.5591037463867616,2.8445855975553274,0.22800161208964165,0.24654653819237826,0.6189386890936933,0.6266784426869809,356.3589512197039,3.641048780296102,2.205432904910753,4.0,0.0792395869012142,0.0667728456877017,0.15672398797445122,0.7270877805136315,0.0,0.38373824225912195
14,3480,4248,5529,6296,33.210835,37.052405,768,initial,nonelliptic_or_noisy,2.399452313676897,2.963622939875204,2.557529896494351,2.846967663869335,0.25153982571927747,0.22836485221554217,0.5614822486463468,0.5708389798846742,355.99303728148436,4.006962718515638,2.2384020520704713,4.0,0.04903596876257637,0.05219160067541172,0.08880755746926933,0.7810338957656041,0.0,0.133669430895649
14,3500,4268,5549,6316,33.311006,37.152576,768,initial,nonelliptic_or_noisy,2.291232787523038,3.071961220842603,2.568547280534826,2.837953301476578,0.3719463534712861,0.15680198983348242,0.37683856794427467,0.5120617491536653,356.826071741324,3.173928258676017,2.2275500979794893,4.0,0.022485275773952106,0.04523623285239328,0.06731923082277677,0.9755546978117563,0.0,0.41169785784793234
14,3520,4288,5569,6336,33.411177,37.252747,768,initial,nonelliptic_or_noisy,2.2466299133541345,3.098753075950885,2.566371163643983,2.8424787351377474,0.4204487918359866,0.13807097208386548,0.33721189759593073,0.5646988503664522,356.6219836888361,3.378016311163879,2.21802380248511,4.0,0.018819397666400506,0.044877662915880724,0.07522405055147269,0.9746001446631184,0.0,0.12375098281801734
14,3540,4308,5589,6356,33.511349,37.352919,768,initial,nonelliptic_or_noisy,2.5856531813695844,2.8796289794225705,2.569404124931692,2.8383855447561652,0.18490580538918944,0.3196818281179595,0.7657338069024872,0.7642252035491349,356.60230341810376,3.3976965818962483,2.1804820510983403,4.0,0.009063368756281467,0.06153686949588993,0.08624380792100807,0.2397378237007882,0.0,2.1831294858895687
14,3560,4328,5609,6376,33.61152,37.45309,768,initial,nonelliptic_or_noisy,3.035937331671971,2.8796289794225705,2.5691649716297698,2.8395564824703694,0.5068533568838807,0.11687513092825247,0.2812486285948119,0.949873565714902,356.55589660339245,3.4441033966075656,2.1861078064779362,4.0,0.017203072532159323,0.03006860029685711,0.04462341075091619,0.9243093918004316,0.0,0.8883913743231769
14,3580,4348,5629,6396,33.711691,37.553261,768,initial,nonelliptic_or_noisy,2.938076628027934,2.432317919430224,2.5635485437157572,2.845282804362308,0.6041151877746556,0.0995661953716667,0.23602264211102325,0.5869597098513992,356.58157649793554,3.4184235020644382,2.216030807975255,4.0,0.0241916231526706,0.030036382348208986,0.054766694794775916,0.9228447229615876,0.0,0.7579526530972593
14,3600,4368,5649,6416,33.811862,37.653433,768,initial,nonelliptic_or_noisy,2.894798195993832,2.473288946227272,2.570142438633954,2.8471850132054692,0.5532360530561562,0.11035075715393851,0.2612697845581144,0.613422038190203,356.54710103116304,3.4528989688369904,2.134960997602555,4.0,0.026529072526836492,0.03265149236010456,0.057312959476154654,0.8950543976150825,0.0,0.10772201455850572
14,3620,4388,5669,6436,33.912034,37.753604,768,initial,nonelliptic_or_noisy,2.830476400573818,2.5372936317994768,2.5700679826609787,2.8475771595743837,0.46453390922367077,0.13054138512151267,0.3116155150437864,0.5850309428042231,356.5793407026152,3.420659297384828,2.1596605922427194,4.0,0.03075591051847829,0.04218027293296272,0.07546619934344335,0.8720101384987201,0.0,0.19533730512083358
14,3640,4408,5689,6456,34.012205,37.853775,768,initial,nonelliptic_or_noisy,2.833816627013161,2.533817321326738,2.565560883933558,2.851441756345024,0.469002792701585,0.1318217743132745,0.3094029801552834,0.5880257161286753,356.8702756118495,3.1297243881505254,2.1477787231219936,4.0,0.015003937278933585,0.029496398859700033,0.051996562423809935,0.8864510779736178,0.0,0.010279213625582222
14,3660,4428,5709,6476,34.112376,37.953946,768,initial,nonelliptic_or_noisy,2.8480855868530934,2.519834996498561,2.5679315565747474,2.8540716562745416,0.48438684536214577,0.12241172220490384,0.29431018928140235,0.5821143371523695,356.05478512377687,3.9452148762231363,2.2227944120826315,4.0,0.017108444747478444,0.040361312922948235,0.058157376546570466,0.9003542141068869,0.0,0.0412432817393395
14,3680,4448,5729,6496,34.212548,38.054118,768,initial,nonelliptic_or_noisy,2.851258846271175,2.518365681168322,2.5645482140758147,2.856250050524553,0.48253698753831176,0.12557387939833436,0.29563963048624176,0.577573811807595,356.76332327652,3.2366767234799982,2.265707056094766,4.0,0.01563476317506884,0.03795678545755428,0.05456687740500849,0.918344589641132,0.0,0.007246951020386935
14,3700,4468,5749,6516,34.312719,38.154289,768,initial,nonelliptic_or_noisy,2.8515279719060365,2.5188883297595255,2.561988502030582,2.8631820820857605,0.48249692833006086,0.12746161562761218,0.29408414927759996,0.6073527556769571,355.0839337061231,4.916066293876897,2.258381464719017,4.0,0.020511925987681905,0.04536095504848527,0.0678336842359518,0.9323519851204691,0.0,0.0012183894492225082
14,3720,4488,5769,6536,34.41289,38.25446,768,initial,nonelliptic_or_noisy,2.8286788240298684,2.542935869716009,2.5604796274867834,2.864510487964756,0.45116036400656623,0.13730386051339669,0.3139086566604402,0.5989259630220081,355.11502666467857,4.884973335321413,2.270006554154268,4.0,0.01740242362498756,0.03163943479922795,0.04664043936704506,0.9281343707658459,0.0,0.0735254998553835
14,3740,4508,5789,6556,34.513062,38.354632,768,initial,nonelliptic_or_noisy,2.8435822297443374,2.5285626970689856,2.5628389682871706,2.8685676974293703,0.47055542555563046,0.1302045118395605,0.29498572520814026,0.5894793477710027,355.07504212218174,4.924957877818263,2.3006986515436676,4.0,0.01917525382293237,0.024889837602098695,0.046837262060173496,0.9370437843267083,0.0,0.04400132462512252
14,3760,4528,5809,6576,34.613233,38.454803,768,initial,nonelliptic_or_noisy,2.826384987725293,2.5463762668027443,2.560595714308055,2.871975022227417,0.45034381382274113,0.13619059787710436,0.31015330468283175,0.5872660983099619,355.9439657275995,4.056034272400498,2.3108093077772813,4.0,0.03672250539217849,0.04452583382405178,0.06313768743038128,0.9333038392976944,0.0,0.05498069991664659
14,3780,4548,5829,6596,34.713404,38.554974,768,initial,nonelliptic_or_noisy,2.819513312529511,2.5535209926154763,2.5571758705818213,2.8727208100295254,0.44267985995556175,0.13873430892429778,0.31967194516832237,0.5932446063792167,356.5713448464003,3.428655153599713,2.323454849144448,4.0,0.030444700817087902,0.04074930945125845,0.07208670342288975,0.9333381683647192,0.0,0.022393096130152026
14,3800,4568,5849,6616,34.813576,38.655146,768,initial,nonelliptic_or_noisy,2.815390620099358,2.5578892867793748,2.550435149425057,2.8834593431829525,0.4392971952566126,0.14137824595691223,0.32531608631322173,0.5990944342473477,355.7209074582882,4.279092541711779,2.2900656995563176,4.0,0.04375024074666434,0.050425350531760164,0.09032725360273731,0.9555230073255213,0.0,0.01367307916541723
14,3820,4588,5869,6636,34.913747,38.755317,768,initial,nonelliptic_or_noisy,2.820821792614573,2.552016947308191,2.5378858463830927,2.896180879172883,0.4510028869662804,0.1382523974469259,0.31730196753033646,0.6062928534180496,356.21329472688456,3.786705273115425,2.3225475979464285,4.0,0.048474367193069606,0.046217494865720944,0.11811993928004941,0.9878764718628286,0.0,0.017735751836138746
14,3840,4608,5889,6656,35.013918,38.855488,768,initial,nonelliptic_or_noisy,2.8244654791807693,2.548111962633408,2.533348436577498,2.9027694852517203,0.45773627806281747,0.14021546216823444,0.3147656814686728,0.5931609424353487,355.7843592424065,4.215640757593499,2.277760339194538,4.0,0.05071430666780789,0.04687111689493611,0.11288151663491149,1.002403989363283,0.0,0.011668101839965646
14,3860,4628,5909,6676,35.11409,38.95566,768,initial,nonelliptic_or_noisy,2.834017852248262,2.53860211051699,2.5238994549578444,2.9184091161103605,0.4772691814215442,0.13485903065895374,0.302139293888833,0.6132787666146179,355.72601537357053,4.273984626429459,2.261758348725505,4.0,0.050232672799420224,0.04447027760971182,0.10995632765277098,1.0273727208006207,0.0,0.028242054485925764
14,3880,4648,5929,6696,35.214261,39.055831,768,initial,nonelliptic_or_noisy,2.8474374504044393,2.5229210684289205,2.5266621646464826,2.918984727455357,0.5000418787078266,0.1302824575087302,0.2926828246396437,0.6261976736826295,355.7433996500243,4.256600349975737,2.21719096463972,4.0,0.03523997938933738,0.03874137233511703,0.09507367513546147,1.0192540355205402,0.0,0.04127514247199449
14,3900,4668,5949,6716,35.314432,39.156002,768,initial,nonelliptic_or_noisy,2.8682263936326593,2.4981569845707696,2.5331902097105305,2.9129887881511394,0.5306753095699018,0.1253698715267612,0.2762142381812305,0.6155933557723727,356.38031673422796,3.619683265772057,2.240373719035861,4.0,0.031367588675627035,0.030379003614476426,0.06847529691712587,1.0048148087086486,0.0,0.0609285266799432
14,3920,4688,5969,6736,35.414604,39.256174,768,initial,nonelliptic_or_noisy,2.883607225481617,2.481071384288001,2.538084858474278,2.908434715258488,0.5558507889817289,0.12438644445633162,0.263744748083521,0.6291589644668625,356.40846419878835,3.591535801211641,2.2370685994852644,4.0,0.019168908873842583,0.02646516488525149,0.05916070009707443,0.9886972093077846,0.0,0.041357971156490286
14,3940,4708,5989,6756,35.514775,39.356345,768,initial,saved_center_displaced,3.0759101958610495,2.43022068589344,2.5310977483388943,2.914361045959334,0.7316508804214701,0.09473023928571296,0.1996147993666292,0.6555862913380562,356.4202387273169,3.5797612726830517,2.273496349829983,4.0,0.01423775976409381,0.01816603271060392,0.04126945737287362,0.9961626167533421,0.0,0.27186820126060574
14,3960,4728,6009,6776,35.614946,39.456516,768,initial,nonelliptic_or_noisy,3.0121904582327756,2.8796289794225705,2.533480410895165,2.9173521066495733,0.5044620792069037,0.13924342263394496,0.2861804174319139,0.8517437457824993,356.0701708184135,3.929829181586539,2.23774423978802,4.0,0.02482656633338903,0.028716004685760424,0.05890395377276234,0.9518932911580138,0.0,0.8997764416289876
14,3980,4748,6029,6796,35.715118,39.556688,768,initial,nonelliptic_or_noisy,2.5856531813695844,2.8796289794225705,2.537159474745418,2.9155591946659793,0.19725781523547736,0.3543108170431312,0.7302391476138154,0.7240571791889856,356.3733230782158,3.626676921784225,2.168604825944576,4.0,0.06746319934856207,0.07393443489164624,0.15073112418259987,0.3059656782629153,0.0,2.162333980805833
14,4000,4768,6049,6816,35.815289,39.656859,768,initial,nonelliptic_or_noisy,3.0847343282735844,2.8796289794225705,2.5356635552452733,2.9169703923181944,0.5686927257345149,0.1226481085797611,0.25346821562688593,0.8584933819703093,355.71646315601475,4.283536843985248,2.170959393398941,4.0,0.035573692262204755,0.030538346525442545,0.06929380080097516,0.9677265907745302,0.0,0.8775936886820459
14,4020,4788,6069,6836,35.91546,39.75703,768,initial,nonelliptic_or_noisy,3.095306860476612,2.8796289794225705,2.540505099546816,2.912791956635399,0.5879075115081487,0.12065755234168227,0.24438483844058728,0.8445569281518583,356.7443954896205,3.2556045103795106,2.127343411291453,4.0,0.052361648449222635,0.04191662301048604,0.12193694496112827,0.9453732361997452,0.0,0.017983325601515356
14,4040,4808,6089,6856,36.015631,39.857202,768,initial,center_unidentifiable,2.5856531813695844,2.8796289794225705,2.540192541838222,2.9131002464061884,0.19405358018409224,0.36282134547103523,0.7384031703871725,0.7341395750035169,356.65876828923916,3.3412317107608227,2.16512406049101,4.0,0.1576776956129453,0.12099628632396503,0.332807835143883,0.2909169747975758,0.0,2.626355456176258
14,4060,4828,6109,6876,36.115803,39.957373,768,initial,center_unidentifiable,2.5856531813695844,2.8796289794225705,2.5582574544226637,2.8738270773145596,0.19634033059567693,0.3571668071521512,0.7598109117147726,0.7556487877580436,356.5188819295449,3.4811180704551186,2.1262171849119995,4.0,0.25346790207095443,0.29797510340921585,0.6045360674153839,0.14262660902223986,0.0,0.0
14,4080,4848,6129,6896,36.215974,40.057544,768,initial,center_unidentifiable,2.8634095613133734,2.6270559552323416,2.5723654484088474,2.858710174022569,0.4645634924626645,0.15594094923603208,0.32359134524235894,0.3936557391055396,355.84552005895773,4.154479941042288,2.160184392346307,4.0,0.14093962240533464,0.17507455741110542,0.4388115995848127,0.8007122007888277,0.0,0.8081179158894217
14,4100,4868,6149,6916,36.316145,40.157715,768,initial,nonelliptic_or_noisy,2.90467095135034,2.612652612580209,2.5602701797450593,2.869900880379062,0.49719613660829975,0.1495399147132315,0.3043302904254855,0.4622786045012212,355.0370733391879,4.962926660812105,2.153835713909171,4.0,0.0645819724941845,0.08638828787212707,0.1812410758160509,0.864589184513279,0.0,0.08789905985944688
14,4120,4888,6169,6936,36.416317,40.257887,768,initial,center_unidentifiable,2.612451479710495,2.8440643115874686,2.547227477566864,2.8735185728919443,0.20271191171542996,0.36400341602578384,0.7263864890301776,0.7349642952248495,355.59699663858436,4.403003361415663,2.193186187182576,4.0,0.13622765961203726,0.2023841710471022,0.38763053086319865,0.35304398359979133,0.0,1.8388232863858096
14,4140,4908,6189,6956,36.516488,40.358058,768,initial,center_unidentifiable,2.6084628666711143,2.843841587726007,2.567362582680277,2.8542710340977737,0.20410049997187732,0.36251267176945584,0.7294800460351213,0.731707943476891,356.6066976731403,3.3933023268597227,2.1514711894993743,4.0,0.24345517254840532,0.3120448695808678,0.7236050226681731,0.2077550474106243,0.0,0.01957284103734955
14,4160,4928,6209,6976,36.616659,40.458229,768,initial,fit_failed,,,,,,,,,,,,,,,,,,
14,4180,4948,6229,6996,36.716831,40.558401,768,initial,fit_failed,,,,,,,,,,,,,,,,,,
14,4200,4968,6249,7016,36.817002,40.658572,768,initial,fit_failed,,,,,,,,,,,,,,,,,,
14,4220,4988,6269,7036,36.917173,40.758743,768,initial,fit_failed,,,,,,,,,,,,,,,,,,
14,4240,5008,6289,7056,37.017345,40.858915,768,initial,fit_failed,,,,,,,,,,,,,,,,,,
14,4260,5028,6309,7076,37.117516,40.959086,768,initial,fit_failed,,,,,,,,,,,,,,,,,,
14,4280,5048,6329,7096,37.217687,41.059257,768,initial,fit_failed,,,,,,,,,,,,,,,,,,
14,4300,5068,6349,7116,37.317859,41.159429,768,initial,fit_failed,,,,,,,,,,,,,,,,,,
14,4320,5088,6369,7136,37.41803,41.2596,768,initial,fit_failed,,,,,,,,,,,,,,,,,,
14,4340,5108,6389,7156,37.518201,41.359771,768,initial,fit_failed,,,,,,,,,,,,,,,,,,
14,4360,5128,6409,7176,37.618373,41.459943,768,initial,fit_failed,,,,,,,,,,,,,,,,,,
14,4380,5148,6429,7196,37.718544,41.560114,768,initial,fit_failed,,,,,,,,,,,,,,,,,,
14,4400,5168,6449,7216,37.818715,41.660285,768,initial,fit_failed,,,,,,,,,,,,,,,,,,
14,4420,5188,6469,7236,37.918887,41.760457,768,initial,fit_failed,,,,,,,,,,,,,,,,,,
14,4440,5208,6489,7256,38.019058,41.860628,768,initial,fit_failed,,,,,,,,,,,,,,,,,,
14,4460,5228,6509,7276,38.119229,41.960799,768,initial,fit_failed,,,,,,,,,,,,,,,,,,
14,4480,5248,6529,7296,38.2194,42.060971,768,initial,fit_failed,,,,,,,,,,,,,,,,,,
14,4500,5268,6549,7316,38.319572,42.161142,768,initial,fit_failed,,,,,,,,,,,,,,,,,,
14,4520,5288,6569,7336,38.419743,42.261313,768,initial,fit_failed,,,,,,,,,,,,,,,,,,
14,4540,5308,6589,7356,38.519914,42.361484,768,initial,fit_failed,,,,,,,,,,,,,,,,,,
14,4560,5328,6609,7376,38.620086,42.461656,768,initial,fit_failed,,,,,,,,,,,,,,,,,,
14,4580,5348,6629,7396,38.720257,42.561827,768,initial,fit_failed,,,,,,,,,,,,,,,,,,
14,4600,5368,6649,7416,38.820428,42.661998,768,initial,fit_failed,,,,,,,,,,,,,,,,,,
14,4620,5388,6669,7436,38.9206,42.76217,768,initial,fit_failed,,,,,,,,,,,,,,,,,,
14,4640,5408,6689,7456,39.020771,42.862341,768,initial,fit_failed,,,,,,,,,,,,,,,,,,
14,4660,5428,6709,7476,39.120942,42.962512,768,initial,fit_failed,,,,,,,,,,,,,,,,,,
14,4680,5448,6729,7496,39.221114,43.062684,768,initial,fit_failed,,,,,,,,,,,,,,,,,,
14,4700,5468,6749,7516,39.321285,43.162855,768,initial,fit_failed,,,,,,,,,,,,,,,,,,
14,4720,5488,6769,7536,39.421456,43.263026,768,initial,fit_failed,,,,,,,,,,,,,,,,,,
14,4740,5508,6789,7556,39.521628,43.363198,768,initial,fit_failed,,,,,,,,,,,,,,,,,,
14,4760,5528,6809,7576,39.621799,43.463369,768,initial,fit_failed,,,,,,,,,,,,,,,,,,
14,4780,5548,6829,7596,39.72197,43.56354,768,initial,fit_failed,,,,,,,,,,,,,,,,,,
14,4800,5568,6849,7616,39.822142,43.663712,768,initial,fit_failed,,,,,,,,,,,,,,,,,,
14,4820,5588,6869,7636,39.922313,43.763883,768,initial,fit_failed,,,,,,,,,,,,,,,,,,
14,4840,5608,6889,7656,40.022484,43.864054,768,initial,fit_failed,,,,,,,,,,,,,,,,,,
14,4860,5628,6909,7676,40.122656,43.964226,768,initial,fit_failed,,,,,,,,,,,,,,,,,,
14,4880,5648,6929,7696,40.222827,44.064397,768,initial,fit_failed,,,,,,,,,,,,,,,,,,
14,4900,5668,6949,7716,40.322998,44.164568,768,initial,fit_failed,,,,,,,,,,,,,,,,,,
14,4920,5688,6969,7736,40.423169,44.26474,768,initial,fit_failed,,,,,,,,,,,,,,,,,,
14,4940,5708,6989,7756,40.523341,44.364911,768,initial,fit_failed,,,,,,,,,,,,,,,,,,
14,4960,5728,7009,7776,40.623512,44.465082,768,initial,center_unidentifiable,2.5140185780618216,2.8815311168951863,2.7138058843697372,2.613800066701749,0.2640558647470209,0.2834860480880126,0.6282071701918088,0.6210654871823592,345.0242455189676,14.975754481032423,2.7187896512472336,3.0,0.8333922103457337,1.1681597771156145,2.309588921084224,1.2651042737937905,9.351851485383987,0.02004498784971879
14,4980,5748,7029,7796,40.723683,44.565253,768,initial,center_unidentifiable,2.5012939322869334,2.872718078391693,2.594524110656009,2.7878780732453152,0.26620644297325474,0.2921188304560062,0.6334016365927689,0.6459699221058836,354.26282236134455,5.737177638655464,2.5895129562716264,4.0,0.5543413754944339,0.8038146701038583,1.379971358376242,0.4735209363172518,0.0,0.05814500197110777
14,5000,5768,7049,7816,40.823855,44.665425,768,initial,center_unidentifiable,2.499449656219804,2.872718078391693,2.6101947582651226,2.767210765114352,0.26438761955046913,0.294028233322444,0.6461028103319476,0.6591016331048151,356.0216378885054,3.9783621114946173,2.6250035115061334,4.0,0.3700464715425991,0.5533800526562012,1.046131575755916,0.5785384196579054,0.0,0.006975652151432456
14,5020,5788,7069,7836,40.924026,44.765596,768,initial,center_unidentifiable,2.5078969037659293,2.8701513522240143,2.6465088893966335,2.718276010641178,0.26430231440012575,0.2901437562913352,0.6456338741144627,0.652865077784032,354.17800575286736,5.821994247132651,2.628233955088059,4.0,0.7775270647322714,1.1221335869662281,2.6775576993780925,0.7779710775029132,0.0,0.03340339319683777
14,5040,5808,7089,7856,41.024197,44.865767,768,initial,center_unidentifiable,2.5014411377427206,2.871375962061421,2.6533518623327508,2.710373232950763,0.26542915390134975,0.2903204857308243,0.6435422897375145,0.6602347498004396,353.57327842904874,6.426721570951236,2.6196454623778096,3.0,0.5711810769446726,0.8364706616125962,1.8623380743319358,0.8339573960192179,0.0,0.02475571749296824
14,5060,5828,7109,7876,41.124369,44.965939,768,initial,center_unidentifiable,2.5014411377427206,2.87046508829519,2.6812757966535585,2.6719771294673405,0.26602379016367195,0.29490463784571214,0.6471175640105866,0.6663355791725873,349.4485627186996,10.551437281300432,2.6329983995892445,4.0,1.178663145324254,1.6269730965663187,4.157696357709988,1.0068252020779003,0.0,0.0034240312329611384
14,5080,5848,7129,7896,41.22454,45.06611,768,initial,center_unidentifiable,2.505688398459641,2.8701513522240143,2.6141821484879744,2.766872739651804,0.27055624784477034,0.2921106965505827,0.6541100599553109,0.6582224599264472,355.636177825638,4.3638221743619585,2.631223858291607,4.0,0.3790494201306629,0.5624370188615302,1.4027144689767592,0.5536411537047607,7.821982237494905,0.015741024255149453
14,5100,5868,7149,7916,41.324711,45.166281,768,initial,center_unidentifiable,2.5128014063962776,2.8627814746695845,2.633409758623347,2.7427939155206413,0.27090509928723655,0.29196608543301467,0.6519504542909507,0.6541067406810465,356.17166461695456,3.8283353830454185,2.6783177096242925,4.0,0.37952861885271516,0.5636055319402683,1.3970974233529707,0.62799691561575,11.394199456441699,0.037808653960272755
14,5120,5888,7169,7936,41.424883,45.266453,768,initial,center_unidentifiable,2.5296567900253297,2.86130995789128,2.635516337699286,2.7397468006184353,0.27262471018298146,0.2918948953897755,0.6447390221793382,0.6498966257496134,356.2664612460596,3.7335387539404286,2.6360703121847444,4.0,0.3187380623565933,0.38388607543918823,1.1044504031654192,0.5912708817520966,2.6074645701831733,0.06206148819309797
14,5140,5908,7189,7956,41.525054,45.366624,768,initial,center_unidentifiable,2.5354060396082243,2.854036091074054,2.6174868274540737,2.7631657465115596,0.2733884810736364,0.28872146597084586,0.6382249755887461,0.64322327588242,356.11340394857393,3.8865960514260456,2.6241182775762244,4.0,0.19487381311757263,0.3160523733695313,0.7265842148554658,0.44790748514886386,3.1600983369279176,0.033913732709303604
14,5160,5928,7209,7976,41.625225,45.466795,768,initial,center_unidentifiable,2.547521182856274,2.8502986777058803,2.6066967650073187,2.7702895420453015,0.27131549633662344,0.2937259665919562,0.6453033382861479,0.653355327245635,355.4049905757984,4.595009424201574,2.6064044052218667,4.0,0.1406952332621848,0.2366899463716662,0.3325794085728064,0.3667865683907843,0.0,0.04672981651174432
14,5180,5948,7229,7996,41.725397,45.566967,768,initial,center_unidentifiable,2.538338351409093,2.8434700239808546,2.628361611607281,2.740541487479863,0.2731142448893,0.2884115765309032,0.6457218263132078,0.6480788718257712,351.904144416571,8.09585558342902,2.665255062380956,4.0,0.19235721531670394,0.30588916314112136,0.5880075500611721,0.5006782150305192,0.21261192753828334,0.04190024213774123
14,5200,5968,7249,8016,41.825568,45.667138,768,initial,center_unidentifiable,2.5495474465480865,2.836552290941052,2.612190435431185,2.766000301528668,0.27105052353249154,0.2928337693112213,0.6483624250297922,0.6494663163258827,353.7107279831645,6.289272016835502,2.6912340750634054,4.0,0.10057531609574225,0.180272503886281,0.2670844836686273,0.3480862687135438,0.0,0.048595722408952165
14,5220,5988,7269,8036,41.925739,45.767309,768,initial,nonelliptic_or_noisy,2.564946366211662,2.825800483204894,2.6091536856684505,2.769569128800798,0.2711001013070311,0.28895754785232536,0.6544762851402453,0.6593770834278784,354.3361413430498,5.663858656950177,2.7352288897706107,4.0,0.07020710983874445,0.13539835694114005,0.2097045900198583,0.2638434378036685,0.0,0.06927720336285074
14,5240,6008,7289,8056,42.025911,45.867481,768,initial,center_unidentifiable,2.557212500619256,2.83540138026161,2.599338679752464,2.783279667621473,0.27175338793736264,0.28819920554212913,0.6541010205223959,0.6548417668747325,355.83263137154614,4.16736862845386,2.6573005939574106,4.0,0.09991614001549737,0.17455062297059992,0.3471937308473177,0.24660988476065482,0.0,0.04536619961260497
14,5260,6028,7309,8076,42.126082,45.967652,768,initial,center_unidentifiable,2.547521182856274,2.838162991613772,2.601303357743654,2.792722119031059,0.267497194440857,0.28765629324619424,0.6635080102647171,0.6605094208021304,353.534888920801,6.465111079199003,2.6801096753455975,4.0,0.3527027159337666,0.5286452175274162,1.23634008387812,0.26321312486474663,0.0,0.03767183274189171
14,5280,6048,7329,8096,42.226253,46.067823,768,initial,center_unidentifiable,2.5296567900253297,2.8385249704668407,2.6006591172860287,2.79067219789571,0.27309580592970617,0.28187886937726175,0.6552020057335213,0.6612326057303878,353.4532044175756,6.546795582424418,2.6752940467255195,4.0,0.19263831206352086,0.297904002177134,0.5146416638664353,0.3135256275855761,0.0,0.06542780731533299
14,5300,6068,7349,8116,42.326425,46.167995,768,initial,center_unidentifiable,2.5061688665457504,2.8434700239808546,2.584131311325849,2.8226302132930585,0.2720448495453961,0.29043328440633964,0.6666473024674965,0.6686949103404041,355.6982226188267,4.301777381173261,2.6343495509854127,4.0,0.40415229135176717,0.572813073792498,1.4236469976357873,0.2966411364797945,0.0,0.08823116984243409
14,5320,6088,7369,8136,42.426596,46.268166,768,initial,center_unidentifiable,2.4951943361857096,2.854036091074054,2.5482748359831806,2.8678770612832514,0.2684749983987178,0.29286368900105686,0.657246033991746,0.6638815536600621,355.7611153962055,4.238884603794471,2.607806500088793,4.0,0.5695530980307439,0.7502220413167071,2.0953637335617277,0.20432208971607355,0.0,0.05674361044795862
14,5340,6108,7389,8156,42.526767,46.368337,768,initial,center_unidentifiable,2.488041051721816,2.854737516709713,2.548510287755796,2.8668823030795707,0.26465708081541106,0.2956998655537357,0.6722931774515062,0.6686822776931378,355.7114020256957,4.28859797430429,2.641326621671714,4.0,0.11854144930853615,0.17411152111927247,0.3085300882514541,0.23304410722746396,0.0,0.027158131661503906
14,5360,6128,7409,8176,42.626938,46.468509,768,initial,center_unidentifiable,2.479518491932441,2.853503827493726,2.5583484781222183,2.85800970153604,0.26374749407897563,0.3033248464783316,0.675289427433171,0.6908012296664156,356.08678676561226,3.9132132343877135,2.620460509898687,4.0,0.09517953849801823,0.1569295275478965,0.30532426050765366,0.29937216261208627,0.0,0.032650124991585906
14,5380,6148,7429,8196,42.72711,46.56868,768,initial,center_unidentifiable,2.491797933545895,2.8553591056480068,2.556765658165524,2.8558482855312946,0.26958864046437137,0.2944488132825755,0.6674737657033414,0.6726071411061566,356.039735878843,3.960264121157031,2.662462832937601,4.0,0.09705362213418216,0.16183313065993427,0.28959307371235443,0.2409951923119377,0.0,0.04606576158007905
14,5400,6168,7449,8216,42.827281,46.668851,768,initial,center_unidentifiable,2.492819203490786,2.8457684684946507,2.561340561276649,2.8494992657695377,0.27334879897927467,0.29235844589919946,0.6579799271825286,0.6579194340534186,356.7519829500606,3.2480170499394134,2.694292755171093,4.0,0.08763502668151522,0.1547925636916342,0.29986909821435775,0.25104499689046494,0.0,0.03528407463270703
14,5420,6188,7469,8236,42.927452,46.769022,768,initial,center_unidentifiable,2.485994402648716,2.8502986777058803,2.5806848618006493,2.821951480385675,0.26557477220838277,0.296231218596091,0.6570901738181969,0.6697667975618216,355.7162437669729,4.283756233027052,2.7813257498223165,4.0,0.14408093693612195,0.23567149613541324,0.41809877986911176,0.3721834487482836,0.0,0.03084442753996758
14,5440,6208,7489,8256,43.027624,46.869194,768,initial,nonelliptic_or_noisy,2.485994402648716,2.8532613904855415,2.523382370356317,2.9295438420151685,0.2645283454325599,0.29673176768486803,0.6862984164316837,0.7197203994939635,356.0892633352773,3.910736664722718,2.303225724875824,4.0,0.04417624539135803,0.09642084976144853,0.19061946434102076,0.3211458410031141,0.0,0.01119998227341777
14,5460,6228,7509,8276,43.127795,46.969365,768,initial,nonelliptic_or_noisy,2.48729891816484,2.8532613904855415,2.531186488355384,2.9188524113198087,0.2720122541865631,0.2942052572618188,0.686332355663587,0.7230344502268404,355.89299200474517,4.107007995254823,2.303333096951938,4.0,0.016358893683611354,0.05513595908327906,0.1088740777807731,0.29013246047513197,0.0,0.004795796865936364
14,5480,6248,7529,8296,43.227966,47.069536,768,initial,nonelliptic_or_noisy,2.504130219204381,2.85649263218548,2.531303786858687,2.920786019708309,0.2752990681115073,0.29076302701504414,0.6830992231075663,0.6970543515008326,355.7915846990413,4.2084153009586736,2.3968970987236506,4.0,0.03782489581012548,0.03401662571086135,0.0798681142164153,0.25354251319433724,0.0,0.06225469155557012
14,5500,6268,7549,8316,43.328138,47.169708,768,initial,nonelliptic_or_noisy,2.518662346506834,2.8532613904855415,2.5249163198252185,2.922715053919025,0.2804322371701329,0.2913119869882067,0.6806748319144363,0.6939718393912403,355.3963581361994,4.603641863800574,2.4341043440917125,4.0,0.034464975297880424,0.04174846040851278,0.09819311304770395,0.24866850551393324,0.0,0.05308601334228827
14,5520,6288,7569,8336,43.428309,47.269879,768,initial,nonelliptic_or_noisy,2.5468912721782484,2.8432557519348096,2.5186823187109697,2.9311723151037348,0.2828208335161912,0.2907251147722145,0.6769342550953295,0.6857719642579131,356.4645042278752,3.5354957721248454,2.3231275080295783,4.0,0.007970895063614336,0.019326866925432427,0.032302441307413346,0.3264656601556228,0.0,0.10589640184374609
14,5540,6308,7589,8356,43.52848,47.37005,768,initial,nonelliptic_or_noisy,2.5541548546352475,2.847235337458785,2.514555029814676,2.9349224456412637,0.2749464216781303,0.3131765817146236,0.6910638035173843,0.6907924401287481,356.93324107641484,3.0667589235851533,2.1932897648582426,4.0,0.021794690768001904,0.015575771736350202,0.03281869387976332,0.349938049343274,0.0,0.030123375685611017
14,5560,6328,7609,8376,43.628652,47.470222,768,initial,nonelliptic_or_noisy,2.5578587238948214,2.8532613904855415,2.5212318498520685,2.912131639734604,0.2744459729313714,0.3185210717694389,0.7027027160468511,0.7081361097587795,356.13501027801544,3.864989721984573,2.1347436623824105,4.0,0.023419151999648124,0.041768697978607265,0.05924510663087465,0.2526334049578142,0.0,0.025773114724440684
14,5580,6348,7629,8396,43.728823,47.570393,768,initial,nonelliptic_or_noisy,2.5541548546352475,2.8532613904855415,2.5195569652933343,2.9146566668912026,0.2674277372469885,0.3316416917340721,0.7179912244783965,0.7279296706548388,356.24995968833144,3.7500403116685592,2.0555475602466795,4.0,0.027039447079525512,0.04416757025660038,0.08216247596256886,0.2635203336649118,0.0,0.013849981672443733
14,5600,6368,7649,8416,43.828994,47.670564,768,initial,nonelliptic_or_noisy,2.565079853880623,2.853399851444515,2.5231537888918276,2.9109339786067996,0.26028997401667353,0.34206032637895234,0.7387966385671673,0.7381203676675759,357.1267054546787,2.873294545321287,2.07020419348235,4.0,0.027653735521825696,0.03794179550714184,0.06974760592552885,0.27350143431354157,0.0,0.04197578743781064
14,5620,6388,7669,8436,43.929166,47.770736,768,initial,nonelliptic_or_noisy,2.5698372851024684,2.8418806099766187,2.5227347099652717,2.9096977258942585,0.2618343858136749,0.3364534564872815,0.7320409908554759,0.7474211541546045,356.93391238808806,3.0660876119119638,2.0829114613998745,4.0,0.02301537150040788,0.07251900837252209,0.11089480298443527,0.31535221629687865,0.0,0.04759874528894013
14,5640,6408,7689,8456,44.029337,47.870907,768,initial,nonelliptic_or_noisy,2.556410982048699,2.8320676149260713,2.5214599012259775,2.9107680161437206,0.26176296099982854,0.33221398032344157,0.7315720804933952,0.749101342835015,356.922587649193,3.077412350806996,2.0888601458419815,4.0,0.027346674865509703,0.05286663711363817,0.08070887467566346,0.3289705962949592,0.0,0.06353117240082609
14,5660,6428,7709,8476,44.129508,47.971078,768,initial,nonelliptic_or_noisy,2.5318622322790003,2.8452558951078473,2.520596150200972,2.9111143897313756,0.25507558658530427,0.3470195381040339,0.7472673659350054,0.765601897781252,356.86970280624274,3.130297193757241,2.0648086089651865,4.0,0.03876338063986213,0.06712262277775154,0.12271573963924168,0.26194260000155534,0.0,0.10925012125179095
14,5680,6448,7729,8496,44.22968,48.07125,768,initial,nonelliptic_or_noisy,2.51233554165687,2.852930643562469,2.5256049476932705,2.9068434521734376,0.25760445962376743,0.34411787153830614,0.7464441096684928,0.7698035194318779,357.3291193700556,2.6708806299443806,2.0631478166377275,4.0,0.029113885747320965,0.061123326169948304,0.0904917623756526,0.2155311294369285,0.0,0.08144574332792757
14,5700,6468,7749,8516,44.329851,48.171421,768,initial,nonelliptic_or_noisy,2.5082942757409175,2.862393266723426,2.5336042577222573,2.907931363584576,0.2615852704004983,0.34948629512999024,0.7463676290290404,0.7772421890867822,357.57349710960267,2.426502890397313,2.0454094796566706,4.0,0.03932530715350647,0.057564569392528894,0.09047014124026358,0.19916669376433255,0.0,0.039335027852853505
14,5720,6488,7769,8536,44.430022,48.271592,768,initial,nonelliptic_or_noisy,2.4941852537704623,2.8701649676577485,2.5362049909781446,2.907611308379197,0.26388237190774555,0.3424250375697754,0.732922551966444,0.7951317460548949,357.2833751769261,2.7166248230739334,2.0283851979881296,4.0,0.03660146753815429,0.06198903442981887,0.1243820683545863,0.21329194006841476,0.0,0.06104189935771351
14,5740,6508,7789,8556,44.530194,48.371764,768,initial,nonelliptic_or_noisy,2.492209491636745,2.868694902090777,2.531076259666367,2.9095245201847777,0.2592331952699033,0.34576940176041987,0.7426286093731425,0.7959400301073,357.1749861934306,2.825013806569434,2.0517074590816278,4.0,0.049000924728927614,0.04546476554777839,0.11314508367769632,0.21745264654683985,0.0,0.009499813490268717
14,5760,6528,7809,8576,44.630365,48.471935,768,initial,nonelliptic_or_noisy,2.4854275458013455,2.8738246172451527,2.5286277584545163,2.913292515405629,0.2595038481374232,0.34749055913129195,0.7417623764589291,0.7971639540776572,357.08725124006685,2.912748759933134,2.0457567519194173,4.0,0.039693330995059624,0.028229801515917405,0.0696283650110168,0.22548693642038523,0.0,0.03276813131532722
14,5780,6548,7829,8596,44.730536,48.572106,768,initial,nonelliptic_or_noisy,2.4780720100291056,2.881540756239125,2.532638416761149,2.9075314851361744,0.2630862566744441,0.34030899114452934,0.7335218742904431,0.7892473387844378,356.371033960995,3.62896603900496,2.051224752871002,4.0,0.04868918085071747,0.039065761383251775,0.08009981662034485,0.22973507811926275,0.0,0.04052029741347908
14,5800,6568,7849,8616,44.830707,48.672278,768,initial,nonelliptic_or_noisy,2.470085452557816,2.883312817294663,2.5339229817776334,2.9068750642963597,0.26604555668343344,0.3449551767798094,0.7314401097509082,0.7854939633857072,356.6554282820121,3.3445717179879084,2.047383160656069,4.0,0.0478119232379204,0.03634709999869893,0.081607889866004,0.2557724101501656,0.0,0.030749577669505892
14,5820,6588,7869,8636,44.930879,48.772449,768,initial,nonelliptic_or_noisy,2.4792365923979514,2.877659496518859,2.5365968377268078,2.9055125684461154,0.26426590359076085,0.346327522019897,0.7299602979388625,0.7903617401110818,356.6324952275599,3.3675047724401175,2.0377855573965813,4.0,0.04682772449803693,0.06892707424347762,0.11117962957434298,0.24129153875880813,0.0,0.040703515541392926
14,5840,6608,7889,8656,45.03105,48.87262,768,initial,nonelliptic_or_noisy,2.501591127357154,2.8809610114934436,2.534896463252158,2.9038783149216507,0.25765622797632315,0.3494707289379325,0.7503175588746014,0.7774286474977787,356.6076342941037,3.3923657058962555,2.0377623268174117,4.0,0.06119864186493112,0.055909873467329695,0.09877631547713982,0.15690794532784758,0.0,0.08770220087551421
14,5860,6628,7909,8676,45.131221,48.972791,768,initial,nonelliptic_or_noisy,2.5135101968686757,2.8816294957016844,2.535667264351333,2.9033668783791553,0.25983684297601367,0.34854872982319407,0.7425879453310757,0.7621729143156117,356.8333244894482,3.1666755105518116,2.0379962359656902,4.0,0.07404370312847364,0.03760876427436566,0.1069771398952142,0.11945758607998436,0.0,0.04594344941321816
14,5880,6648,7929,8696,45.231393,49.072963,768,initial,nonelliptic_or_noisy,2.5386208115725486,2.877659496518859,2.536828853289114,2.9037517530179007,0.26172177947888164,0.3408295490880321,0.7376079468455238,0.7485305604120722,356.8241556687996,3.1758443312004054,2.045869471384886,4.0,0.046899443093766625,0.05518925574658598,0.09712335333732881,0.09992946717302136,0.0,0.09713561894987265
14,5900,6668,7949,8716,45.331564,49.173134,768,initial,nonelliptic_or_noisy,2.5404945654828595,2.875706904351858,2.537425477162314,2.9017000376322493,0.2572336561016062,0.34694656836508825,0.7454398418433152,0.7614294101434459,356.72084794602773,3.279152053972288,2.061346137807764,4.0,0.04810629210969286,0.06963735572443654,0.13186681092250774,0.10175066062790261,0.0,0.010520433237229777
14,5920,6688,7969,8736,45.431735,49.273305,768,initial,nonelliptic_or_noisy,2.5623486301615936,2.886061067809494,2.5411718681663076,2.899453907012203,0.2584356391020806,0.34587067853011727,0.7412816435856171,0.7390602224601851,356.7101005874885,3.2898994125114607,2.0828672731443674,4.0,0.05093621373258706,0.07967417360715853,0.15679837951702008,0.09695413631306868,0.0,0.09357386365060545
14,5940,6708,7989,8756,45.531907,49.373477,768,initial,nonelliptic_or_noisy,2.5623486301615936,2.875142897735115,2.541573019303613,2.9001864043929784,0.24966385625875026,0.35557169466845123,0.7681291990391301,0.7666762049719924,356.68013339459753,3.319866605402479,2.068630809803522,4.0,0.04645247078606965,0.03043495834867653,0.06491766940869012,0.13033226865321623,0.0,0.04373148055144696
14,5960,6728,8009,8776,45.632078,49.473648,768,initial,nonelliptic_or_noisy,2.5449823687636437,2.883312817294663,2.5369054339151798,2.9055547358803735,0.2460857773028065,0.3595575327039361,0.78034142046867,0.7845930382014915,356.78027511200355,3.2197248879964717,2.0886931603525603,4.0,0.05593035255296166,0.051599800379710445,0.11188206069170024,0.09615772110110737,0.0,0.07798925225541961
14,5980,6748,8029,8796,45.732249,49.573819,768,initial,nonelliptic_or_noisy,2.527743462152894,2.8807418512750593,2.540496262526478,2.901391779671696,0.2484735831499293,0.3586201828575464,0.7761545195747741,0.7840500771145724,356.6670432276228,3.332956772377227,2.1116560352481697,4.0,0.06528793534700923,0.05872311437875673,0.10924019872100642,0.09767808416493703,0.0,0.07014655512865708
14,6000,6768,8049,8816,45.832421,49.673991,768,initial,nonelliptic_or_noisy,2.540593207510828,2.8807418512750593,2.5352196657594708,2.912145299135243,0.25333486838383096,0.34823650899329667,0.7638659916158512,0.7677402590099976,356.666666224026,3.3333337759739976,2.1653022801982393,4.0,0.06096366931271276,0.058378480873724305,0.11670985864664007,0.12576189335192053,0.0,0.05072237169683778
14,6020,6788,8069,8836,45.932592,49.774162,768,initial,nonelliptic_or_noisy,2.5404945654828595,2.8809610114934436,2.541305206170888,2.905398413156213,0.2586820267063449,0.34080875324388477,0.7397979545407072,0.757398352293323,356.87113093314747,3.1288690668525168,2.2009770665662156,4.0,0.0665750763847879,0.04282372949510872,0.10841934736533675,0.09452084327956706,0.0,0.0009290793177597791
14,6040,6808,8089,8856,46.032763,49.874333,768,initial,nonelliptic_or_noisy,2.534995700193467,2.8739277945377246,2.5421750594055927,2.9060802235613035,0.2576815054331047,0.3322777022277969,0.7402335562118186,0.7546900411363283,356.65206978505233,3.34793021494769,2.230056449194824,4.0,0.07970302243945641,0.031661194728187445,0.1302055387818195,0.1278486163826758,0.0,0.034646222001823046
14,6060,6828,8109,8876,46.132935,49.974505,768,initial,nonelliptic_or_noisy,2.5212712613188604,2.8740650725518657,2.5441719115240646,2.895830059036281,0.2538354491121726,0.33485092186567617,0.7537698775484558,0.7744634344483053,356.7584675150165,3.2415324849835003,2.2795315750260343,4.0,0.06544441248728124,0.030847289790340484,0.09758846496640096,0.12446481371334829,0.0,0.05407095606102207
14,6080,6848,8129,8896,46.233106,50.074676,768,initial,nonelliptic_or_noisy,2.5181235952573218,2.8742858450763937,2.5391911094545945,2.899747440034834,0.2538569563416544,0.3410580458292793,0.7560541854280374,0.7741403800600356,356.52423452007434,3.4757654799256357,2.25148547284215,4.0,0.043837782463041305,0.06401094884777685,0.0948080203239065,0.13018132597523627,0.0,0.012429830300880683
14,6100,6868,8149,8916,46.333277,50.174847,768,initial,nonelliptic_or_noisy,2.5086418349988757,2.874401143199446,2.5436775147668045,2.8958001120722283,0.2544221605560624,0.3350335661895387,0.7497076820962418,0.7727953197139524,355.9965546847601,4.0034453152399285,2.295331127547255,4.0,0.06070931370665954,0.09321197689601124,0.18217541063495166,0.16136095505924755,0.0,0.03727057904036668
14,6120,6888,8169,8936,46.433449,50.275019,768,initial,nonelliptic_or_noisy,2.5135101968686757,2.8742858450763937,2.5460061154299503,2.8934917343843547,0.25436265845075245,0.3342281524991151,0.7506875373730654,0.7710760345431913,356.0270603574916,3.972939642508406,2.305260254889275,4.0,0.05445351331443438,0.0779655118954857,0.151042023675162,0.14839913048910974,0.0,0.019144818737091406
14,6140,6908,8189,8956,46.53362,50.37519,768,initial,nonelliptic_or_noisy,2.5048973346457295,2.874401143199446,2.540860827417479,2.897912999417557,0.2530939592607965,0.3328816329107582,0.7462581040667298,0.7734546821432967,355.3681254577149,4.63187454228513,2.344912040820666,4.0,0.07070753345982975,0.04015253946577711,0.11360527203890905,0.16976777789044475,0.0,0.03403334455855197
14,6160,6928,8209,8976,46.633791,50.475361,768,initial,nonelliptic_or_noisy,2.5150624246665667,2.875010238854091,2.545563349489844,2.898128878266447,0.2556797907228997,0.3226715431349387,0.7355994002863504,0.7617338766533586,355.936632567079,4.0633674329209795,2.3608505795065535,4.0,0.06617378600601731,0.04645021393899962,0.10494040749894588,0.1496888623700988,0.0,0.03982842073951762
14,6180,6948,8229,8996,46.733963,50.575533,768,initial,nonelliptic_or_noisy,2.513410622070365,2.8807418512750593,2.557484754054521,2.8962309584849306,0.2628487480698128,0.324275702770933,0.7202140197981353,0.75316417982143,357.0515175822696,2.9484824177304105,2.3391856233514434,4.0,0.062233096696034926,0.035785273200102635,0.1061897924085079,0.17773190589155238,0.0,0.022693215554540895
14,6200,6968,8249,9016,46.834134,50.675704,768,initial,nonelliptic_or_noisy,2.5048973346457295,2.8885723448029115,2.5619568728688087,2.88768277172299,0.2644607908339683,0.31505802151652557,0.7260549617396054,0.7441098777125895,355.9002459002528,4.099754099747176,2.3410508634522063,4.0,0.06956499300685376,0.01028870231789917,0.11500536429604849,0.2157842452181912,0.0,0.04373759544497928
14,6220,6988,8269,9036,46.934305,50.775875,768,initial,nonelliptic_or_noisy,2.529271019593164,2.890332536487787,2.562211642940729,2.8859989252142437,0.26271863694373554,0.3080941380777599,0.705728827705089,0.7030006722902387,355.7319398087494,4.268060191250572,2.3526061323018324,4.0,0.1039341288760278,0.0325974191742509,0.16449233388226378,0.1264640455489944,0.0,0.09301646949152909
14,6240,7008,8289,9056,47.034476,50.876047,768,initial,nonelliptic_or_noisy,2.5386208115725486,2.8877721429849355,2.569372398498708,2.8784714973540773,0.2605922113200292,0.3125489221356947,0.7063802300715937,0.7198358978711655,355.59166961897375,4.40833038102622,2.436977835912839,4.0,0.11741833953993919,0.05906087406213924,0.18875579546238413,0.12328564864476894,0.0,0.037200000444144794
14,6260,7028,8309,9076,47.134648,50.976218,768,initial,nonelliptic_or_noisy,2.52230971564582,2.8679509761779056,2.585411571963763,2.8680112360259655,0.2605255000608686,0.29614451516247037,0.6835483984273651,0.7197557287323821,354.6232521133268,5.37674788667316,2.4533737738771695,4.0,0.08048975288907194,0.0315999535829539,0.13702936171620517,0.24221001428310643,0.0,0.09853024626342222
14,6280,7048,8329,9096,47.234819,51.076389,768,initial,nonelliptic_or_noisy,2.5218626745423096,2.869072792230206,2.5888012605816346,2.865254413438051,0.26097323105670545,0.2851549235369139,0.6751324703765262,0.717808499253761,354.3920178124516,5.60798218754837,2.459711566877603,4.0,0.06905872364508941,0.02110339710034207,0.12739822300902778,0.25691295325329705,0.0,0.004627325042942651
14,6300,7068,8349,9116,47.33499,51.17656,768,initial,nonelliptic_or_noisy,2.52230971564582,2.8872255969645777,2.587532084154984,2.8671961220508444,0.26649683258188983,0.27285752494392046,0.6681246793745136,0.6981902003212828,354.33389883541645,5.666101164583559,2.504365764255077,4.0,0.06071692171601485,0.03150173812198658,0.11498739876587119,0.25602017609441596,0.0,0.06813705163402092
14,6320,7088,8369,9136,47.435162,51.276732,768,initial,nonelliptic_or_noisy,2.514689911315123,2.8940591379431133,2.595708778218997,2.8795496543787364,0.2678214646440171,0.2701861684408676,0.6504713728109064,0.6854966799598737,356.2909792796761,3.7090207203238985,2.525728700890505,4.0,0.056994341501022276,0.020747637561784795,0.10825837570541723,0.3073235691026191,0.0,0.03821639086918907
14,6340,7108,8389,9156,47.535333,51.376903,768,initial,nonelliptic_or_noisy,2.51358342897537,2.8950129864529623,2.597370506672367,2.882748002717024,0.2667164612738733,0.2748199397610157,0.6509514941882487,0.6823997420117734,355.23779598497737,4.762204015022621,2.5515610539945244,4.0,0.06255553297027475,0.00781017244324214,0.12310235592330353,0.31749075521113634,0.0,0.005477225609048605
14,6360,7128,8409,9176,47.635504,51.477074,768,initial,nonelliptic_or_noisy,2.503199275614688,2.9085598710631064,2.599663011648053,2.8814725644117196,0.269558649200341,0.2734569868215129,0.6493403931126782,0.6925022910126162,355.1653716908388,4.834628309161197,2.5685396192873355,4.0,0.05199125052693102,0.024405762218435528,0.10437321138254595,0.3716990107536978,0.0,0.06332180536947392
14,6380,7148,8429,9196,47.735676,51.577246,768,initial,nonelliptic_or_noisy,2.5048973346457295,2.9129328961925665,2.600461510672397,2.885644001775921,0.2657418014078235,0.2846412003066514,0.6690184290283334,0.701751756405015,356.14819751638964,3.8518024836103777,2.5235123524357856,4.0,0.023856867184329594,0.021943883048569937,0.0491126144775192,0.37398738241899826,0.0,0.017652983381687
14,6400,7168,8449,9216,47.835847,51.677417,768,initial,nonelliptic_or_noisy,2.4995620000601297,2.918229731673576,2.6018307739468995,2.8856129011422817,0.2653590741229288,0.28385825655977953,0.671770505383493,0.7023307465034263,356.3673293128175,3.6326706871824777,2.534039915050717,4.0,0.025793893470591384,0.03834250778726375,0.0811862649980856,0.4045240160469892,0.0,0.02833190786762697
14,6420,7188,8469,9236,47.936018,51.777588,768,initial,nonelliptic_or_noisy,2.4943108911593392,2.914380226694911,2.605972293045067,2.8819054143619787,0.26577561472342337,0.2837027770815559,0.6706943653315576,0.7189080029318596,354.50571986419516,5.494280135804843,2.6391162797436984,4.0,0.014002347802363592,0.034163014822004026,0.05848498350712978,0.4375417501266064,0.0,0.024498025941756766
14,6440,7208,8489,9256,48.03619,51.87776,768,initial,nonelliptic_or_noisy,2.495241042543804,2.9196630469386653,2.606962398196432,2.879980545469129,0.26406265358519465,0.28358326445550586,0.6684345538060303,0.7105486606239935,353.4392190353792,6.560780964620791,2.6348555100484687,4.0,0.025946854678078127,0.038401259909141165,0.06495689237350039,0.44898257560817717,0.0,0.020313669953668897
14,6460,7228,8509,9276,48.136361,51.977931,768,initial,nonelliptic_or_noisy,2.4877575783778125,2.922038155369889,2.60387193066213,2.882574302936548,0.26222136087947456,0.28213125316109405,0.6442115766961994,0.7031358245479834,353.79932811630897,6.200671883691015,2.629003489689579,4.0,0.06766541029234438,0.05466050375642335,0.14833871987118133,0.4676866385010437,0.0,0.029941609415667553
14,6480,7248,8529,9296,48.236532,52.078102,768,initial,center_unidentifiable,2.4825731052945437,2.929621418379053,2.588599627692103,2.9142201019350003,0.2643140863715367,0.2795522485743705,0.6443410168106577,0.7059987092715254,354.68007258027257,5.319927419727437,2.807914517143099,4.0,0.09993360848377289,0.13648376513200286,0.29881848109915726,0.4053483312800568,0.0,0.03475452757059889
14,6500,7268,8549,9316,48.336704,52.178274,768,initial,center_unidentifiable,2.477266428977974,2.936069759682236,2.587596191254678,2.9156642160630954,0.26477898877224704,0.27469540388985225,0.643228623194354,0.709515366920943,354.7106044900031,5.289395509996907,2.8711665821061945,4.0,0.12496215282968229,0.14734383106203933,0.3708887557504668,0.4237530463093852,0.0,0.03154012626756526
14,6520,7288,8569,9336,48.436875,52.278445,768,initial,center_unidentifiable,2.4866767983801905,2.929690847413303,2.5865009981567018,2.9179072285388816,0.26349600239862403,0.28086868282180244,0.6465735158350261,0.7073157673458408,354.9062836173865,5.093716382613477,2.863517684277776,4.0,0.13892549168788865,0.15123109385064065,0.4128663213920998,0.3814755587992979,0.0,0.043145331395575394
14,6540,7308,8589,9356,48.537046,52.378616,768,initial,center_unidentifiable,2.4888950723591843,2.921063262086475,2.5811865549559943,2.928147734985982,0.26256963528806254,0.28734259397667816,0.6476861771060225,0.7062671093128144,355.3882139886386,4.611786011361381,2.6777445086739373,4.0,0.1417076746745228,0.16889195011264527,0.406745531302549,0.3525274049709506,0.0,0.03392698727781914
14,6560,7328,8609,9376,48.637218,52.478788,768,initial,nonelliptic_or_noisy,2.491381787782562,2.9205231620167025,2.580379738525828,2.9347881799711293,0.2611093163037216,0.26583561622602686,0.6366633160722298,0.7007218223083082,356.61317596708415,3.3868240329158446,2.7315295348859205,4.0,0.09381937735594661,0.13606381981994203,0.23239295607271276,0.34519616077578413,0.0,0.009745699166795142
14,6580,7348,8629,9396,48.737389,52.578959,768,initial,nonelliptic_or_noisy,2.4925131838191805,2.9182291372980553,2.5842030847420454,2.9345963609875216,0.2611432691552613,0.26810996519630936,0.6315164184516971,0.6943357623242892,355.87281357470334,4.127186425296638,2.762678209333673,4.0,0.07291984963358648,0.12012541156846408,0.22318620452266638,0.35665966828694534,0.0,0.00979482228214442
14,6600,7368,8649,9416,48.83756,52.67913,768,initial,nonelliptic_or_noisy,2.4931927681894814,2.921063262086475,2.590083298411261,2.926818594529897,0.2619458623145724,0.26744256007641976,0.6260114143080583,0.6951728218611205,355.4926491581213,4.507350841878707,3.0395715246919246,4.0,0.05513950835315006,0.10051186340503142,0.1994934192022565,0.3705395964636928,0.0,0.011126206007518197
14,6620,7388,8669,9436,48.937732,52.779302,768,initial,nonelliptic_or_noisy,2.497096069478171,2.926455992243561,2.60495974593358,2.911778040999407,0.26080239464138466,0.2384237816895144,0.6044743892067777,0.6927999503514172,355.30616949604905,4.693830503950943,3.185983715548302,4.0,0.02004535000599345,0.06307038367273891,0.1185702258922202,0.4173956075372621,0.0,0.025525547704649036
14,6640,7408,8689,9456,49.037903,52.879473,768,initial,nonelliptic_or_noisy,2.501207780464936,2.933172812476146,2.6053554310918643,2.9123423659705883,0.257026137587457,0.24301809992008028,0.615246101664959,0.6864136975894821,355.2343132411908,4.765686758809204,3.1579793608660176,4.0,0.050910406925231896,0.06741949574437191,0.10934836242322384,0.41322785801467066,0.0,0.030640442828861744
14,6660,7428,8709,9476,49.138074,52.979644,768,initial,nonelliptic_or_noisy,2.514689911315123,2.9421975864241543,2.6075867707462037,2.924825370489465,0.25546080141150596,0.24739496555830717,0.6224960873611816,0.6613292183956642,355.4830118583558,4.516988141644219,3.234900029253557,4.0,0.046196060124824946,0.08392168945618128,0.1256694884770571,0.369948148131958,0.0,0.06350830909854865
14,6680,7448,8729,9496,49.238245,53.079816,768,initial,nonelliptic_or_noisy,2.5218626745423096,2.943087732064857,2.609678876412292,2.9271332611813294,0.2542950096224216,0.25716410454988475,0.6254843644828191,0.6639657376548612,356.1575550282328,3.8424449717671973,3.33043203249559,4.0,0.03178469683365101,0.12859910227262503,0.23676564997581911,0.3509850314496209,0.0,0.0284228388427143
14,6700,7468,8749,9516,49.338417,53.179987,768,initial,nonelliptic_or_noisy,2.510386360888887,2.949099078186749,2.6137573529802984,2.9279732983431486,0.2567254809014816,0.24764736843283658,0.6197346063962564,0.6757824165592574,355.9561275442945,4.043872455705545,3.3286618177550533,4.0,0.03243911451828456,0.12276713008779395,0.2254337734296021,0.4109745259169245,0.0,0.050463970874707595
14,6720,7488,8769,9536,49.438588,53.280158,768,initial,nonelliptic_or_noisy,2.501152842565854,2.9599275432971153,2.615682022834878,2.925014085161211,0.25677580632161723,0.24433102188009864,0.6223797434964699,0.6894651999928876,355.2762029315106,4.72379706848939,3.378227079719674,4.0,0.03593160066752326,0.12113677078628801,0.2274074095256086,0.4662921644302835,0.0,0.055420814815394556
14,6740,7508,8789,9556,49.538759,53.380329,768,initial,nonelliptic_or_noisy,2.501853577741578,2.9489556122743195,2.618297931318558,2.924314649127887,0.26344627512982466,0.2360664488519614,0.6123004068577794,0.6874505575894191,355.64476050904005,4.355239490959949,3.321932943181936,4.0,0.0423005175756348,0.11714499767387254,0.21817199149961417,0.4517921462309252,0.0,0.041732550139969356
14,6760,7528,8809,9576,49.638931,53.480501,768,initial,nonelliptic_or_noisy,2.4973247436579964,2.944387648429956,2.6185026517255263,2.925455674569612,0.2653211394372277,0.2377363916448189,0.604975446129298,0.6982034431374718,355.6123475406034,4.38765245939658,3.11795442975193,4.0,0.04425280979614868,0.11611484895780003,0.20675744670152332,0.4622620373738648,0.0,0.02424408030228803
14,6780,7548,8829,9596,49.739102,53.580672,768,initial,nonelliptic_or_noisy,2.495241042543804,2.944153921453034,2.6163004038612097,2.9297633273775188,0.2625076208216791,0.24093091205963055,0.607231613734682,0.7172931466754935,355.58117925668137,4.418820743318626,2.8882435501262704,4.0,0.035942784743816486,0.11076584160453733,0.21158790061965957,0.4644119718238872,0.0,0.007987458079834395
14,6800,7568,8849,9616,49.839273,53.680843,768,initial,nonelliptic_or_noisy,2.501853577741578,2.946921022876606,2.6160824096684308,2.930586302034018,0.25786101429461794,0.24419478203638195,0.6179450490916456,0.705077971926123,355.2733645350095,4.726635464990543,2.772895625627938,4.0,0.02674099421640128,0.11608004459940309,0.2147672567745533,0.44749243754025897,0.0,0.027798528707532293
14,6820,7588,8869,9636,49.939445,53.781015,768,initial,nonelliptic_or_noisy,2.5099549526942138,2.9461094971604345,2.614597497424235,2.9414053624376306,0.25038244537665966,0.2533100226551552,0.6430003114557745,0.7201931022931303,355.71491384988616,4.285086150113858,2.729632301811488,4.0,0.02588498036407256,0.10599885296755601,0.17958884909180367,0.4183529192770442,0.0,0.032517931924007794
14,6840,7608,8889,9656,50.039616,53.881186,768,initial,nonelliptic_or_noisy,2.52472374690929,2.944633152483941,2.621830870551947,2.9540304792705188,0.2480428006616305,0.24918110720465184,0.6167969347886542,0.7169045533615839,356.38452036215233,3.6154796378476615,2.8585376615172664,4.0,0.055267465193793025,0.08283014280467697,0.14811484826501867,0.39332230772451887,0.0,0.05983806526282415
14,6860,7628,8909,9676,50.139787,53.981357,768,initial,nonelliptic_or_noisy,2.5179994445540705,2.943683378514504,2.6158603624759835,2.9810933344792714,0.2548373248699912,0.22724489545347354,0.5543974727012568,0.7194129781268231,356.64168152416687,3.358318475833153,2.7985411260106914,4.0,0.047451795975431046,0.09593696900601531,0.1485148799499478,0.4111158642728689,0.0,0.026648555181704125
14,6880,7648,8929,9696,50.239959,54.081529,768,initial,nonelliptic_or_noisy,2.5179994445540705,2.93416925385391,2.6189072821608588,2.9785327098646763,0.26087382597960074,0.22212228531123468,0.5397353619669034,0.7113462279874915,356.92403428077233,3.075965719227645,2.79080405125239,4.0,0.04823071928319727,0.09254822564808157,0.14179899607592353,0.42253891112985015,0.0,0.036470215533763874
14,6900,7668,8949,9716,50.34013,54.1817,768,initial,nonelliptic_or_noisy,2.524568999734119,2.93679250452646,2.625482891614126,2.9754976377053715,0.2614443894660521,0.22710854463409422,0.5491203594258235,0.7248457998717954,357.04575523540933,2.954244764590646,2.63236113296286,4.0,0.04993985535396037,0.07969795077987873,0.12579596884938773,0.41340308661948527,0.0,0.027057115218599218
14,6920,7688,8969,9736,50.440301,54.281871,768,initial,nonelliptic_or_noisy,2.5264485858906904,2.924867594952415,2.6264164482864865,2.9754854638286976,0.26380073317839814,0.22295273128227705,0.5425656173116145,0.7312918874610498,356.97245786287834,3.027542137121654,2.596788652340097,4.0,0.048707176334975816,0.07008428861505685,0.1164035110643117,0.4247615491905709,0.0,0.04576230486276899
14,6940,7708,8989,9756,50.540473,54.382043,768,initial,nonelliptic_or_noisy,2.5324548923055006,2.9124408330089975,2.6267217032142756,2.9720623578877974,0.26077361872184857,0.22588139332910925,0.5455124354080582,0.7243687274856693,356.8176761707265,3.1823238292735083,2.5385285905756745,4.0,0.050522934135440845,0.07341153592397533,0.1178246586112716,0.4277236418540434,0.0,0.05292781719252181
14,6960,7728,9009,9776,50.640644,54.482214,768,initial,nonelliptic_or_noisy,2.5485914842892097,2.919343057990204,2.6272410577427157,2.967770573723419,0.2501187809625742,0.2366404073441504,0.572136745711651,0.6806770415194019,355.5189762300175,4.4810237699825155,2.6847307370066193,4.0,0.052602094057016886,0.06924693864707232,0.10352484125896551,0.36927775810499763,0.0,0.07016982986101974
14,6980,7748,9029,9796,50.740815,54.582385,768,initial,nonelliptic_or_noisy,2.5596080485823323,2.9122029222001125,2.6280852762654963,2.9661041697639443,0.24954270308902396,0.2387985371080252,0.5729778404450984,0.674703821006143,356.21996380013167,3.78003619986832,2.7025981812329554,4.0,0.05390118353565266,0.0999003454549862,0.14701583457771783,0.34922394095578124,0.0,0.05260851175382041
14,7000,7768,9049,9816,50.840987,54.682557,768,initial,nonelliptic_or_noisy,2.5683718259225152,2.906624593777095,2.631429241656683,2.9621557515735204,0.24702070787747554,0.24620339260818508,0.5838390698090561,0.6667960180305101,356.01485084924144,3.9851491507585313,2.698702949446175,4.0,0.058569966397514286,0.10746280061373097,0.1512797465251048,0.3401475628036416,0.0,0.0420552973113963
14,7020,7788,9069,9836,50.941158,54.782728,768,initial,nonelliptic_or_noisy,2.5799224213249383,2.886946738785632,2.636500270783166,2.9561436390210494,0.2559326531388397,0.23972727136959432,0.565392753980061,0.6583684122059649,355.3129943987023,4.687005601297708,2.9334872514233097,4.0,0.05383433718787576,0.1012900582121184,0.16036114831193193,0.3492429827866,0.0,0.08915396462207145
14,7040,7808,9089,9856,51.041329,54.882899,768,initial,nonelliptic_or_noisy,2.5917272849868933,2.8777422865340805,2.6408438327135033,2.954310907019779,0.26140038443882896,0.22742857992470872,0.5489737537070616,0.636406303820956,355.45867346492594,4.5413265350740515,3.175393389465871,4.0,0.07382088191194702,0.08891088528957948,0.18329855097740888,0.3480027984316163,0.0,0.05726538355305636
14,7060,7828,9109,9876,51.141501,54.983071,768,initial,nonelliptic_or_noisy,2.593110081866868,2.8777422865340805,2.643874375881817,2.973311044011187,0.2621864262110555,0.22117743789512265,0.5303333001019861,0.6594584661857782,355.4457384629474,4.554261537052603,3.5006191130987143,4.0,0.08122300179706068,0.09494362362205395,0.20751338251937626,0.41273916261657634,0.0,0.005274097900330519
14,7080,7848,9129,9896,51.241672,55.083242,768,initial,nonelliptic_or_noisy,2.5896706741841315,2.879723705951956,2.645917652772872,2.96776926855362,0.2611330216451992,0.22090404252698734,0.526144550633623,0.6505261655810547,355.6235412750601,4.376458724939882,4.627679574169383,4.0,0.07783484823058058,0.0956368881063366,0.2086921383638054,0.400096609173413,0.0,0.015200398161663868
14,7100,7868,9149,9916,51.341843,55.183413,768,initial,nonelliptic_or_noisy,2.590010817354095,2.8953251742346153,2.6459216272979296,2.9675822740850992,0.25382654347444705,0.22941580558898378,0.5420507327947074,0.6306947976508324,355.64453353735774,4.355466462642231,5.166573661620644,4.0,0.07770669169596367,0.09852076704182103,0.1787081489400911,0.35994070125756733,0.0,0.061479684231534396
14,7120,7888,9169,9936,51.442014,55.283585,768,initial,nonelliptic_or_noisy,2.6080559554059755,2.89947926047015,2.6455333428128784,2.967342536848648,0.25230333677087985,0.2303180941163528,0.5439548836033107,0.5783897103988859,355.54696180657913,4.453038193420858,5.340718228491482,4.0,0.06394408386601835,0.08408040539721504,0.15007684441883754,0.30726527180052365,0.0,0.07339225995368577
14,7140,7908,9189,9956,51.542186,55.383756,768,initial,nonelliptic_or_noisy,2.623437451422653,2.910565210104372,2.643755651951684,2.969408767205064,0.252112367269428,0.23380145552216117,0.543550227278226,0.5659599778879907,355.5197132219718,4.480286778028189,5.188746493297668,4.0,0.06385298759580715,0.07526228225361611,0.15325058793513127,0.24692425497224396,0.0,0.07520530394617046
14,7160,7928,9209,9976,51.642357,55.483927,768,initial,nonelliptic_or_noisy,2.622941406441671,2.922948749723555,2.644256652216102,2.977982344587021,0.24919010620094995,0.231326160551905,0.5384044671596958,0.5621573084072508,354.3854740650566,5.614525934943379,5.670982878297224,4.0,0.056662165471744276,0.07194928119958453,0.112363024111166,0.236836264764181,0.0,0.04973500277982197
14,7180,7948,9229,9996,51.742528,55.584098,768,initial,nonelliptic_or_noisy,2.6284639420456006,2.919315548075943,2.6454805053988832,2.981644621940195,0.2532126429661148,0.2299561864675616,0.5367981328800121,0.5515721100640664,355.4796247877231,4.520375212276908,5.402697518038514,4.0,0.05259017380752934,0.05904316656277302,0.10099804043631144,0.25516179202846906,0.0,0.02610646957519955
14,7200,7968,9249,10016,51.8427,55.68427,768,initial,nonelliptic_or_noisy,2.615869133198448,2.919315548075943,2.645487719131057,2.984161341983856,0.24996536623659416,0.22711681927398794,0.5464845845407647,0.5592279014371512,354.4016989062241,5.598301093775863,5.08642088651307,4.0,0.05159971091143368,0.05817719763376353,0.10602461890456488,0.2851987671498115,0.0,0.05038621564569758
14,7220,7988,9269,10036,51.942871,55.784441,768,initial,nonelliptic_or_noisy,2.6023081278050855,2.9124408330089975,2.650655889931678,2.973262198304256,0.24705994693989014,0.21634965208449342,0.5339538742158944,0.5793276777563606,353.4770595147111,6.522940485288955,4.961090931147855,4.0,0.06953595825903752,0.0970884716976002,0.15264920863135825,0.31448436339286845,0.0,0.061539847760023025
14,7240,8008,9289,10056,52.043042,55.884612,768,initial,nonelliptic_or_noisy,2.5872340901455546,2.9122029222001125,2.6609170915791447,2.9426372445827935,0.2415058459224853,0.20050654264972637,0.5245872302204609,0.5788215251811175,355.4539949331032,4.546005066896783,5.655794736064349,4.0,0.05205421426246843,0.0798639342249727,0.13448521822523268,0.33009953577333445,0.0,0.062424637948895495
14,7260,8028,9309,10076,52.143214,55.984784,768,initial,nonelliptic_or_noisy,2.5872340901455546,2.903399882465229,2.657303285938512,2.942816400837565,0.24854182659161983,0.20968879200300505,0.5138361286862579,0.569874585443659,355.616059052795,4.383940947204999,5.270436399974624,4.0,0.09420434251799821,0.10212556326576927,0.169996213356575,0.32346663437974615,0.0,0.03541874563168634
14,7280,8048,9329,10096,52.243385,56.084955,768,initial,nonelliptic_or_noisy,2.5941100816359626,2.887263248516746,2.659989622434259,2.9385062468378096,0.25999806938086145,0.2089528358852882,0.5007869756802455,0.5561503747418434,354.5260278252401,5.473972174759925,5.891992597741864,4.0,0.0743956731113951,0.09581257713104052,0.1496216438291637,0.32101130472708855,0.0,0.06746408023005634
14,7300,8068,9349,10116,52.343556,56.185126,768,initial,center_unidentifiable,2.5973807259387804,2.891260767348159,2.6638819288561346,2.934294048251291,0.2576647161396276,0.2151944795266305,0.5051674495469469,0.5551300831316223,354.47537064240214,5.524629357597876,6.334595411035095,4.0,0.18974935625430464,0.21860219463018216,0.6149579189278386,0.3074162092012573,0.0,0.020045447148736534
14,7320,8088,9369,10136,52.443728,56.285298,768,initial,center_unidentifiable,2.6027498403082356,2.891260767348159,2.6668682211031363,2.934356123472546,0.2601837638257614,0.21151868245801617,0.4944899883900053,0.5387747316122092,352.64748982385095,7.3525101761490435,6.885327593107989,4.0,0.1820117035562043,0.2002237166941931,0.5736231128665246,0.29692578480915055,0.0,0.02063585479165702
14,7340,8108,9389,10156,52.543899,56.385469,768,initial,center_unidentifiable,2.6205578672177996,2.891260767348159,2.667769725758576,2.93279051976897,0.26312424893370057,0.2078606232676446,0.4888840980352392,0.5009556786880319,352.81644845570867,7.183551544291307,7.098767914150426,4.0,0.13724199778622947,0.16737513859228909,0.44328314844795536,0.23896807225052352,0.0,0.06767915531058122
14,7360,8128,9409,10176,52.64407,56.48564,768,initial,nonelliptic_or_noisy,2.6205578672177996,2.867218534395166,2.662074591227308,2.939169086499391,0.27389680420007945,0.19577818933776261,0.48040588692979536,0.5237896282996168,351.93174390418613,8.06825609581386,6.299467262407217,4.0,0.03388150223899217,0.07589444335723393,0.09673295964122311,0.3032871112703053,0.0,0.08777843547028155
14,7380,8148,9429,10196,52.744242,56.585812,768,initial,nonelliptic_or_noisy,2.624722890351886,2.8732817888597215,2.6580522942744698,2.9428009299166864,0.2679874855276523,0.20193953255095687,0.4932440590970968,0.5219500913141119,352.4674528837933,7.532547116206664,5.619056361007552,4.0,0.03057737494144806,0.07220326366169239,0.10992388147329714,0.2876842749970332,0.0,0.027448976092256938
14,7400,8168,9449,10216,52.844413,56.685983,768,initial,nonelliptic_or_noisy,2.6253262040836747,2.8869819277619717,2.657469142059025,2.9440946652967592,0.26083140226373824,0.20727689522284423,0.5121956954765383,0.5181241155214906,352.7646309129283,7.235369087071696,5.424536474823372,4.0,0.02988236083637285,0.07020651163962148,0.11106988020984934,0.25126001938975184,0.0,0.05257578814624207
14,7420,8188,9469,10236,52.944584,56.786154,768,initial,nonelliptic_or_noisy,2.6205578672177996,2.911206395241501,2.658556118733571,2.9347816313725335,0.24956083164778914,0.21621664826108658,0.5177261017257414,0.5044258225160418,351.72296693948266,8.277033060517347,5.446482346752704,4.0,0.04840181119754462,0.06425469561922506,0.1039127265970439,0.1791849514997284,0.0,0.0989310159453243
14,7440,8208,9489,10256,53.044756,56.886326,768,initial,nonelliptic_or_noisy,2.614677621314348,2.922234799779268,2.653061481337961,2.907572672518631,0.24194285134230187,0.1905511429382998,0.4933950873323239,0.4910617469316503,352.5672603479364,7.432739652063618,6.350796192178892,4.0,0.04807676228026694,0.024213553522687364,0.06989379251952477,0.16982899776869909,0.0,0.05165732209322362
14,7460,8228,9509,10276,53.144927,56.986497,768,initial,nonelliptic_or_noisy,2.6056549808442235,2.9402024988600917,2.6509852136115075,2.9094560962107687,0.22963228829620785,0.20009233316999073,0.5356210911019144,0.5353263899583082,352.14818225822467,7.851817741775354,6.334723756892077,4.0,0.06261185658278404,0.03231095294364819,0.10687501384757936,0.23852838678413085,0.0,0.08755683352976804
14,7480,8248,9529,10296,53.245098,57.086668,768,initial,nonelliptic_or_noisy,2.593110081866868,2.9554378066795928,2.648305255538741,2.9087507983744123,0.22083459817167553,0.20541474419142974,0.5490419756680169,0.5829057078031841,354.8080835323752,5.191916467624845,6.063753153786747,4.0,0.04614492358241653,0.02113283508595196,0.0692220066025512,0.3273597122048836,0.0,0.08936769072781413
14,7500,8268,9549,10316,53.34527,57.18684,768,initial,nonelliptic_or_noisy,2.5872340901455546,2.9727251657024603,2.6472897434572396,2.9048386816340983,0.21552696270137317,0.21195804675211272,0.5601715725060774,0.6170006024229691,354.57245472423597,5.427545275764046,5.753233653829557,4.0,0.04864123939577625,0.041478624236028626,0.08026227834718522,0.4205415853729189,0.0,0.08471653843815077
14,7520,8288,9569,10336,53.445441,57.287011,768,initial,nonelliptic_or_noisy,2.574458465972292,2.986504547706124,2.645468484813037,2.9036048240379344,0.20812708568869978,0.22521728707616434,0.5816484426567997,0.6675496200124805,354.76672816379516,5.233271836204835,5.7498620594988745,4.0,0.061419393230495785,0.035865139407841355,0.09953056220686854,0.5244626169811877,0.0,0.09028442571455435
14,7540,8308,9589,10356,53.545612,57.387182,768,initial,nonelliptic_or_noisy,2.5443405018225613,2.9995306436997815,2.6459988616937147,2.903732492664055,0.1979321100331949,0.23828398804525985,0.6196571946546042,0.7410954233549624,352.2617641774478,7.7382358225521966,6.205267502201154,4.0,0.06184369586745364,0.03921991713359586,0.1047298332028741,0.7057183144047213,0.0,0.1657850669360144
14,7560,8328,9609,10376,53.645783,57.487354,768,initial,nonelliptic_or_noisy,2.52047079080492,3.0091239191389723,2.647152274602232,2.9030207584593564,0.19263432214442427,0.2499278205226081,0.6464018090975878,0.7828795611132165,354.0362049034594,5.963795096540577,5.954905714525556,4.0,0.06293961719595284,0.037042901186488925,0.10233246900002634,0.857819673965404,0.0,0.13354503801341516
14,7580,8348,9629,10396,53.745955,57.587525,768,initial,nonelliptic_or_noisy,2.4973140173877475,3.030645590264848,2.6391476514488654,2.8956241192621643,0.18635788715156215,0.269432695530586,0.7058829841586799,0.8860366390427737,351.9511577423193,8.048842257680661,5.908046950180601,4.0,0.09156993319080403,0.053631757505941235,0.1791517007364113,1.0508027200204588,0.0,0.16963908079768178
14,7600,8368,9649,10416,53.846126,57.687696,768,initial,nonelliptic_or_noisy,2.477058893571112,3.03715462940111,2.640015326725384,2.894632898330307,0.18491604438630366,0.27999630578532986,0.7075212730956555,0.8956147691291225,354.2095640419931,5.790435958006897,5.739926518783616,4.0,0.09451038872468998,0.04491493371503927,0.17388819905096925,1.1707390602384995,0.0,0.11505373824136307
14,7620,8388,9669,10436,53.946297,57.787867,768,initial,nonelliptic_or_noisy,2.456402946260013,3.0416519132715227,2.646102533776064,2.8845629006488234,0.1852487296986372,0.2774708930611285,0.7192967803607797,0.9062010067043226,353.3280998360248,6.671900163975175,5.566508783188757,4.0,0.08889450031879798,0.051784413121808974,0.14214412238797453,1.329555021416131,0.0,0.11411609136144736
14,7640,8408,9689,10456,54.046469,57.888039,768,initial,nonelliptic_or_noisy,2.4479805557005445,3.0524553290754715,2.643860222156382,2.878912225882401,0.18122588687373103,0.2824237228630105,0.7422032211981733,0.9568763823701615,353.0021928377581,6.997807162241903,5.429684577793122,4.0,0.1316981740591497,0.0752328688293584,0.19675297551750914,1.4440453524473875,0.0,0.07558829999501072
14,7660,8428,9709,10476,54.14664,57.98821,768,initial,nonelliptic_or_noisy,2.4500210757291567,3.069057677745326,2.6336345418404776,2.8826977632244515,0.16762462133028136,0.3004126268538185,0.7995504809122856,1.0344871363285268,353.5882378764661,6.411762123533918,5.5287646918939295,4.0,0.13098133305369478,0.0990739291616201,0.24956911160333037,1.560736676616065,0.0,0.09979007918133316
14,7680,8448,9729,10496,54.246811,58.088381,768,initial,nonelliptic_or_noisy,2.453570894068345,3.076397434587881,2.6232247371316215,2.884174083390505,0.1643411849755027,0.30915071245469383,0.7820122098898484,1.0520181972796168,351.9554063122462,8.044593687753757,5.777819070816116,4.0,0.09397030862885045,0.08059114078151706,0.1571867356430613,1.5600654276502164,0.0,0.04961088929919971
14,7700,8468,9749,10516,54.346983,58.188553,768,initial,nonelliptic_or_noisy,2.4555236647679877,3.073295705351614,2.6202767406186505,2.8889101546249814,0.17217416077580328,0.29673078128763025,0.7383505448780002,1.0094986068592078,351.8729396137097,8.127060386290307,5.522126297961004,4.0,0.09418349847887751,0.07461635502544553,0.15398196041455312,1.436152144122976,0.0,0.021288021782856385
14,7720,8488,9769,10536,54.447154,58.288724,768,initial,nonelliptic_or_noisy,2.446809353901576,3.0645197051889346,2.615294201328048,2.888100407872357,0.18311907384889603,0.2782344071752656,0.6910145831363484,0.9586582109738894,352.6870738182669,7.312926181733048,5.346505180547593,4.0,0.0864386133496534,0.06734120809843905,0.13467629018214994,1.33218555658463,0.0,0.06753853763152363
14,7740,8508,9789,10556,54.547325,58.388895,768,initial,nonelliptic_or_noisy,2.4362410205619836,3.0654629925067596,2.6149821715150217,2.888500761540521,0.1967874897580184,0.25801224899316094,0.6428185098478314,0.9011858878752581,352.6552336340312,7.344766365968786,5.174965788810502,4.0,0.07705869767918372,0.05898480848491441,0.12306001554192539,1.2781474023801116,0.0,0.05391779160077634
14,7760,8528,9809,10576,54.647497,58.489067,768,initial,nonelliptic_or_noisy,2.433193076379293,3.0731151897255913,2.6132771746498893,2.8897932497088097,0.20869809333478567,0.2496443629034804,0.6098223692006284,0.8581025196033267,352.4891099398041,7.510890060195889,4.377340803051932,4.0,0.06945692430478911,0.043577873799282095,0.1048588428750148,1.2313340724693607,0.0,0.03946789080226018
14,7780,8548,9829,10596,54.747668,58.589238,768,initial,nonelliptic_or_noisy,2.4336263589956273,3.0796758863122884,2.6124461396151952,2.8910562956206967,0.21955558955583693,0.2339189523739527,0.5916739646053539,0.8285421811153089,352.40610933763855,7.593890662361452,3.806796570483207,4.0,0.07453319867050857,0.013141072265280553,0.10728169128357307,1.183806170354056,0.0,0.029946805246598342
14,7800,8568,9849,10616,54.847839,58.689409,768,initial,nonelliptic_or_noisy,2.432492048701046,3.0854431780119773,2.609769583499875,2.8938063109807963,0.2283264990893631,0.22167026768888917,0.5659270884168235,0.8157935616552012,352.15203417610195,7.84796582389805,3.6971954617891454,4.0,0.055502773224844204,0.006661460860754936,0.08482308726850694,1.1433600849886458,0.0,0.02574287853590433
14,7820,8588,9869,10636,54.948011,58.789581,768,initial,nonelliptic_or_noisy,2.4309158343941144,3.094078423812685,2.607312783977451,2.8937148111652995,0.2355895020518908,0.219297600547408,0.5577667558489257,0.8284259049368482,354.97853422392626,5.021465776073723,3.46184866313589,4.0,0.04854881017965289,0.014218731591523391,0.08006933058107206,1.1331083164198672,0.0,0.037259395342185656
14,7840,8608,9889,10656,55.048182,58.889752,768,initial,nonelliptic_or_noisy,2.4336263589956273,3.094078423812685,2.604924062606964,2.8957186911384736,0.239423302663449,0.21829405191954798,0.5535886138390035,0.8153946565918565,354.8558511098438,5.14414889015619,3.1878873711400626,4.0,0.0386978306645742,0.022783726291824572,0.06151587558006417,1.0946586635310425,0.0,0.011321055934655617
14,7860,8628,9909,10676,55.148353,58.989923,768,initial,nonelliptic_or_noisy,2.435007875779691,3.094078423812685,2.601426340796849,2.895901183843904,0.2478302611884498,0.21820263314186103,0.5431469498592161,0.7863215239517931,354.66605451051987,5.333945489480114,3.0861709981386545,4.0,0.034823743710077217,0.02274513223896398,0.05625834326431457,1.044199841080076,0.0,0.005574447516775756
14,7880,8648,9929,10696,55.248525,59.090095,768,initial,nonelliptic_or_noisy,2.4368614159438233,3.092236050496175,2.6001072709804096,2.8969170304699547,0.2630492384993867,0.20971129513915782,0.5153212359254529,0.7371878984795186,354.6008083395669,5.399191660433073,2.950773548197524,4.0,0.035488328205094156,0.012335898012156453,0.06189314732221828,0.9677121505341401,0.0,0.009935088306878967
14,7900,8668,9949,10716,55.348696,59.190266,768,initial,nonelliptic_or_noisy,2.4368614159438233,3.092236050496175,2.5962001105685837,2.8997227889149655,0.27870661976153677,0.19530074650718485,0.4916482434515965,0.6920101904649107,354.4123526002844,5.587647399715617,2.710658824893087,4.0,0.030727409319512504,0.00748496771496915,0.04975871841310555,0.8966429693157528,0.0,0.0
14,7920,8688,9969,10736,55.448867,59.290437,768,initial,nonelliptic_or_noisy,2.432492048701046,3.0941723864620574,2.5941325500634766,2.898961926185845,0.2885102606086226,0.19244470675780267,0.47938436016379227,0.6682293011041215,354.6898265603179,5.3101734396820905,2.666427100333443,4.0,0.03023918054093412,0.008444361776023698,0.047778937158285836,0.878463744412748,0.0,0.01656510066612649
14,7940,8708,9989,10756,55.549039,59.390609,768,initial,nonelliptic_or_noisy,2.432184839728071,3.095805008319786,2.5907185358640374,2.897341718199527,0.2955065764506086,0.18959916183794584,0.4776108566649642,0.6781613220122744,354.55490085557886,5.445099144421153,2.587924566073014,4.0,0.03376109061174123,0.011853853469393142,0.05584042271178003,0.8595716493120955,0.0,0.005621783698453495
14,7960,8728,10009,10776,55.64921,59.49078,768,initial,nonelliptic_or_noisy,2.4314945596748254,3.095007118638484,2.5879238840778966,2.8867536481781584,0.29746015781708557,0.19087226342729546,0.47379474837221475,0.6773750738443334,354.2247357376035,5.775264262396472,2.549430265525118,4.0,0.027251202556199554,0.026694394270899466,0.05016472500402498,0.8756145469368628,0.0,0.0035468360596215194
14,7980,8748,10029,10796,55.749381,59.590951,768,initial,nonelliptic_or_noisy,2.432184839728071,3.0876702579351623,2.5872710990835643,2.88293109384411,0.28363242858332366,0.20407360983952083,0.49201849371855344,0.6741766910733971,354.10772777820125,5.89227222179872,2.593815870545901,4.0,0.03566375841467074,0.028719107131872312,0.06681133465548197,0.9055593955464858,0.0,0.025981730289934488
14,8000,8768,10049,10816,55.849552,59.691123,768,initial,nonelliptic_or_noisy,2.439573978747844,3.0858036074270117,2.588778964644522,2.879571824639526,0.28132364743783295,0.20887465067223449,0.4986718476484964,0.6658947627308646,354.0741645445421,5.925835455457905,2.645958245152305,4.0,0.0320709159470313,0.03376040049791217,0.06086225834473787,0.9048155810142248,0.0,0.027090755706956363
14,8020,8788,10069,10836,55.949724,59.791294,768,initial,nonelliptic_or_noisy,2.444955617797069,3.0797697283205308,2.586119542468023,2.877848358517824,0.2900511160488277,0.20438787556493965,0.4873623810601378,0.6484786176888728,353.9345166562486,6.065483343751405,2.691573278544136,4.0,0.017643989252086146,0.038813944927681816,0.0684545265692692,0.8494112167317424,0.0,0.027874932500691993
14,8040,8808,10089,10856,56.049895,59.891465,768,initial,nonelliptic_or_noisy,2.4537253937183268,3.069057677745326,2.5884554633623873,2.874178560156397,0.28995019231185754,0.19822763986665481,0.48158919093280095,0.6555565873555215,353.92099544314163,6.079004556858393,2.4703887297671825,4.0,0.02383414823399683,0.04352331144647618,0.07334053307174233,0.8170984005297341,0.0,0.04774621382809209
14,8060,8828,10109,10876,56.150066,59.991636,768,initial,nonelliptic_or_noisy,2.4670807736325537,3.0608985040126298,2.5899605321742283,2.8751373391942705,0.2819822243588967,0.20762647500572853,0.4993990935636231,0.6343988333375954,354.0028576145179,5.997142385482087,2.4740749858250446,4.0,0.01932169669197771,0.036986555620376074,0.0708458395812996,0.7898565021770325,0.0,0.05550174113734495
14,8080,8848,10129,10896,56.250238,60.091808,768,initial,nonelliptic_or_noisy,2.4879631231688255,3.047180236186998,2.587503999565997,2.87778163428445,0.27420620222501535,0.21166652614184123,0.5107245617971783,0.629248322036248,353.98214977073957,6.017850229260416,2.4102274542675954,4.0,0.01593603091924598,0.04925766560145471,0.08280312456672222,0.7165399546822773,0.0,0.09111852080591984
14,8100,8868,10149,10916,56.350409,60.191979,768,initial,nonelliptic_or_noisy,2.531233674862596,3.0332932607393337,2.588590872349699,2.877477456568627,0.256193906646233,0.2310880659529046,0.5475039358530777,0.6835045150729961,354.01333025647034,5.986669743529686,2.3632043483234315,4.0,0.026803408906070227,0.05015404433147353,0.08077172700494353,0.6480926354424879,0.0,0.1773826248206275
14,8120,8888,10169,10936,56.45058,60.29215,768,initial,nonelliptic_or_noisy,2.5491707568893687,3.018626682896844,2.5868127365118756,2.8796831737392714,0.24782765153102101,0.2385908986555258,0.5655769204786861,0.7062382511780271,354.00788251512483,5.992117484875188,2.3726008126809,4.0,0.033504201593234875,0.04750076741765567,0.07758869310501705,0.5808558277940549,0.0,0.09349226310920629
14,8140,8908,10189,10956,56.550752,60.392322,768,initial,nonelliptic_or_noisy,2.560939504400119,3.007877451025469,2.5842949257033423,2.88095598474823,0.2350007831208682,0.2560250375302139,0.589581462611233,0.7307995825549267,353.95518844505705,6.0448115549429735,2.3786916603025694,4.0,0.027038463358334066,0.05115867287500044,0.08640750037086485,0.5491575226917641,0.0,0.06782499657413246
14,8160,8928,10209,10976,56.650923,60.492493,768,initial,nonelliptic_or_noisy,2.5869730487425446,3.010127331505645,2.579135311903543,2.8810596059388742,0.242004234151204,0.24727683925387275,0.5795336028958993,0.7834786029012881,353.7865954334692,6.213404566530826,2.440057557162026,4.0,0.019288794322962145,0.03980404613870232,0.05339153591319714,0.534310828607166,0.0,0.10797572850514289
14,8180,8948,10229,10996,56.751094,60.592664,768,initial,nonelliptic_or_noisy,2.6061599055320377,3.018525440379252,2.576881808822126,2.881147607393831,0.2397249118054087,0.2486512366974261,0.5778671313466124,0.8790689013594475,356.56628408520834,3.433715914791644,2.433408285443709,4.0,0.013618606849967659,0.04005999333825624,0.06525815483464224,0.585934418484813,0.0,0.08736805836643176
14,8200,8968,10249,11016,56.851266,60.692836,768,initial,nonelliptic_or_noisy,2.60750982789508,3.0001915413012004,2.581454048025757,2.877757011994222,0.227452408184677,0.2600482440469069,0.6043259462986141,0.8706215678566415,356.51750844181066,3.482491558189321,2.403550003345474,4.0,0.012822540395553538,0.03480539051676932,0.05132451508888654,0.5503408257230233,0.0,0.08082362963388885
14,8220,8988,10269,11036,56.951437,60.793007,768,initial,nonelliptic_or_noisy,2.6140822275967404,2.9978977011254706,2.5806850035186946,2.8778273092967304,0.22546241344647538,0.26483334967099453,0.6067498095843702,0.8912468237034532,356.5070790189535,3.4929209810464994,2.4054977551577843,4.0,0.017350378316411584,0.05848827497754193,0.08742592203620952,0.5527685987738712,0.0,0.030875160311474262
14,8240,9008,10289,11056,57.051608,60.893178,768,initial,nonelliptic_or_noisy,2.610862405920953,2.9780998297736057,2.5804319654366754,2.8777804310295174,0.221687141289152,0.26895824213161496,0.6215773907803817,0.8338285774850952,356.68890379136235,3.3110962086376756,2.417253832187698,4.0,0.01584991313535172,0.05700876125785183,0.09293523175267876,0.4728879135935901,0.0,0.09047881557162679
14,8260,9028,10309,11076,57.15178,60.99335,768,initial,nonelliptic_or_noisy,2.603748819490593,2.969490698501013,2.580118182041891,2.8774787715608348,0.21955093383305874,0.2754816323690351,0.6253083555533181,0.7940694842604612,356.6697619353714,3.3302380646285874,2.428329407630048,4.0,0.020007794141318737,0.059414409037864546,0.09932989156204915,0.43269186851833585,0.0,0.050866657802454925
14,8280,9048,10329,11096,57.251951,61.093521,768,initial,nonelliptic_or_noisy,2.6056882392630607,2.968212195177289,2.5817318747687557,2.875624272297254,0.21786146770483092,0.2866956011407855,0.6383876618271778,0.8099795924878375,356.61286173054975,3.3871382694502308,2.4158843393128957,4.0,0.02075223811581472,0.07792488330781168,0.11717416897470237,0.4389806759248639,0.0,0.01066233486628097
14,8300,9068,10349,11116,57.352122,61.193692,768,initial,nonelliptic_or_noisy,2.6056882392630607,2.967869633437908,2.571734774704099,2.8835939874859626,0.22067499002966448,0.28727120524757227,0.6414300677802525,0.8096637166512987,355.24286798972105,4.757132010278959,2.4169011753917036,4.0,0.03680877798244044,0.06559208772893839,0.11328143038735326,0.4117288218159305,0.0,0.0015523360365149762
14,8320,9088,10369,11136,57.452294,61.293864,768,initial,nonelliptic_or_noisy,2.60750982789508,2.947602278156795,2.5694492630767303,2.8854037213366888,0.21878401266637332,0.28857195150579407,0.65296686026659,0.7646307047345359,355.58350549052466,4.4164945094753545,2.406337119974468,4.0,0.040681943418876626,0.06650495726026938,0.11438412581054143,0.3332948886840664,0.0,0.09300977122802881
14,8340,9108,10389,11156,57.552465,61.394035,768,initial,nonelliptic_or_noisy,2.6121415776125625,2.9422440989414653,2.5693839233990783,2.883172920372866,0.21627542296171703,0.29675611599117685,0.6514540677752771,0.781273535632866,356.1705441790957,3.8294558209042915,2.4423091767108343,4.0,0.040517611581662796,0.061887948104510516,0.09778366584642167,0.33717201841888167,0.0,0.03274804685016125
14,8360,9128,10409,11176,57.652636,61.494206,768,initial,nonelliptic_or_noisy,2.618770850879653,2.9224576280193717,2.575942711035401,2.8790465810060075,0.21440621270245475,0.29169497629874586,0.6529139815696617,0.7451351138374684,356.6070514273524,3.3929485726475686,2.4687898720490455,4.0,0.03070127741468877,0.04475358374865526,0.06513494370320326,0.28442136093059617,0.0,0.09732684102388144
14,8380,9148,10429,11196,57.752808,61.594378,768,initial,nonelliptic_or_noisy,2.623172416554054,2.9126632121144187,2.5729374629620887,2.8795231426027144,0.21388426134758548,0.29221839302845243,0.6529408888913766,0.7409025600696548,356.47491620535305,3.5250837946469638,2.4667710360546833,4.0,0.02455181984196965,0.046716392824112156,0.07270221744857454,0.28137421053350115,0.0,0.050204661447167155
14,8400,9168,10449,11216,57.852979,61.694549,768,initial,nonelliptic_or_noisy,2.622408185775905,2.9005515811602645,2.5753503894441985,2.8805003305523824,0.20991966538529794,0.2983385783618197,0.6650952666756079,0.7219225775968207,356.461598409743,3.5384015902570285,2.4515884708103,4.0,0.024011435963007165,0.07021496851411971,0.10653850873603386,0.2436723874636421,0.0,0.05781124911186004
14,8420,9188,10469,11236,57.95315,61.79472,768,initial,nonelliptic_or_noisy,2.618921543854465,2.9065185287546207,2.5755219566475347,2.8806078804269304,0.2101408140854551,0.30249860746504037,0.6600580414813209,0.729910606674656,356.4583786218018,3.541621378198237,2.466092307627804,4.0,0.0374222454408468,0.101495572711334,0.1655305887141665,0.24053337305255013,0.0,0.032887200893643664
14,8440,9208,10489,11256,58.053321,61.894892,768,initial,nonelliptic_or_noisy,2.6174316878476205,2.8892238083667117,2.5704283266354904,2.880891418621519,0.20651296939074942,0.30640092709179856,0.6821705678424039,0.7101425875397605,356.3380579862131,3.6619420137869114,2.4154541496180175,4.0,0.03868646332856964,0.07054298489675694,0.12277462015153645,0.23115351557357464,0.0,0.08405657885250521
14,8460,9228,10509,11276,58.153493,61.995063,768,initial,nonelliptic_or_noisy,2.6109172307759376,2.893365426427403,2.578068684351438,2.860897039373502,0.20145769330579932,0.30363909692435825,0.6831034392304611,0.737763318876389,356.3202770914615,3.679722908538518,2.283241218016769,4.0,0.05141010271740545,0.07299924504264253,0.13768921591528516,0.22926316737508826,0.0,0.03831837032715087
14,8480,9248,10529,11296,58.253664,62.095234,768,initial,nonelliptic_or_noisy,2.6061599055320377,2.899662173734442,2.575757103092496,2.862808366464652,0.20032744287389226,0.30006516438939623,0.6813454108729513,0.7388692230463599,356.22017035461914,3.7798296453808837,2.311066751477652,4.0,0.05070082308177119,0.06858801588931898,0.13453219785205786,0.23848887961252943,0.0,0.03939471240190148
14,8500,9268,10549,11316,58.353835,62.195405,768,initial,nonelliptic_or_noisy,2.6082371580832384,2.888998130769672,2.573760921846762,2.8636393626338665,0.19719205395306183,0.30867969255727906,0.693207828701668,0.7397447716684149,356.7922429642783,3.2077570357217153,2.3180329504334756,4.0,0.024516133499281556,0.017788876023810244,0.05656021540475792,0.21703768695507658,0.0,0.05509590047968636
14,8520,9288,10569,11336,58.454007,62.295577,768,initial,nonelliptic_or_noisy,2.6061599055320377,2.888998130769672,2.5761854126375594,2.860367734615267,0.19671916315501298,0.310322513252479,0.693686702943641,0.7381587499420033,355.26353934366347,4.736460656336524,2.2543635734794982,4.0,0.027459229924339173,0.030534089359224244,0.0657411225436444,0.21071059498278463,0.0,0.010559482451457302
14,8540,9308,10589,11356,58.554178,62.395748,768,initial,nonelliptic_or_noisy,2.6095513727883413,2.8928263190539516,2.5772000671331687,2.8589272766963845,0.19927469868825753,0.31456235622388456,0.6909366511047876,0.7510913170989236,355.4696507841079,4.530349215892087,2.2428235886099714,4.0,0.03387505266060445,0.048036206968895906,0.08391905338871675,0.23514702433857324,0.0,0.025665068836214597
14,8560,9328,10609,11376,58.654349,62.495919,768,initial,nonelliptic_or_noisy,2.608126006956028,2.8928263190539516,2.5807131726543364,2.8577468282181533,0.19943710527916136,0.32161356170134053,0.6927469100507587,0.7359837075285454,356.278033019542,3.721966980458,2.234976214989304,4.0,0.030243214392484185,0.03693683921789264,0.05522250163181509,0.22322848190931682,0.0,0.007146944046936343
14,8580,9348,10629,11396,58.754521,62.596091,768,initial,nonelliptic_or_noisy,2.6056882392630607,2.8934108120805027,2.578180916499214,2.8582793227212298,0.2002533520129453,0.31664463428126466,0.6947862235242737,0.7355580697825637,355.68825432824116,4.311745671758838,2.2528280097924758,4.0,0.03320143960559385,0.057693473736137375,0.09047958240271804,0.22281382351565043,0.0,0.012518438515329761
14,8600,9368,10649,11416,58.854692,62.696262,768,initial,nonelliptic_or_noisy,2.6089238000411568,2.8923484913460795,2.580686786427728,2.8557949388147676,0.19992402282822408,0.3178074674241363,0.700097171290137,0.7379021781689641,356.2621987182649,3.737801281735064,2.316252695993767,4.0,0.027531944082619934,0.06686116206353337,0.11174782126628183,0.23103641654695142,0.0,0.017033933247735302
14,8620,9388,10669,11436,58.954863,62.796433,768,initial,nonelliptic_or_noisy,2.6058558630390936,2.8934108120805027,2.584209216947041,2.8549320293728098,0.19816029952379977,0.3136123403414503,0.6927440198057966,0.732715628290344,356.6964674675115,3.303532532488485,2.2919759619123927,4.0,0.043265895574752904,0.08363240640039545,0.13166819887868247,0.22279779252538193,0.0,0.016383978524166194
14,8640,9408,10689,11456,59.055035,62.896605,768,initial,nonelliptic_or_noisy,2.6056882392630607,2.89821045481838,2.5845310439188047,2.854482684924129,0.19961597263566144,0.3090380875956695,0.6966746249035438,0.7316539207778585,355.4438214195477,4.556178580452295,2.2750216758065283,4.0,0.0579361506147473,0.07946807825962805,0.1268639153264719,0.2433532929721325,0.0,0.024059041204165164
14,8660,9428,10709,11476,59.155206,62.996776,768,initial,nonelliptic_or_noisy,2.6049547007895653,2.8984114807633574,2.5836061211581822,2.854894963411433,0.2012844787950263,0.30277367016164947,0.6914927451700873,0.7270274877172738,355.4609443454127,4.539055654587314,2.4065994962178276,4.0,0.05136329268218905,0.07383946386150969,0.11439076327364871,0.24080901214921732,0.0,0.0037786588718579004
14,8680,9448,10729,11496,59.255377,63.096947,768,initial,nonelliptic_or_noisy,2.604513096379641,2.9048105338964176,2.5846851533009962,2.85417945227687,0.20301880621798257,0.29513285347172663,0.6841716764206032,0.7284329505071685,354.92619585540086,5.0738041445991415,2.399184740038127,4.0,0.04580768065682604,0.037736224442573,0.08012427689474494,0.2678329250735638,0.0,0.03159447595931584
14,8700,9468,10749,11516,59.355549,63.197119,768,initial,nonelliptic_or_noisy,2.605625504756815,2.9111035367419333,2.5837481134621645,2.8503652987827928,0.20659161567236078,0.2840190897775133,0.6797994420249273,0.7437174328962459,355.3327613305396,4.667238669460412,2.4351215638928965,4.0,0.034888746832978004,0.03769572340675282,0.0663738986849302,0.31249159157756135,0.0,0.030933328277012093
14,8720,9488,10769,11536,59.45572,63.29729,768,initial,nonelliptic_or_noisy,2.6072308028211504,2.893365426427403,2.5878530176183117,2.8480426880697505,0.19990860885755124,0.2999432926240936,0.6961855121666631,0.7319420424186638,355.5672698842775,4.432730115722483,2.3609956225753463,4.0,0.031877098645759654,0.039031476757050085,0.06720641289821463,0.2465700295383244,0.0,0.08909372129581279
14,8740,9508,10789,11556,59.555891,63.397461,768,initial,nonelliptic_or_noisy,2.604513096379641,2.885561298810335,2.5864151816714753,2.8515902947802023,0.197230269435349,0.297311641147913,0.6941191388663539,0.719777292233409,356.2642513551997,3.7357486448003163,2.312464481124038,4.0,0.044951396953170054,0.052319364137267343,0.10606415533353412,0.19515810226651664,0.0,0.04189923149118702
14,8760,9528,10809,11576,59.656063,63.497633,768,initial,nonelliptic_or_noisy,2.6017157272143363,2.885207489695329,2.588732933049953,2.848844021455642,0.19947229516447135,0.29324626053772396,0.6848457693666057,0.7043500936063488,356.06333858611663,3.936661413883354,2.205614081354064,4.0,0.03400957584168238,0.047362233167233085,0.09960074950779908,0.19356867815288978,0.0,0.014135572775652226
14,8780,9548,10829,11596,59.756234,63.597804,768,initial,nonelliptic_or_noisy,2.6049547007895653,2.883395190786022,2.588560568505031,2.8516540646065103,0.19865442877399986,0.2968848143312269,0.6902426096388931,0.6996340924529098,356.20853103937543,3.7914689606245426,2.166469247476985,4.0,0.05231249442302642,0.07737679982945429,0.1627207017637593,0.17983427206214495,0.0,0.018683296135415983
14,8800,9568,10849,11616,59.856405,63.697975,768,initial,nonelliptic_or_noisy,2.5978541135113566,2.885561298810335,2.5912587123777784,2.8509345761260168,0.19796595078956336,0.3030944564106375,0.6905271459196173,0.6990411307458824,356.1384145860601,3.8615854139399155,2.1961477735983435,4.0,0.05340539435381352,0.08325564091157778,0.1664845391259033,0.17805710724441023,0.0,0.037499557098473676
14,8820,9588,10869,11636,59.956577,63.798147,768,initial,nonelliptic_or_noisy,2.6017157272143363,2.885561298810335,2.5881390690611092,2.850958490369411,0.19604798963252756,0.2919070786858065,0.688491477183762,0.7126757286309539,356.22330475321485,3.7766952467851294,2.194719174413465,4.0,0.07745956292220141,0.09727857755418806,0.2076952657020917,0.18960131371467331,0.0,0.019697287945762008
14,8840,9608,10889,11656,60.056748,63.898318,768,initial,nonelliptic_or_noisy,2.6049547007895653,2.888998130769672,2.587445575027748,2.8523096886572183,0.1967141248636538,0.2780330613381938,0.6821236511425426,0.7174355739574979,356.3769052493259,3.6230947506741074,2.1771741254365686,4.0,0.06534717092680477,0.08850462990975243,0.14507225196311688,0.20665685217544016,0.0,0.024007326380146663
14,8860,9628,10909,11676,60.156919,63.998489,768,initial,nonelliptic_or_noisy,2.604815243103647,2.8908413921979825,2.589393809957309,2.8477808027086593,0.19831767989469767,0.2763204847094658,0.6733216640090987,0.7084375644211777,355.9724242103101,4.027575789689904,2.188638763003635,4.0,0.06420033533545984,0.0872091491577987,0.1562537245329056,0.2306338435474751,0.0,0.009321052233757333
14,8880,9648,10929,11696,60.25709,64.098661,768,initial,nonelliptic_or_noisy,2.6088876460993538,2.892370109214875,2.587077301370144,2.838856055268305,0.20022802560270603,0.26668577671237464,0.6624102342061428,0.7200280779806687,356.3334853634042,3.666514636595839,2.176945609646933,4.0,0.05686216635034247,0.04478799242007478,0.10452441024005445,0.2886106079198793,0.0,0.021724623023642097
14,8900,9668,10949,11716,60.357262,64.198832,768,initial,nonelliptic_or_noisy,2.6078994422219584,2.900912577467845,2.5896728730413097,2.8379594367917,0.20315520533647774,0.25830231735345527,0.6527657832519069,0.7183025064242748,355.70482851241906,4.295171487580968,2.1868648224321294,4.0,0.046986870492105995,0.04674407375363909,0.09164023843606876,0.32260350898812046,0.0,0.04232939362387424
14,8920,9688,10969,11736,60.457433,64.299003,768,initial,nonelliptic_or_noisy,2.6088876460993538,2.9014506001559424,2.5907042516028347,2.8417557414890937,0.20484678511320775,0.2695731731415677,0.6530545555493158,0.720000261481966,355.5148428777541,4.48515712224589,2.1600655868394996,4.0,0.041943146772038684,0.036854445639578334,0.08243400515595263,0.30463168024723913,0.0,0.0054927562562193475
14,8940,9708,10989,11756,60.557604,64.399174,768,initial,nonelliptic_or_noisy,2.6078994422219584,2.9111035367419333,2.5823327755750247,2.860643191851313,0.206211222129941,0.29339675528193787,0.6741113470966942,0.72456445868104,355.5814623833512,4.418537616648813,2.152775626926233,4.0,0.048123293131437476,0.06452807432146601,0.11828090947629918,0.274319047880326,0.0,0.04705557504052031
14,8960,9728,11009,11776,60.657776,64.499346,768,initial,nonelliptic_or_noisy,2.607888682998698,2.9125380543339645,2.584941356776125,2.8614426925986725,0.20690043448550333,0.28859845611794854,0.6719216850354616,0.7318106391654059,355.1126547921202,4.887345207879755,2.222459926661708,4.0,0.04368460317478034,0.08139914224022174,0.1267585420023626,0.27071836203829835,0.0,0.006933566589158044
14,8980,9748,11029,11796,60.757947,64.599517,768,initial,nonelliptic_or_noisy,2.6049547007895653,2.9069633542642954,2.591143749102661,2.8606404004043635,0.20751367480691302,0.2985694034425407,0.6721354297090171,0.7159659391902815,354.21945273912786,5.780547260872145,2.2425708511575873,4.0,0.04115083144792916,0.08127069952251241,0.1282123717704391,0.23293867599514986,0.0,0.030357736327654018
14,9000,9768,11049,11816,60.858118,64.699688,768,initial,nonelliptic_or_noisy,2.6035755318773632,2.9111035367419333,2.595134944408065,2.8575379787416657,0.20508975665180468,0.29718565101844563,0.6797315904443343,0.7331314477264187,353.8954806996644,6.104519300335576,2.3427198784671903,4.0,0.04145818233337438,0.08560961601399447,0.13577042520823018,0.2644037112286399,0.0,0.021277774301150094
14,9020,9788,11069,11836,60.95829,64.79986,768,initial,nonelliptic_or_noisy,2.6049547007895653,2.9184998908949664,2.590434738586393,2.861386537245636,0.20823818860759102,0.2929192579695195,0.6605254971185828,0.7383623908194601,356.098144899548,3.901855100451986,2.3931277785701193,4.0,0.043922367351409905,0.09099240318446024,0.15921510065565658,0.28299403878162793,0.0,0.03613093066670094
14,9040,9808,11089,11856,61.058461,64.900031,768,initial,nonelliptic_or_noisy,2.607888682998698,2.9295960738611804,2.591575119997201,2.8600824173674306,0.20761079323904325,0.28928859179998045,0.6682619525604426,0.7731628380283023,355.96046732435013,4.039532675649847,2.4318990357187475,4.0,0.03980931676974479,0.09335776280610472,0.16483097531037225,0.34392357539682905,0.0,0.055283844116071595
14,9060,9828,11109,11876,61.158632,65.000202,768,initial,nonelliptic_or_noisy,2.6088876460993538,2.9316448495856093,2.593750053251159,2.857639222144276,0.21021358137376772,0.29241020058969985,0.6759592807150548,0.7814371506426004,355.69132239978626,4.308677600213743,2.4274916864783163,4.0,0.038285042883382456,0.09327852890907123,0.16597423552628393,0.35933898473511955,0.0,0.010842991321133115
14,9080,9848,11129,11896,61.258804,65.100374,768,initial,nonelliptic_or_noisy,2.609844135391323,2.934050120213588,2.5980958525760696,2.8517537632863164,0.21254426622290662,0.2773398032956878,0.6697994028150974,0.7725525245442937,355.04744125885253,4.9525587411474925,2.3987104202623177,4.0,0.01940004680548959,0.07583230808201913,0.1445566919248481,0.3911217971049146,0.0,0.01217851801853671
14,9100,9868,11149,11916,61.358975,65.200545,768,initial,nonelliptic_or_noisy,2.6078994422219584,2.942267048417671,2.5961653910978044,2.851539346826621,0.21234554591496463,0.2779174642876656,0.6684745720694188,0.7795113047427816,355.948879007549,4.051120992450974,2.3696413462063597,4.0,0.01344071842225588,0.05613831795573824,0.10131512302580462,0.43082303490206725,0.0,0.039764984655128226
14,9120,9888,11169,11936,61.459146,65.300716,768,initial,nonelliptic_or_noisy,2.611265890265813,2.934050120213588,2.5975243849646388,2.8529063720058674,0.21227151611201336,0.276309687698808,0.675913884607199,0.7741734346251659,355.08832004363865,4.911679956361341,2.454537973354887,4.0,0.025953129058636174,0.03150840185179068,0.050152096935559234,0.38770660807859403,0.0,0.04183228182997562
14,9140,9908,11189,11956,61.559318,65.400888,768,initial,nonelliptic_or_noisy,2.622430984664714,2.9265129463489115,2.5975035245254894,2.852826918030449,0.21164656365141715,0.2786302424300871,0.6748229184482848,0.7722725912845355,355.0725254441731,4.927474555826902,2.540262806047857,4.0,0.045703158372984824,0.04506600963888923,0.1057645942625616,0.36753836519800337,0.0,0.06364864919392564
14,9160,9928,11209,11976,61.659489,65.501059,768,initial,nonelliptic_or_noisy,2.6261550807757823,2.907943145174731,2.595874414725964,2.855121208771829,0.2146080185674998,0.27726464262953243,0.6628014856455376,0.7488919375086748,355.38701680118504,4.612983198814979,2.5612552681772462,4.0,0.021372882084309038,0.054066348651810654,0.08431785057186236,0.2837068243756023,0.0,0.08825181022276538
14,9180,9948,11229,11996,61.75966,65.60123,768,initial,nonelliptic_or_noisy,2.619415109873586,2.9048105338964176,2.5908860005002095,2.8686772059110353,0.2146227156738154,0.2966781465758898,0.6866921053860048,0.754890072159856,356.33877287329267,3.661227126707312,2.454149252843139,4.0,0.0319565999238457,0.05950159323562239,0.10760388819857586,0.21450817070497297,0.0,0.034630037516723285
14,9200,9968,11249,12016,61.859832,65.701402,768,initial,nonelliptic_or_noisy,2.618169014735637,2.906629637757197,2.594587193366434,2.8677174045207874,0.21395494879062518,0.29424168534307754,0.6943778294237845,0.7582840313778477,355.90186771605147,4.098132283948553,2.4468956579959547,4.0,0.024573788781582926,0.05772672474109683,0.09460595111830038,0.21266232092694412,0.0,0.010305766900882314
14,9220,9988,11269,12036,61.960003,65.801573,768,initial,nonelliptic_or_noisy,2.618169014735637,2.9128179971260098,2.5981153429826596,2.865854014812048,0.2141898493259477,0.2967224647298361,0.6968185549535743,0.7567839749589657,355.14793592664336,4.852064073356654,2.37530152110944,4.0,0.021411503636442085,0.05969935262118244,0.0933890637664444,0.23841598654479193,0.0,0.028891935767672773
14,9240,10008,11289,12056,62.060174,65.901744,768,initial,nonelliptic_or_noisy,2.6094856698576807,2.9208524752316105,2.5961117531874454,2.8663326297754708,0.214632725584041,0.2972369677563373,0.6959091747836821,0.7524390205616845,355.6376886120562,4.362311387943831,2.2728147196884114,4.0,0.02076482066205651,0.06447248735754549,0.09457886131370491,0.2615454835475153,0.0,0.05511828002929512
14,9260,10028,11309,12076,62.160346,66.001916,768,initial,nonelliptic_or_noisy,2.603709101362491,2.9181455839536232,2.5949977799042117,2.8643219316644726,0.21567325010832183,0.2971010922259293,0.7078487433175238,0.7442796843143248,355.04093931922654,4.959060680773476,2.3216985394245477,4.0,0.015146631729701602,0.04786686880461371,0.06495109957743414,0.2528086159568197,0.0,0.02957873527113878
14,9280,10048,11329,12096,62.260517,66.102087,768,initial,nonelliptic_or_noisy,2.603709101362491,2.9368173593534515,2.590790649493584,2.8651008601651062,0.21962321868955742,0.2954947831363841,0.6918913855874554,0.7439283847736452,355.22753533094755,4.77246466905245,2.261286226425626,4.0,0.01758028928140132,0.043506555949580375,0.06877944991775868,0.3317988237740002,0.0,0.08501731060695009
14,9300,10068,11349,12116,62.360688,66.202258,768,initial,nonelliptic_or_noisy,2.6081157281181584,2.9208524752316105,2.5894086990689194,2.8660073695753283,0.22040318968479983,0.2882466278758155,0.68291151566183,0.722726195641048,355.31797779130665,4.682022208693365,2.3245345084614244,4.0,0.01768752568451623,0.03396283918705117,0.05734410315447105,0.2629168962862293,0.0,0.07514356069063974
14,9320,10088,11369,12136,62.460859,66.30243,768,initial,nonelliptic_or_noisy,2.607648559445117,2.9184998908949664,2.5888730098952393,2.8674582376755233,0.21975648923315916,0.2801852842757696,0.6879058160795227,0.7232913304731838,356.09965477354916,3.900345226450839,2.21383393910212,4.0,0.025115769987093205,0.028034073995550222,0.05152966048890854,0.24748028687897708,0.0,0.010914445841808866
14,9340,10108,11389,12156,62.561031,66.402601,768,initial,nonelliptic_or_noisy,2.5897269166237917,2.9295960738611804,2.589378354667961,2.8666196116507394,0.21448983119841103,0.2889690010071434,0.6945488971284249,0.7375151422735693,356.02745541060347,3.972544589396517,2.203334988442393,4.0,0.0313492111752429,0.04308191785661395,0.06307908111419723,0.29361497680834564,0.0,0.09827354197203289
14,9360,10128,11409,12176,62.661202,66.502772,768,initial,nonelliptic_or_noisy,2.587654293093128,2.909925686962354,2.593474936955707,2.8669111936322516,0.21527209389243096,0.2933366172668523,0.7074008965361595,0.7126637089532647,357.025020583006,2.974979416994012,2.2273703479401967,4.0,0.023516595213043254,0.0525802547802006,0.08028842890644657,0.20163563973444407,0.0,0.09188036836428759
14,9380,10148,11429,12196,62.761373,66.602943,768,initial,nonelliptic_or_noisy,2.580926450997595,2.911103794980951,2.591704919182041,2.868854175042929,0.22014300368926926,0.2736475243891098,0.692511537476373,0.6914366096246698,356.8507956476114,3.14920435238863,2.2561663028174492,4.0,0.021147255007360623,0.044949632074433546,0.07911311040073028,0.19806588236667952,0.0,0.031026251197512223
14,9400,10168,11449,12216,62.861545,66.703115,768,initial,nonelliptic_or_noisy,2.580926450997595,2.923427636438334,2.590413801746234,2.8706620549723105,0.22343557158826322,0.25882524039851945,0.6698165146436509,0.6831616029700797,356.7960089413845,3.203991058615469,2.321022624174827,4.0,0.023941166889429984,0.041486506009682546,0.07001700132273496,0.23994263131858468,0.0,0.05515613010847061
14,9420,10188,11469,12236,62.961716,66.803286,768,initial,nonelliptic_or_noisy,2.6015409665006923,2.942379196899222,2.589011847249303,2.8696986663037585,0.22948809262060238,0.24250319419417396,0.6503525194398861,0.7058927836793693,356.89296279795764,3.1070372020423433,2.2281958175651857,4.0,0.0188973554331447,0.0391376448072298,0.06444884884765233,0.3213785399313445,0.0,0.12202001659743164
14,9440,10208,11489,12256,63.061887,66.903457,768,initial,nonelliptic_or_noisy,2.6015409665006923,2.953610838796271,2.5879166185979012,2.869157996643627,0.23136475538590306,0.2430782873059341,0.641684528628542,0.721155347866353,356.3712784349281,3.628721565071883,2.2347169409057135,4.0,0.020456205432795194,0.0422456831901756,0.069340409870911,0.36973979283943964,0.0,0.04854517222519527
14,9460,10228,11509,12276,63.162059,67.003629,768,initial,nonelliptic_or_noisy,2.6181790238446467,2.9467761575852354,2.586851164115929,2.8692650575107783,0.2361527124562101,0.23639997534784,0.6291723260828738,0.7103525405938175,356.25226616954814,3.747733830451874,2.220333929407072,4.0,0.01761950722583208,0.03664463489227182,0.054449063036707296,0.354019495023543,0.0,0.07616748028112473
14,9480,10248,11529,12296,63.26223,67.1038,768,initial,nonelliptic_or_noisy,2.6245271389751887,2.958919321355216,2.5849497889118696,2.8714297787519083,0.24152866172091308,0.22786509916203268,0.615737708872972,0.7335135244938666,356.41754044974823,3.5824595502517957,2.180374470361981,4.0,0.01454363053264346,0.03721272505958294,0.056774436657098325,0.3975715628285867,0.0,0.056731866395831665
14,9500,10268,11549,12316,63.362401,67.203971,768,initial,nonelliptic_or_noisy,2.627540840804336,2.9512642772418287,2.5794668423907203,2.882391847064632,0.24602730755523639,0.2305368232800066,0.6016460139624042,0.7103297687838179,355.90336131910453,4.096638680895462,2.3007428297877226,4.0,0.024384722714573315,0.032955844545603366,0.06408816226905646,0.3413897285448159,0.0,0.03343902422044133
14,9520,10288,11569,12336,63.462573,67.304143,768,initial,nonelliptic_or_noisy,2.632581793642382,2.9427160745031484,2.569981836854342,2.902970351300689,0.25006302779165757,0.2399693237275121,0.6097107848451507,0.6854029512855792,355.77172414467594,4.228275855324042,2.5217557905560746,4.0,0.03595707079432819,0.06390145058466506,0.12986982428318042,0.2965321081001472,0.0,0.03968543048196668
14,9540,10308,11589,12356,63.562744,67.404314,768,initial,nonelliptic_or_noisy,2.6292013877221496,2.93924567729922,2.568786873911212,2.9146463404715353,0.2508251249332277,0.23646435384218775,0.615722946275883,0.6811053485258675,356.3048001844121,3.695199815587904,2.5310564089064105,4.0,0.0287687047538378,0.07121230121431153,0.14745088590205216,0.26006435430824243,0.0,0.019314920183484137
14,9560,10328,11609,12376,63.662915,67.504485,768,initial,nonelliptic_or_noisy,2.6264782048282536,2.9466976650961723,2.574595087869789,2.914584133669041,0.25131097199988633,0.23535644788557558,0.6272443234962203,0.6761161529970892,356.0153170779327,3.9846829220672757,2.5278184103040826,4.0,0.020840907580944312,0.06750384763230814,0.1369883171002021,0.24279684706471763,0.0,0.03157032051659516
14,9580,10348,11629,12396,63.763087,67.604657,768,initial,nonelliptic_or_noisy,2.6176777003342853,2.9368173593534515,2.5745117117671503,2.914970367098405,0.2512572659508705,0.23392246165616115,0.6232295596705494,0.6571394801326076,356.0148381875099,3.985161812490079,2.552655674369954,4.0,0.01570812336354891,0.06162019793158377,0.12483517312659317,0.19255038023065058,0.0,0.052660671643696186
14,9600,10368,11649,12416,63.863258,67.704828,768,initial,nonelliptic_or_noisy,2.626672013189148,2.939216070137589,2.577814052173508,2.912874663086139,0.254733818699757,0.22800276621432902,0.6115123430895124,0.6480145762762433,356.1170179314358,3.8829820685642074,2.492419474571947,4.0,0.016963772993628022,0.059705277907273833,0.12060113363219964,0.2178999518475608,0.0,0.03654276282100395
14,9620,10388,11669,12436,63.963429,67.804999,768,initial,nonelliptic_or_noisy,2.607648559445117,2.942379196899222,2.5782101036231877,2.914245083157197,0.2540705230682099,0.22261842731497647,0.6104606690634955,0.6417665762410701,355.6268062702042,4.373193729795791,2.5640876595291027,4.0,0.011660002372531241,0.060200242792401416,0.11941767698621054,0.16027203887372724,0.0,0.07590268712235279
14,9640,10408,11689,12456,64.063601,67.905171,768,initial,nonelliptic_or_noisy,2.609748952695729,2.9500452016617436,2.587202895788394,2.9099395858681305,0.250553263674038,0.22471205230897792,0.595570835902172,0.6227196832569318,356.1405707091102,3.8594292908897865,2.5051720362932826,4.0,0.011129785381656742,0.05981054740925291,0.11298266056503443,0.18362775336603432,0.0,0.031723951322375966
14,9660,10428,11709,12476,64.163772,68.005342,768,initial,nonelliptic_or_noisy,2.609748952695729,2.9512642772418287,2.5894990403165106,2.910802407450727,0.2496272067097799,0.22898070499413906,0.5966629627977535,0.6336795399949298,356.1377427006478,3.862257299352211,2.5793355599386167,4.0,0.01892437879706621,0.05965248542676059,0.11660812457905202,0.18125522631833618,0.0,0.00488358459061105
14,9680,10448,11729,12496,64.263943,68.105513,768,initial,nonelliptic_or_noisy,2.619797885655127,2.9512642772418287,2.589761145745346,2.9130700623230257,0.24991029648326474,0.22910973463949388,0.6106976120954386,0.6432842114683429,355.9282915057843,4.071708494215743,2.6051165518543673,4.0,0.026147445526797822,0.05753367930151254,0.11614717360924359,0.19443041049291382,0.0,0.04021015980856532
14,9700,10468,11749,12516,64.364115,68.205685,768,initial,nonelliptic_or_noisy,2.609748952695729,2.9500452016617436,2.588819123944847,2.9135921771888404,0.25395538238839477,0.224437966529566,0.6038268544560886,0.6253306971596116,355.94127073565204,4.058729264347949,2.7110325903741366,4.0,0.03068920554278382,0.03897158023280091,0.07989662822936651,0.1655183676648428,0.0,0.03985979036790068
14,9720,10488,11769,12536,64.464286,68.305856,768,initial,nonelliptic_or_noisy,2.600885563438942,2.953610838796271,2.5889188462778967,2.91372585892328,0.2570837487200936,0.21932509028203054,0.5856845105647159,0.605094410828419,355.9233964109695,4.076603589030512,2.938809342474457,4.0,0.0465150701034686,0.03628190439030483,0.07632341404323531,0.1619763723108166,0.0,0.03716187164699225
14,9740,10508,11789,12556,64.564457,68.406027,768,initial,nonelliptic_or_noisy,2.589003275843968,2.9512642772418287,2.586523689685966,2.9138644554999846,0.260590017038724,0.21493065058673805,0.5835136743499701,0.589053763740961,356.100091343177,3.899908656823018,2.968523652481319,4.0,0.03922284332218094,0.05327545115713356,0.10551884729015767,0.14383486209367763,0.0,0.046478279547395515
14,9760,10528,11809,12576,64.664628,68.506199,768,initial,nonelliptic_or_noisy,2.5897269166237917,2.945675739786271,2.5882622140398692,2.914770344418713,0.2631101370953125,0.20375610084093115,0.5741646754234825,0.5730518195435105,356.19797838894135,3.8020216110586427,3.021259966135909,4.0,0.031309372236933246,0.04435930027660848,0.08612667163826396,0.11759366112406328,0.0,0.021417622516348298
14,9780,10548,11829,12596,64.7648,68.60637,768,initial,nonelliptic_or_noisy,2.5897269166237917,2.9407995566559704,2.588798526040833,2.9156319777830846,0.2637913815099905,0.19933347390547462,0.5689469969363923,0.5634856355350508,356.22744601983277,3.772553980167223,3.1028764517313063,4.0,0.027895147144141055,0.036202161122569534,0.07040949459871748,0.09547202152017611,0.0,0.01848499788881809
14,9800,10568,11849,12616,64.864971,68.706541,768,initial,nonelliptic_or_noisy,2.602113843048808,2.9292976942493234,2.5905650276440597,2.914390846039687,0.25928423576460113,0.20076028327595924,0.582877932393692,0.587666160010479,356.3277654668133,3.6722345331867157,3.0634961586809752,4.0,0.025114642156283302,0.04404913440879233,0.08449671482808757,0.07272742401813469,0.0,0.06519298767358733
14,9820,10588,11869,12636,64.965142,68.806712,768,initial,nonelliptic_or_noisy,2.6181790238446467,2.9158136801928425,2.5902158280443963,2.9158879166411924,0.2563578530991142,0.1991020952402488,0.5747205785990079,0.5745146215208877,356.30618853928917,3.6938114607108314,3.0718966196804036,4.0,0.019285552707795514,0.04639220157509213,0.08230287337490859,0.10907914075252978,0.0,0.0818153201918318
14,9840,10608,11889,12656,65.065314,68.906884,768,initial,nonelliptic_or_noisy,2.6273258871486234,2.904794377896604,2.595718713539508,2.9149912424145294,0.2548064916531476,0.20333083974533764,0.5702923864654548,0.5752079612351657,354.7038941294947,5.296105870505292,3.097510786276306,4.0,0.02109538736489002,0.049388076958415024,0.0914445994840841,0.1303392431588777,0.0,0.05620331000755496
14,9860,10628,11909,12676,65.165485,69.007055,768,initial,nonelliptic_or_noisy,2.6292013877221496,2.8911492871198052,2.5970436825338292,2.9167964905104076,0.24880029909317955,0.2089790497656165,0.5973469940205458,0.5865688083104331,354.70626544525646,5.293734554743526,3.0201836090972423,4.0,0.02856628352629485,0.046483648693545467,0.0894988604451615,0.16532406218662551,0.0,0.05535917900285776
14,9880,10648,11929,12696,65.265656,69.107226,768,initial,nonelliptic_or_noisy,2.6244135827030535,2.8738681492640827,2.595474291780671,2.9187700999165904,0.24292780517395712,0.21392968007266394,0.6074751975387221,0.6014477443283667,354.6145362236882,5.385463776311791,3.086448230487777,4.0,0.02920899259339207,0.051600965052320084,0.10451306958283473,0.21989961844769018,0.0,0.07381664892611157
14,9900,10668,11949,12716,65.365828,69.207398,768,initial,nonelliptic_or_noisy,2.620083410096835,2.8691495988748805,2.5974030027200135,2.9201127070427346,0.24637097513459183,0.20753916540928824,0.5973339156803043,0.6080546397399234,354.61778300207624,5.382216997923768,2.9776503682815427,4.0,0.03168534187160786,0.018967984252259366,0.05042978932488056,0.2264149396110437,0.0,0.02599455645722995
14,9920,10688,11969,12736,65.465999,69.307569,768,initial,nonelliptic_or_noisy,2.6221520969992644,2.841706244688771,2.596019037255392,2.921429939571239,0.24124511474542573,0.21451342185910063,0.6192547111748729,0.6800199946513638,354.54913089704127,5.450869102958721,3.0192025851143858,4.0,0.03560334809550917,0.014643573657394774,0.04476562611997286,0.3477690419418091,0.0,0.11407987613824182
14,9940,10708,11989,12756,65.56617,69.40774,768,initial,nonelliptic_or_noisy,2.6179210361614844,2.83093162031437,2.594418270733632,2.9244242079408407,0.23823912293805316,0.2129108384953975,0.613305571656019,0.716408080284196,354.42599756948385,5.574002430516123,3.113738117434187,4.0,0.026768918276648016,0.022877464992606816,0.047267317430854626,0.4046416534529242,0.0,0.04858813759521437
14,9960,10728,12009,12776,65.666342,69.507912,768,initial,nonelliptic_or_noisy,2.603334534220826,2.834504328562284,2.59437696435594,2.920082222428423,0.23905160046317792,0.20779161954601902,0.6057048711341451,0.6842848040915913,354.55149584489425,5.448504155105733,3.0958362654435096,4.0,0.030481882934142827,0.034372341800201565,0.06751509214190833,0.35994495722206177,0.0,0.06282185800605937
14,9980,10748,12029,12796,65.766513,69.608083,768,initial,nonelliptic_or_noisy,2.5886643972521144,2.836078881720924,2.595968572954132,2.9187846362526093,0.2411979693044894,0.20498181332365262,0.5959961741308011,0.6767107052968555,354.62491072014035,5.3750892798596706,2.9646554929809255,4.0,0.026306543994130602,0.046467101751389205,0.0813249096637238,0.3442303564654379,0.0,0.06117130189774124
14,10000,10768,12049,12816,65.866684,69.708254,768,initial,nonelliptic_or_noisy,2.5812560481239464,2.841706244688771,2.5966573986449824,2.920273583508653,0.24205812680738417,0.19800922489592254,0.570908309120114,0.6619837371682719,353.7085413717576,6.291458628242427,3.0668037145478366,4.0,0.02281381267153537,0.05461843208658985,0.08937940626410677,0.33075796118503903,0.0,0.03843403687623246
14,10020,10788,12069,12836,65.966856,69.808426,768,initial,nonelliptic_or_noisy,2.562201288022198,2.841706244688771,2.5981083148887825,2.919058583912658,0.24230146043409734,0.19895741288744853,0.574813457776413,0.6916066733605999,353.7044504194703,6.295549580529698,2.956739728067878,4.0,0.01821772040164869,0.07289860619719257,0.11252158413162978,0.3519587558482015,0.0,0.0786407150316412
14,10040,10808,12089,12856,66.067027,69.908597,768,initial,nonelliptic_or_noisy,2.5679482818726815,2.845948024000514,2.6019594369055454,2.9234973619827613,0.24214981077463388,0.19664897538009218,0.565177506950357,0.6828429710479366,353.44581322249496,6.554186777505026,2.802680856399427,4.0,0.015711959340902443,0.07249428473917574,0.10462029252812076,0.3496998013239086,0.0,0.029497742128534406
14,10060,10828,12109,12876,66.167198,70.008768,768,initial,nonelliptic_or_noisy,2.5617639208537097,2.830636853230047,2.6017174686091837,2.924424289917195,0.23691115769340457,0.19802714201640056,0.5792147880740184,0.7533761022809145,353.42424859995305,6.575751400046978,2.9412476894219157,4.0,0.020112037237545552,0.07551247196989322,0.12527685103714148,0.4303004198340586,0.0,0.06970111913458824
14,10080,10848,12129,12896,66.26737,70.10894,768,initial,nonelliptic_or_noisy,2.5477391964137945,2.841706244688771,2.6036705430778526,2.923779980257528,0.2390190963052108,0.19851010184143358,0.5777228423302195,0.7472873065443455,353.3234838418524,6.6765161581475665,2.9270466208917965,4.0,0.022252685397724216,0.05669390812506034,0.0882113990885487,0.41553062459903395,0.0,0.07475072120657547
14,10100,10868,12149,12916,66.367541,70.209111,768,initial,nonelliptic_or_noisy,2.5448079805482084,2.83093162031437,2.6045618617558213,2.925198066356298,0.2401772189691938,0.19599262969689957,0.5721129937657804,0.7678828042872109,356.43207668967887,3.567923310321161,2.908954432669068,4.0,0.0292520198207949,0.018410026254304858,0.05575205598911156,0.4646966076044215,0.0,0.04649160306775204
14,10120,10888,12169,12936,66.467712,70.309282,768,initial,nonelliptic_or_noisy,2.5477391964137945,2.835517120735462,2.6053828251294906,2.925770906311419,0.24418206606344015,0.19030030172283666,0.56043893418907,0.7516850171512197,354.1760337851852,5.82396621481481,2.8738701479466506,4.0,0.019875706492298435,0.004413320161062724,0.034650281148985204,0.4385712759140502,0.0,0.022287957088432772
14,10140,10908,12189,12956,66.567884,70.409454,768,initial,nonelliptic_or_noisy,2.562201288022198,2.8388347600446995,2.6067162766030756,2.9247092566864823,0.24350741513256122,0.1911139327004837,0.5588654342119622,0.7121231976825312,354.10008622149616,5.899913778503819,2.58413570724674,4.0,0.02230647459458129,0.008548028029403933,0.0335401949006239,0.397221938542202,0.0,0.06093346260285766
14,10160,10928,12209,12976,66.668055,70.509625,768,initial,nonelliptic_or_noisy,2.558112290080174,2.8388347600446995,2.607034694131587,2.9263210640750077,0.2499447319045278,0.18954384235140315,0.5437134421787833,0.7048912935806793,354.1360175403304,5.863982459669633,2.696916338974364,4.0,0.018944907349947814,0.01073322704118776,0.03404474023042991,0.4010326435750479,0.0,0.016359608425697426
14,10180,10948,12229,12996,66.768226,70.609796,768,initial,nonelliptic_or_noisy,2.562201288022198,2.8267343665789997,2.604697428531982,2.9323159102931498,0.25726808538365664,0.185271448966297,0.5249710075972918,0.7120099839906375,354.69716840276817,5.302831597231851,2.9086240226648434,4.0,0.019040567773507943,0.007955492897481792,0.0338829217874309,0.44239041746779556,0.0,0.04964706174024666
14,10200,10968,12249,13016,66.868397,70.709968,768,initial,nonelliptic_or_noisy,2.5444468732933343,2.813612167742396,2.6038955300863553,2.9366713337412795,0.2671570710310234,0.18271291258357325,0.5091567703725888,0.7370095147220476,355.1588716161897,4.841128383810302,2.9972445776673027,4.0,0.019977093110238153,0.014184659620871488,0.04392236354481204,0.5115581845665058,0.0,0.08263825599484562
14,10220,10988,12269,13036,66.968569,70.810139,768,initial,nonelliptic_or_noisy,2.522989391965514,2.8170090152101075,2.604613516218755,2.945253581038301,0.2651469034718792,0.18206327025606697,0.5074699656433088,0.7991116096618895,355.8970584194714,4.102941580528606,2.8227972747098624,4.0,0.011453549779364537,0.03501606860925395,0.06404184979895979,0.5733312045068084,0.0,0.08193453486215409
14,10240,11008,12289,13056,67.06874,70.91031,768,initial,nonelliptic_or_noisy,2.5203521160190068,2.8207693982080153,2.6126039799273046,2.9429026764399735,0.2676421736984659,0.16962622389014984,0.4888862503901776,0.7897400082900142,355.41670644600356,4.583293553996434,2.7645955805274163,4.0,0.011986860212355902,0.03442269854458537,0.05827132129447954,0.5718778446817481,0.0,0.01716099522388161
14,10260,11028,12309,13076,67.168911,71.010481,768,initial,nonelliptic_or_noisy,2.5174664986422615,2.8203100545073667,2.6138108407389313,2.9422576408856873,0.2611596486108779,0.17305508204889006,0.5020746365657772,0.8224064742333425,355.28982673232855,4.710173267671441,2.7492098769696325,4.0,0.01254488075867379,0.03831809033586776,0.07029155759295104,0.5950911279100073,0.0,0.01118836209327655
14,10280,11048,12329,13096,67.269083,71.110653,768,initial,nonelliptic_or_noisy,2.518771069494493,2.8217817185392233,2.6156458065600665,2.9380996695434787,0.2560576700393766,0.17507319557088072,0.5099925179832836,0.8264275136285436,355.05336470800336,4.946635291996632,2.7131476186327435,4.0,0.009434170584632277,0.020893106752993537,0.03944297999658469,0.5911778656621897,0.0,0.0076804843440061105
14,10300,11068,12349,13116,67.369254,71.210824,768,initial,nonelliptic_or_noisy,2.5174664986422615,2.8281593022527067,2.6171274023728937,2.9337392498089945,0.24656022304142355,0.18069592503592766,0.5271360326935471,0.8207632718943426,355.50320385051805,4.496796149481959,2.573252307803853,4.0,0.008784904164857252,0.011645431205755405,0.020085642671077097,0.5888522315323179,0.0,0.026401846188210967
14,10320,11088,12369,13136,67.469425,71.310995,768,initial,nonelliptic_or_noisy,2.5263677544283007,2.841492888248035,2.6174969944983353,2.9287170150653283,0.23808271856179697,0.1916808601184157,0.5439368732428417,0.7842456022662236,355.5024121598747,4.497587840125268,2.6113162913273835,4.0,0.013770139701701238,0.009505026680245885,0.02026269415771329,0.5298372872634103,0.0,0.06733687263363486
14,10340,11108,12389,13156,67.569597,71.411167,768,initial,nonelliptic_or_noisy,2.5278290481499575,2.8548323176279076,2.6180352482513896,2.928020404320115,0.23247992332186299,0.19924214116927694,0.548619097958795,0.7612938602202565,355.4932694983949,4.50673050160509,2.674078853429287,4.0,0.0199781291457588,0.013505280974275665,0.0297249062245884,0.4996654727671121,0.0,0.05772210614088438
14,10360,11128,12409,13176,67.669768,71.511338,768,initial,nonelliptic_or_noisy,2.541227230859789,2.836078881720924,2.616453494234259,2.9298409994286176,0.2424868008078787,0.19226481509850116,0.5221757686613913,0.7458633416205204,355.5206567626189,4.479343237381128,2.5549501627088707,4.0,0.017231352839103927,0.010631679450566454,0.023656152130313753,0.49573628731688785,0.0,0.0950477884019691
14,10380,11148,12429,13196,67.769939,71.611509,768,initial,nonelliptic_or_noisy,2.5373863376597408,2.8636395836876085,2.617536782043054,2.929565181825935,0.22712419997256642,0.21113195597830717,0.5609243304423553,0.7465343672807624,355.5002913048396,4.499708695160388,2.5884812404059483,4.0,0.018443408443623542,0.009332982607675485,0.024555124203285837,0.4569303975062778,0.0,0.12251909199396417
14,10400,11168,12449,13216,67.870111,71.711681,768,initial,nonelliptic_or_noisy,2.5444468732933343,2.8686482844267323,2.616980701016707,2.9312181120919707,0.22811926723161424,0.21259589838519344,0.5560678162714018,0.7218968554765287,355.5086976482014,4.4913023517985735,2.438137306606085,4.0,0.018428395403058753,0.0019956434014133132,0.026482038378904605,0.4199214271274861,0.0,0.03794807896011614
14,10420,11188,12469,13236,67.970282,71.811852,768,initial,nonelliptic_or_noisy,2.5320827722975694,2.854977016625342,2.616956938334746,2.9280145460397806,0.2301962004673821,0.20429467884485794,0.5458427543693912,0.76586524639209,355.51394641492914,4.486053585070842,2.493440429219822,4.0,0.01824389801717352,0.013508592656736953,0.02796319126624953,0.48642713763117434,0.0,0.08007506064178564
14,10440,11208,12489,13256,68.070453,71.912023,768,initial,nonelliptic_or_noisy,2.512643729492276,2.887690776577873,2.6163748301446077,2.9271343517390864,0.22162792708707937,0.21574258844968794,0.562483024132754,0.7782608813079942,355.5265929378699,4.47340706213008,2.578153215076752,4.0,0.015327829595282037,0.015539345088127087,0.026428510698187295,0.50073649199518,0.0,0.1716997904488064
14,10460,11228,12509,13276,68.170625,72.012195,768,initial,nonelliptic_or_noisy,2.504298149791884,2.9255473059101815,2.614651590247729,2.927159967096412,0.22227921162972245,0.21192898202141766,0.5587464732814869,0.725672886927622,355.5589768425868,4.441023157413198,2.6882359352959,4.0,0.01691761297884988,0.01808412639433253,0.03767577089708572,0.49651617176191953,0.0,0.17440011310254458
14,10480,11248,12529,13296,68.270796,72.112366,768,initial,nonelliptic_or_noisy,2.504129500305856,2.935667180147788,2.618575364145107,2.936275924832682,0.22503542783159375,0.21430034079065174,0.5464681885483287,0.7218649881833417,356.41528530189805,3.5847146981019313,2.63028060971248,4.0,0.013900726178785728,0.025350571080240657,0.041169600570097345,0.5085754003539058,0.0,0.044976382271293164
14,10500,11268,12549,13316,68.370967,72.212537,768,initial,nonelliptic_or_noisy,2.5174664986422615,2.9418623196063516,2.624509511636956,2.9356234839101556,0.22831556226212663,0.20773226495458597,0.5464486392967773,0.685822941831631,356.4989764576524,3.5010235423476095,2.615650857209077,4.0,0.017097398424735212,0.026608003823078822,0.047030271648859916,0.46963364308530914,0.0,0.064409190791354
14,10520,11288,12569,13336,68.471139,72.312709,768,initial,nonelliptic_or_noisy,2.524466029944123,2.948113414090657,2.6243234183949595,2.935620749218936,0.22767854094587664,0.21677700331863148,0.5511214984091729,0.6801499522470215,356.4954177161313,3.5045822838686647,2.644268899793379,4.0,0.017046481065690906,0.027241139214977703,0.04107701805347199,0.4420082888716994,0.0,0.04121838423001342
14,10540,11308,12589,13356,68.57131,72.41288,768,initial,nonelliptic_or_noisy,2.541227230859789,2.9255473059101815,2.6286675320672077,2.9374658282114563,0.22691919255813786,0.21985832561571256,0.5567293438087809,0.6663959481278339,356.60836704257946,3.3916329574205273,2.652970836572279,4.0,0.025191593849612236,0.028683998302219127,0.04845990831788356,0.3888998424327362,0.0,0.12387630437810515
14,10560,11328,12609,13376,68.671481,72.513051,768,initial,nonelliptic_or_noisy,2.5373863376597408,2.9160970954842913,2.6323098956715927,2.939016279302438,0.23041358914063786,0.2131172748872792,0.5552237907055246,0.6821320507924566,356.71271196791724,3.2872880320827518,2.653319918199443,4.0,0.026984787482232674,0.03312576140398328,0.06252807126844682,0.423808647754718,0.0,0.0442722510979242
14,10580,11348,12629,13396,68.771653,72.613223,768,initial,nonelliptic_or_noisy,2.542940030627083,2.8875342038803975,2.6328545597195916,2.9406924402604395,0.23867637694469962,0.20494969034587227,0.5343290531531749,0.6984611281919277,356.6097990904251,3.3902009095748955,2.642356746427447,4.0,0.02184095304592275,0.027565955961830202,0.055857886378128295,0.4376342573325221,0.0,0.121913219181613
14,10600,11368,12649,13416,68.871824,72.713394,768,initial,nonelliptic_or_noisy,2.530417854672982,2.87734933636974,2.629987098419466,2.9373585910293083,0.23963558946651398,0.20564206524903175,0.5330927779751975,0.7324255108543007,356.35895927076115,3.641040729238868,2.6661428677055374,4.0,0.021431447914152628,0.013393149322344627,0.04419623366024549,0.48513101014417037,0.0,0.06735702548171045
14,10620,11388,12669,13436,68.971995,72.813565,768,initial,nonelliptic_or_noisy,2.504355051875949,2.887690776577873,2.622375696033208,2.9366544150954854,0.250078797892343,0.20553521151527704,0.5081097286180699,0.7387866817110086,356.6130434511681,3.3869565488319022,2.6266260264575148,4.0,0.01121543057965978,0.011290859301430773,0.0256713808963976,0.5109367612880817,0.0,0.11212276790814307
14,10640,11408,12689,13456,69.072166,72.913737,768,initial,nonelliptic_or_noisy,2.5193786678892662,2.91017443381698,2.621193235782764,2.9363637675620247,0.23319658889541106,0.22531524544406176,0.5542711482909828,0.7123021188024933,356.7167802444659,3.2832197555341036,2.504977013799584,4.0,0.004076890032324358,0.01893400852864932,0.028208047506854766,0.45081666573332035,0.0,0.11595860706435072
14,10660,11428,12709,13476,69.172338,73.013908,768,initial,nonelliptic_or_noisy,2.5135529398708547,2.9055813711598466,2.6229694610418406,2.9351922041060368,0.2371666581163242,0.2181795271576099,0.5361036400528565,0.717697181804217,356.62413788530836,3.3758621146916594,2.5360152448525985,4.0,0.006208134319291664,0.018405526191376285,0.02880341582553262,0.4779442640777017,0.0,0.031280029891084235
14,10680,11448,12729,13496,69.272509,73.114079,768,initial,nonelliptic_or_noisy,2.5266132022621695,2.9231086335676064,2.6230346112873906,2.932232396553432,0.23093041054941577,0.21928527953824248,0.5556081777058752,0.6745299889919453,356.5937856862285,3.4062143137714984,2.5986960847577003,4.0,0.009643348522834314,0.024893326024621763,0.03794683780580509,0.41939954790985906,0.0,0.09465220947726483
14,10700,11468,12749,13516,69.37268,73.21425,768,initial,nonelliptic_or_noisy,2.530989068061924,2.915564621923482,2.6237684954938425,2.9326800646637974,0.23494182789167722,0.20598082523116398,0.5294172611498571,0.6679110777210344,356.56177465401345,3.438225345986559,2.595447240714601,4.0,0.009997657657904349,0.023815821260845266,0.03454189804401224,0.40156707238580464,0.0,0.03712091830419073
14,10720,11488,12769,13536,69.472852,73.314422,768,initial,nonelliptic_or_noisy,2.531690638093494,2.9231086335676064,2.626854660780315,2.9390174060910867,0.24144516736086338,0.19558751779285038,0.5125384776790493,0.6647375616617708,356.6525222887215,3.347477711278505,2.516945041803968,4.0,0.021411918890237223,0.026766461233138705,0.04801060876599573,0.3996129330686721,0.0,0.03138005797660567
14,10740,11508,12789,13556,69.573023,73.414593,768,initial,nonelliptic_or_noisy,2.5278290481499575,2.9231086335676064,2.625524379331914,2.94254834054471,0.24471512751368646,0.19547949362943753,0.5088377084904854,0.6628081249659367,356.5547212397805,3.445278760219482,2.5782396957627487,4.0,0.032237543744400195,0.022278248289728814,0.056839550382451004,0.40704733999569553,0.0,0.015779939649707135
14,10760,11528,12809,13576,69.673194,73.514764,768,initial,nonelliptic_or_noisy,2.530417854672982,2.936282307372295,2.6271928422395496,2.939587398505644,0.2357208175562952,0.2107382634728815,0.5287684508526289,0.694862307657942,355.99644454641805,4.0035554535819475,2.5541126476008293,4.0,0.03784615948536219,0.016494809355504864,0.05939650275392614,0.41078853535873644,0.0,0.05695564934548283
14,10780,11548,12829,13596,69.773366,73.614936,768,initial,nonelliptic_or_noisy,2.544484944546956,2.942417113078405,2.626779813713771,2.9383618990905394,0.23523596893222243,0.20608482175259957,0.5271166568917477,0.6591583241048778,356.68697567275854,3.3130243272414654,2.573970979021675,4.0,0.03405398325967841,0.009422012803437397,0.05291852369359296,0.3502641309740848,0.0,0.0652392733820976
14,10800,11568,12849,13616,69.873537,73.715107,768,initial,nonelliptic_or_noisy,2.570325214357088,2.9392734205967797,2.625023484650276,2.9381254417676375,0.2361088253586469,0.20268941778706345,0.5251952989625662,0.6185887365955508,356.41172624535255,3.5882737546474575,2.6314898239796176,4.0,0.01892322946154644,0.0049861571205385416,0.025859564813054146,0.2317165208666886,0.0,0.11024914495896013
14,10820,11588,12869,13636,69.973708,73.815278,768,initial,nonelliptic_or_noisy,2.570563933992445,2.9386741981338416,2.6229169439760565,2.936208205865042,0.2384200314347265,0.1959845094964024,0.5176461035866566,0.6056145520033104,356.33325550338805,3.6667444966119365,2.667793687725262,4.0,0.008465362631401002,0.01245909218176263,0.02088918220077447,0.21982656199252573,0.0,0.0027054059189433274
14,10840,11608,12889,13656,70.07388,73.91545,768,initial,nonelliptic_or_noisy,2.576611514707605,2.9284301491356235,2.6212959796357707,2.937449776184793,0.23828919141319793,0.20001744037403588,0.5185898130242332,0.5896302164877792,356.010015754346,3.989984245653977,2.6165142117478517,4.0,0.0025643264161387103,0.014727491649572001,0.02100999745488087,0.1913040584387955,0.0,0.04992234882843092
14,10860,11628,12909,13676,70.174051,74.015621,768,initial,nonelliptic_or_noisy,2.5735497844704804,2.9301700023122916,2.6210825188813938,2.93538033636196,0.2407356900042681,0.1951594002285436,0.5104591280600435,0.5878757598506615,356.0800049952355,3.919995004764487,2.6605074017669432,4.0,0.005560377651496565,0.014452966601065192,0.020063564038723836,0.19863049355907,0.0,0.0146282641953506
14,10880,11648,12929,13696,70.274222,74.115792,768,initial,nonelliptic_or_noisy,2.5811820297899013,2.9254758708647817,2.6200561043388744,2.932688148155061,0.24099668838266486,0.19481063262800585,0.5153783714788659,0.5847078816577125,356.13629279421355,3.8637072057864583,2.659839169622007,4.0,0.01092489691751091,0.01782795973510715,0.02967414166990511,0.16405809827900245,0.0,0.037179961890426466
14,10900,11668,12949,13716,70.374394,74.215964,768,initial,nonelliptic_or_noisy,2.5831164188794973,2.9284301491356235,2.620465427315474,2.934556261984585,0.23890481144195083,0.19804837841379727,0.5249037986820534,0.5906063233025197,356.06548894148875,3.934511058511224,2.6897735097789415,4.0,0.004963442241636481,0.023076729207548972,0.036957755186521744,0.1584232932547091,0.0,0.014780929138117361
14,10920,11688,12969,13736,70.474565,74.316135,768,initial,nonelliptic_or_noisy,2.570540420810665,2.9267223921331316,2.6195166870061497,2.935784137112322,0.24120674200108957,0.193809070644104,0.5214331833855461,0.5990394208273842,355.61803037336006,4.381969626639964,2.7321215336209055,4.0,0.008921638634002726,0.03438195847244009,0.059706825456754736,0.2064931015539407,0.0,0.052616360033669804
14,10940,11708,12989,13756,70.574736,74.416306,768,initial,nonelliptic_or_noisy,2.5664329097315663,2.9450060422906157,2.6211882081721387,2.931653694803196,0.24068416504147466,0.19694491074669854,0.52695286285191,0.5935129650728606,354.0985681286698,5.901431871330179,2.748756345163828,4.0,0.021651515945971662,0.03530753940213931,0.05991788211179073,0.2341649995769218,0.0,0.07785870438210506
14,10960,11728,13009,13776,70.674908,74.516478,768,initial,nonelliptic_or_noisy,2.570563933992445,2.946991667266343,2.622945511508152,2.930843742360685,0.24040272964912118,0.19620476292401798,0.5250364407284499,0.5874434487102457,354.22454862256507,5.775451377434948,2.755420287430739,4.0,0.018846013497240178,0.033134420158936966,0.057140421014646364,0.22800945844533763,0.0,0.019065739839119755
14,10980,11748,13029,13796,70.775079,74.616649,768,initial,nonelliptic_or_noisy,2.581443973441341,2.949254637031598,2.62264596124824,2.9320380924817044,0.23855052844253408,0.1970779446158964,0.5280140658923094,0.5632655988780824,354.1739177559602,5.826082244039811,2.750893867422718,4.0,0.02347522893031531,0.016853467489106964,0.035384218476006535,0.18719042577070888,0.0,0.04658505081297216
14,11000,11768,13049,13816,70.87525,74.71682,768,initial,nonelliptic_or_noisy,2.6027717379682924,2.9505554887887966,2.623765839516026,2.9299938959520664,0.236473552448915,0.19414292177907266,0.5270096077111037,0.5394990316356926,356.1560341070229,3.8439658929771063,2.7881792824237897,4.0,0.011662615618645986,0.01968316605886582,0.03181759675586239,0.12426719384207867,0.0,0.09035851633045741
14,11020,11788,13069,13836,70.975422,74.816992,768,initial,nonelliptic_or_noisy,2.6281029754812506,2.947306872079171,2.6216689487852745,2.929560366560697,0.2315748496585958,0.20154356559123424,0.5489595762804196,0.5681704258736362,355.96217293951736,4.037827060482661,2.7672470118159893,4.0,0.006020205241943727,0.015611953951604748,0.02478290901223601,0.08151507757535414,0.0,0.11028269353282244
14,11040,11808,13089,13856,71.075593,74.917163,768,initial,nonelliptic_or_noisy,2.6374936425931272,2.9518811823954096,2.6217443517533763,2.9291103054721854,0.2289947076702625,0.20113657948539704,0.5540677949873515,0.5905503094603474,356.2068303200817,3.7931696799183237,2.772807593018167,4.0,0.005432493168229028,0.010181813823765973,0.015250879782740234,0.12090538596692155,0.0,0.04561469026046044
14,11060,11828,13109,13876,71.175764,75.017334,768,initial,nonelliptic_or_noisy,2.644017931047497,2.9522949273879786,2.6208705844734808,2.930877443007541,0.22866275324722596,0.20475843255610157,0.5548509582784307,0.6022381662919071,356.2404649009394,3.7595350990606033,2.730242866853852,4.0,0.007820943586123015,0.009618261524979126,0.019119314025546206,0.137914133641219,0.0,0.02858967736114729
14,11080,11848,13129,13896,71.275935,75.117506,768,initial,nonelliptic_or_noisy,2.6437059802411182,2.9513642633823056,2.619367962017342,2.9309810291412184,0.22910926460198922,0.2035921389568114,0.55438228973237,0.586490640569449,356.17426216511694,3.825737834883064,2.708252165951943,4.0,0.008652817161353726,0.011622464307151859,0.01848252732858691,0.13856317854619982,0.0,0.004284219050980413
14,11100,11868,13149,13916,71.376107,75.217677,768,initial,nonelliptic_or_noisy,2.6437059802411182,2.9500979306947386,2.61594058779268,2.9319361250576716,0.23039551335420727,0.21000478561270391,0.5616760464474271,0.6066473025803197,355.5081671320865,4.49183286791352,2.7458365868813095,4.0,0.008253258226370616,0.01765616323889043,0.0258513612099401,0.1440037892986004,0.0,0.005496342654989967
14,11120,11888,13169,13936,71.476278,75.317848,768,initial,nonelliptic_or_noisy,2.642247929484255,2.951323200406418,2.615568451013281,2.9322970163657427,0.23189439168291676,0.2063883687882838,0.5568571700426308,0.6039995514361723,355.4241100359196,4.575889964080396,2.7043449759784743,4.0,0.016761371429597077,0.03143812680866376,0.05067804300948339,0.141308889299274,0.0,0.00821287813682327
14,11140,11908,13189,13956,71.576449,75.41802,768,initial,nonelliptic_or_noisy,2.6245908153043547,2.954897973159561,2.6152398041361704,2.931052836941284,0.2357548050963233,0.20007870200191907,0.540316744258054,0.5617556587769822,355.42048564840064,4.579514351599361,2.6935557743825385,4.0,0.024357832350344454,0.02365991140316973,0.05250158095080028,0.10864304667036942,0.0,0.07641560354323783
14,11160,11928,13209,13976,71.676621,75.518191,768,initial,nonelliptic_or_noisy,2.610655386704612,2.9595120122798297,2.613720010067859,2.93206180806575,0.23974873109026473,0.19256370736657666,0.5447668065459683,0.5544862837859821,355.4041407352808,4.595859264719201,2.683283449744107,4.0,0.02842714709073637,0.01632905299530027,0.05456216122876331,0.11520705950381058,0.0,0.06122837538057284
14,11180,11948,13229,13996,71.776792,75.618362,768,initial,nonelliptic_or_noisy,2.6267206113360517,2.9637325301588096,2.6139780706037237,2.9306168217503545,0.23449127843682888,0.19747850092982633,0.5481044264856019,0.582876902314729,355.1190544930514,4.880945506948609,2.72970885249537,4.0,0.027099324688564134,0.007708039625071548,0.0503129529635085,0.1513178107050625,0.0,0.07083574602558047
14,11200,11968,13249,14016,71.876963,75.718533,768,initial,nonelliptic_or_noisy,2.6445810371595444,2.9687585715426437,2.6144425656068213,2.931409200614914,0.23226654805566083,0.19439251832417964,0.553086050655373,0.6110347116649417,354.9699818903828,5.030018109617194,2.7292357018654108,4.0,0.020002467539822464,0.01244008045259984,0.033627761730059054,0.20662785574710504,0.0,0.07988293852579909
14,11220,11988,13269,14036,71.977135,75.818705,768,initial,nonelliptic_or_noisy,2.652357928498141,2.972497813896098,2.614263459819857,2.9318566244989346,0.23205973635993216,0.19974333272515715,0.5534901186519386,0.6273688072248419,354.95873348492233,5.041266515077661,2.727993543958106,4.0,0.017810113217199185,0.010804885818259563,0.029856765268077998,0.24004006331511824,0.0,0.037184973221765186
14,11240,12008,13289,14056,72.077306,75.918876,768,initial,nonelliptic_or_noisy,2.6503148822963034,2.972497813896098,2.612112378831792,2.929217883002891,0.23102710592825573,0.20884578953348015,0.5686147582663125,0.6660945088021081,355.37286767283734,4.627132327162668,2.7047044274118357,4.0,0.027088481869031948,0.0165012502718933,0.03720452687545191,0.2498777544403852,0.0,0.008843318162293655
14,11260,12028,13309,14076,72.177477,76.019047,768,initial,nonelliptic_or_noisy,2.6483384501331697,2.972032641448222,2.609069023062991,2.929721443436811,0.23185129471521942,0.2074082688727718,0.5578461359438299,0.6606507005363828,355.49033522949577,4.5096647705042505,2.638420391182106,4.0,0.02680262588013737,0.013101839671527607,0.041292785383402496,0.24897983508921423,0.0,0.008757491708563365
14,11280,12048,13329,14096,72.277649,76.119219,768,initial,nonelliptic_or_noisy,2.6497467013592075,2.972032641448222,2.6104960859357442,2.9270443792402476,0.23466291170001272,0.20521716502647683,0.5569182365916703,0.648904054199033,355.36199504731235,4.638004952687637,2.7021320753715345,4.0,0.02512872986229919,0.008807891692671493,0.040151898886891996,0.25442405927822204,0.0,0.006001166591839192
14,11300,12068,13349,14116,72.37782,76.21939,768,initial,nonelliptic_or_noisy,2.6496429960835988,2.9662006136058583,2.608265591758975,2.927008371488401,0.2348875966537597,0.20193900797243192,0.5536523524322653,0.6358769722126149,355.4376328115755,4.562367188424498,2.7161322990504915,4.0,0.017946317684950457,0.015217082646458284,0.03852625902727892,0.24263645055679395,0.0,0.02483294093677815
14,11320,12088,13369,14136,72.477991,76.319561,768,initial,nonelliptic_or_noisy,2.6395520973238833,2.9645414426527408,2.6034536808749933,2.924308413624884,0.2326824778321166,0.1985930459632958,0.5488017058290707,0.6284507614317083,355.52817045143433,4.471829548565693,2.715712711636631,4.0,0.015528502918509874,0.021961330564004282,0.03621427873896712,0.23230630108620193,0.0,0.04394998599812222
14,11340,12108,13389,14156,72.578163,76.419733,768,initial,nonelliptic_or_noisy,2.6497467013592075,2.9637325301588096,2.6008926482321684,2.9251363536031514,0.23724957197708108,0.2015843479149506,0.5531990549344532,0.6451933141951529,355.6469303325416,4.353069667458363,2.728339974518368,4.0,0.01666749630552853,0.020020630920566492,0.03185781348786769,0.2624266413949298,0.0,0.043105013992611
14,11360,12128,13409,14176,72.678334,76.519904,768,initial,nonelliptic_or_noisy,2.6437059802411182,2.957446013814895,2.599837044454506,2.925073417428721,0.23581019066841058,0.20547930956450675,0.5603064700626263,0.6324430170971015,355.68442357239724,4.315576427602777,2.869747152724204,4.0,0.016188994162063042,0.0133171765894468,0.028375212833414886,0.23120438296564402,0.0,0.036972133208787096
14,11380,12148,13429,14196,72.778505,76.620075,768,initial,nonelliptic_or_noisy,2.6336307062073843,2.9630803970804505,2.5991471504993147,2.927405541562646,0.23077842086087458,0.21315499354137116,0.571572393961418,0.6466313123404397,356.573112112177,3.426887887822982,2.8930512591942694,4.0,0.019303946560373614,0.016060392830611555,0.03764957731476426,0.2149968765200757,0.0,0.05002078530524694
14,11400,12168,13449,14216,72.878677,76.720247,768,initial,nonelliptic_or_noisy,2.628873097056759,2.968046288350105,2.6014003894472477,2.9280740335591524,0.23000749058904157,0.21269003328979308,0.5706899389105446,0.6481745603048563,354.663155712633,5.336844287367022,2.892149367039946,4.0,0.02146242992239346,0.01761863923663858,0.032434903388726975,0.21087528412465037,0.0,0.029899592685396888
14,11420,12188,13469,14236,72.978848,76.820418,768,initial,nonelliptic_or_noisy,2.6284406666434803,2.9655049657846604,2.6007945562781094,2.929382178709573,0.23195184352378484,0.20857949669272857,0.5744982405914698,0.6420467259850826,354.63256977796055,5.36743022203942,2.9169336668702766,4.0,0.018117529732396463,0.015517251006640344,0.02770748615960355,0.19610991011225545,0.0,0.01111373416985755
14,11440,12208,13489,14256,73.079019,76.920589,768,initial,nonelliptic_or_noisy,2.6238509834238357,2.9662006136058583,2.6019981141860087,2.930209942075433,0.23071400801070685,0.21056010256961358,0.5746026443670875,0.6343162770699715,354.66276239270195,5.337237607298078,2.8452658445000036,4.0,0.012843427038804379,0.015674367494226658,0.033128694384356595,0.1825010036163159,0.0,0.020120593416501985
14,11460,12228,13509,14276,73.179191,77.020761,768,initial,nonelliptic_or_noisy,2.623312590983321,2.9662006136058583,2.6029072033251603,2.93200327179657,0.23093331843024548,0.21548910700925256,0.5799236637721706,0.6301765585869403,355.7244123910383,4.27558760896169,2.7038290562993126,4.0,0.0169631480678188,0.013676753208392994,0.029697782538813403,0.17244190751620997,0.0,0.002331376191944018
14,11480,12248,13529,14296,73.279362,77.120932,768,initial,nonelliptic_or_noisy,2.6213773416044712,2.972677536879395,2.6016796891844236,2.9283606742998396,0.23046212762341267,0.21471086441508527,0.5718084330641867,0.6409050407978287,355.6995716873821,4.30042831261789,2.458398788265326,4.0,0.006790876754756157,0.00918548241249812,0.01548962662598178,0.21043472815481049,0.0,0.029331766582728628
14,11500,12268,13549,14316,73.379533,77.221103,768,initial,nonelliptic_or_noisy,2.6245908153043547,2.9600334023036874,2.601185284701665,2.9216653739457095,0.23237418706843413,0.21832597160776587,0.5660673844646221,0.6227324232208971,356.1382677651899,3.8617322348101415,2.222998860892619,4.0,0.00681152340103533,0.011686156228389597,0.019278328735509588,0.19341033669921887,0.0,0.056142610076830766
14,11520,12288,13569,14336,73.479704,77.321275,768,initial,nonelliptic_or_noisy,2.6213773416044712,2.954897973159561,2.60069268044048,2.9228784612671683,0.23340610221926986,0.21855983252156655,0.5648841759154913,0.6081143477983892,355.98219781255125,4.017802187448754,2.215628465561929,4.0,0.008345487169692831,0.016187462404683144,0.025627606439402165,0.16331880561917508,0.0,0.025954650167528032
14,11540,12308,13589,14356,73.579876,77.421446,768,initial,nonelliptic_or_noisy,2.609230304397263,2.951323200406418,2.6009663774260354,2.9218980562433066,0.23296216127291236,0.22470299843868707,0.5848617593711515,0.5987377240433823,356.1085716317447,3.8914283682552924,2.181652355345088,4.0,0.013462333095148936,0.012787859481969255,0.0241424752940545,0.13119541107526383,0.0,0.0543527284564473
14,11560,12328,13609,14376,73.680047,77.521617,768,initial,nonelliptic_or_noisy,2.593569169741145,2.958173356950498,2.600268349529214,2.924615036799636,0.23612500376037132,0.22381320354161843,0.574103492784885,0.5803062318140444,355.7213195653334,4.278680434666623,2.182509774932642,4.0,0.013470745146354336,0.010984815530552958,0.021402174811207826,0.1449251842960144,0.0,0.07239273663008156
14,11580,12348,13629,14396,73.780218,77.621789,768,initial,nonelliptic_or_noisy,2.583765304429317,2.9600334023036874,2.6025551873101715,2.9234399141417198,0.23264047231485532,0.23278545177287419,0.5831900050629294,0.5991589062716167,355.21053896399513,4.789461036004885,2.164037357186719,4.0,0.022924121522530455,0.01645304272427611,0.03391779306052847,0.17682076676869704,0.0,0.04289345925418308
14,11600,12368,13649,14416,73.88039,77.72196,768,initial,nonelliptic_or_noisy,2.5612389275923997,2.967204873268645,2.605149256269933,2.9232546163443196,0.228989749021544,0.2357709122059867,0.5938877522958562,0.6313894524171791,356.5214681897575,3.4785318102424685,2.3167224096400996,4.0,0.02392879618827395,0.021117689188666907,0.03833649504022417,0.27130831209223977,0.0,0.10323772941453074
14,11620,12388,13669,14436,73.980561,77.822131,768,initial,nonelliptic_or_noisy,2.548385845658672,2.9600334023036874,2.601383134991779,2.925315728630989,0.2305293772466146,0.2311047224562033,0.5969321441957162,0.6442691197817821,356.6350841281854,3.3649158718146257,2.3111205413898426,4.0,0.021226186258282036,0.014462862084678842,0.03678676594528536,0.27482991601202766,0.0,0.06384615352149946
14,11640,12408,13689,14456,74.080732,77.922302,768,initial,nonelliptic_or_noisy,2.534933816059179,2.9791091015429125,2.6048035592226015,2.9307520873932846,0.2302407317066036,0.22885031989681953,0.5980167963216604,0.6686900224445631,356.500285427261,3.4997145727390078,2.508853840652165,4.0,0.022895422826351163,0.017460943552271173,0.032207523036630784,0.36905569423105883,0.0,0.10137995565821539
14,11660,12428,13709,14476,74.180904,78.022474,768,initial,nonelliptic_or_noisy,2.548602883966581,2.987947136703227,2.6018789080446925,2.930941958387399,0.23110339228437346,0.22485340175559537,0.594289189160766,0.6348529919216965,356.7832475504316,3.216752449568361,2.281938028661792,4.0,0.01549090479437696,0.019659324041395934,0.032688977884565505,0.3376201277108917,0.0,0.07043348081857743
14,11680,12448,13729,14496,74.281075,78.122645,768,initial,nonelliptic_or_noisy,2.561663797751069,2.9958046108200076,2.6015322370903484,2.930943485257795,0.23029301011921194,0.22865317733675167,0.5966871902701953,0.6537892527193372,356.78091961938645,3.2190803806135477,2.3046161056125247,4.0,0.007012812323950648,0.013606039664628762,0.022413985822764434,0.33059828225999544,0.0,0.0661865021831881
14,11700,12468,13749,14516,74.381246,78.222816,768,initial,nonelliptic_or_noisy,2.5770611601852917,2.994447610951869,2.5992480592867473,2.9294838915443533,0.22749588689901595,0.2321329655566647,0.5988136744827567,0.6751440598981782,356.67558609411924,3.3244139058807667,2.412714835989304,4.0,0.005939830699632902,0.008847083011532397,0.012818349044865989,0.30175475973700383,0.0,0.06794428028263341
14,11720,12488,13769,14536,74.481418,78.322988,768,initial,nonelliptic_or_noisy,2.5841728094791927,2.986835705838266,2.5982366871921188,2.929640965074382,0.23011822060162065,0.22744727446080115,0.5937805081099472,0.6524764952863278,355.7794735551737,4.220526444826282,2.3566138644120866,4.0,0.0087830023995519,0.009580172627164195,0.016337463393261722,0.25594879246920543,0.0,0.04526861342092644
14,11740,12508,13789,14556,74.581589,78.423159,768,initial,nonelliptic_or_noisy,2.596523075026952,2.970660524167523,2.595974001387489,2.9298312098764474,0.23376670625483004,0.22022604872782858,0.5838571803208209,0.6002001134598159,355.836268372592,4.163731627408039,2.257772627612663,4.0,0.009642277259926066,0.015336551084911554,0.02369493920198317,0.17467417305213437,0.0,0.08705712765018873
14,11760,12528,13809,14576,74.68176,78.52333,768,initial,nonelliptic_or_noisy,2.5848766593677164,2.955145899361841,2.5977251080458093,2.928735635519435,0.24056908397204618,0.2108311671832189,0.5669055165127824,0.5690585329838361,355.7589271271673,4.241072872832706,2.2600699270615117,4.0,0.014213757619668154,0.01313808335792476,0.026057264064932587,0.12208464738228304,0.0,0.08064024986122541
14,11780,12548,13829,14596,74.781932,78.623502,768,initial,nonelliptic_or_noisy,2.5770611601852917,2.9346026169120414,2.59807951758845,2.928871102475723,0.24216273214170336,0.2066034002004308,0.5589817903489692,0.5774177552587783,355.75592381267694,4.244076187323044,2.2640315568932015,4.0,0.018174605052604785,0.014194141406995445,0.031177406420197454,0.08996352095129229,0.0,0.09076429175340436
14,11800,12568,13849,14616,74.882103,78.723673,768,initial,nonelliptic_or_noisy,2.5687211637500207,2.9395878480927196,2.599200496185249,2.9291777078087176,0.2404416717823727,0.2099593148126144,0.5622531370981976,0.5940758094765364,355.74231947728896,4.25768052271106,2.373163866403344,4.0,0.015027527552407896,0.017169859419977403,0.03183428647295793,0.1339538382028479,0.0,0.04041055562469526
14,11820,12588,13869,14636,74.982274,78.823844,768,initial,nonelliptic_or_noisy,2.5637127541541247,2.9451068767559434,2.597213551433356,2.925748618268491,0.24288009063471266,0.20642921720547536,0.5532207668028908,0.5908709957048668,356.1583582687001,3.84164173129989,2.251322718829394,4.0,0.010193001862160251,0.014776320935755424,0.022494978981445982,0.1593036024182584,0.0,0.030684994531643077
14,11840,12608,13889,14656,75.082446,78.924016,768,initial,nonelliptic_or_noisy,2.5658099269611645,2.9599247646042564,2.5980439684497076,2.9256173235939587,0.24376028441549652,0.2054801639548648,0.5479107162707216,0.582778322136427,356.1559793792148,3.8440206207851997,2.3412205245698003,4.0,0.01256428484998862,0.019481800847158656,0.028695149872619508,0.19311911200615958,0.0,0.06139457170815073
14,11860,12628,13909,14676,75.182617,79.024187,768,initial,nonelliptic_or_noisy,2.5547720357771384,2.9547502336283564,2.599917650862051,2.9251706587974042,0.24609425478761726,0.1992489528047104,0.5319603611666167,0.5898310379253088,357.1170428214036,2.8829571785964268,2.315328689853916,4.0,0.011026027097961837,0.016663839832849005,0.02623753377431384,0.2193181467664772,0.0,0.049536318781965856
14,11880,12648,13929,14696,75.282788,79.124358,768,initial,nonelliptic_or_noisy,2.567386181714849,2.976626164315215,2.6013387888937194,2.925878515635819,0.23812993138191743,0.214220747050182,0.5539632776270704,0.5988438763026627,356.96131816034773,3.038681839652253,2.3287339807992,4.0,0.006559085305860795,0.012883199478045212,0.022735305335502342,0.256407064482799,0.0,0.10604373963543406
14,11900,12668,13949,14716,75.38296,79.22453,768,initial,nonelliptic_or_noisy,2.573830081483841,2.967813410050825,2.60125035481706,2.9277824602891536,0.23896786136199893,0.21561119506876503,0.5515943311101782,0.5845022843671587,356.8900054109915,3.109994589008536,2.3414457815807217,4.0,0.007612982282151928,0.011012852269499744,0.018233948742042025,0.2030466655800604,0.0,0.045685422678422224
14,11920,12688,13969,14736,75.483131,79.324701,768,initial,nonelliptic_or_noisy,2.5739349763228336,2.986835705838266,2.602259846169414,2.927302864366107,0.23556682239257665,0.2191232207145988,0.5590820098319381,0.6242955453822732,357.04415863822413,2.955841361775868,2.366763215496033,4.0,0.009289099543163832,0.010213983409941346,0.017667486938189616,0.27986822493790237,0.0,0.08075239460028734
14,11940,12708,13989,14756,75.583302,79.424872,768,initial,nonelliptic_or_noisy,2.591105079677603,2.987286049650454,2.603698585314742,2.926883809397915,0.23402095066587292,0.2231050215171646,0.5707775362991628,0.6505677035124371,356.6938571345966,3.3061428654033795,2.3637601433333724,4.0,0.01160530220446492,0.015500290429634855,0.023509408656394164,0.2636563526488967,0.0,0.07339517330587637
14,11960,12728,14009,14776,75.683473,79.525044,768,initial,nonelliptic_or_noisy,2.5860952180246426,2.9791091015429125,2.6036937961532853,2.9277386070681617,0.23240115429226793,0.22856449085401195,0.5762556454925107,0.6363154890846159,356.66107993144647,3.3389200685535614,2.375960832846109,4.0,0.01959648801748776,0.01213479602403992,0.03141371299291725,0.23365357099162246,0.0,0.041263305971647984
14,11980,12748,14029,14796,75.783645,79.625215,768,initial,nonelliptic_or_noisy,2.5941613985344194,2.9762794884151376,2.602252041687919,2.9282073441214513,0.23315845528006374,0.22808685458108263,0.575730699254257,0.6357499423265733,356.5830566029865,3.4169433970134784,2.388224772579488,4.0,0.01514275499374925,0.01789706958373788,0.03575724684054689,0.2090776686730936,0.0,0.03666218295303296
14,12000,12768,14049,14816,75.883816,79.725386,768,initial,nonelliptic_or_noisy,2.5971385257159785,2.9782339299813714,2.6021532493343424,2.929503979292798,0.231963099650657,0.22793713822062944,0.5810854296085337,0.6449603585507361,356.52832188104105,3.471678118958948,2.372120286187203,4.0,0.007555197852230638,0.012299385311692643,0.021684126956125538,0.2111857443219732,0.0,0.015353036620766519
14,12020,12788,14069,14836,75.983987,79.825558,768,initial,nonelliptic_or_noisy,2.5977756822002664,2.9597202124346547,2.6013630865089277,2.9308799888106636,0.23289734548307064,0.2276946765780201,0.5806482979302288,0.6103415422830903,354.24010530629016,5.759894693709851,2.2994979186894513,4.0,0.004296515882710854,0.033429274076070804,0.050596307326210906,0.12478666858094649,0.0,0.07954010060774767
14,12040,12808,14089,14856,76.084159,79.925729,768,initial,nonelliptic_or_noisy,2.600028591532965,2.958321298300015,2.6025844445773476,2.931975932747235,0.2324709398634248,0.22672074956971136,0.5893117968138122,0.6015539760284874,354.29222529951033,5.707774700489692,2.299850600970929,4.0,0.0056727991605051205,0.03371512581844054,0.05822819633278753,0.11385961275616097,0.0,0.011407437269432233
14,12060,12828,14109,14876,76.18433,80.0259,768,initial,nonelliptic_or_noisy,2.608457127071271,2.965729236835097,2.60225444137876,2.93002114134328,0.2283374094943823,0.23426192814317123,0.6043200962544694,0.63671942301455,355.57695053906946,4.423049460930565,2.320699061379233,4.0,0.008583899500262402,0.035659555904791,0.06467571994533992,0.1587248085673325,0.0,0.049143539528235566
14,12080,12848,14129,14896,76.284501,80.126071,768,initial,nonelliptic_or_noisy,2.605698223473908,2.965729236835097,2.6020769271990836,2.9315102501182695,0.22803445235522005,0.24292288643335097,0.6176155081302757,0.6356658562177877,356.0701116972049,3.929888302795141,2.349675752304206,4.0,0.010086723848684084,0.02195280897894508,0.04182201137054191,0.15089855282851242,0.0,0.012098626189454368
14,12100,12868,14149,14916,76.384673,80.226243,768,initial,nonelliptic_or_noisy,2.6104003423441937,2.9725825800629098,2.6008982555091698,2.9323114898145395,0.22546599363807132,0.24708302459860484,0.6298783336715725,0.65848460276861,356.15267756998776,3.8473224300122255,2.3200644099561254,4.0,0.008512746682440085,0.017105383790132416,0.0326393754543559,0.18351738844576715,0.0,0.03686290603942832
14,12120,12888,14169,14936,76.484844,80.326414,768,initial,nonelliptic_or_noisy,2.6170657055694955,2.9792870603468646,2.6005565022781374,2.9325079462579104,0.2231692944710203,0.2545202579277658,0.6330501696723333,0.6817742228466832,356.17293709406056,3.8270629059394268,2.3169798403402644,4.0,0.015287678059528478,0.014067644585085533,0.0353363879061977,0.22228347994954498,0.0,0.04236222323684214
14,12140,12908,14189,14956,76.585015,80.426585,768,initial,nonelliptic_or_noisy,2.624865771281395,2.9599247646042564,2.6026374188187815,2.935489160743241,0.22332829869688667,0.2543377335825417,0.6384106328528861,0.6632638682827755,356.43013133809126,3.5698686619087656,2.293249642861558,4.0,0.014627276071315334,0.012346090366724865,0.029878084921671877,0.1479135977277448,0.0,0.09346945675816025
14,12160,12928,14209,14976,76.685187,80.526757,768,initial,nonelliptic_or_noisy,2.628491696987896,2.9741827467978323,2.6056667644497264,2.9335504770278678,0.21722620359905867,0.26017651183864654,0.6513367252687872,0.6982900544862864,355.8762691031265,4.12373089687351,2.270035336916466,4.0,0.02083413770267557,0.007810423275098106,0.026532941195594753,0.21454262418040362,0.0,0.06772576749583263
14,12180,12948,14229,14996,76.785358,80.626928,768,initial,nonelliptic_or_noisy,2.628491696987896,2.9725825800629098,2.6078198386066025,2.9334479760331535,0.21729940414068477,0.26332262317114646,0.6525188053644314,0.697247564204342,355.7924191581534,4.2075808418466085,2.3515848506599677,4.0,0.01398755874355748,0.005833506502682311,0.020703721265408575,0.20367666478638752,0.0,0.0073638799942893325
14,12200,12968,14249,15016,76.885529,80.727099,768,initial,nonelliptic_or_noisy,2.641117535951408,2.96272352240548,2.6058493396423796,2.929973194099508,0.21833226838898495,0.26902353063170104,0.64370154414285,0.6969179643555399,355.7793137075579,4.220686292442138,2.284185072619148,4.0,0.006139260351900716,0.02187705937845049,0.029735035833643415,0.22044062465659847,0.0,0.07337046203855993
14,12220,12988,14269,15036,76.985701,80.827271,768,initial,nonelliptic_or_noisy,2.642208792787101,2.9597202124346547,2.6055991927861397,2.9278803439047323,0.21848762826813947,0.26181776127944884,0.6395350170055452,0.695465107970476,355.6907196635411,4.30928033645891,2.2750191280538203,4.0,0.01333886179643713,0.042278702773998485,0.06297561619099644,0.22206497868143832,0.0,0.01462517827433763
14,12240,13008,14289,15056,77.085872,80.927442,768,initial,nonelliptic_or_noisy,2.639861739767097,2.962565032748668,2.607090955129132,2.9265920701906216,0.21828012694707005,0.2532589875707348,0.6401421232170109,0.7005029143951172,355.6347522127159,4.365247787284118,2.3311340703112378,4.0,0.012741955418014922,0.03260092291544385,0.04890632684102806,0.2229331574203476,0.0,0.01689591700564259
14,12260,13028,14309,15076,77.186043,81.027613,768,initial,nonelliptic_or_noisy,2.641124202543547,2.9557828904257226,2.604209020632421,2.928458525023249,0.2141423098372952,0.27288101985900826,0.6583831221885459,0.7051646907177064,355.76023187494746,4.23976812505253,2.2855151001357545,4.0,0.01065080811497526,0.02670121205406838,0.04510397921973479,0.21447269325895357,0.0,0.03221522355783908
14,12280,13048,14329,15096,77.286215,81.127785,768,initial,nonelliptic_or_noisy,2.6424421770007145,2.959178612744341,2.605551401074561,2.927784944234195,0.21390134699375127,0.272159849769233,0.6633369899625811,0.7108710895808951,355.6817469594505,4.318253040549501,2.3194322666704856,4.0,0.012646257378536054,0.027075261027519355,0.049406600303813795,0.2264623440688968,0.0,0.017028994094598755
14,12300,13068,14349,15116,77.386386,81.227956,768,initial,nonelliptic_or_noisy,2.6424343323732176,2.9377750681925647,2.6029862989650026,2.9361648842078334,0.2155911414060359,0.27444781994814405,0.6481303725952002,0.6833855224783865,356.3959367798652,3.604063220134779,2.4507150648154856,4.0,0.025454545331688123,0.022148269090481128,0.0536667738931207,0.18312849776639523,0.0,0.09927841120816554
14,12320,13088,14369,15136,77.486557,81.328127,768,initial,nonelliptic_or_noisy,2.6372989602832493,2.959178612744341,2.602081130471481,2.9362857838536063,0.21535539986460334,0.26952623370180595,0.6528411528596265,0.6969488781164427,356.52366981323314,3.4763301867668828,2.49956819051543,4.0,0.01981424284982258,0.01926799356723471,0.04472008938121819,0.19504730172788548,0.0,0.10220775493446535
14,12340,13108,14389,15156,77.586729,81.428299,768,initial,nonelliptic_or_noisy,2.6424343323732176,2.958321298300015,2.5991975051101353,2.9372063984258867,0.21732216511068125,0.2667096892271023,0.652690498183803,0.7019456048787066,356.6134340607067,3.386565939293289,2.5277679303631726,4.0,0.017537875413089356,0.01670541992926453,0.041871790178592105,0.22140940774461887,0.0,0.023957250923443554
14,12360,13128,14409,15176,77.6869,81.52847,768,initial,nonelliptic_or_noisy,2.6356824029089942,2.958321298300015,2.5974074503476827,2.9412517345543767,0.2196345986729675,0.26055639862211366,0.6528649440389916,0.6900524448561928,356.6099899532856,3.3900100467143908,2.5381788905021985,4.0,0.014306655369648053,0.024053470630525882,0.04113398428653773,0.1908111673973749,0.0,0.030741647741378098
14,12380,13148,14429,15196,77.787071,81.628641,768,initial,nonelliptic_or_noisy,2.643078499152413,2.9567457536228163,2.5988605120422426,2.940744063760563,0.2192129786238076,0.26183010135159945,0.6464877480246928,0.6982366784819503,356.64802177399633,3.3519782260036557,2.518482067140604,4.0,0.016092482157750394,0.02445325521544493,0.050850989327699166,0.21451419896761842,0.0,0.03449635489699764
14,12400,13168,14449,15216,77.887243,81.728813,768,initial,nonelliptic_or_noisy,2.6461863310417932,2.945100018127318,2.59738440662518,2.9335033691468015,0.22049393785505098,0.26521825462006166,0.642608516544691,0.6861010847637533,356.2803366975183,3.7196633024816794,2.51655400859101,4.0,0.019484021977342857,0.043534133754083736,0.06360615879273414,0.22749306728845678,0.0,0.05466494479520641
14,12420,13188,14469,15236,77.987414,81.828984,768,initial,nonelliptic_or_noisy,2.6461307006763333,2.9547100375700524,2.596012659044231,2.9328102112368613,0.21645557659337367,0.2756007426779177,0.6612919356131549,0.7215237283925632,356.2960753580308,3.7039246419691807,2.5202055558950263,4.0,0.032210594011135636,0.04781431780100569,0.0815050235334024,0.2526794674785066,0.0,0.0443979342497402
14,12440,13208,14489,15256,78.087585,81.929155,768,initial,nonelliptic_or_noisy,2.649734094369637,2.955067062762436,2.5959198108381343,2.93651206187372,0.21636215997026698,0.27121158743875207,0.6500921267393229,0.7356640477817361,356.55592939021756,3.4440706097824587,2.562334212978589,4.0,0.028543026659576642,0.05626558516796929,0.09548117047470948,0.2630928029380084,0.0,0.016736002138144794
14,12460,13228,14509,15276,78.187756,82.029327,768,initial,nonelliptic_or_noisy,2.6461307006763333,2.959178612744341,2.5984678129338477,2.9384935492112714,0.21646483654969695,0.25940084986002937,0.6467110246797664,0.7178224969501871,356.7091863332515,3.2908136667484635,2.5414306882576945,4.0,0.02509815640567565,0.04402068729474336,0.08103610365354852,0.24002925631072028,0.0,0.02525634125436823
14,12480,13248,14529,15296,78.287928,82.129498,768,initial,nonelliptic_or_noisy,2.6435659523618327,2.957502896122312,2.598370361466286,2.939592364936915,0.21819182967736955,0.2559370788317817,0.6372745104608546,0.7003716513341629,356.6747395832598,3.3252604167401993,2.446367138092722,4.0,0.020903317686161507,0.030202756312676358,0.05175906361331707,0.2228090135391189,0.0,0.014041091453106098
14,12500,13268,14549,15316,78.388099,82.229669,768,initial,nonelliptic_or_noisy,2.633531115536634,2.94441473729754,2.600617384492531,2.9387108068390306,0.21690640865846866,0.25535911375238723,0.6341583990121902,0.6646441124660107,356.27449492236354,3.7255050776364333,2.4056060547709963,4.0,0.02581679560651299,0.019089713929949063,0.044653997951201764,0.1540033740728282,0.0,0.07603444024224686
14,12520,13288,14569,15336,78.48827,82.32984,768,initial,nonelliptic_or_noisy,2.627002599065654,2.942251709141535,2.600391606534534,2.9393903806950537,0.2147163290592345,0.2578167992011384,0.6421902810316754,0.6739051817917577,356.3098213093336,3.690178690666409,2.454724281349468,4.0,0.02059249343318189,0.013816328715471926,0.04002624327682443,0.12464995906938117,0.0,0.032030705037279596
14,12540,13308,14589,15356,78.588442,82.430012,768,initial,nonelliptic_or_noisy,2.627157008677643,2.9503862423198575,2.5984396050896215,2.9410649518073253,0.21437755015484974,0.25925503916042486,0.641013065207791,0.6750470860277862,356.6319055323153,3.368094467684754,2.468126854634397,4.0,0.014005333348692289,0.01644882988552189,0.03279049134332671,0.14083709949292197,0.0,0.037951728346402314
14,12560,13328,14609,15376,78.688613,82.530183,768,initial,nonelliptic_or_noisy,2.6330967105944465,2.9547100375700524,2.597739879241768,2.942099144063728,0.2114392692784905,0.26490339358417325,0.6402859073601671,0.6846513745252851,356.5900362299523,3.409963770047654,2.4642294882468563,4.0,0.014454534418268744,0.022164762262667857,0.039257915449783166,0.17753805049114463,0.0,0.03474655396038987
14,12580,13348,14629,15396,78.788784,82.630354,768,initial,nonelliptic_or_noisy,2.627002599065654,2.9566954418886207,2.59714799989374,2.943118392607572,0.21310623371129542,0.2621559192114019,0.6414121291879809,0.6775444464930173,356.55011119736633,3.44988880263369,2.4746512144721824,4.0,0.015491434902029054,0.030677865839033085,0.055966797605048225,0.15389906367696163,0.0,0.03007593927055952
14,12600,13368,14649,15416,78.888956,82.730526,768,initial,nonelliptic_or_noisy,2.6216307291812884,2.957083833615453,2.596233804880859,2.950003248722818,0.2134244007778292,0.26009316751371875,0.6363644119704944,0.6636167900334254,356.7667297962909,3.233270203709089,2.441140843632397,4.0,0.024218990808772604,0.02377956760984292,0.04712219806156099,0.12353544491940709,0.0,0.025235596888100908
14,12620,13388,14669,15436,78.989127,82.830697,768,initial,nonelliptic_or_noisy,2.6259338254312095,2.9611933099238414,2.5943856283871587,2.951243754445533,0.21343972358829214,0.25539863257082773,0.6389541555441821,0.6701495224198616,356.83046369739054,3.169536302609477,2.434359369225567,4.0,0.03174574946786137,0.02814509895501286,0.061162420933631216,0.154984924303096,0.0,0.027877483738290156
14,12640,13408,14689,15456,79.089298,82.930868,768,initial,nonelliptic_or_noisy,2.6259338254312095,2.959178612744341,2.592550414698978,2.9541699426858834,0.21249892306450094,0.2652492681793617,0.6332012395088997,0.6707539067928954,356.7072960824893,3.2927039175107153,2.477276042476889,4.0,0.01505902855308647,0.013372257839764765,0.026717736829176667,0.1588575432454342,0.0,0.009480975952470034
14,12660,13428,14709,15476,79.18947,83.03104,768,initial,nonelliptic_or_noisy,2.6350979995158834,2.964308108564026,2.5946627489912193,2.9603980047876006,0.21704447788333198,0.26422398734833996,0.6365337195775275,0.6711519649824833,356.54824225012203,3.451757749877993,2.6805115584051915,4.0,0.011525894623913638,0.03024741159742271,0.052073634141545845,0.1871683871469221,0.0,0.048386792776311034
14,12680,13448,14729,15496,79.289641,83.131211,768,initial,nonelliptic_or_noisy,2.627523064739913,2.957502896122312,2.595155358142713,2.9580565387715376,0.2170151680346367,0.26013709165981463,0.6367935394367658,0.6487636292541907,356.5079394189048,3.4920605810951666,2.7000324757088614,4.0,0.015662780150062262,0.024772409761603033,0.04288597169879992,0.14917132988087436,0.0,0.04692232317676648
14,12700,13468,14749,15516,79.389812,83.231382,768,initial,nonelliptic_or_noisy,2.625872595354359,2.9616661746326702,2.594459527629657,2.956731053124056,0.2186943875944246,0.2552016036302409,0.627313216511757,0.6484479956042024,355.53743221992966,4.462567780070347,2.7020726389464356,4.0,0.01370316020200824,0.03455963513397715,0.05124823850839361,0.14540093593634074,0.0,0.020478336214752566
14,12720,13488,14769,15536,79.489984,83.331554,768,initial,nonelliptic_or_noisy,2.635217843586688,2.958406885672912,2.593674296575201,2.955826834964226,0.22398593837492517,0.24191370902934894,0.6109989353462297,0.6558974371769379,356.2529873479761,3.7470126520239257,2.676001427062115,4.0,0.009532086500946866,0.03488865710330266,0.051503697393144386,0.185831248533096,0.0,0.04418716729307675
14,12740,13508,14789,15556,79.590155,83.431725,768,initial,nonelliptic_or_noisy,2.6422840195950457,2.94515014425759,2.592890340104638,2.9582179997757567,0.2231759036513326,0.24231296327728072,0.6131264716803249,0.6607887134894528,356.1563692780698,3.8436307219302073,2.704288635686393,4.0,0.014983171562339337,0.04467947833204127,0.06751588687938194,0.22893643443525347,0.0,0.06731185698429344
14,12760,13528,14809,15576,79.690326,83.531896,768,initial,nonelliptic_or_noisy,2.635217843586688,2.935064905373977,2.5927662988108247,2.9578001555028344,0.22076340313868265,0.25035303773539025,0.6272220111012684,0.6740444766132899,356.16150483393767,3.838495166062351,2.6667143244036784,4.0,0.018457246253931355,0.04108325759753097,0.0641104968899909,0.21813515292132712,0.0,0.05578069760802445
14,12780,13548,14829,15596,79.790498,83.632068,768,initial,nonelliptic_or_noisy,2.644490572698925,2.9582764373124935,2.5914096672001663,2.9588320184124175,0.22526104804507507,0.24378879566794345,0.6148361677370521,0.666557434533854,356.5613233999981,3.438676600001866,2.584948601197621,4.0,0.018933524373597563,0.0351599657653565,0.06491704519949514,0.2356546479114334,0.0,0.11096092357527695
14,12800,13568,14849,15616,79.890669,83.732239,768,initial,nonelliptic_or_noisy,2.6424343323732176,2.957502896122312,2.5894648040351083,2.960080140863487,0.2281815548224148,0.2325264331331365,0.6118663787065857,0.6563565683161089,356.6005382917912,3.3994617082087912,2.5787741568332585,4.0,0.03274787983790071,0.038366864627975096,0.06868092399642793,0.232412254084291,0.0,0.009627980045989889
14,12820,13588,14869,15636,79.99084,83.83241,768,initial,nonelliptic_or_noisy,2.638457048904942,2.955067062762436,2.5902395601394765,2.9611428263876762,0.23120773510424086,0.22674425470265022,0.6044871992240576,0.6404291901395585,356.22570633944696,3.7742936605530386,2.5486494873696497,4.0,0.028373911468768963,0.03369419196452645,0.05775374915766883,0.21019529032657802,0.0,0.020171951539820036
14,12840,13608,14889,15656,80.091012,83.932582,768,initial,nonelliptic_or_noisy,2.642962782971237,2.9582764373124935,2.5901653699029135,2.9601088057399227,0.23478350803596626,0.21332136913922284,0.5938026731108373,0.6388833080261259,355.13208019730973,4.867919802690267,2.6102677634923435,4.0,0.01932623102626297,0.020695766599087895,0.03668312251702416,0.22501239847756896,0.0,0.02356163169255595
14,12860,13628,14909,15676,80.191183,84.032753,768,initial,nonelliptic_or_noisy,2.6350979995158834,2.9526005781877407,2.5914014709374475,2.9587186561313246,0.237384634220681,0.20803728773754426,0.5886363743900439,0.6097527852721736,355.1057028437466,4.894297156253394,2.6642641209103735,4.0,0.018160265529559853,0.02838898136856404,0.052014381099558575,0.18587030666045962,0.0,0.0408576533731623
14,12880,13648,14929,15696,80.291354,84.132924,768,initial,nonelliptic_or_noisy,2.644490572698925,2.9582764373124935,2.596049475800501,2.956493786427043,0.23672444765830974,0.2134905673715487,0.5962373766736261,0.6392816535647644,355.01170344648074,4.988296553519234,2.7970577622278077,4.0,0.0198350853082688,0.03961238896263266,0.06782987760710472,0.2047692471019485,0.0,0.04635906871743079
14,12900,13668,14949,15716,80.391525,84.233096,768,initial,nonelliptic_or_noisy,2.641001910519035,2.9508405907563855,2.596656152580741,2.954854947184579,0.24031770346400905,0.20392487159043854,0.580593827066076,0.6102481986911888,354.9961473645147,5.003852635485318,2.959268886518751,4.0,0.016176385947555733,0.041008126871980737,0.06941147228168844,0.18528424841861418,0.0,0.03417792566493838
14,12920,13688,14969,15736,80.491697,84.333267,768,initial,nonelliptic_or_noisy,2.641001910519035,2.9547100375700524,2.5960964799663095,2.9539867119579135,0.24649580960975379,0.1935599799507348,0.5624852945046646,0.5945069210051656,355.0053399987369,4.994660001263112,3.2242823855973826,4.0,0.009705316401556982,0.03794709732335928,0.06721881545906236,0.18219886099232196,0.0,0.01569781985256816
14,12940,13708,14989,15756,80.591868,84.433438,768,initial,nonelliptic_or_noisy,2.640836127720968,2.9503862423198575,2.5937825455003347,2.953159735955309,0.2483070717637732,0.1941563265463398,0.5549645313651055,0.5822581304988309,355.04886631189,4.951133688110027,3.2844342283903534,4.0,0.01362842474312768,0.04795191615618739,0.08434748679883228,0.18982645339919302,0.0,0.01742589234854709
14,12960,13728,15009,15776,80.692039,84.53361,768,initial,nonelliptic_or_noisy,2.631603604239354,2.9508038602163653,2.5938958922101816,2.9578187966475027,0.24408825512352178,0.18918296713294058,0.5663811508676804,0.5833160045466386,355.0563888083475,4.943611191652492,3.4205084791149307,4.0,0.013334535849940363,0.045851157271809995,0.07737876403394009,0.15713444377359082,0.0,0.03786320557385336
14,12980,13748,15029,15796,80.792211,84.633781,768,initial,nonelliptic_or_noisy,2.6311357171299656,2.9508038602163653,2.593155861276347,2.957551449346359,0.2465583052463593,0.18472564089942234,0.5555893322043989,0.577559203961606,355.06985838383974,4.93014161616028,3.5403183095232786,4.0,0.023625495928353796,0.03692222055065715,0.06486400398316373,0.15645222477658705,0.0,0.0018976732863273695
14,13000,13768,15049,15816,80.892382,84.733952,768,initial,nonelliptic_or_noisy,2.625872595354359,2.944999183419731,2.590220778681449,2.959353646185699,0.2416065092580037,0.19240317409965152,0.5810857294460466,0.589711814531094,355.1292048386824,4.870795161317546,3.49101563072102,4.0,0.04292600141767431,0.04477709345803935,0.07647199471737563,0.15907308567059447,0.0,0.03243074260597384
14,13020,13788,15069,15836,80.992553,84.834123,768,initial,nonelliptic_or_noisy,2.631603604239354,2.9503862423198575,2.596394710762069,2.9512804272321307,0.2436996852993316,0.19710736034393758,0.6051188731551788,0.6044709347957803,354.9945714952283,5.005428504771719,3.464488107419402,4.0,0.04919914422578906,0.055961826975301304,0.09267647768730611,0.14452315035141136,0.0,0.032275060977031186
14,13040,13808,15089,15856,81.092725,84.934295,768,initial,nonelliptic_or_noisy,2.631603604239354,2.94515014425759,2.6011896440189277,2.9468599310110073,0.24362380609118306,0.19557179105053416,0.6005512998366775,0.6015504018008246,355.13840338281824,4.861596617181754,3.4115390732861455,4.0,0.05210308981144838,0.063798359265321,0.10971557508764254,0.12503696778743964,0.0,0.021492555043278082
14,13060,13828,15109,15876,81.192896,85.034466,768,initial,nonelliptic_or_noisy,2.629066293274426,2.950808478132026,2.600333482478899,2.9433304729082317,0.23600831680283374,0.19918824267299343,0.6134128786287538,0.6223213061085314,356.3424170121821,3.657582987817851,3.350663033186076,4.0,0.04235768237961215,0.06577977093776932,0.11346465260949917,0.1258005714063443,0.0,0.0262752795372951
14,13080,13848,15129,15896,81.293067,85.134637,768,initial,nonelliptic_or_noisy,2.6311357171299656,2.9483495768290338,2.598573231346438,2.94424152700754,0.24043600502608922,0.1975592904789427,0.6085378667973537,0.6159653817748573,356.2058235158656,3.7941764841344074,3.4394370268305408,4.0,0.02278661139695879,0.07865145856639337,0.12534312299873257,0.13650449932850348,0.0,0.013366680076011188
14,13100,13868,15149,15916,81.393239,85.234809,768,initial,nonelliptic_or_noisy,2.6246252679562043,2.9708946231893165,2.6000581606748776,2.93965635162121,0.2344720449039945,0.20635977575992606,0.6270971681082396,0.6550812010520837,355.3449433865177,4.6550566134823415,3.4017833815414127,4.0,0.02681665350953614,0.07710413821466686,0.1308436679503361,0.16949277768662616,0.0,0.10008124308995535
14,13120,13888,15169,15936,81.49341,85.33498,768,initial,nonelliptic_or_noisy,2.612964823707415,2.9807742553309553,2.5993984386931976,2.9391748920668723,0.2291476772358163,0.2046332857010778,0.6382378413481967,0.6643110492752149,355.3079873008164,4.692012699183605,3.4980233901721682,4.0,0.03296756146255623,0.08960869314348557,0.1703272684698935,0.19094941448062036,0.0,0.0666954097403302
14,13140,13908,15189,15956,81.593581,85.435151,768,initial,nonelliptic_or_noisy,2.627523064739913,2.98905419090462,2.6005541619845425,2.938839660334304,0.23119014079079137,0.20608860343440707,0.6307474974408177,0.6474993210047248,355.2918939852244,4.708106014775589,3.4329086539495597,4.0,0.04769072364758923,0.10090327508853539,0.20524871776928022,0.24654350665831903,0.0,0.07244307936603742
14,13160,13928,15209,15976,81.693753,85.535323,768,initial,nonelliptic_or_noisy,2.630157071624658,2.99145368253446,2.602118365086824,2.938641867202595,0.23098673797578123,0.20562604224054043,0.6246725041801606,0.6402431034051164,355.28837987915966,4.711620120840321,3.4913607445602133,4.0,0.05908043864786588,0.10406420024667742,0.22533897549075096,0.25886097414680875,0.0,0.015425482400231462
14,13180,13948,15229,15996,81.793924,85.635494,768,initial,nonelliptic_or_noisy,2.6311357171299656,2.9873623935408613,2.6017723585218233,2.9507092926167124,0.22921393104318744,0.2101840002899751,0.6157870852083167,0.6197373267352916,355.5469448876805,4.453055112319453,3.438660253145818,4.0,0.05480799461192919,0.08248679348287671,0.17919685584404524,0.2048933876617634,0.0,0.018352759080415088
14,13200,13968,15249,16016,81.894095,85.735665,768,initial,nonelliptic_or_noisy,2.621656419134543,2.986707263819377,2.6023848083492847,2.9449794509499814,0.22373380985679625,0.21096251290464293,0.6216232413620313,0.6508744415702854,355.4842580422832,4.515741957716771,3.4067609375646226,4.0,0.07026188517510047,0.09819009154107318,0.21384007600035698,0.20543648203915665,0.0,0.042469707971531344
14,13220,13988,15269,16036,81.994267,85.835837,768,initial,nonelliptic_or_noisy,2.6253318456634425,2.9810268396586004,2.60398182166272,2.950015282067944,0.22463676561048226,0.21538699556938148,0.6248399178599612,0.6431833369988745,355.5517615389914,4.448238461008611,3.3914331091299803,4.0,0.057361323274038825,0.06380960436160248,0.11942597131843477,0.1676049570168514,0.0,0.030118822035280057
14,13240,14008,15289,16056,82.094438,85.936008,768,initial,nonelliptic_or_noisy,2.621656419134543,2.9873623935408613,2.6040447220457823,2.9457009671931282,0.22401666231511924,0.21685154216801927,0.6243836549444192,0.6514688314961746,355.36587016451864,4.634129835481368,3.4532261132028514,4.0,0.05305761744378166,0.07246809038388484,0.12685535095570055,0.20190923406681402,0.0,0.03269613806406004
14,13260,14028,15309,16076,82.194609,86.036179,768,initial,nonelliptic_or_noisy,2.615904950525632,2.9776887403971264,2.6057747178563044,2.943527450763219,0.2224509229086656,0.22023226663498033,0.6284266239710751,0.6449002006766339,354.6456946034608,5.354305396539215,3.49253951020358,4.0,0.03586384796628014,0.05634626837791329,0.10181676841717813,0.16017763084421938,0.0,0.0505922204467812
14,13280,14048,15329,16096,82.294781,86.136351,768,initial,nonelliptic_or_noisy,2.5888424868507407,2.987569020060045,2.607633587727823,2.954478713180454,0.21025144076488106,0.23159003879153153,0.6600329813321342,0.6753024757495065,354.86822096970263,5.131779030297376,3.326318334039917,4.0,0.04424283173225066,0.0619115929814779,0.1303427978272429,0.18099074999050413,0.0,0.13702482176585337
14,13300,14068,15349,16116,82.394952,86.236522,768,initial,nonelliptic_or_noisy,2.5614487935419374,2.9926134123411052,2.6053440056805734,2.9563548683799707,0.1999435803564309,0.24662411276928237,0.6928735481603937,0.7046598209483993,354.9435445499208,5.056455450079218,3.33120448525741,4.0,0.04115340010281886,0.07156202651758196,0.13199209676927162,0.2847499455569764,0.0,0.13931064653410807
14,13320,14088,15369,16136,82.495123,86.336693,768,initial,center_unidentifiable,2.536995550870556,3.0052810531774807,2.6055440788588218,2.957047151276053,0.19060206947432673,0.25077967784122523,0.7238402825997495,0.758615866153835,353.71674388610404,6.283256113895984,3.275138776320332,4.0,0.0856044710825211,0.10310816496307658,0.2519498544588542,0.4397524067509704,0.0,0.14448747369193837
14,13340,14108,15389,16156,82.595294,86.436865,768,initial,nonelliptic_or_noisy,2.521063683289822,3.0052810531774807,2.6038676092555213,2.9592076848514526,0.18460220512668046,0.25828809429152194,0.7506860478177739,0.8074064190360154,355.05255833141706,4.947441668582956,3.2364451042695874,4.0,0.07729797109815281,0.10016947223562674,0.2382443732703275,0.5133139140212799,0.0,0.08630377719378302
14,13360,14128,15409,16176,82.695466,86.537036,768,initial,nonelliptic_or_noisy,2.5088571764753405,3.0097471220177514,2.6037520579078293,2.955724707154204,0.17993539762399716,0.26294094996413486,0.7677254132065177,0.8369487119638901,355.34061709475174,4.6593829052482665,3.4155778935609686,4.0,0.07618203910022744,0.09647198687083187,0.20810444346119014,0.6068544466423024,0.0,0.07223630502438652
14,13380,14148,15429,16196,82.795637,86.637207,768,initial,nonelliptic_or_noisy,2.500155696827715,3.018728588767096,2.605128434795481,2.9567447866628194,0.17591929636164802,0.2720039061117075,0.7877125784380712,0.8581715620729956,355.3032811815988,4.696718818401209,3.264621912515927,4.0,0.08485693639760077,0.09841275618677449,0.2174049788413834,0.6929700191508179,0.0,0.07108542869789111
14,13400,14168,15449,16216,82.895808,86.737379,768,initial,nonelliptic_or_noisy,2.4896130555637335,3.0268783638984966,2.6067743747907777,2.9554750966030428,0.1733113208031129,0.27177143733686443,0.7968463600575069,0.8874732628056968,353.4319350250065,6.5680649749935185,3.332202094127661,4.0,0.08058096376270008,0.08149623816289918,0.17160644614615067,0.7916676204015526,0.0,0.07688703613130449
14,13420,14188,15469,16236,82.99598,86.83755,768,initial,nonelliptic_or_noisy,2.492150165133242,3.032635727155662,2.6135026784538833,2.9380504247099304,0.17173438172611183,0.2664108569338305,0.7623988085853463,0.8712035835931549,352.86794454561124,7.132055454388772,3.549756107810807,4.0,0.08960813213397756,0.06628940207086748,0.16206130102886637,0.8959167846582788,0.0,0.03663561170728396
14,13440,14208,15489,16256,83.096151,86.937721,768,initial,nonelliptic_or_noisy,2.483207850385027,3.035462053144644,2.6094235194443614,2.936685313786433,0.16773916244091083,0.2675321758698308,0.7670682238400968,0.877579427352474,354.6516426369627,5.348357363037279,3.639720942201883,4.0,0.07022984119422819,0.05784557282359662,0.13692968301191877,0.9554858196777994,0.0,0.05591021138323591
14,13460,14228,15509,16276,83.196322,87.037892,768,initial,nonelliptic_or_noisy,2.481627928927077,3.041779768390153,2.6104629217489457,2.9368121799973426,0.16162961935924985,0.28567368988239855,0.8012917676404938,0.9140179682677336,353.99974532572264,6.000254674277358,3.5599611902424226,4.0,0.02941875199355803,0.04167207545373944,0.07061632152625828,1.028169100060266,0.0,0.04029132373850144
14,13480,14248,15529,16296,83.296494,87.138064,768,initial,nonelliptic_or_noisy,2.4845334995742747,3.0479208820937336,2.61050898562396,2.9454610375061803,0.16238097210210584,0.2836743360493116,0.7952881251116677,0.890065625893199,354.54113698261153,5.458863017388448,3.327866174164118,4.0,0.05791707472556865,0.07852040522362244,0.142101248265892,1.0000049821955532,0.0,0.041838600561047844
14,13500,14268,15549,16316,83.396665,87.238235,768,initial,nonelliptic_or_noisy,2.4892864578507847,3.049108239930397,2.6116020850578106,2.9455585817580143,0.16311271705174002,0.28295231158872314,0.7904538564691453,0.8917349083119096,354.58654540175536,5.413454598244665,3.3654220711314204,4.0,0.05925551459201407,0.09179176722923532,0.15299047310997005,0.9825179690343739,0.0,0.030034589354813707
14,13520,14288,15569,16336,83.496836,87.338406,768,initial,nonelliptic_or_noisy,2.4963395261064036,3.052891808724203,2.614776872188611,2.9450776561458936,0.16276511098223756,0.281117612139147,0.7912783508016299,0.8984101603303464,354.59092836947735,5.409071630522662,3.433610153733469,4.0,0.07210491812299683,0.09623447429555904,0.18276713161503233,0.9839960185391656,0.0,0.04917406333900838
14,13540,14308,15589,16356,83.597008,87.438578,768,initial,nonelliptic_or_noisy,2.500155696827715,3.051426464869942,2.613464058730244,2.94685442246576,0.16575633980822563,0.2789875707031397,0.7855776404476659,0.8823126700596023,354.86246117979744,5.1375388202025825,3.415539088370994,4.0,0.0716655901134664,0.10058155654071817,0.17763147707152607,0.9302118470721307,0.0,0.02466170879883083
14,13560,14328,15609,16376,83.697179,87.538749,768,initial,nonelliptic_or_noisy,2.5021194147420265,3.0520025873435292,2.6118363251054446,2.9457947381551857,0.1660301930223392,0.27352763996981433,0.7821987109746112,0.8859230548059729,354.633287472955,5.366712527045032,3.2690272273626686,4.0,0.06846396739626281,0.09076627424256371,0.1597882583345036,0.919724416582995,0.0,0.012325987294436713
14,13580,14336,15629,16384,83.79735,87.578818,756,initial,nonelliptic_or_noisy,2.505934797938875,3.0515378457536104,2.6095591902509434,2.9532087492762424,0.1703950070318912,0.2817021823533211,0.7821744832777028,0.862221935157363,354.7603979352382,5.239602064761802,3.1211783979286984,4.0,0.07515689081858505,0.09276823073598263,0.19228709395963384,0.8383565014721928,0.0,0.022556901813421935
14,13600,14336,15649,16384,83.897522,87.578818,736,initial,nonelliptic_or_noisy,2.500155696827715,3.053145720385709,2.6088805281649647,2.9537686181722016,0.1676896736782131,0.2953152096808108,0.8005770804559369,0.8881351411362772,354.7359759872254,5.264024012774595,3.0349180058300376,4.0,0.0806043266523124,0.08687110171515842,0.1768656298086854,0.8784003456330084,0.0,0.03577206383801535
14,13620,14336,15669,16384,83.997693,87.578818,716,initial,nonelliptic_or_noisy,2.499610360306374,3.054223173446732,2.6083692756443475,2.954270704147744,0.17172439124382824,0.290606847001512,0.7826815338128913,0.8698474689109597,354.71618949043807,5.2838105095619365,2.9094268142336657,4.0,0.08100518793046986,0.0798153497202834,0.16942386263881015,0.8601722221192325,0.0,0.007032196678349532
14,13640,14336,15689,16384,84.097864,87.578818,696,initial,nonelliptic_or_noisy,2.4896130555637335,3.0498825983524935,2.6050890322972537,2.956984147398181,0.17800475341231026,0.27662418481748086,0.7581623649731735,0.8499203115206114,354.7454573913004,5.254542608699567,2.8709528817404344,4.0,0.06966548023182134,0.06976609306641479,0.15670344266642958,0.8325920467956482,0.0,0.06122831367291291
14,13660,14336,15709,16384,84.198036,87.578818,676,initial,nonelliptic_or_noisy,2.500155696827715,3.0501039408068316,2.603067841705382,2.958572752747129,0.1799207564407283,0.2734774214505253,0.7523613714658358,0.8405821620222135,354.7649577641289,5.235042235871124,2.8470130467609494,4.0,0.049981509952394254,0.06438737507166571,0.12462397050797944,0.7654898530755375,0.0,0.058608938489761855
14,13680,14336,15729,16384,84.298207,87.578818,656,initial,nonelliptic_or_noisy,2.502029469348236,3.046479932710586,2.603144087716864,2.958586731136492,0.18684849598202558,0.26955705322040246,0.7305720390803933,0.8064521557541996,354.7664781281504,5.233521871849562,2.7651471197307247,4.0,0.03683578970206033,0.06993600377712449,0.11004472853520399,0.7170263747634951,0.0,0.02183459919555001
14,13700,14336,15749,16384,84.398378,87.578818,636,initial,nonelliptic_or_noisy,2.5011805064589345,3.0446321273676986,2.6010724119253417,2.9605124082695236,0.19047507856198725,0.2701312819458438,0.7216524463657937,0.7942530206121057,354.7972273108183,5.202772689181699,2.699020282542163,4.0,0.03604061783380988,0.06916626373773203,0.11132260883227026,0.6856170165403253,0.0,0.010675937737770667
14,13720,14336,15769,16384,84.49855,87.578818,616,initial,nonelliptic_or_noisy,2.4845334995742747,3.042489267900395,2.5993332759307166,2.9620581016529077,0.1957765442810676,0.2636267312800435,0.7002616206481486,0.7913076883015605,354.82219037531274,5.177809624687271,2.631343579486159,4.0,0.03111315360468073,0.06453778500974457,0.10522404687891758,0.7159790214330608,0.0,0.08573222294069734
14,13740,14336,15789,16384,84.598721,87.578818,596,initial,nonelliptic_or_noisy,2.495700770937736,3.0415727486194344,2.599935025838379,2.9617015772684328,0.19897249557918734,0.26643286386181747,0.6920905158954194,0.7726568909407325,354.8190846144261,5.1809153855739,2.630692816324397,4.0,0.02829597258479168,0.0653645883210665,0.09858748401913991,0.6599762023975124,0.0,0.056313403785217944
14,13760,14336,15809,16384,84.698892,87.578818,576,initial,nonelliptic_or_noisy,2.506190389850213,3.046479932710586,2.5965050167635595,2.9650927933904,0.20247953943855962,0.2542039965737192,0.6692716770104333,0.758571802864559,354.8825808420288,5.117419157971215,2.5563521883760583,4.0,0.03795904585947585,0.055808562171561896,0.09057969736396962,0.600433427591883,0.0,0.05719440983118396
14,13780,14336,15829,16384,84.799064,87.578818,556,initial,nonelliptic_or_noisy,2.506190389850213,3.0415727486194344,2.5934722115760014,2.9683644912663163,0.20713099490381856,0.24166532403545032,0.6276411226121513,0.7375153983598514,354.9527459428247,5.0472540571752775,2.5204968247135633,4.0,0.03207949326876734,0.0490783109298872,0.08347886596294572,0.5499858561737871,0.0,0.02369121093359342
14,13800,14336,15849,16384,84.899235,87.578818,536,initial,nonelliptic_or_noisy,2.5011805064589345,3.0443178733432834,2.5915204117488715,2.9708261520136507,0.2114176596028085,0.23582753699858175,0.5882868438085485,0.734523059355858,355.43514202660737,4.564857973392619,2.4582494188571107,4.0,0.026308592076194227,0.04451562621805512,0.07092745774842223,0.5508405691524602,0.0,0.02702079740209715
14,13820,14336,15869,16384,84.999406,87.578818,516,initial,nonelliptic_or_noisy,2.497654885704957,3.0415727486194344,2.590866590885641,2.970227055016403,0.205878145425699,0.24629545234319478,0.6012159691521624,0.7658873255501406,355.1459369325335,4.854063067466499,2.5719087885238916,4.0,0.03463190155857762,0.050221320644306594,0.07977001048583389,0.5701547821384575,0.0,0.02170361854028396
14,13840,14336,15889,16384,85.099577,87.578818,496,initial,nonelliptic_or_noisy,2.5082866874392193,3.043969622567672,2.5942797007471246,2.9674031524643403,0.2013321077637692,0.2585154993524494,0.6350305996386302,0.7610668079493512,354.93053950900213,5.069460490997892,2.742108266198916,4.0,0.04161194548878138,0.05868065209900949,0.09323735986742276,0.5718909649432931,0.0,0.05413261526902967
14,13860,14336,15909,16384,85.199749,87.578818,476,initial,nonelliptic_or_noisy,2.5153758112541196,3.042489267900395,2.5953540951824965,2.9689534622208575,0.19978728450567657,0.2634211136319247,0.6392464443669138,0.7391618160418916,354.99574578594536,5.004254214054634,2.758215065350366,4.0,0.03051577396089872,0.05990444524136869,0.1121693880428242,0.5438103933216285,0.0,0.03624874749730684
14,13880,14336,15929,16384,85.29992,87.578818,456,initial,nonelliptic_or_noisy,2.538220181889894,3.039253296819913,2.596374429611675,2.9779956872204365,0.20014835252054514,0.24943860785844663,0.610756900173529,0.7024022583946554,354.5501432283173,5.449856771682698,2.740978071627466,4.0,0.029214031417918472,0.05101652842780154,0.10096660471635623,0.42201418660009943,0.0,0.11527661529720308
14,13900,14336,15949,16384,85.400091,87.578818,436,initial,nonelliptic_or_noisy,2.5449804257976405,3.0340525350459124,2.596400059726076,2.9808779062191735,0.20063335645942226,0.24743710787543394,0.6174563282030183,0.6911541608330661,354.4792261316722,5.5207738683278045,2.75299262465704,4.0,0.03404800955942483,0.052327658492336324,0.10486358150751934,0.36868108171943853,0.0,0.04251183389621301
14,13920,14336,15969,16384,85.500263,87.578818,416,initial,nonelliptic_or_noisy,2.54714011030254,3.0315980457528946,2.5954968927049,2.9804957278720683,0.20133876761801445,0.2548810936029576,0.6136508615417485,0.6901587622944243,354.57431464861577,5.425685351384251,2.7901867324926592,4.0,0.031312900621002476,0.05221294555646147,0.09067084985782821,0.34943590675216585,0.0,0.016238135170361098
14,13940,14336,15989,16384,85.600434,87.578818,396,initial,nonelliptic_or_noisy,2.548851433843417,3.0321093184168095,2.5952244354546075,2.981674384687839,0.20341184182115615,0.24980184558539975,0.6128994175797703,0.6872137215968454,354.4926972422636,5.507302757736397,2.6818036509787504,4.0,0.03421198639289413,0.04017693423468249,0.08167002755181421,0.33682295828629566,0.0,0.008780535744605104
14,13960,14336,16009,16384,85.700605,87.578818,376,initial,nonelliptic_or_noisy,2.562502150585684,3.029978057234901,2.5962057029399026,2.983358054520617,0.20476296691629278,0.248406318887797,0.6012152189920111,0.6885414632218161,354.20161914441485,5.7983808555851395,2.6408211473301932,4.0,0.046106783582094114,0.03303820613182996,0.08904768177019891,0.28094428723550574,0.0,0.06747357771184723
14,13980,14336,16029,16384,85.800777,87.578818,356,initial,nonelliptic_or_noisy,2.566483699476774,3.026007631352588,2.592659310610615,2.9801509747188075,0.202722524182195,0.24570234222078952,0.5964195940346502,0.6766891272773539,353.73942673514443,6.2605732648555446,2.733617657878207,4.0,0.038553332744016275,0.04963438843817082,0.09158850359193856,0.260461798454263,0.0,0.02773693159929906
14,14000,14336,16049,16384,85.900948,87.578818,336,initial,nonelliptic_or_noisy,2.5659426833576333,3.0238101617824737,2.5915083912920944,2.9826268560088587,0.2025283766374736,0.253253174011095,0.6059298883135936,0.6886573494185242,353.7877329177394,6.212267082260596,2.7138705173095765,4.0,0.03826189015995439,0.049004847838261444,0.08953823216217811,0.23934125462371283,0.0,0.011174181344565048
14,14020,14336,16069,16384,86.001119,87.578818,316,initial,nonelliptic_or_noisy,2.5756623281616067,3.018976279514173,2.589658267356719,2.989958029615682,0.2046392555560009,0.24005507846271745,0.5849751792144959,0.6446469412837732,354.19083389698994,5.809166103010029,2.6990544285583264,4.0,0.026588652132770695,0.03555794434504129,0.06910726056885401,0.15743389956445938,0.0,0.053046113925565415
14,14040,14336,16089,16384,86.101291,87.578818,296,initial,nonelliptic_or_noisy,2.5740670663702128,3.009689229431426,2.5850588479923733,2.990811293216912,0.20115504783332083,0.2304961974724735,0.6064907462040996,0.6242885416620753,353.4638942972401,6.5361057027599365,2.6999776915493636,4.0,0.02302840511192241,0.028991447940454686,0.06493957964341138,0.1085968787704316,0.0,0.04684478659387624
14,14060,14336,16109,16384,86.201462,87.578818,276,initial,nonelliptic_or_noisy,2.5740670663702128,3.00913673650707,2.5790922100913574,2.991653068203929,0.1997233003853019,0.23287376317509773,0.6103867911503236,0.6295313772538502,353.2353642048798,6.76463579512021,2.8653222858742557,4.0,0.01232516009430497,0.03158903237937575,0.04034441646473285,0.09108352136642942,0.0,0.0027662917811315546
14,14080,14336,16129,16384,86.301633,87.578818,256,initial,nonelliptic_or_noisy,2.570115242962787,3.0052152064709183,2.5789024542292474,2.9930350698627466,0.20079758730172148,0.23912604395978418,0.5867126855845834,0.6057594544817281,352.49097935676883,7.50902064323119,2.908473270282679,4.0,0.021403205349073428,0.02872598071922758,0.04249209148201089,0.07479678982900687,0.0,0.02772614399475688
14,14100,14336,16149,16384,86.401805,87.578818,236,initial,nonelliptic_or_noisy,2.5555493008692283,3.0007639937195965,2.581111841787495,2.9904455778653958,0.20170969466547367,0.24199961994607372,0.5972439085465606,0.6214149547939601,348.5987096588314,11.4012903411686,3.1443211645944094,4.0,0.026231545588026872,0.044312527264265766,0.06722165792870073,0.13666434473025957,0.0,0.07550895612560257
14,14120,14336,16169,16384,86.501976,87.578818,216,initial,nonelliptic_or_noisy,2.5400707977210475,3.0052152064709183,2.579516874576109,2.993355353427556,0.19930845372349176,0.25431951018952137,0.601958728321346,0.6471404424403623,348.66139173901007,11.338608260989956,3.0835079478997147,4.0,0.030312202140548274,0.045281666081282076,0.08145372697610434,0.2066666000958638,0.0,0.08080850117487257
14,14140,14336,16189,16384,86.602147,87.578818,196,initial,nonelliptic_or_noisy,2.541552522699452,3.004747347178002,2.580758086374289,2.997178277784535,0.20229269369960975,0.2309526256632306,0.5648814005092169,0.6161743125002414,347.71222509543736,12.287774904562628,3.143082603173006,4.0,0.018173036970387347,0.027683834225579344,0.048653629088227957,0.19738491350818946,0.0,0.007681119546200033
14,14160,14336,16209,16384,86.702319,87.578818,176,initial,nonelliptic_or_noisy,2.545627224855586,3.006949789598045,2.576886281092486,2.99495288412078,0.20009231360573224,0.24255220668270736,0.5798289521870363,0.6119138737057291,346.98031332807284,13.019686671927172,3.3075269072340645,4.0,0.043111730308263485,0.03705549426836302,0.08173866788734047,0.16733351190326087,0.0,0.023148519965256274
14,14180,14336,16229,16384,86.80249,87.578818,156,initial,nonelliptic_or_noisy,2.545627224855586,3.006494922844067,2.58285763653578,2.9979104166133723,0.19770175206225804,0.23672788849215248,0.569265504707488,0.6183554016406085,340.30125293949413,19.69874706050586,3.659586663714932,4.0,0.014681661981989296,0.035299880046588045,0.056352052188258374,0.1932572343044872,0.0,0.0023007724981346485
14,14200,14336,16249,16384,86.902661,87.578818,136,initial,nonelliptic_or_noisy,2.5554894477469197,3.009422114302274,2.5897000881060506,3.0042060069525505,0.20099553556946304,0.227039054048102,0.5435042188970906,0.5902905671671307,337.36261607742114,22.637383922578838,3.7886794447655645,4.0,0.041024396394994105,0.01734717387861128,0.0625446680497401,0.1721730109909077,0.0,0.05118254362360799
14,14220,14336,16269,16384,87.002833,87.578818,116,initial,nonelliptic_or_noisy,2.559326675335341,3.006949789598045,2.585901090501044,3.0090988158114462,0.20942862445949995,0.19626618581460836,0.5269244126922172,0.5293256072691387,340.1666799937069,19.833320006293107,3.132621244085288,4.0,0.03558655419900081,0.019958324102578192,0.057129718599512984,0.12730431485956298,0.0,0.02179608442361611
14,14240,14336,16289,16384,87.103004,87.578818,96,initial,nonelliptic_or_noisy,2.559326675335341,3.0091196529400213,2.5779484810298374,3.00806386108529,0.20398278290601451,0.2043519760906015,0.5024616761589399,0.5328964001805919,336.80341018012564,23.196589819874333,2.2551319531264893,4.0,0.027198609566117495,0.02463025891658533,0.04739927865050425,0.09143767569404006,0.0,0.010637482786849763
14,14260,14336,16309,16384,87.203175,87.578818,76,initial,nonelliptic_or_noisy,2.5554894477469197,3.0066868763502477,2.5821683340730073,3.004845642977733,0.20098408022715208,0.19225218094661425,0.47851934084699366,0.4871815783573928,336.3359076549866,23.664092345013394,2.4405480107357955,4.0,0.05128983117435817,0.03638572647018943,0.0878764035420455,0.13305704032057505,0.0,0.022605898636096033
14,14280,14336,16329,16384,87.303346,87.578818,56,initial,nonelliptic_or_noisy,2.5554894477469197,3.01427457558609,2.56431720777102,3.011584973297199,0.21072315573575306,0.12852411926820115,0.4332416917264986,0.42530498766239,330.87907991446735,29.120920085532642,2.5496612053671104,4.0,0.035400298508989014,0.07154254508674976,0.14247288047331694,0.04379393792159953,0.0,0.03600790434895112
14,14300,14336,16349,16384,87.403518,87.578818,36,initial,center_unidentifiable,2.5554894477469197,3.0096544487470744,2.565223248232803,3.0121504171242397,0.21200311067347521,0.15875938562705144,0.3997049529319899,0.4201398689290533,323.1222054181384,36.87779458186164,3.9252603421655095,0.0,,,,0.04739891692469285,0.0,0.02179273136294319
