sample_no,source,start_index_0based,end_index_exclusive_0based,source_start_frame_1based,source_end_frame_1based,start_time_sec,end_time_sec,n_points,saved_center_x,saved_center_y,refit_center_x,refit_center_y,median_orbit_radius,residual_median_over_radius,residual_p95_over_radius,saved_center_residual_p95_over_radius,coverage_deg,max_gap_deg,normalized_condition,jackknife_valid_fits,jackknife_sd_x_over_radius,jackknife_sd_y_over_radius,jackknife_max_over_radius,saved_vs_refit_over_radius,initial_center_correction_over_radius,previous_saved_center_step_over_radius,assessment
14,stage,0,768,2049,2816,15.781025,19.622595,768,2.4085567933274343,2.7994096521437952,2.434764925976373,2.8071880505216216,0.2779715142424927,0.3434599712355803,0.6803960076648893,0.6804802651501161,354.39965126866974,5.600348731330239,2.484579814717938,3.0,0.425153829856906,0.3864996155025905,0.9094578535907784,0.09834843419650124,0.0,,center_unidentifiable
14,stage,20,788,2069,2836,15.881197,19.722767,768,2.3597084864733313,2.8136423785172866,2.5214158596647716,2.7061569718794374,0.28800723834922914,0.33393103944220315,0.6440371101306599,0.654532255694785,355.35614762783445,4.643852372165539,2.423949651441635,3.0,0.4395767474311021,0.4043575448337169,0.930332709230322,0.6741880055450723,0.0,0.17666062912952882,center_unidentifiable
14,stage,40,808,2089,2856,15.981368,19.822938,768,2.476557675521333,2.728385243691606,2.5044289167044473,2.7151486807008998,0.2586390893809377,0.3737757996314344,0.7183878047464953,0.733250840346917,355.79165128682376,4.208348713176259,2.378500989313046,2.0,0.03484728679367153,0.02973934614850554,0.31436427763223257,0.11929636341568574,0.0,0.5592587021090275,center_unidentifiable
14,stage,60,828,2109,2876,16.081539,19.923109,768,2.479121389692795,2.745594454413366,2.534067343823012,2.6889098725283165,0.2593007974321186,0.37199672871623873,0.7138525703859654,0.717321097584299,355.33818383669984,4.661816163300181,2.406042003752155,2.0,0.1383586347939932,0.13934441340906936,0.6171267185897158,0.3044505956948919,0.0,0.06710016148490767,center_unidentifiable
14,stage,80,848,2129,2896,16.18171,20.023281,768,2.3636528638781704,2.8733189204561365,2.5549628598450362,2.6604034268410808,0.30303273075743675,0.33052597879660667,0.6341532480325723,0.6345915988053944,352.94085295336964,7.059147046630371,2.327262850137939,2.0,0.24571283189575113,0.2686740876441598,0.9289226072654363,0.9445797309231168,0.0,0.5681948841193377,center_unidentifiable
14,stage,100,868,2149,2916,16.281882,20.123452,768,2.6405812353593547,2.6165950164206766,2.5490446008270395,2.6657221783309373,0.2880816188963833,0.3372490556383389,0.6629058202082162,0.6603886381434194,354.13396046659557,5.866039533404442,2.2818569860993834,3.0,0.4331308151429274,0.43748427437188564,1.0725724157043988,0.36061529412412674,0.0,1.3108073336795385,center_unidentifiable
14,stage,120,888,2169,2936,16.382053,20.223623,768,2.4957494400678906,2.7561824041520904,2.509774341903413,2.6939540733134413,0.26604307442618935,0.36167005104957556,0.694038504201905,0.6991614861081719,356.6597530972674,3.340246902732613,2.3142201879314093,3.0,0.8363227042568669,1.1412086032348583,3.191533499734464,0.23977022490610608,0.0,0.7560765103449636,center_unidentifiable
14,stage,140,908,2189,2956,16.482224,20.323795,768,2.498387637904376,2.745561281978921,2.4860357488575358,2.7227476162281765,0.26500645107747883,0.35959357749867576,0.6934533222960145,0.7015756291199371,354.692573207997,5.307426792003025,2.350970203217019,4.0,9.634875149137109,11.157984754271956,33.65795480806867,0.0978952398139366,0.0,0.04129662309894127,center_unidentifiable
14,stage,160,928,2209,2976,16.582396,20.423966,768,2.506424522726543,2.738427918042667,2.4815564367283014,2.7297986285354376,0.2640274852793879,0.35704917813832343,0.7022257881803408,0.701428505755741,354.35355932916735,5.646440670832631,2.3896822003083913,3.0,0.6017227013346766,0.8642555084832136,1.5943654312483795,0.09969694718075738,1.2753838699981457,0.04070028743561417,center_unidentifiable
14,stage,180,948,2229,2996,16.682567,20.524137,768,2.500080049945063,2.739537985384928,2.4552533834062795,2.7632394234758113,0.2598933456077934,0.3621606185055319,0.7130752578096481,0.7141521045819901,354.3674908492461,5.6325091507539184,2.422291965392446,3.0,0.9844738245217842,1.4218344412929322,2.1792341741508445,0.19510651579386462,0.0,0.02478267672824078,center_unidentifiable
14,stage,200,968,2249,3016,16.782738,20.624308,768,2.4462095428877513,2.798474177928653,2.4554862230138474,2.7602355513607373,0.2772239274824826,0.3372487834388725,0.6670766679618622,0.6663287356717329,354.4222413005214,5.577758699478589,2.422764459019767,4.0,2.5474523886161133,3.262020366455302,9.238723031720784,0.14193507842023137,0.0,0.28802264107531755,center_unidentifiable
14,stage,220,988,2269,3036,16.88291,20.72448,768,2.485517627212432,2.7437955804501515,2.444463964810532,2.7746691624133466,0.2666622745969689,0.3478517113249876,0.6946768802056265,0.6973122076592972,354.7083332618895,5.291666738110536,2.398805330976327,4.0,0.3782294373268802,0.6075739211779376,0.9510230251914513,0.19262988152544905,0.0,0.25253469781051463,center_unidentifiable
14,stage,240,1008,2289,3056,16.983081,20.824651,768,2.4695354503202065,2.762077532590106,2.4305750621352415,2.7941126061116908,0.27392422740517475,0.3395284664036391,0.6791109183077813,0.684122360116452,354.6001789100791,5.399821089920896,2.4351164891371346,4.0,0.4114519121116894,0.6151248683665956,1.2271400452995302,0.18413721718416692,0.0,0.0886482766935204,center_unidentifiable
14,stage,260,1028,2309,3076,17.083252,20.924822,768,2.3804057767808535,2.869003385062558,2.3399977446524685,2.925459136142531,0.3346541141380498,0.2784757697838693,0.5596300891026903,0.5634834582108114,340.76845931514623,19.231540684853783,2.4727748623520496,4.0,40.20292757037523,43.95893715395558,135.806337245521,0.20745795561158095,0.0,0.41595826012012926,center_unidentifiable
14,stage,280,1048,2329,3096,17.183424,21.024994,768,2.408914729092437,2.832386223450673,2.203929250793529,3.135150193037768,0.3091459468240611,0.30942418712097575,0.611705276246162,0.6516400403637784,156.0829457252299,203.9170542747701,2.5071287206155057,3.0,0.768308640295626,1.3037024398698343,2.3057096900826326,1.1827089767112222,0.0,0.15011242257439175,center_unidentifiable
14,stage,300,1068,2349,3116,17.283595,21.125165,768,,,,,,,,,,,,,,,,,,,fit_failed
14,stage,320,1088,2369,3136,17.383766,21.225336,768,,,,,,,,,,,,,,,,,,,fit_failed
14,stage,340,1108,2389,3156,17.483938,21.325508,768,2.325139448830621,2.9815888299764177,2.1617406643683617,3.2774325529201147,0.4059623439558998,0.2237210574844809,0.45732726492116405,0.502207053578796,112.87735569594886,247.12264430405114,2.460417820194296,4.0,1.0484924508525268,1.3726557071097996,3.234405365565017,0.8325118130628761,4.782315149638625,1.117849449577664,center_unidentifiable
14,stage,360,1128,2409,3176,17.584109,21.425679,768,2.1786377302128117,3.2345684534727344,1.9548996373710965,3.6212588747569376,0.6808827054264788,0.13306039570509512,0.27000454913740396,0.31664068049097904,64.10385883856168,295.8961411614383,2.4714064793138504,2.0,0.12992549367886227,0.20846788537286928,1.1648540600141073,0.6561379314305624,4.768222391750664,0.429351326287942,center_unidentifiable
14,stage,380,1148,2429,3196,17.68428,21.52585,768,2.1816985897829033,3.2382404566515097,1.9848122536530497,3.5666401485239523,0.6781284273744574,0.13383868002482616,0.2748607207450649,0.3077473232187903,68.34552501586683,291.6544749841332,2.4360636556456563,2.0,0.11219913054906959,0.1879408807788177,1.0008933096720658,0.5646387970009736,0.0,0.0070494398691653545,center_unidentifiable
14,stage,400,1168,2449,3216,17.784452,21.626022,768,2.2703759078184076,3.073262672010662,-2.630029453945778,11.063951509890455,0.4999391894420935,0.1830273401198363,0.3758559542466775,0.9811527450755071,6.1069542303361,353.8930457696639,2.5186634014530953,2.0,0.5091433816762446,0.8366237007526368,18.720523510542286,18.749555430613917,0.0,0.37464581128557944,center_unidentifiable
14,stage,420,1188,2469,3236,17.884623,21.726193,768,2.3247218293157252,2.9839091563460407,1.9980159884964714,3.5424831895433573,0.4039311968271512,0.2226938089448473,0.46577610110692924,0.5560957515365177,70.38855336718194,289.61144663281806,2.554595039202865,3.0,3.0912674123467494,4.163938996926064,9.806657897497315,1.602011713763128,0.0,0.2589120308179467,center_unidentifiable
14,stage,440,1208,2489,3256,17.984794,21.826364,768,2.3349557034483213,2.96793040413175,2.202539080720241,3.2040891280573742,0.38363345765343154,0.2341743942591292,0.49174912004486226,0.5306458302969167,145.81939753402582,214.18060246597418,2.5573759317875315,3.0,0.5331567639372061,0.7965507902076422,1.5612821295800101,0.7057495884809605,0.0,0.049461417802815606,center_unidentifiable
14,stage,460,1228,2509,3276,18.084966,21.926536,768,2.300945414616997,3.038415210506954,2.300998085160655,3.0449960848502817,0.43742951217630655,0.20901595093897868,0.4325226294631549,0.43327491782387345,268.43848269842533,91.56151730157468,2.4104288106506733,3.0,0.23662226087967694,0.2436756944194235,0.45288632745811314,0.015044904226105596,0.0,0.17891145501685843,center_unidentifiable
14,stage,480,1248,2529,3296,18.185137,22.026707,768,2.317420389819611,3.018204319631197,2.3835713813757593,2.914435495419521,0.4091118857869205,0.22174487734158177,0.4608958617980502,0.45469947864640137,334.3264214512822,25.67357854871776,2.3709351474438365,3.0,0.18811606844529666,0.23859099819466342,0.4064743338512092,0.30079948822333014,0.0,0.06373558761616525,center_unidentifiable
14,stage,500,1268,2549,3316,18.285308,22.126878,768,2.3217457316824563,3.005485423117897,2.265126753314191,3.1610862765319174,0.4000414211811948,0.24234501153607652,0.5173122863939953,0.5215977079582702,196.6659173286874,163.3340826713126,2.538522864889336,2.0,0.2798037938476976,0.3534874139233905,1.2758606481961259,0.4139116518402749,0.0,0.03358213236820839,center_unidentifiable
14,stage,520,1288,2569,3336,18.385479,22.22705,768,2.339497693845952,2.973108059982666,1.410111146763566,4.515411677844208,0.3638044117187965,0.2716550270794142,0.5678209709721105,0.6551867002741429,31.274188298358354,328.72581170164165,2.506911718106504,2.0,0.28356455464592345,0.3466138644529624,5.863802871013629,4.9495912944658,0.0,0.10149573508920966,center_unidentifiable
14,stage,540,1308,2589,3356,18.485651,22.327221,768,,,,,,,,,,,,,,,,,,,fit_failed
14,stage,560,1328,2609,3376,18.585822,22.427392,768,,,,,,,,,,,,,,,,,,,fit_failed
14,stage,580,1348,2629,3396,18.685993,22.527564,768,,,,,,,,,,,,,,,,,,,fit_failed
14,stage,600,1368,2649,3416,18.786165,22.627735,768,2.5856531813695844,2.8796289794225705,2.1500143109209544,3.3505983011057285,0.27507783484452886,0.36967109605850185,0.7537329383071293,0.9181952613236264,114.6135716083831,245.3864283916169,2.605354913813396,3.0,2.93607827072635,4.606452797332081,9.256124792347938,2.3322686008374776,0.0,0.8581320571225252,center_unidentifiable
14,stage,620,1388,2669,3436,18.886336,22.727906,768,2.1127060352171867,3.328259249363792,1.9229918944315485,3.688395665558174,0.7544606962086516,0.1362013543029712,0.2709053852389781,0.28186133131710883,67.23777854044494,292.76222145955506,2.5791459920851825,3.0,0.2140437651089507,0.28475903164665956,1.4536671286835472,0.539524445700008,0.0,0.8640350042034197,center_unidentifiable
14,stage,640,1408,2689,3456,18.986507,22.828077,768,,,,,,,,,,,,,,,,,,,fit_failed
14,stage,660,1428,2709,3476,19.086679,22.928249,768,,,,,,,,,,,,,,,,,,,fit_failed
14,stage,680,1448,2729,3496,19.18685,23.02842,768,2.473985660855327,2.7825261884136534,2.421434520234695,2.9006302659661993,0.24324212292252873,0.38964478655172485,0.8120597773796354,0.8233301119253623,345.7449789803246,14.255021019675354,2.843253245859027,4.0,0.12136682798995907,0.23259200234193503,0.32089503772259687,0.5314372358423713,0.0,1.9809999800878832,center_unidentifiable
14,stage,700,1468,2749,3516,19.287021,23.128591,768,2.5455544387683102,2.7248577162178886,2.383024861451155,2.95916897857657,0.24102182774268477,0.39299470312666734,0.827755304105278,0.8154464170302029,332.5636993427417,27.43630065725829,2.93447345325626,3.0,8.953394547974302,11.95457121888326,32.530338402486635,1.1831395819645425,0.0,0.381341404924187,center_unidentifiable
14,stage,720,1488,2769,3536,19.387193,23.228763,768,2.552870499926326,2.7091965904574975,2.3430894675975464,3.0156440012981305,0.2443785671640249,0.3897224637087262,0.8224596155042817,0.8221196365649999,308.3622581774523,51.63774182254772,2.8551376980757297,2.0,0.8840975593005057,1.1194576337320035,1.5265657066768434,1.5196637856547064,0.0,0.07073331182063304,center_unidentifiable
14,stage,740,1508,2789,3556,19.487364,23.328934,768,2.5519532457531913,2.7184575199959036,1.9951771470334816,3.537205033459676,0.24404207685142165,0.39342167472598066,0.8333431650636565,0.9167881485669319,80.98896568637474,279.01103431362526,2.8546071275861755,2.0,1.1453932910835307,1.3985080870650521,4.061674273274547,4.057188868484942,0.0,0.03813376686533671,center_unidentifiable
14,stage,760,1528,2809,3576,19.587535,23.429105,768,2.559879481314087,2.7016853429594008,-2.5262827400950574,10.290339677334385,0.24738320555094795,0.39796310235641136,0.8268710290659145,1.6049591458085681,6.717909290895818,353.2820907091042,2.7761577713577545,2.0,0.8945673959331777,0.9951974030699199,36.92542863675459,36.928396083792634,0.0,0.07498799974641193,center_unidentifiable
14,stage,780,1548,2829,3596,19.687707,23.529277,768,,,,,,,,,,,,,,,,,,,fit_failed
14,stage,800,1568,2849,3616,19.787878,23.629448,768,,,,,,,,,,,,,,,,,,,fit_failed
14,stage,820,1588,2869,3636,19.888049,23.729619,768,,,,,,,,,,,,,,,,,,,fit_failed
14,stage,840,1608,2889,3656,19.988221,23.829791,768,,,,,,,,,,,,,,,,,,,fit_failed
14,stage,860,1628,2909,3676,20.088392,23.929962,768,,,,,,,,,,,,,,,,,,,fit_failed
14,stage,880,1648,2929,3696,20.188563,24.030133,768,,,,,,,,,,,,,,,,,,,fit_failed
14,stage,900,1668,2949,3716,20.288735,24.130305,768,2.5856531813695844,2.8796289794225705,1.8690843736201712,3.502103673048986,0.2581033708172872,0.37967820883242015,0.7752859950248865,0.9795765049028037,75.30948013237656,284.69051986762344,2.405329244625583,3.0,3.592591452673198,4.810178161070273,10.828004013847833,3.67752478164334,0.0,0.8432162351953431,center_unidentifiable
14,stage,920,1688,2969,3736,20.388906,24.230476,768,,,,,,,,,,,,,,,,,,,fit_failed
14,stage,940,1708,2989,3756,20.489077,24.330647,768,,,,,,,,,,,,,,,,,,,fit_failed
14,stage,960,1728,3009,3776,20.589249,24.430819,768,,,,,,,,,,,,,,,,,,,fit_failed
14,stage,980,1748,3029,3796,20.68942,24.53099,768,,,,,,,,,,,,,,,,,,,fit_failed
14,stage,1000,1768,3049,3816,20.789591,24.631161,768,,,,,,,,,,,,,,,,,,,fit_failed
14,stage,1020,1788,3069,3836,20.889762,24.731333,768,2.916379440477617,2.407554579388734,2.3561913614418297,2.9310351226426405,0.6081594179538423,0.16896251408234272,0.33480304551775764,0.35060676327569423,348.76546842278333,11.234531577216673,2.0235312498540248,3.0,0.8234220624077753,0.6685194881595222,1.880338878591334,1.260703845305213,0.0,0.726171679949467,center_unidentifiable
14,stage,1040,1808,3089,3856,20.989934,24.831504,768,2.7013371938129915,2.594519246689374,2.3950081771323717,2.8907788818312823,0.357598721109453,0.28016704181191515,0.5473226674823141,0.5416953123684602,351.3087877396033,8.691212260396721,2.0490921819499133,2.0,0.21549740298064718,0.1752929218038302,0.9302774534482025,1.1917100986939633,0.0,0.7968549269133655,center_unidentifiable
14,stage,1060,1828,3109,3876,21.090105,24.931675,768,2.747917750836987,2.5506796894959547,2.404982667464912,2.880932772205128,0.4130156875531108,0.24051437798459274,0.47353958569004284,0.46899194625928686,351.30303273514016,8.696967264859824,2.0421058983322724,2.0,0.06720149121579674,0.03207936408736459,0.5265780410899289,1.1527416329896907,0.0,0.15487558496317608,center_unidentifiable
14,stage,1080,1848,3129,3896,21.190276,25.031846,768,2.5856531813695844,3.2466579374895987,2.4223892105725913,2.8652793262265384,0.5063548957797503,0.19452541477402907,0.3865208526924965,1.0832286333938026,353.4532911785292,6.5467088214708244,2.040441825755152,3.0,0.37363909690311276,0.32831601343182226,0.9583821107952664,0.8192971409771583,0.0,1.4113492966254828,center_unidentifiable
14,stage,1100,1868,3149,3916,21.290448,25.132018,768,2.5856531813695844,3.3655471483154513,2.441705256289937,2.8520895824059136,0.6149887472800533,0.16314904497740781,0.3220417469117131,1.0353772972523172,355.93116096171855,4.068839038281477,2.040602598815109,3.0,0.4422473633791998,0.4050525326412618,1.2418039632549487,0.8670953093170759,0.0,0.19331932714488004,center_unidentifiable
14,stage,1120,1888,3169,3936,21.390619,25.232189,768,2.8446911057493107,2.4762740083650248,2.5235422903751923,2.793452916848962,0.5214767835695246,0.20913625667810648,0.39256976892659096,0.40696269316575084,356.3311161525193,3.668883847480663,2.089643014521071,3.0,0.3310400200528017,0.3075390036613389,1.013722649437116,0.86556986896909,0.0,1.7761728185502688,center_unidentifiable
14,stage,1140,1908,3189,3956,21.49079,25.33236,768,2.5856531813695844,2.8796289794225705,2.52061096617404,2.8006999994022985,0.26719931210433456,0.4082812208778771,0.7689480822136667,0.9786839113354722,355.697879101737,4.302120898263001,2.1412019961819,3.0,0.49690762819827344,0.41774220131111217,1.6129062386441066,0.38276849737976787,0.0,1.7940551208996236,center_unidentifiable
14,stage,1160,1928,3209,3976,21.590962,25.432532,768,2.5856531813695844,2.8796289794225705,2.5482208710502263,2.775016944593616,0.26564847115721474,0.40942563402357457,0.7650257242345934,0.9849386457356376,355.6185345793751,4.381465420624946,2.1431476760247907,3.0,0.5550322670274329,0.4600597879609682,1.7366521708110072,0.4182497478747916,0.0,0.0,center_unidentifiable
14,stage,1180,1948,3229,3996,21.691133,25.532703,768,2.5856531813695844,2.8796289794225705,2.555993946751605,2.7691126315090084,0.26264031263011445,0.4157380752659105,0.7814256530556682,0.9929809442185785,356.2036238588908,3.79637614110919,2.116149296456404,3.0,0.29974730385572695,0.2116251391046379,0.8688802738645031,0.4356794169050669,0.0,0.0,center_unidentifiable
14,stage,1200,1968,3249,4016,21.791304,25.632874,768,2.120907938626771,3.3702969559110736,2.547868050763661,2.7748502712782397,0.7354035625519189,0.14924639710750057,0.2776228301995934,0.5720259745596177,355.9222614857503,4.077738514249702,2.1252153618830505,4.0,0.1905713248710522,0.14138102439684727,0.3995306895574715,0.9963259306535723,0.0,0.9189890094958683,center_unidentifiable
14,stage,1220,1988,3269,4036,21.891476,25.733046,768,2.495853873156075,2.793644048628299,2.555437798788196,2.7691648398711295,0.23745748769659175,0.4676802524044694,0.8578126551306625,0.8464311352439841,356.11262034290127,3.8873796570987347,2.146082218968466,4.0,11.016120216557544,7.965390018802419,31.18977445279544,0.271275612223116,0.0,2.8966537529539544,center_unidentifiable
14,stage,1240,2008,3289,4056,21.991647,25.833217,768,2.4964427259306183,2.792896854767723,2.536335159435675,2.784213289196038,0.23940706580225363,0.4601923264500759,0.8486591098999374,0.8418594888988276,354.9835710643342,5.01642893566577,2.124340376561117,4.0,1.013475919636712,0.7449243461162537,2.716046935404901,0.17053210698761073,0.0,0.003973730630323062,center_unidentifiable
14,stage,1260,2028,3309,4076,22.091818,25.933388,768,2.277839813660067,2.9099734257928356,2.913062590421143,2.5006855474509475,0.3315643228240877,0.2972400340264947,0.5774261390861694,0.5903077347506361,193.43160458373674,166.56839541626326,2.235585310720292,3.0,0.051761675237433455,0.08280422514248083,0.8169813092853262,2.279080128268149,0.0,0.7479096417966805,center_unidentifiable
14,stage,1280,2048,3329,4096,22.19199,26.03356,768,2.360604703326962,2.837097922333132,2.9388463904889477,2.472485359543467,0.2721998423674785,0.360355821238997,0.6954411485600026,0.7278667530171343,179.48530611525277,180.51469388474723,2.243725397516226,2.0,0.25642156867039806,0.10151233648233345,1.359454631755207,2.511381566597659,0.0,0.40512997904068704,center_unidentifiable
14,stage,1300,2068,3349,4116,22.292161,26.133731,768,2.5856531813695844,3.2286606173777734,2.7989659777779288,2.5694897233126848,0.49253489510727594,0.19590213449195404,0.38648519834908657,1.1164205073128355,316.2602804490566,43.73971955094338,2.265715968407027,3.0,0.21009711894562222,0.20504951862417614,0.4828819074429106,1.4066547333911787,0.0,0.9169468987016918,center_unidentifiable
14,stage,1320,2088,3369,4136,22.392332,26.233902,768,2.622071948063167,2.6899998521763697,2.565960288462232,2.738346909309087,0.2879630271439909,0.33588468071209254,0.6525882107898318,0.6450596539776388,353.9056421032451,6.094357896754878,2.2872531207221707,3.0,0.7090053779403708,0.4426110458003761,1.9939148281740189,0.2572109424023682,0.0,1.8748604649086085,center_unidentifiable
14,stage,1340,2108,3389,4156,22.492504,26.334074,768,2.631940473119025,2.689246786396017,2.5644839219253246,2.741141632789763,0.29692430369082234,0.32135308547026437,0.6459292997022239,0.6310875141103198,353.61646101565384,6.383538984346159,2.2917590118221485,3.0,0.5916484418001223,0.37798357841219443,1.6498835867101875,0.2866337514944542,0.0,0.03333245678164923,center_unidentifiable
14,stage,1360,2128,3409,4176,22.592675,26.434245,768,2.6155657161519725,2.7043389577655392,2.573461274671689,2.738448510957481,0.2829555840929199,0.341465205505726,0.6663290307846313,0.6622176203897499,352.3363585792713,7.663641420728712,2.2884311840093345,3.0,1.5088070018250517,1.1310254114894556,4.046606797349562,0.19150403156984905,0.0,0.0787012345051289,center_unidentifiable
14,stage,1380,2148,3429,4196,22.692846,26.534416,768,2.584004796005373,2.731700583054186,2.565280664045255,2.7511552659911627,0.2624786353748913,0.3646981876355006,0.6996786851277449,0.7072038360401686,353.69943289759533,6.300567102404694,2.2881593308941013,3.0,3.5688608337902137,2.8056412205413808,9.513411012328817,0.10287100423181927,0.0,0.15913755133984858,center_unidentifiable
14,stage,1400,2168,3449,4216,22.793018,26.634588,768,2.5836694734782464,2.732892105036776,2.592168403514976,2.7363582557427915,0.25980837550781327,0.3697027921258467,0.703415730362845,0.7160938384825429,342.62577335042266,17.37422664957736,2.258898038527974,3.0,2.0586427378473595,1.5709656890709853,5.258233518199892,0.0353282015681989,0.0,0.0047643070067715345,center_unidentifiable
14,stage,1420,2188,3469,4236,22.893189,26.734759,768,2.6194430024510504,2.716389488717745,2.5542206277933417,2.7681440444074044,0.2698303509600265,0.3480155685356986,0.6638181692084927,0.6652816328787111,353.59376425748115,6.406235742518867,2.2548295660903452,4.0,1.2917078646016171,0.9310120316113817,3.448744119056652,0.3085701390915423,0.0,0.1460045848672685,center_unidentifiable
14,stage,1440,2208,3489,4256,22.99336,26.83493,768,2.6024975199969953,2.7382430734855765,2.4938091805864637,2.8263316036312838,0.24894186965484522,0.3784758626413847,0.7280489235674993,0.7130527591839221,355.6097567315446,4.390243268455355,2.1924575281111407,4.0,0.7624942914396777,0.4985056890355536,1.8235528072043636,0.5619891279283455,0.0,0.11108507257947707,center_unidentifiable
14,stage,1460,2228,3509,4276,23.093531,26.935102,768,2.672483767817848,2.695761834022012,2.575287467500681,2.777152507346158,0.2877030119808538,0.31806811931656104,0.6196865268456968,0.6189879524182935,354.1835548871542,5.816445112845834,2.1887390479962026,4.0,0.6871436169428906,0.43519154717164327,1.100181901642394,0.4406407341889829,0.0,0.28456499357285586,center_unidentifiable
14,stage,1480,2248,3529,4296,23.193703,27.035273,768,2.881163728138083,2.568210439019334,2.6169911922858393,2.7631914125694084,0.47220680118023406,0.18818424614035903,0.37393598971582875,0.3926276206793228,352.5374501754089,7.462549824591138,2.2525404316056146,3.0,0.3213264320746856,0.21447083646624365,0.6634977806733061,0.695323051381209,0.0,0.5179393766018868,center_unidentifiable
14,stage,1500,2268,3549,4316,23.293874,27.135444,768,2.9460965452092323,2.5160354047880693,2.6806411247992252,2.7283584160485796,0.5422069669152494,0.1584019322170001,0.32274510885582797,0.34328893255171034,353.49017188554967,6.509828114450335,2.3036643402489294,3.0,0.31771112647611893,0.24310445137519743,0.8732546898105088,0.6269247980667745,0.0,0.15362710865975987,center_unidentifiable
14,stage,1520,2288,3569,4336,23.394045,27.235615,768,3.0722483005432464,2.419464547920674,2.7118335654941244,2.7143895564113913,0.6816878493018994,0.12244430812140157,0.2515252519953004,0.31395871818301496,350.7552562767071,9.24474372329293,2.434690647462567,4.0,0.6843009049562804,0.5223149626975322,1.4670426281724842,0.6831620618109921,0.0,0.23305627811320226,center_unidentifiable
14,stage,1540,2308,3589,4356,23.494217,27.335787,768,2.5856531813695844,2.8796289794225705,2.6815745838428593,2.7463234626281525,0.2172764414680247,0.3719051732974801,0.7565837138853649,0.767835627327665,354.9140712309056,5.085928769094375,2.4850207562008695,4.0,1.1693632944926269,1.0334621190464206,3.424697244956811,0.7558543361952489,0.0,3.0823448596944614,center_unidentifiable
14,stage,1560,2328,3609,4376,23.594388,27.435958,768,2.5856531813695844,2.8796289794225705,2.677643392454775,2.7473204158914073,0.2173810273742568,0.3709706897449916,0.7634404779428521,0.7773852591982485,354.8942049990265,5.1057950009734805,2.5007176634701302,4.0,1.2789860527922798,1.1060657321934468,3.708545097849771,0.7413026708957786,0.0,0.0,center_unidentifiable
14,stage,1580,2348,3629,4396,23.694559,27.536129,768,2.5856531813695844,2.8796289794225705,2.6853798061249043,2.743462538057162,0.21765835070822676,0.37319406144725786,0.7634703805891673,0.7810517844158783,353.9107413708122,6.089258629187805,2.528154964437863,4.0,1.745578475010829,1.5119919732323763,5.07676792269491,0.7754355950679677,0.0,0.0,center_unidentifiable
14,stage,1600,2368,3649,4416,23.794731,27.636301,768,2.5856531813695844,2.8796289794225705,2.7013260951914626,2.73647803705033,0.2214745854207691,0.3691817857949825,0.7574826644450544,0.7795705573290838,352.1537747100717,7.846225289928301,2.5450796846319355,4.0,1.5402928515250427,1.3579149908077792,4.462454136800838,0.8309964821568164,0.0,0.0,center_unidentifiable
14,stage,1620,2388,3669,4436,23.894902,27.736472,768,2.5856531813695844,2.8796289794225705,2.712421863118866,2.7274768636065456,0.2255250496472837,0.36078579798007393,0.7494202657528722,0.7768402290473135,353.1951825423985,6.804817457601489,2.572865838756364,4.0,1.2794132700526395,1.1465075963766704,3.7180172416287003,0.878136715854252,0.0,0.0,center_unidentifiable
14,stage,1640,2408,3689,4456,23.995073,27.836643,768,2.8198534275812186,2.607864438086958,2.7008315219818275,2.7367448906680942,0.3863186473227066,0.21191200733364024,0.4359900568907089,0.4572629035421019,353.91613724540775,6.083862754592229,2.5372839733061325,4.0,0.15958326655243432,0.17240133774048905,0.4221281972886206,0.45411216048411635,0.0,0.928652547866395,center_unidentifiable
14,stage,1660,2428,3709,4476,24.095245,27.936815,768,2.712799226706664,2.706123161371405,2.6577945883364187,2.772307412201153,0.28506785493845144,0.2814254623541375,0.5963625360497767,0.6091304275664021,354.3808021844067,5.619197815593262,2.3794424411171513,4.0,0.1168777985297483,0.11961242106848125,0.27210923695004935,0.3018836946767596,0.0,0.5097429040810523,center_unidentifiable
14,stage,1680,2448,3729,4496,24.195416,28.036986,768,2.726678765939276,2.710999871051713,2.6627506808625743,2.7774634037019297,0.28627342873304784,0.28022715771880596,0.5779477719091217,0.5801437735909507,353.9470339341606,6.052966065839419,2.3944180120293517,4.0,0.1358810578855346,0.13198357089493065,0.3403921922701481,0.32213337631902095,0.0,0.05138916681497241,center_unidentifiable
14,stage,1700,2468,3749,4516,24.295587,28.137157,768,2.75324710417822,2.6892147381986353,2.667737272780121,2.771798880785084,0.30364655352118475,0.26470465771973367,0.5398580258663261,0.5429623532601972,353.1871061097211,6.812893890278881,2.4043099789038944,4.0,0.23823156650348523,0.24587382969540844,0.50917249820719,0.39150252070912883,0.0,0.11315112219914036,center_unidentifiable
14,stage,1720,2488,3769,4536,24.395759,28.237329,768,2.7415699079595393,2.7051838362974516,2.699989678796542,2.7433471089360046,0.28916170576548383,0.27648139326614046,0.5661923290087715,0.5674583941378277,352.651434504505,7.348565495495001,2.4656512571097533,4.0,1.2963114180567115,1.1679592587802272,2.7400136068002867,0.1951811436293942,0.0,0.0684151740931089,center_unidentifiable
14,stage,1740,2508,3789,4556,24.49593,28.3375,768,2.6852399198727026,2.7815878508172105,2.638341638166943,2.81768554651915,0.2386039722666116,0.3227483916407058,0.6485752111341259,0.6510236902153265,355.3571191695102,4.642880830489777,2.7892224032953843,2.0,0.10759016020191144,0.0866378783356356,0.2333479083456368,0.24803383895078776,0.0,0.39783242203066366,center_unidentifiable
14,stage,1760,2528,3809,4576,24.596101,28.437671,768,2.6609392768529156,2.8146033308599248,2.58689233617892,2.8653854548754536,0.2262127374999618,0.3302335913803669,0.6768472684156611,0.6754434184110971,355.9989570250676,4.001042974932402,2.855082400998593,4.0,1.0377552642319887,0.742595363228954,2.825959130296453,0.3969156672290057,0.0,0.1812206908468993,center_unidentifiable
14,stage,1780,2548,3829,4596,24.696273,28.537843,768,2.663726068842998,2.8146198931150956,2.5792060744693592,2.870692176610583,0.22405220306356505,0.33705140451224047,0.6808023897437417,0.6772437507355842,356.96671283424075,3.0332871657592735,2.711425164348199,3.0,0.5181565802073499,0.3619910055708811,1.0571229941304852,0.4527000779095534,0.0,0.012438356629948142,center_unidentifiable
14,stage,1800,2568,3849,4616,24.796444,28.638014,768,2.665326088919314,2.8168732371014347,2.545884649361144,2.892245390756956,0.2194604708696241,0.3426828484169912,0.6972683925782017,0.7053662666252497,355.6129767481493,4.387023251850687,2.4234085330826516,3.0,0.5748460349353111,0.39096971669166936,1.002029065449097,0.6435538185525419,0.0,0.012592814686457543,center_unidentifiable
14,stage,1820,2588,3869,4636,24.896615,28.738185,768,2.6909235078527556,2.795796744304459,2.5950125323527082,2.8588479345536633,0.22860619537010696,0.3256963227136572,0.6681119140690187,0.6679824446295678,355.73149519796965,4.268504802030324,2.385310315572872,3.0,0.643206920302823,0.4437180650193665,1.3752385799294982,0.5020845947098121,0.0,0.14504375542416761,center_unidentifiable
14,stage,1840,2608,3889,4656,24.996787,28.838357,768,2.697096987744237,2.7929817156442867,2.6137801886498297,2.8461984624822647,0.23165131108014655,0.3176195466947742,0.6578872168919948,0.6537296830662231,355.18129210079456,4.818707899205447,2.402856520210495,4.0,5.656470939477021,4.3045003832134485,16.35726311386895,0.42677108548644044,0.0,0.029289716073359083,center_unidentifiable
14,stage,1860,2628,3909,4676,25.096958,28.938528,768,2.6817542036610997,2.805235036873186,2.6198057822468868,2.8400527994796536,0.22493743549110984,0.3302434083763814,0.6776824049886025,0.6739139880107842,355.9850499142629,4.014950085737103,2.414569302229199,4.0,0.30558646710035786,0.2012481216574456,0.6454077391068349,0.31592132375602305,0.0,0.08729226138701279,center_unidentifiable
14,stage,1880,2648,3929,4696,25.197129,29.038699,768,2.669264046402172,2.8108465534611313,2.5794895212271833,2.857519608321192,0.22315362380056294,0.33194726080807657,0.6786025829121279,0.6868323190096266,356.6810304921807,3.318969507819311,2.418145186303091,4.0,0.32114200724540903,0.18938770097323443,0.4715218234836205,0.4534195200949261,0.0,0.06136048098858302,center_unidentifiable
14,stage,1900,2668,3949,4716,25.2973,29.138871,768,2.543702740198029,2.907887441485464,2.5661403611249356,2.86079428699913,0.20553025444059442,0.35664779695401416,0.7344011315160587,0.7415017321147421,354.9411231412229,5.058876858777116,2.378934234353569,4.0,0.3632840029811256,0.2667870635445217,0.9185817378267886,0.25380807277742967,3.371929693905524,0.7721013521419028,center_unidentifiable
14,stage,1920,2688,3969,4736,25.397472,29.239042,768,2.773936583102408,2.715270019637644,2.5726539398809907,2.8587159996035467,0.30477444631927475,0.23559920916423308,0.4924280489250522,0.48931570579324724,356.5367024651088,3.4632975348911548,2.373853397325687,3.0,0.6371289736967919,0.5608397734208304,1.6866965510847185,0.8109828522890733,1.135674328244006,0.9849308931763787,center_unidentifiable
14,stage,1940,2708,3989,4756,25.497643,29.339213,768,2.268990124135087,3.190088884311564,2.5900000753134402,2.8450004542192575,0.46985300936360785,0.1518466290326956,0.3196174373388858,0.46578106315397055,356.604654247748,3.3953457522520027,2.347216726577467,3.0,2.011766091491114,1.5320113215981621,5.312890659561223,1.0031016210179513,0.013350621550809112,1.4751978836670683,center_unidentifiable
14,stage,1960,2728,4009,4776,25.597814,29.439384,768,2.2229154159665927,3.1284581254949204,2.5443402153866734,2.875641008857254,0.46193003227268925,0.15582411929001522,0.32216924313186396,0.387794424459586,356.38476987166666,3.6152301283333497,2.5597579802822423,4.0,0.30405656278069326,0.22688475065404637,0.7392370387973364,0.8852815444973556,0.0,0.16658263830571757,center_unidentifiable
14,stage,1980,2748,4029,4796,25.697986,29.539556,768,2.409546821218581,2.9910520500712288,2.5564737386224463,2.8674240470720354,0.27527711391088777,0.25487423832764233,0.5452100104198718,0.5495919875766829,356.5625438800689,3.4374561199310905,2.73180753208526,4.0,0.3592484185260416,0.26765358424149926,0.8280362365511715,0.6975490000733774,1.2958428399691029,0.8419075170483504,center_unidentifiable
14,stage,2000,2768,4049,4816,25.798157,29.639727,768,2.289435445337619,3.0753167189976027,2.550001544618092,2.872616606206646,0.3721357447339125,0.18692566827068532,0.40329412036017004,0.4288242736086039,356.0179570015073,3.9820429984927097,2.6838427726366136,4.0,0.41705660331778976,0.304800683646398,1.0376384397946934,0.8871070996314789,1.7330602410141096,0.3942694823914045,center_unidentifiable
14,stage,2020,2788,4069,4836,25.898328,29.739898,768,2.2980800261662133,3.0686587016585416,2.5562993757258203,2.867844916979421,0.350460262076811,0.19927177633681933,0.4296644000069348,0.4504030866031105,356.640652513994,3.35934748600604,2.646260671666256,4.0,0.38818872441217206,0.2861278822409825,0.9230688290631224,0.933383296866305,1.4117988062181865,0.03113439708031499,center_unidentifiable
14,stage,2040,2808,4089,4856,25.9985,29.84007,768,2.471274567739927,2.9428137836405894,2.5603530511674886,2.8635577812735917,0.23617556065701711,0.2939772736573394,0.63862001907515,0.6415280434668421,355.9774175280261,4.022582471973944,2.594763803540039,4.0,0.27155030335393676,0.18825843260171388,0.5412877647060395,0.5048486959493955,1.683298865808574,0.9064744631804572,center_unidentifiable
14,stage,2060,2828,4109,4876,26.098671,29.940241,768,2.518898752323573,2.9011639389200785,2.5333421015391395,2.8868143745530865,0.22301885757483048,0.32568673251058305,0.6909465448729493,0.6966309986399735,354.5780211764564,5.421978823543597,2.5727003083347557,4.0,0.16792884106759912,0.07736983947144416,0.3165293094360017,0.09129170810124515,0.0,0.2836866299533923,center_unidentifiable
14,stage,2080,2848,4129,4896,26.198842,30.040412,768,2.5245299699808044,2.8934824804281107,2.453482447763263,2.967296896180453,0.22645735552703322,0.3518883745748536,0.7099092623742321,0.7207406000848318,353.2522090998335,6.747790900166491,2.4732556658359774,4.0,0.17417153121004325,0.16869237450067381,0.4672718456921893,0.45240986502671465,0.0,0.042058532842779474,center_unidentifiable
14,stage,2100,2868,4149,4916,26.299014,30.140584,768,2.5720161753419855,2.8594547302885376,2.4505588887494345,2.9657642879552886,0.2314229892364544,0.3487090003570134,0.7021377710337973,0.707551666125902,355.1960446504647,4.803955349535297,2.4492574980638064,4.0,0.2924345378737885,0.2643004384390862,0.7270582380206254,0.6974728806694708,0.0,0.25243563881074055,center_unidentifiable
14,stage,2120,2888,4169,4936,26.399185,30.240755,768,2.585660306710313,2.8513013298677734,2.4584334240381684,2.9614674880077274,0.23580820244964892,0.3409780646048581,0.6809175569976984,0.688888092015899,352.4250460814906,7.5749539185093635,2.4523632058942466,4.0,0.37076141861346557,0.3139139419106442,0.725563517857007,0.7136951208656704,0.0,0.06740504010530315,center_unidentifiable
14,stage,2140,2908,4189,4956,26.499356,30.340926,768,2.582780507788165,2.851169528890472,2.4809899144441836,2.944732054983094,0.23693941593820647,0.34272575128279653,0.6754577194541774,0.6854558875150116,354.3828811613521,5.617118838647931,2.454403596177065,4.0,0.24476181128878954,0.22108748025657063,0.46539567603009174,0.5835162006386102,0.0,0.012166879995658299,center_unidentifiable
14,stage,2160,2928,4209,4976,26.599528,30.441098,768,2.572075349608605,2.8555145056293827,2.5037318632385097,2.9261919091061825,0.24123489514493238,0.33740625189529,0.6695842018348347,0.6748359361737728,355.2658814704819,4.734118529518103,2.4837203621856334,4.0,0.20135312472789696,0.18233004275464304,0.42170640469215775,0.4075549101836973,0.0,0.047892413557387936,center_unidentifiable
14,stage,2180,2948,4229,4996,26.699699,30.541269,768,2.5757360222040413,2.8535205169174422,2.5156772761768877,2.9158073598545853,0.24772742793025598,0.3233399526273287,0.6542317328818359,0.6597498240546568,355.93403242807256,4.065967571927428,2.5048302834881473,4.0,0.2292883912533859,0.19338658760565144,0.4158968262302671,0.34927799990178204,0.0,0.016827021288885705,center_unidentifiable
14,stage,2200,2968,4249,5016,26.79987,30.64144,768,2.5557011308918174,2.8717407638685963,2.511296077899639,2.922408945186376,0.2423318071994151,0.32515400852243337,0.6639109616230972,0.6723682438838877,355.42183214042274,4.578167859577248,2.5305183227400847,4.0,0.24604481133304457,0.19693242155960555,0.4866036971591947,0.2780181687179866,0.0,0.11175125601549961,center_unidentifiable
14,stage,2220,2988,4269,5036,26.900042,30.741612,768,2.57670711500486,2.8495006083650725,2.5236664909605078,2.90674302900356,0.25058236484503216,0.3040596215439064,0.6354639672574928,0.6444584318276431,355.6737207746544,4.326279225345612,2.668684240254567,4.0,0.26880175295864017,0.22195690759876432,0.547640528341824,0.3114284129766452,0.0,0.12208396479364943,center_unidentifiable
14,stage,2240,3008,4289,5056,27.000213,30.841783,768,2.5736211764807857,2.849545673698218,2.4698035593736964,2.9464154922882626,0.25210647623142846,0.3089570644910729,0.6406249527025383,0.6546325156518751,356.9284488281446,3.0715511718554076,2.7286847060062738,4.0,0.51897905127659,0.4409462921513717,1.2335322232373662,0.563224176197898,0.0,0.0122419209820455,center_unidentifiable
14,stage,2260,3028,4309,5076,27.100384,30.941954,768,2.510077226114531,2.8976859198031177,2.4182344268357894,2.9901351894022485,0.23314249731870984,0.33902385099128407,0.7032241163912742,0.720211869690961,354.670218722175,5.329781277825025,2.679033545678953,4.0,0.3732120685205771,0.3034008936803322,0.7889776748640033,0.5589494782533688,0.0,0.34193783858394067,center_unidentifiable
14,stage,2280,3048,4329,5096,27.200556,31.042126,768,2.4079197207375227,2.9970420006450955,2.39572004426143,3.0062570772614787,0.24492672807046034,0.3180209175155524,0.6672047131521707,0.6653348274694091,354.5963549660019,5.403645033998113,2.6548808763686647,4.0,0.09630589083219784,0.06076942632586756,0.21290174533325346,0.06242224592036977,0.0,0.5818286675712484,nonelliptic_or_noisy
14,stage,2300,3068,4349,5116,27.300727,31.142297,768,2.402616546490421,2.997701234405959,2.404374341488074,3.0025913593700704,0.24196423967036135,0.32859215618119725,0.6768346918960592,0.6796779306732021,355.3897041605707,4.610295839429296,2.5634230005392884,3.0,0.1063297984195972,0.08307048247466886,0.25047856050183726,0.02147613636373193,0.0,0.02208587355588677,center_unidentifiable
14,stage,2320,3088,4369,5136,27.400898,31.242468,768,2.377048145791403,3.0248579096909607,2.3789195207490135,3.020475999206194,0.246911397473058,0.32092295212614036,0.6697991692593104,0.6686551187909229,354.01840610720814,5.9815938927918495,2.509579056724532,4.0,1.4334946947213074,1.0579601161053096,4.1315123965417575,0.019297553088540864,0.0,0.15106297632910395,center_unidentifiable
14,stage,2340,3108,4389,5156,27.501069,31.34264,768,2.405380600029155,3.0005191232319723,2.381416337583843,3.0185595777073706,0.23798055957230835,0.3295364091894956,0.6932596333969648,0.692317711391094,353.8760579015615,6.123942098438488,2.3891069130254627,4.0,1.2609053199422762,0.9136681754446159,3.51977338233285,0.12604277825857857,0.0,0.15695020481394667,center_unidentifiable
14,stage,2360,3128,4409,5176,27.601241,31.442811,768,2.4388882685899005,2.970981649226027,2.3845199183058305,3.015869402212279,0.2315342411715638,0.34243122571013845,0.7120667496383675,0.7157728248492167,353.72767453768364,6.27232546231637,2.3916637297096646,4.0,0.19916580449979268,0.1792853773064709,0.37959713074374685,0.30450830066981166,0.0,0.1929215954767734,center_unidentifiable
14,stage,2380,3148,4429,5196,27.701412,31.542982,768,2.4154992053304727,2.9868879949071876,2.383353133703008,3.0171618537909577,0.2285979046524798,0.335914752245122,0.7291088485760205,0.7308443160381274,353.77015965650554,6.2298403434944705,2.2070860864349084,4.0,0.09783317561444607,0.1049823576219513,0.1949996334209472,0.19316627368021377,0.0,0.12373400329150012,nonelliptic_or_noisy
14,stage,2400,3168,4449,5216,27.801583,31.643153,768,2.4149233451942336,2.9882662764622143,2.3838502810556403,3.017088159495743,0.22148465368693288,0.34577794061097705,0.7559796906030107,0.7551390196750364,353.73262841467727,6.267371585322748,2.1740212008497846,4.0,0.1152613318911153,0.10202416319574363,0.20851448365649858,0.19135423973066062,0.0,0.006744238250420788,nonelliptic_or_noisy
14,stage,2420,3188,4469,5236,27.901755,31.743325,768,2.413055911092433,2.988731057074272,2.3926387345678513,3.0109425314526987,0.22262421691303358,0.35558243757915625,0.7505201881313714,0.7541876359308017,354.17336538016593,5.826634619834045,2.1629036213241073,4.0,0.10848526251703212,0.10039084309252416,0.2113587106560153,0.13551849232086993,0.0,0.00864418133460963,nonelliptic_or_noisy
14,stage,2440,3208,4489,5256,28.001926,31.843496,768,2.3693852173134697,3.0347232236903645,2.3983555629191486,3.0050020577359997,0.23824591846030296,0.3398333822136746,0.6973984494869315,0.6976704009947958,354.07097526944847,5.929024730551537,2.1740021209096145,4.0,0.11422138504708744,0.1534155894693227,0.26487201515220227,0.17420890912702014,0.0,0.26620587659596645,center_unidentifiable
14,stage,2460,3228,4509,5276,28.102097,31.943667,768,2.353922487362539,3.0391557097065216,2.387885734505443,3.0108093294392506,0.2381843265339357,0.3394786133848438,0.696251267549463,0.6985067635436752,353.7778336167097,6.222166383290296,2.1965208064873107,4.0,0.14220152314617518,0.09604419144589314,0.19259729758861707,0.1857309965792152,0.0,0.06753378373156599,nonelliptic_or_noisy
14,stage,2480,3248,4529,5296,28.202269,32.043839,768,2.3512635312339016,3.0418056314175477,2.409604820528421,2.9860318054005472,0.23781921712311715,0.3530655639352247,0.7061675594903526,0.7072543807641481,356.0386224905891,3.961377509410915,2.158022185750642,4.0,0.15941045353166647,0.16620449905388462,0.3337836590575584,0.3393838113743743,0.0,0.015784884846516214,center_unidentifiable
14,stage,2500,3268,4549,5316,28.30244,32.14401,768,2.3565869295746884,3.0486067828663095,2.4261170196940736,2.9746351541649276,0.2369519682318001,0.35597782955198537,0.703002820674209,0.6976312936056851,356.115527835928,3.884472164072029,2.1902260089789336,4.0,3.5572220369679903,3.2030264280855807,11.02132092687355,0.42843969942053234,0.0,0.03644956081655031,center_unidentifiable
14,stage,2520,3288,4569,5336,28.402611,32.244181,768,2.3543579014707783,3.0438160975495605,2.407970805222417,2.993054827531062,0.24095448994548874,0.3499077785875569,0.6921474984682245,0.6925620234142522,355.54528858933634,4.454711410663658,2.21918170004584,4.0,0.19285751319503047,0.20261273925094003,0.4386595973498196,0.30641149851453575,0.0,0.021928893135760106,center_unidentifiable
14,stage,2540,3308,4589,5356,28.502783,32.344353,768,2.36509357753206,3.034068691613195,2.400137694914937,3.000806414618922,0.2392786159920862,0.35218381379534475,0.6942327127372196,0.6967926569346702,355.10243633987835,4.897563660121639,2.249117183682948,4.0,0.3189832290512924,0.23054865515284123,0.7001711830831665,0.20192504546153503,0.0,0.06060121383621493,center_unidentifiable
14,stage,2560,3328,4609,5376,28.602954,32.444524,768,2.375197079258489,3.02573912201677,2.4087703466095274,2.9916734215708787,0.2393281833537756,0.35157600993079235,0.6954691778472339,0.6957446901001768,355.58539705552397,4.414602944476052,2.257425397675874,4.0,0.1824710642924953,0.22416872734161822,0.3590251332886437,0.19984792274715038,0.0,0.05471302188199679,center_unidentifiable
14,stage,2580,3348,4629,5396,28.703125,32.544695,768,2.3961543557986205,3.011926559576359,2.415493877995187,2.9855800386546676,0.23590380066176891,0.35377497450419226,0.7075346490198743,0.7094423620441026,355.6032158886136,4.396784111386396,2.248072527293768,4.0,0.16880846308049888,0.20579843991331237,0.4070349514132156,0.13854232189487517,0.0,0.10639797917605688,center_unidentifiable
14,stage,2600,3368,4649,5416,28.803297,32.644867,768,2.3951150997012074,3.0131059040683676,2.413650293911278,2.987275232221391,0.24074602105844345,0.35391876881663636,0.6936767060664358,0.693952626733508,355.7659051109527,4.234094889047279,2.2614249157730812,4.0,0.17081838770195065,0.19537934468288348,0.3986419577844729,0.13205917033731113,0.0,0.006529336519548362,center_unidentifiable
14,stage,2620,3388,4669,5436,28.903468,32.745038,768,2.416464964605004,2.9999730210890236,2.4095638528724264,2.9931252079584385,0.24096809642472655,0.35161269290849423,0.6980415999028688,0.7015531836713698,354.9397178504268,5.06028214957319,2.2827196670717154,4.0,0.1213055584698656,0.17030193805691146,0.2998156617605278,0.040345718783313764,0.0,0.10402082672231773,center_unidentifiable
14,stage,2640,3408,4689,5456,29.003639,32.845209,768,2.419852743331405,3.007055141672174,2.4058710875135274,3.002460451662221,0.24399513911121157,0.34537571152518426,0.6802533071290899,0.6818154060019439,354.64704050722133,5.3529594927786475,2.32397204829883,4.0,0.2387513996461891,0.24663549701982365,0.4598394179394144,0.06031785960547067,0.0,0.03217563738097267,center_unidentifiable
14,stage,2660,3428,4709,5476,29.103811,32.945381,768,2.424845889744057,2.996457630828717,2.408243558612604,3.0008480744704347,0.24637565447161236,0.3385474926347977,0.6751944741410704,0.6689217341591903,355.72624234675095,4.273757653249047,2.358105887672518,4.0,0.1264873209009121,0.11314713141262159,0.2633206395964887,0.06970267700232838,0.0,0.04754891172298482,center_unidentifiable
14,stage,2680,3448,4729,5496,29.203982,33.045552,768,2.4325720544978098,2.9838173134333403,2.4088499396067107,2.999953072366815,0.24385291127362702,0.33918329092638394,0.6884823259954274,0.6851462691160959,355.41128112767734,4.588718872322643,2.3809877045532106,4.0,0.08710474468261505,0.09062660411188089,0.1919264840623676,0.11765184412044546,0.0,0.06075204051832453,nonelliptic_or_noisy
14,stage,2700,3468,4749,5516,29.304153,33.145723,768,2.4443385145204672,2.9698145896754453,2.4046197019238353,3.004328656386554,0.2481914656501572,0.3325828595085168,0.6768405665870595,0.6755970183428525,355.3722592307355,4.627740769264489,2.4105428133366864,4.0,0.12209311516553414,0.08823734125330233,0.1975305843782738,0.2120114575552566,0.0,0.07369329926227237,nonelliptic_or_noisy
14,stage,2720,3488,4769,5536,29.404325,33.245895,768,2.4450304980661612,2.9748161223330927,2.4247456527350173,2.9921588995781288,0.2481536482325388,0.3283445660543985,0.6658787463989901,0.6661552035741348,354.7283982657461,5.271601734253908,2.4361824246830945,4.0,0.18488082044221374,0.12149708824646285,0.32132921345090926,0.10754608642597761,0.0,0.02034697144805826,center_unidentifiable
14,stage,2740,3508,4789,5556,29.504496,33.346066,768,2.403035572607114,3.01397751684806,2.394729162363128,3.0205519754249335,0.2611210854711991,0.31363023694746844,0.6356253390136507,0.634341089360643,355.29778701657654,4.702212983423468,2.4069663666269556,4.0,0.22397919378796102,0.14865939087450214,0.39726651103879285,0.040568888208267345,0.0,0.21990239094701056,center_unidentifiable
14,stage,2760,3528,4809,5576,29.604667,33.446237,768,2.3650320147370105,3.049519530591985,2.343648904452483,3.067892299055731,0.280163770447714,0.2888398793924627,0.606079529118479,0.6052969017608245,350.0703435645646,9.929656435435398,2.4135208529333347,4.0,0.6106098657436432,0.47478458618239533,1.4933761340772402,0.10062731160677027,0.0,0.18572598585440822,center_unidentifiable
14,stage,2780,3548,4829,5596,29.704838,33.546409,768,2.3715047603401707,3.042690369080903,2.3412725226104008,3.071091813383119,0.28391596984780143,0.28538025833308717,0.5967510771633415,0.5958427921295505,349.33134387126955,10.66865612873046,2.442603907995036,4.0,0.7497029452785757,0.5850581835273981,1.896156425595217,0.14610125738937726,0.0,0.0331409484751516,center_unidentifiable
14,stage,2800,3568,4849,5616,29.80501,33.64658,768,2.3735525690090196,3.0415546578195753,2.3318760079934773,3.0804477756077304,0.28587984980240977,0.2841860344377599,0.5914645728837753,0.5922475686930956,346.86368707962845,13.136312920371555,2.4615185624289206,4.0,1.2169039030918196,0.9674552351774729,3.2941716285721667,0.19940318889135383,0.0,0.008191055166972513,center_unidentifiable
14,stage,2820,3588,4869,5636,29.905181,33.746751,768,2.32646447505436,3.0909102627209015,2.2462589512462987,3.162635145561225,0.3279727368643365,0.24443259752940968,0.5154774985299593,0.5176896331866855,334.9684272347052,25.031572765294815,2.4627212905522806,3.0,0.10727167499549381,0.1684520724875507,0.6806506892947441,0.32807073488837785,0.0,0.2079893595673162,center_unidentifiable
14,stage,2840,3608,4889,5656,30.005352,33.846922,768,2.3484668592364906,3.048920512904177,2.278632048881953,3.1088673840699883,0.3060238856599495,0.2523383971892721,0.5273772134419021,0.5255220914047942,331.9787493629697,28.02125063703029,2.5025211707587305,4.0,0.3523496190249615,0.34240967449253173,0.7170730690652466,0.30074604067766136,0.0,0.1549065528052492,center_unidentifiable
14,stage,2860,3628,4909,5676,30.105524,33.947094,768,2.3829448286258508,3.0089170873423257,2.3170915073919343,3.0656261358298638,0.27334908406817576,0.2701032719850544,0.5859770517431886,0.5834725552341038,349.6011459773215,10.398854022678526,2.557592972899742,4.0,0.6176755299191339,0.5423474623570675,1.7125769273557447,0.317928844702523,0.0,0.19319993636381003,center_unidentifiable
14,stage,2880,3648,4929,5696,30.205695,34.047265,768,2.4018415818913605,2.993939031107525,2.341197296774503,3.0470921884974476,0.26191777325002463,0.27844010478209885,0.6116224101779429,0.6072623578878327,350.07375805259943,9.926241947400579,2.578550529739535,4.0,0.28494019707627677,0.29326454401858965,0.6233820264451759,0.3078870967062808,0.0,0.09206266527312318,center_unidentifiable
14,stage,2900,3668,4949,5716,30.305866,34.147436,768,2.372526178974259,3.016092243380997,2.3249147119296545,3.057320205251372,0.2859359370650051,0.24997933866793118,0.5574700692593803,0.5518565320952261,349.8351913177192,10.16480868228083,2.6045219064169536,4.0,0.39212809438999446,0.32998921883506194,1.079393194006229,0.22026235465786045,0.0,0.12850602819431695,center_unidentifiable
14,stage,2920,3688,4969,5736,30.406038,34.247608,768,2.305806851715731,3.0725015180755495,2.168263235977823,3.1888332564669626,0.35316678769071674,0.20064923937684698,0.4550608039447637,0.4518738546625612,316.5508649775684,43.44913502243165,2.621938624873037,4.0,0.47225920235321317,0.40291757564056135,1.4394064187435156,0.5100776864743096,0.0,0.24738951310186677,center_unidentifiable
14,stage,2940,3708,4989,5756,30.506209,34.347779,768,2.2355135496382204,3.1321311942250527,1.9354879829075222,3.3833087911176367,0.4355110036588975,0.16149248253121676,0.37061977672174806,0.38047808758486557,122.36195253042263,237.63804746957737,2.5963673910418703,4.0,0.677788198278009,0.5828182472661837,1.8744202918831845,0.8984549388119725,0.0,0.21165559646125778,center_unidentifiable
14,stage,2960,3728,5009,5776,30.60638,34.44795,768,2.5856531813695844,3.333906807980336,-0.0035283674944064365,5.022219853516092,0.5002898539333548,0.14256748194042618,0.3232144625139584,0.8054082767636237,19.32182552233064,340.67817447766936,2.597565869452723,4.0,2.383350388830658,1.8679547974873996,6.6971936820805364,6.178412189549245,0.0,0.8077672412456426,center_unidentifiable
14,stage,2980,3748,5029,5796,30.706552,34.548122,768,2.5856531813695844,2.8796289794225705,-4.627347920203009,9.034876118205087,0.1968524058674852,0.3744552036589416,0.8256897013267743,1.8502037528208313,6.409142770077494,353.5908572299225,2.5668027450422857,3.0,6.548626255976775,5.286878437071237,48.0418725216771,48.16970919636331,0.0,2.307707780130311,center_unidentifiable
14,stage,3000,3768,5049,5816,30.806723,34.648293,768,2.2094444965202644,3.1881048782416315,0.32556537584371814,4.867063148341661,0.5060233585374999,0.14391973492307675,0.3148029392224578,0.4519983051051707,20.78147000183168,339.2185299981683,2.654544195766882,3.0,0.9256778917551441,0.8083651170499315,5.859366602091207,4.9868648768681325,0.0,0.96143452931201,center_unidentifiable
14,stage,3020,3788,5069,5836,30.906894,34.748464,768,2.4627612386618796,2.9372422255666915,2.4774611509143813,2.920142314810532,0.229732364858451,0.29742451638238,0.660714325564961,0.6635705110694219,353.5749230390562,6.425076960943787,2.3950836976349317,4.0,0.10866119841944125,0.13971783007322217,0.28363905128197575,0.09815691274046731,0.0,1.5518618479897182,center_unidentifiable
14,stage,3040,3808,5089,5856,31.007066,34.848636,768,2.416919627043349,2.973905048078026,2.4510773950544333,2.9419682516850374,0.2615522229783409,0.2609193741265754,0.5787399497056472,0.5806611243981655,351.4029642332071,8.597035766792885,2.290688109013349,4.0,0.1418979769308206,0.1379581350540463,0.32343147145135265,0.17878759666981264,0.0,0.22442695474081012,center_unidentifiable
14,stage,3060,3828,5109,5876,31.107237,34.948807,768,2.389464198728616,2.9909181790755515,2.4465503317527446,2.9402360658213382,0.28612168036388774,0.23488001615094248,0.5253793887817704,0.526632956253638,352.14142348054094,7.858576519459042,2.240561962611538,4.0,0.16948618279319455,0.14743460400802968,0.3191358086332835,0.26680286751020393,0.0,0.11288671642576621,center_unidentifiable
14,stage,3080,3848,5129,5896,31.207408,35.048978,768,2.4810196049766597,2.913973283034083,2.5161815513397294,2.881908417350899,0.21918094152299727,0.30165652925921904,0.6691568399213418,0.6705505324448514,355.0537454906961,4.946254509303895,2.2337043761949413,4.0,0.1387629597645755,0.13398246740798941,0.33822443966331056,0.21711264007698727,0.0,0.5456440279952604,center_unidentifiable
14,stage,3100,3868,5149,5916,31.30758,35.14915,768,2.561002268355314,2.8546194578396973,2.5661315105986024,2.842133732681459,0.18663907471805613,0.3405383816380276,0.786785835646517,0.7956695414655047,354.8665700892152,5.133429910784792,2.1927907709018744,4.0,0.09953786928868615,0.10894004996696656,0.2563007315752328,0.07232268546820982,0.0,0.5336487765884051,center_unidentifiable
14,stage,3120,3888,5169,5936,31.407751,35.249321,768,2.555479354160775,2.8575968068344517,2.561827575679168,2.8447816341035224,0.18861649593668756,0.3355069574225402,0.770214524155209,0.7810563515244532,355.4845832815446,4.515416718455411,2.2195490344123168,4.0,0.11136308172817952,0.1209855331534236,0.24446813954620725,0.07582236334526651,0.0,0.03326499986536314,nonelliptic_or_noisy
14,stage,3140,3908,5189,5956,31.507922,35.349492,768,2.551313363955785,2.8548722924211556,2.5523964416334164,2.8494086494676947,0.19331709296788074,0.3275916206048785,0.7406920690162899,0.7455296980709809,355.22984069310894,4.770159306891036,2.2529893921600834,4.0,0.09384576352772786,0.12638542929877977,0.26832755898022764,0.028812556929563617,0.0,0.025749383769025157,center_unidentifiable
14,stage,3160,3928,5209,5976,31.608094,35.449664,768,2.5538542259438173,2.8510262071192516,2.5638096388416636,2.841007892121009,0.20005860672720643,0.31088178720844123,0.7150412038190502,0.7167001871907617,354.7949264242447,5.205073575755321,2.42590572116848,4.0,0.1739076739163441,0.2045177752889991,0.35495542835460314,0.07059745495860889,0.0,0.02304121540834314,center_unidentifiable
14,stage,3180,3948,5229,5996,31.708265,35.549835,768,,,,,,,,,,,,,,,,,,,fit_failed
14,stage,3200,3968,5249,6016,31.808436,35.650006,768,,,,,,,,,,,,,,,,,,,fit_failed
14,stage,3220,3988,5269,6036,31.908607,35.750178,768,,,,,,,,,,,,,,,,,,,fit_failed
14,stage,3240,4008,5289,6056,32.008779,35.850349,768,,,,,,,,,,,,,,,,,,,fit_failed
14,stage,3260,4028,5309,6076,32.10895,35.95052,768,,,,,,,,,,,,,,,,,,,fit_failed
14,stage,3280,4048,5329,6096,32.209121,36.050691,768,,,,,,,,,,,,,,,,,,,fit_failed
14,stage,3300,4068,5349,6116,32.309293,36.150863,768,,,,,,,,,,,,,,,,,,,fit_failed
14,stage,3320,4088,5369,6136,32.409464,36.251034,768,,,,,,,,,,,,,,,,,,,fit_failed
14,stage,3340,4108,5389,6156,32.509635,36.351205,768,,,,,,,,,,,,,,,,,,,fit_failed
14,stage,3360,4128,5409,6176,32.609807,36.451377,768,,,,,,,,,,,,,,,,,,,fit_failed
14,stage,3380,4148,5429,6196,32.709978,36.551548,768,2.1185687968551385,3.348408638884502,6.228332984463071,-0.931503287173762,0.8046335170693859,0.09916610473375528,0.22656403764264954,0.4320400892277434,11.761587218148179,348.2384127818518,2.7647809593352486,3.0,0.6363920335670911,0.6275901572606958,5.838661161445264,7.374309704003022,0.0,0.7582221030632411,center_unidentifiable
14,stage,3400,4168,5449,6216,32.810149,36.651719,768,2.5856531813695844,2.8796289794225705,4.637524563633249,0.7212325886291264,0.23519207346046705,0.3423947247054045,0.76987421142224,1.1931918480229151,21.830162531642202,338.1698374683578,2.778959243316156,2.0,0.598612717664537,0.5681447323129503,10.407742843246728,12.662253447241621,0.0,2.813687076092899,center_unidentifiable
14,stage,3420,4188,5469,6236,32.910321,36.751891,768,2.5856531813695844,2.8796289794225705,3.9498438710377144,1.4254669746608488,0.2404767696576451,0.3335955613300592,0.7573154659325787,1.0291050315430545,34.25546113566895,325.74453886433105,2.7907978147328882,3.0,1.889821616616911,1.6908246070071533,6.303467210485865,8.291410092995804,0.0,0.0,center_unidentifiable
14,stage,3440,4208,5489,6256,33.010492,36.852062,768,2.376742781623955,3.0172268709910592,3.992094479929414,1.3421748067852348,0.40954976976402746,0.19952013933887403,0.4461222807197213,0.6007378233336653,32.57994422650131,327.4200557734987,2.757946471375375,3.0,3.16637976889747,3.031592580491599,5.844221739022104,5.681970591197635,0.0,0.6108010336302476,center_unidentifiable
14,stage,3460,4228,5509,6276,33.110663,36.952233,768,2.4284953346607345,2.946681230241498,4.584724288665814,0.7383575999154798,0.3366557235497286,0.24310692291262398,0.5441987078846299,0.8126718519779562,22.231097777792286,337.7689022222077,2.7648342981293004,2.0,0.6543570064561453,0.6657751409855129,7.419656242638942,9.167895696077878,0.0,0.25988846092676443,center_unidentifiable
14,stage,3480,4248,5529,6296,33.210835,37.052405,768,2.399452313676897,2.963622939875204,4.184579459108627,1.1589496709112197,0.3686064180964782,0.22162473090084475,0.49776759922175673,0.6841271575667651,28.448805092819214,331.5511949071808,2.74338533906483,2.0,0.2433657151160388,0.25310097827872446,5.175788425982928,6.886504734531445,0.0,0.09121703719951534,center_unidentifiable
14,stage,3500,4268,5549,6316,33.311006,37.152576,768,2.291232787523038,3.071961220842603,3.3399924309412294,2.0237806320553475,0.5172352857578446,0.15500535212228658,0.3556045845760675,0.3939521309492034,65.26836364219861,294.7316363578014,2.6936011011881362,2.0,0.07695562139367262,0.08551395617893111,1.3455588994791745,2.8667044869079814,0.0,0.29605388722487386,center_unidentifiable
14,stage,3520,4288,5569,6336,33.411177,37.252747,768,2.2466299133541345,3.098753075950885,3.1016502651067057,2.2719950881445317,0.5664640563854564,0.14433536728024948,0.32329073186098134,0.33306952747050017,116.3318792923045,243.6681207076955,2.6667010235269277,3.0,0.47840661181657246,0.2642618288406977,0.6525762410544466,2.0996297353757796,0.0,0.09185216719019207,center_unidentifiable
14,stage,3540,4308,5589,6356,33.511349,37.352919,768,2.5856531813695844,2.8796289794225705,3.0119191209933085,2.3607981530665523,0.24060466520094143,0.3337670775341314,0.762059128301816,0.8549756631499391,162.02179101316372,197.97820898683628,2.6804453880500914,4.0,0.7638273653025913,0.6416659881312144,1.173921394039709,2.7908103961095097,0.0,1.6777451738941522,center_unidentifiable
14,stage,3560,4328,5609,6376,33.61152,37.45309,768,3.035937331671971,2.8796289794225705,2.9958060466990566,2.375555762332324,0.4508494218874944,0.1777941688320542,0.4074865960329878,1.080364835922455,197.73553315386738,162.26446684613262,2.6520037320747583,4.0,0.3913034627745492,0.4844230748306376,1.1184104567774242,1.1215899925435844,0.0,0.9987462075858023,center_unidentifiable
14,stage,3580,4348,5629,6396,33.711691,37.553261,768,2.938076628027934,2.432317919430224,2.9954536453740017,2.377614684412642,0.4743602032293704,0.1709577683171387,0.386178988957952,0.39351501705061503,205.7519074080483,154.2480925919517,2.626451132970879,4.0,0.3262160021329415,0.43110363637190224,0.9298318896831267,0.16712037470579008,0.0,0.9652806163605221,center_unidentifiable
14,stage,3600,4368,5649,6416,33.811862,37.653433,768,2.894798195993832,2.473288946227272,2.9376203164259085,2.43219333681037,0.42753044908125964,0.19066458344836204,0.4349075268421548,0.4406471541889291,312.01197609240626,47.988023907593735,2.5911112366363285,4.0,0.11387684730320394,0.16661839599540107,0.40424440098079534,0.13882368659580444,0.0,0.1393952227020871,center_unidentifiable
14,stage,3620,4388,5669,6436,33.912034,37.753604,768,2.830476400573818,2.5372936317994768,2.896190257626319,2.4767390068462425,0.34476211406802804,0.23557289703350703,0.5376826701843666,0.5419056775986301,323.386798245005,36.613201754994954,2.5766408252100823,4.0,0.2731588535216483,0.39341852958972373,0.8669647173421798,0.2591926287369268,0.0,0.26319829894967206,center_unidentifiable
14,stage,3640,4408,5689,6456,34.012205,37.853775,768,2.833816627013161,2.533817321326738,2.9076254525643446,2.4667319520554196,0.34765241582797224,0.2390164236069485,0.5314242849410749,0.5355408043699198,324.6647281184861,35.335271881513926,2.5838020876179777,3.0,0.09086362555002345,0.039555839620443504,0.35083147616380606,0.2868975060822761,0.0,0.013867241180224667,center_unidentifiable
14,stage,3660,4428,5709,6476,34.112376,37.953946,768,2.8480855868530934,2.519834996498561,2.9601394408658326,2.4117350686760948,0.3556237644434116,0.23356006511278707,0.516071391640382,0.5310202037936046,302.9688847206158,57.03111527938422,2.5667637732783275,3.0,0.030841613313075566,0.05476080108919613,0.5205083554463248,0.4378147696269175,0.0,0.05617651330295108,center_unidentifiable
14,stage,3680,4448,5729,6496,34.212548,38.054118,768,2.851258846271175,2.518365681168322,3.0012832558409124,2.371538129033785,0.3544517274014658,0.23344690269782978,0.5153640668657792,0.5383561613102782,172.37590815549427,187.62409184450573,2.5745243272434375,3.0,0.06368239888856446,0.04125744470573482,0.6148168480394691,0.5922335554876342,0.0,0.009865721179726278,center_unidentifiable
14,stage,3700,4468,5749,6516,34.312719,38.154289,768,2.8515279719060365,2.5188883297595255,3.04573822276357,2.320140794852177,0.35422563754961284,0.23228701734850873,0.5217927636703749,0.546430992744517,137.86804974695212,222.13195025304788,2.538153556578896,3.0,0.0680434171884911,0.21192015713387743,1.1364332554263612,0.7844763549607762,0.0,0.001659589550960376,center_unidentifiable
14,stage,3720,4488,5769,6536,34.41289,38.25446,768,2.8286788240298684,2.542935869716009,3.034678553642945,2.3326089174028386,0.3310537677540345,0.2489842944873244,0.5573630518153858,0.58619341906881,145.07834672530979,214.92165327469021,2.5236729057345038,4.0,1.0152220205844027,1.1076866892202655,2.4366284797901967,0.8892915585565805,0.0,0.10020061545762392,center_unidentifiable
14,stage,3740,4508,5789,6556,34.513062,38.354632,768,2.8435822297443374,2.5285626970689856,3.108814189152723,2.252321568115675,0.34193455758444546,0.23922958727811292,0.5410010629051626,0.5800197149122815,111.87318609870806,248.12681390129194,2.533249303567577,4.0,0.3338371206539691,0.4118132774095405,1.5740536369706608,1.1199757799741175,0.0,0.060552703945030664,center_unidentifiable
14,stage,3760,4528,5809,6576,34.613233,38.454803,768,2.826384987725293,2.5463762668027443,3.0977227628733877,2.2630967600676493,0.32636922769453647,0.2507371042412344,0.5681204217555331,0.6055278222481961,115.52221170504384,244.47778829495616,2.4940333710872813,4.0,37.82427596790236,46.77322803139117,138.3414422777037,1.2019041745705201,0.0,0.07586566375148728,center_unidentifiable
14,stage,3780,4548,5829,6596,34.713404,38.554974,768,2.819513312529511,2.5535209926154763,3.0757806840812383,2.2895757346826504,0.32159313076534635,0.2591853699226731,0.5716520229418413,0.6098259571161645,124.42176021793236,235.57823978206764,2.459825297427535,4.0,0.4951415477501892,0.6113488474454369,1.1485039478781491,1.1439483772639434,0.0,0.030824578358609998,center_unidentifiable
14,stage,3800,4568,5849,6616,34.813576,38.655146,768,2.815390620099358,2.5578892867793748,3.154437182326356,2.2019109501139034,0.31902264243327505,0.26425511065319224,0.5802094521373283,0.6240159567158818,97.62475909836985,262.37524090163015,2.457044104817302,3.0,0.3586049109236951,0.31994166323991674,1.5334809655443598,1.5409647039149494,0.0,0.018827959301182546,center_unidentifiable
14,stage,3820,4588,5869,6636,34.913747,38.755317,768,2.820821792614573,2.552016947308191,3.385992875467804,1.9533634733504361,0.3272279336760071,0.2608708869107353,0.5657770136675192,0.6424507729741389,60.17828463601768,299.8217153639823,2.485434363955121,3.0,0.5815683927592487,0.5430836228499569,2.516795500928637,2.515948812385462,0.0,0.02444435348400262,center_unidentifiable
14,stage,3840,4608,5889,6656,35.013918,38.855488,768,2.8244654791807693,2.548111962633408,3.701192891575162,1.6014124953358342,0.3336681929344101,0.25397801703831097,0.5579518695003411,0.6778059960521674,41.22192928254361,318.7780707174564,2.5056528148613446,3.0,0.34857809433108883,0.3394354908672058,3.829794979508804,3.867034727589938,0.0,0.016006660572929293,center_unidentifiable
14,stage,3860,4628,5909,6676,35.11409,38.95566,768,2.834017852248262,2.53860211051699,3.7645285527257393,1.5127791968495492,0.3498792881181243,0.2383687710409821,0.5377125557696814,0.6652954006071856,38.37266253075745,321.62733746924255,2.527121369762537,3.0,0.3592551353577885,0.2663675398181776,3.927869165405372,3.9584439462385115,0.0,0.038524893252925886,center_unidentifiable
14,stage,3880,4648,5929,6696,35.214261,39.055831,768,2.8474374504044393,2.5229210684289205,4.094285398307988,1.107711796448563,0.37623493557142895,0.2204537170105365,0.5053684196177388,0.6961844353449951,28.709209734459876,331.2907902655401,2.5537180563865944,3.0,2.3376978724576167,2.0732354599460945,4.9308219998651905,5.013143136413805,0.0,0.05485747822509406,center_unidentifiable
14,stage,3900,4668,5949,6716,35.314432,39.156002,768,2.8682263936326593,2.4981569845707696,3.642519193216408,1.6162691958809132,0.4058049469792586,0.20410054553577991,0.4730645813817559,0.5905265590799277,42.620011837138236,317.37998816286176,2.5504245880450993,3.0,0.17331531596569333,0.32517111202910887,3.4826853432572045,2.8919441846702902,0.0,0.07967686199539971,center_unidentifiable
14,stage,3920,4688,5969,6736,35.414604,39.256174,768,2.883607225481617,2.481071384288001,3.6508984548142087,1.6001011575130506,0.4437749121536344,0.18731401839195347,0.431378091330004,0.54568416155007,42.08793550921888,317.9120644907811,2.5955787712680864,4.0,2.483503326228716,2.9700558448421726,6.045769595449092,2.6325632829380474,0.0,0.05180297549145814,center_unidentifiable
14,stage,3940,4708,5989,6756,35.514775,39.356345,768,,,,,,,,,,,,,,,,,,,fit_failed
14,stage,3960,4728,6009,6776,35.614946,39.456516,768,3.0121904582327756,2.8796289794225705,11.021531938135347,-6.228873821246538,0.45037128027662615,0.17905280694885814,0.40255500973056807,0.9690036105898858,4.442545834139878,355.5574541658601,2.622685234622224,4.0,1.7260072095421828,1.9137943153922363,27.572536961589215,26.931271997200593,0.0,1.0078420060150213,center_unidentifiable
14,stage,3980,4748,6029,6796,35.715118,39.556688,768,,,,,,,,,,,,,,,,,,,fit_failed
14,stage,4000,4768,6049,6816,35.815289,39.656859,768,3.0847343282735844,2.8796289794225705,6.925067180766537,-1.7124622005510215,0.5161664759064539,0.15370929626902366,0.33184959164702615,0.6390569826541947,8.938447358338465,351.06155264166154,2.77327533470751,3.0,0.4920060478961885,0.5443603601807868,12.250658325731003,11.597561499142218,0.0,0.9668995763964524,center_unidentifiable
14,stage,4020,4788,6069,6836,35.91546,39.75703,768,3.095306860476612,2.8796289794225705,4.860609402549517,0.41982401975241423,0.5306269429803769,0.15166529892698333,0.3239204721668323,0.7379306555098116,17.581506925224403,342.4184930747756,2.2749007174098996,4.0,1.7696762269631228,1.936724503346652,6.323394791233712,5.705881430777994,0.0,0.019924604927983567,center_unidentifiable
14,stage,4040,4808,6089,6856,36.015631,39.857202,768,2.5856531813695844,2.8796289794225705,4.387637152407457,1.0132930253209667,0.20777454552635571,0.37645182676480016,0.7895350858913621,1.1527478624303136,22.77018028230225,337.22981971769775,2.308565857718188,4.0,5.849402083029998,6.136585471394661,12.545833993223724,12.48609633519243,0.0,2.4529168277852365,center_unidentifiable
14,stage,4060,4828,6109,6876,36.115803,39.957373,768,2.5856531813695844,2.8796289794225705,3.644676922952258,1.8652479328816638,0.2095844466734117,0.373010304010384,0.7957919066104759,0.9250959405639373,43.33473217727692,316.6652678227231,2.26282109936509,4.0,1.8606439877434635,1.762033001445374,7.153243471834465,6.996980966638391,0.0,0.0,center_unidentifiable
14,stage,4080,4848,6129,6896,36.215974,40.057544,768,2.8634095613133734,2.6270559552323416,2.8423731045425984,2.637930530942158,0.38714358225132184,0.19502795607383366,0.3987471682495599,0.39664729650212377,330.6493723715277,29.350627628472278,2.329913863775719,4.0,0.4036680440880495,0.33245999530335185,0.9635050081308137,0.06116847372598062,0.0,0.96972311705151,center_unidentifiable
14,stage,4100,4868,6149,6916,36.316145,40.157715,768,2.90467095135034,2.612652612580209,2.8161893534572173,2.6753966202339523,0.4264025980548506,0.17892064474220115,0.3499481486303491,0.3521284741698092,342.2138414312345,17.78615856876545,2.4040127598747243,4.0,0.42513035359343215,0.3177067708058198,0.8051288161894724,0.25438468199074765,0.0,0.10249251100481543,center_unidentifiable
14,stage,4120,4888,6169,6936,36.416317,40.257887,768,2.612451479710495,2.8440643115874686,2.6063686311594396,2.828585933698687,0.20208359657260325,0.36686369939794183,0.7238916153918753,0.7297159776963984,356.81773340689733,3.182266593102696,2.2192691213976765,4.0,0.2297798608790797,0.2196324479956498,0.4080207416443833,0.08229629585028875,0.0,1.844540526851705,center_unidentifiable
14,stage,4140,4908,6189,6956,36.516488,40.358058,768,2.6084628666711143,2.843841587726007,2.5980687124569095,2.8364015513524454,0.2005432588474504,0.37507861738445475,0.7346805481576592,0.7400797452451167,356.22719223558545,3.7728077644145626,2.1061538066411214,4.0,0.1398330442231826,0.13782787076273914,0.29638466234905764,0.06373941912327671,0.0,0.019920024560047232,center_unidentifiable
14,stage,4160,4928,6209,6976,36.616659,40.458229,768,2.578825239577629,2.8778806556914622,2.535929054635462,2.9030129279539523,0.19605723163919575,0.38646576166944674,0.7592963355280347,0.76979352698233,356.1561503394824,3.84384966051759,2.1384293102274063,4.0,0.16537411674524638,0.10979807198327723,0.280329182246542,0.25358071636918184,0.0,0.230206545601055,center_unidentifiable
14,stage,4180,4948,6229,6996,36.716831,40.558401,768,2.577616130290027,2.8780262342559206,2.524962483574085,2.9085316127374665,0.19524862041607854,0.3783081576481553,0.7690711200358344,0.7798865091301347,354.3651733854614,5.634826614538612,2.1216368424425043,4.0,0.16152510104621,0.09400748004544683,0.32800180977133525,0.31166496196130977,0.0,0.006237389487434673,center_unidentifiable
14,stage,4200,4968,6249,7016,36.817002,40.658572,768,2.5798340329284164,2.8757425592658965,2.5280373712937942,2.904085568648196,0.19381337987710356,0.3778924723658369,0.7722260869199726,0.7834638531795479,355.94888707759617,4.0511129224038305,2.1397916745273333,4.0,0.16630656515814796,0.08919465330028724,0.3139810917463691,0.30464472375655827,0.0,0.01642526338839879,center_unidentifiable
14,stage,4220,4988,6269,7036,36.917173,40.758743,768,2.5759507551768563,2.8771549157596303,2.525757858958262,2.9035830265868374,0.1898298672220668,0.38340256084969004,0.7831996977219984,0.7903673850722732,356.2586949195684,3.741305080431563,2.1343454116342753,4.0,0.149077894406622,0.07841663049149505,0.29486225997188803,0.29882235328400925,0.0,0.021767606932877572,center_unidentifiable
14,stage,4240,5008,6289,7056,37.017345,40.858915,768,2.570230709115098,2.8791102776677633,2.513341093249913,2.912733496496596,0.18962111874783144,0.37833111852018125,0.7793973214173308,0.7801986917992453,355.2058777054785,4.7941222945215225,2.179986190338736,4.0,0.18986562866078416,0.12025053892592626,0.33100886196672225,0.3484996668475177,0.0,0.03187950972606516,center_unidentifiable
14,stage,4260,5028,6309,7076,37.117516,40.959086,768,2.546610693095696,2.87760413655491,2.5154182395286493,2.909928541212675,0.18968315776670874,0.3789974212718194,0.7830131776257069,0.7790755251075325,355.706701910909,4.293298089091052,2.1890390337348467,4.0,0.11351219946855476,0.11629054895934372,0.22374142746847037,0.23681771906975915,0.0,0.12477642966576624,nonelliptic_or_noisy
14,stage,4280,5048,6329,7096,37.217687,41.059257,768,2.552344406114192,2.874102221301211,2.5084817766690284,2.915886252561896,0.18503503124650478,0.38802754256741456,0.7955491699990396,0.7901046046954755,355.0669315480261,4.933068451973886,2.21395448143021,4.0,0.17101825500201143,0.16365189421106718,0.3253948004681999,0.3273929647410742,0.0,0.036309595410914844,center_unidentifiable
14,stage,4300,5068,6349,7116,37.317859,41.159429,768,2.540552920605892,2.8821234353164127,2.5041349224974776,2.920859747202678,0.1865744971108725,0.3778162726496796,0.7840882290512552,0.7877482202741278,355.50491837952404,4.495081620475981,2.227508105601008,4.0,0.13581876784503327,0.15043483308003672,0.29835139293036445,0.2849660646569239,0.0,0.07643649763148616,center_unidentifiable
14,stage,4320,5088,6369,7136,37.41803,41.2596,768,2.5391624516611375,2.8827936570882757,2.4928371936425,2.92707405848492,0.18799909507854287,0.3774018046707126,0.7844816912501176,0.7888139963333152,356.4937055370618,3.5062944629381563,2.1785777879450534,4.0,0.1944553086657976,0.1822939292312966,0.3762172806248173,0.3408749947566961,0.0,0.008210505777858404,center_unidentifiable
14,stage,4340,5108,6389,7156,37.518201,41.359771,768,2.549285932340144,2.8788149785387716,2.4962039110542316,2.924996999310868,0.18288372566167166,0.38656170211385604,0.7969120303338451,0.7987516011685886,356.5703164025067,3.4296835974932867,2.163069167940485,4.0,0.15544329683088415,0.11885677435703275,0.2984952865590623,0.3847233943813979,0.0,0.05947635894732189,center_unidentifiable
14,stage,4360,5128,6409,7176,37.618373,41.459943,768,2.5277496681814005,2.906581330501197,2.5056851880792843,2.9176971588506344,0.18400892809752153,0.37943283128482014,0.7970928261268292,0.7994388985543034,355.23802197911425,4.7619780208857545,2.172704381486504,4.0,0.1517550581827668,0.107720212117276,0.2730629765079841,0.1342670374653563,0.0,0.19096600787106552,center_unidentifiable
14,stage,4380,5148,6429,7196,37.718544,41.560114,768,2.498920652377905,2.922177343380824,2.48840473865908,2.9291099304368204,0.1904262888695612,0.35556708941002557,0.7654579878823221,0.7639718148352066,355.33088623930263,4.669113760697353,2.222919871133004,4.0,0.1429025623317381,0.11703732779225456,0.31128593643466596,0.06614340845063207,0.0,0.17212562872369408,center_unidentifiable
14,stage,4400,5168,6449,7216,37.818715,41.660285,768,2.5064976867362723,2.916588078126291,2.499356331618426,2.922603559614767,0.18677153479331182,0.3600862523911694,0.7765719864094981,0.775889119842329,355.410436156294,4.589563843705991,2.1937101091864006,4.0,0.12212159819232209,0.07607533928770549,0.19646098663443493,0.04999310658343701,0.0,0.050411770939513684,nonelliptic_or_noisy
14,stage,4420,5188,6469,7236,37.918887,41.760457,768,2.511030677170755,2.9115889375862127,2.4843942723300163,2.92778962729472,0.18646674848688516,0.376765499084819,0.7968634150109326,0.7918813049885502,355.58736539409847,4.412634605901533,2.190119606280943,4.0,0.18854643938461893,0.13904364246621648,0.4275242341826405,0.167194847637825,0.0,0.03619030926676239,center_unidentifiable
14,stage,4440,5208,6489,7256,38.019058,41.860628,768,2.5104061325956537,2.9121907392708293,2.495121667573162,2.9189617688606457,0.18633069285903003,0.3721335585847371,0.7977604310257091,0.7912928078988332,357.14840640767505,2.851593592324967,2.1862720928292636,4.0,0.1316723054324735,0.08223465107360309,0.2902298656775936,0.08971741653358825,0.0,0.0046546645068621505,center_unidentifiable
14,stage,4460,5228,6509,7276,38.119229,41.960799,768,2.495446379664954,2.923618891717594,2.5089296585604197,2.9057166302864097,0.18850427502692274,0.3553462357656953,0.7727468596399956,0.7679243290584248,356.3830943323213,3.6169056676786844,2.108146530683248,4.0,0.07293917391288265,0.0878365169963064,0.14910038199489478,0.11889291206957496,0.0,0.0998673989135133,nonelliptic_or_noisy
14,stage,4480,5248,6529,7296,38.2194,42.060971,768,2.4917732839580715,2.9266613261442966,2.510898465024869,2.9028832969295384,0.19353818436132253,0.3447924413685511,0.7663408356333611,0.760663519600891,356.3222633734113,3.6777366265886777,2.1078261370094005,4.0,0.09363314962791629,0.1023605880093678,0.18792777089035365,0.15766931398030815,0.0,0.024643666481213043,nonelliptic_or_noisy
14,stage,4500,5268,6549,7316,38.319572,42.161142,768,2.4950646993546184,2.925368975354629,2.500884809320756,2.9053156397967097,0.19651047192617377,0.34831175607498865,0.7784038763890639,0.7684040418910653,356.15663119043853,3.8433688095614915,2.1125265603234142,4.0,0.05567138726038181,0.07254275702604204,0.12118479536453626,0.10625821107463561,0.0,0.017994160587888858,nonelliptic_or_noisy
14,stage,4520,5288,6569,7336,38.419743,42.261313,768,2.463825236485193,2.948905154073732,2.4960388869189254,2.907666681816145,0.20335536054079367,0.34020276954529605,0.7479987745440199,0.7488939494497451,355.90407512387134,4.095924876128668,2.1212093283176805,4.0,0.11646481019599653,0.12909730239639597,0.28237526889837156,0.2573281726393321,0.0,0.19234000205432628,center_unidentifiable
14,stage,4540,5308,6589,7356,38.519914,42.361484,768,2.482847208369041,2.931341646453583,2.5178866982850656,2.874539068307233,0.19609323137343193,0.37310812700700996,0.7940529228411818,0.7998304252735763,356.7079985328081,3.2920014671918656,2.1703095416819167,4.0,0.13044123901791826,0.16809027535543838,0.3365283077207608,0.3403510283171811,0.0,0.13203101541119366,center_unidentifiable
14,stage,4560,5328,6609,7376,38.620086,42.461656,768,2.448670145052773,2.966334209231051,2.5088010193016843,2.8955922173512083,0.21241187540938805,0.34326425791102677,0.7414098351647457,0.7458343460672007,355.4831895411565,4.516810458843515,2.1795191642797223,4.0,0.12041857733915656,0.14381923366369237,0.32085322384094356,0.4370978343715653,0.0,0.23027766564651672,center_unidentifiable
14,stage,4580,5348,6629,7396,38.720257,42.561827,768,2.4362215967617793,2.981474417103364,2.5133435096999914,2.890858117303851,0.21736221302979333,0.33245979524806396,0.7209188917518841,0.7263694658023985,354.73792914828937,5.262070851710648,2.166070381691723,4.0,0.14801899236425564,0.18490957746648862,0.38716550382872295,0.5474365967939484,0.0,0.09017585157663072,center_unidentifiable
14,stage,4600,5368,6649,7416,38.820428,42.661998,768,2.4832182312495568,2.9353111980129505,2.533365885338796,2.870853929355483,0.19435927997280897,0.36955372506250966,0.8055700265744973,0.8063308611255185,356.3172624932732,3.68273750672682,2.095775250119744,4.0,0.16419138989395587,0.19497148409817588,0.44326636214648135,0.4201866267552916,0.0,0.33894239667530207,center_unidentifiable
14,stage,4620,5388,6669,7436,38.9206,42.76217,768,2.435048941075121,2.9610917859750367,2.539121196440455,2.8643466027789604,0.21600542801967926,0.3340512973312196,0.7215714709178587,0.7264121046682813,356.4744195053351,3.5255804946648714,2.1036269868177935,4.0,0.26975561320903707,0.2584769719600484,0.5636920038398601,0.6578254095457939,0.0,0.2529307474021721,center_unidentifiable
14,stage,4640,5408,6689,7456,39.020771,42.862341,768,2.4805743341871103,2.9236239372383226,2.5381470296047737,2.8632540346546773,0.1986790292869155,0.36143385616523255,0.7848951465649292,0.7897003090600272,356.44258730882575,3.5574126911742288,2.1189001073452114,4.0,0.17399969311127564,0.20169680408427315,0.3311398301718421,0.4198805618253904,0.0,0.29676515765570777,center_unidentifiable
14,stage,4660,5428,6709,7476,39.120942,42.962512,768,,,,,,,,,,,,,,,,,,,fit_failed
14,stage,4680,5448,6729,7496,39.221114,43.062684,768,,,,,,,,,,,,,,,,,,,fit_failed
14,stage,4700,5468,6749,7516,39.321285,43.162855,768,,,,,,,,,,,,,,,,,,,fit_failed
14,stage,4720,5488,6769,7536,39.421456,43.263026,768,,,,,,,,,,,,,,,,,,,fit_failed
14,stage,4740,5508,6789,7556,39.521628,43.363198,768,2.5035218932769814,2.8675994503817464,2.9361406415979507,2.3238719054440597,0.21088856708193204,0.3638705211665124,0.792288879254066,0.8121706792275506,119.94798438102484,240.05201561897516,2.671202564004118,3.0,0.7222636123401991,0.9068900823449345,3.3832124412659303,3.294806970680549,0.0,0.2176471589931906,center_unidentifiable
14,stage,4760,5528,6809,7576,39.621799,43.463369,768,2.4972766530696235,2.891630163625523,2.976548193767716,2.2715067589333975,0.2129410316574642,0.36223889937971754,0.7841610141659958,0.8165065638965596,96.72096005449652,263.2790399455035,2.6555496958392424,3.0,0.7558193943473076,0.9796127736279329,3.6773619254040044,3.6805670182299597,0.0,0.1166002574936877,center_unidentifiable
14,stage,4780,5548,6829,7596,39.72197,43.56354,768,2.5035990969926836,2.8845497669135,2.8707132391187136,2.411191561786738,0.21750039735544682,0.35571629459164944,0.766103279814097,0.7917786955053673,208.02621480305925,151.97378519694075,2.6353583903834488,3.0,0.5251441354461553,0.6827781400209926,2.774471401383366,2.754170635097372,0.0,0.04364305559119343,center_unidentifiable
14,stage,4800,5568,6849,7616,39.822142,43.663712,768,2.5277364761581875,2.8617219762930315,2.777250681011814,2.5331508437510717,0.2226630576854044,0.3446836378784881,0.7579695466363818,0.7769042263408243,326.8934604565888,33.10653954341121,2.703172238057991,3.0,0.3727853937649125,0.501758036987022,1.8588939253084575,1.8529019548698913,0.0,0.1492043563214564,center_unidentifiable
14,stage,4820,5588,6869,7636,39.922313,43.763883,768,2.5134105913296256,2.8768766643694885,2.8251324012127363,2.4738500498717912,0.22229672361000108,0.34671058152190837,0.7583527044227404,0.7794613233107218,309.70090683438883,50.299093165611154,2.7679901563950144,3.0,0.3475581559777907,0.47664659055022646,2.2509722027382515,2.2920287850783985,0.0,0.09381222112583905,center_unidentifiable
14,stage,4840,5608,6889,7656,40.022484,43.864054,768,,,,,,,,,,,,,,,,,,,fit_failed
14,stage,4860,5628,6909,7676,40.122656,43.964226,768,,,,,,,,,,,,,,,,,,,fit_failed
14,stage,4880,5648,6929,7696,40.222827,44.064397,768,,,,,,,,,,,,,,,,,,,fit_failed
14,stage,4900,5668,6949,7716,40.322998,44.164568,768,,,,,,,,,,,,,,,,,,,fit_failed
14,stage,4920,5688,6969,7736,40.423169,44.26474,768,2.530643040641313,2.8701513522240143,2.9861809236991053,2.289627123709465,0.23218360447120737,0.3137514580185833,0.7161007143615717,0.7524601388075722,98.31641902565815,261.68358097434185,2.9776491626297696,2.0,0.15437200958276912,0.16904796109286224,2.839577677611521,3.1781663290190045,0.0,0.02109018984735083,center_unidentifiable
14,stage,4940,5708,6989,7756,40.523341,44.364911,768,2.5191462945148464,2.880218738523567,2.8777039242613442,2.419206233301191,0.2373991140657039,0.3075507738732602,0.7014284011328439,0.7355287020372655,210.82746829018987,149.17253170981013,2.9934410246860517,3.0,0.6302571488618588,0.8011005800707666,2.4062596421903226,2.4601369586076562,1.4549218230398921,0.06437094188664336,center_unidentifiable
14,stage,4960,5728,7009,7776,40.623512,44.465082,768,2.5140185780618216,2.8815311168951863,2.8254591265707263,2.478795982487939,0.2400573653098813,0.31006988684371706,0.7009144444155736,0.7242904358878626,312.8476312383342,47.15236876166582,2.996707714806209,3.0,0.5876372114480043,0.745529026446724,2.046342754227762,2.120775799310512,10.286754700365506,0.022048882331389776,center_unidentifiable
14,stage,4980,5748,7029,7796,40.723683,44.565253,768,2.5012939322869334,2.872718078391693,2.6918385936314233,2.6500264254871317,0.24330480795155537,0.30981277381919164,0.7177459889548645,0.7276751666816769,347.51055872403305,12.489441275966948,2.881063897793191,3.0,0.3651683011988505,0.49659703020239276,1.0789029628204656,1.204600277862726,0.0,0.06361803649389221,center_unidentifiable
14,stage,5000,5768,7049,7816,40.823855,44.665425,768,2.499449656219804,2.872718078391693,2.6656229726091056,2.682136685771122,0.24532280139088947,0.3052935683607163,0.7175269798221753,0.7219107616758701,351.37275075559546,8.627249244404519,2.869853967968619,4.0,0.6443959833433145,0.8204448439013299,1.9087961651683218,1.0306966635410277,0.0,0.007517752351892988,center_unidentifiable
14,stage,5020,5788,7069,7836,40.924026,44.765596,768,2.5078969037659293,2.8701513522240143,2.6593157627427737,2.6893839979515537,0.24856737272755608,0.29962382183882885,0.7020264190912374,0.7076502092124121,350.62668902888356,9.373310971116457,2.8482965990241635,4.0,0.31571423630710693,0.4321314714374209,0.8658403655914751,0.9486606271557815,0.0,0.03551791224191873,center_unidentifiable
14,stage,5040,5808,7089,7856,41.024197,44.865767,768,2.5014411377427206,2.871375962061421,2.6515842383531094,2.700048227955184,0.24983198715009586,0.3053326297696372,0.7038584473922861,0.710384051004087,350.43337642140466,9.566623578595358,2.847363556774053,4.0,0.2564048895214899,0.3611823205600284,0.5032387608372425,0.9118418044056292,0.0,0.026301232373545896,center_unidentifiable
14,stage,5060,5828,7109,7876,41.124369,44.965939,768,2.5014411377427206,2.87046508829519,2.6240932035206614,2.7335391013502743,0.25750047043111945,0.29684802117469533,0.6919785718289132,0.6944137916633044,352.62467639577983,7.375323604220155,2.8438449999255067,4.0,0.22839090359456593,0.2967501553067863,0.4211573000484434,0.7138887876700796,0.0,0.0035373673869647107,center_unidentifiable
14,stage,5080,5848,7129,7896,41.22454,45.06611,768,2.505688398459641,2.8701513522240143,2.6105618162965403,2.7539782037057163,0.25891193594916717,0.3004701720569239,0.6971484110348372,0.6940744995004329,355.09167865565183,4.908321344348175,2.758163063953484,4.0,0.18584389182570038,0.2528007513414425,0.40801887774115186,0.6044820471898219,8.17376826265962,0.01644896147446406,center_unidentifiable
14,stage,5100,5868,7149,7916,41.324711,45.166281,768,2.5128014063962776,2.8627814746695845,2.62178222926812,2.74263410526493,0.25927197213960607,0.3019696929862352,0.6921423618777175,0.6948365263179738,353.39827572385224,6.6017242761477615,2.790616577165199,4.0,0.16446351072635246,0.22986465131543302,0.3575283876018707,0.625637962849412,11.905439332963626,0.0395050690226914,center_unidentifiable
14,stage,5120,5888,7169,7936,41.424883,45.266453,768,2.5296567900253297,2.86130995789128,2.6192808561673497,2.7466616641724984,0.2604549300545146,0.305340245892504,0.6826019104661263,0.697952627309586,353.90669918914,6.093300810859972,2.7280194721733313,4.0,0.16110299339747217,0.24654970881710336,0.6201802982766402,0.5587230721190256,2.7292985877049567,0.06496131683368989,center_unidentifiable
14,stage,5140,5908,7189,7956,41.525054,45.366624,768,2.5354060396082243,2.854036091074054,2.605685462248194,2.762097750513942,0.2610343122942377,0.3038273689997914,0.6832618555439368,0.6922478145837285,355.7432582557405,4.256741744259519,2.725308987954688,4.0,0.15791566368524843,0.22539256342947264,0.470929779725576,0.4433255716302539,3.3096587064853815,0.0355187936461121,center_unidentifiable
14,stage,5160,5928,7209,7976,41.625225,45.466795,768,2.547521182856274,2.8502986777058803,2.591331605161268,2.7730741801747554,0.2661406971336963,0.2904093713905666,0.6828061859921791,0.6719842265291307,356.1023190342207,3.8976809657792444,2.6960934632816103,4.0,0.11802547275958815,0.16987966660721082,0.3816276441087058,0.33360597113655077,0.0,0.04763842395075027,center_unidentifiable
14,stage,5180,5948,7229,7996,41.725397,45.566967,768,2.538338351409093,2.8434700239808546,2.5922982550314266,2.7716063847148633,0.27447137878559047,0.2794058806163752,0.6669489815301343,0.6668464430153069,356.0450436294144,3.9549563705855726,2.7580124882279944,4.0,0.09410977332240687,0.1465730421176387,0.34070840589373386,0.3274179907159345,0.21156065998938797,0.04169306483889315,center_unidentifiable
14,stage,5200,5968,7249,8016,41.825568,45.667138,768,2.5495474465480865,2.836552290941052,2.602302129002211,2.761030212686002,0.27460149187946403,0.28375526749572283,0.6570745796630193,0.658511703530715,355.61991159124,4.380088408759976,2.8028559245073845,4.0,0.09999446955370017,0.15975679941318494,0.3792635907630371,0.33547875196616117,0.0,0.04796731405293276,center_unidentifiable
14,stage,5220,5988,7269,8036,41.925739,45.767309,768,2.564946366211662,2.825800483204894,2.5979859638518636,2.7667007723154433,0.26955588575411493,0.28555354904116115,0.670138005190889,0.6631042940278016,355.4196714001985,4.580328599801464,2.761528915809323,4.0,0.0818838270003195,0.13850029720224172,0.33158705685816353,0.2511840155112188,0.0,0.0696740744406095,center_unidentifiable
14,stage,5240,6008,7289,8056,42.025911,45.867481,768,2.557212500619256,2.83540138026161,2.588629248188774,2.7792298170484218,0.2607195200712083,0.29810717408858745,0.6893650279403556,0.6765752185066786,355.68395639057405,4.316043609425918,2.675165958318823,4.0,0.07153451064563213,0.0897661441799191,0.1631064959910634,0.24685671660403516,0.0,0.047286135074201215,nonelliptic_or_noisy
14,stage,5260,6028,7309,8076,42.126082,45.967652,768,2.547521182856274,2.838162991613772,2.586796875683076,2.7911563208333394,0.25927953288786715,0.29971574098351356,0.6827932922912742,0.6813784662332317,356.4691154793121,3.530884520687913,2.7358922931746594,4.0,0.17371738927775648,0.23700826939736766,0.45370845960827505,0.23625182249797236,0.0,0.03886581195076198,center_unidentifiable
14,stage,5280,6048,7329,8096,42.226253,46.067823,768,2.5296567900253297,2.8385249704668407,2.581137543891469,2.7953940266195705,0.2687881744049705,0.2875634961652812,0.6647272170715637,0.6677881889405475,356.04912390194636,3.950876098053663,2.7085707387452227,4.0,0.09615601215101158,0.13405906812322183,0.2101800303379795,0.2498644191338915,0.0,0.06647636120357521,nonelliptic_or_noisy
14,stage,5300,6068,7349,8116,42.326425,46.167995,768,2.5061688665457504,2.8434700239808546,2.5524820173555907,2.844884224626338,0.26934549086016646,0.2948227053949218,0.6716912656329065,0.6744364651467091,355.5009048599373,4.499095140062732,2.6720631014023413,4.0,0.09820375287109429,0.12387603661034621,0.18975785853927352,0.17202715135806246,0.0,0.08911541547751618,nonelliptic_or_noisy
14,stage,5320,6088,7369,8136,42.426596,46.268166,768,2.4951943361857096,2.854036091074054,2.5688336587628933,2.81848120126576,0.26972472391835434,0.2910352772131383,0.6538117383268296,0.6585149072589456,355.7633525295095,4.236647470490487,2.739024954592351,4.0,0.21630686292139228,0.2765992730894627,0.6769157641226898,0.30317379329306465,0.0,0.05648069818310227,center_unidentifiable
14,stage,5340,6108,7389,8156,42.526767,46.368337,768,2.488041051721816,2.854737516709713,2.5590996128429566,2.8309813405339646,0.26761932357712415,0.2932307711938856,0.6615281686558054,0.6707110446658149,355.82978217618967,4.170217823810341,2.7253389755302733,4.0,0.10802592356795802,0.15061808769914797,0.2652858075224623,0.2799665624265224,0.0,0.026857521907841044,center_unidentifiable
14,stage,5360,6128,7409,8176,42.626938,46.468509,768,2.479518491932441,2.853503827493726,2.568605966669323,2.8229547835002653,0.26425623853586144,0.3071264370311469,0.6757622597373981,0.6852264578899724,355.79451331978805,4.205486680211954,2.696467517926576,4.0,0.1004183290168862,0.15385040135230826,0.30086290169168567,0.3563954979591454,0.0,0.03258726717525532,center_unidentifiable
14,stage,5380,6148,7429,8196,42.72711,46.56868,768,2.491797933545895,2.8553591056480068,2.566444082531417,2.8207390455837644,0.27025807565493043,0.30137258492725844,0.6608907465870616,0.6739392778510783,355.7437959027886,4.256204097211432,2.7693014544475885,4.0,0.093695311823101,0.16124879493722524,0.2778361591601039,0.3044631762989677,0.0,0.04595165567664998,center_unidentifiable
14,stage,5400,6168,7449,8216,42.827281,46.668851,768,2.492819203490786,2.8457684684946507,2.5706075018360397,2.8142457937846896,0.2690487118057484,0.3007918197204633,0.6608298407899615,0.6763183105027937,355.7589289026413,4.241071097358689,2.8299668631269848,4.0,0.08982288078074906,0.15937111162349987,0.28648962588945304,0.3119609862916743,0.0,0.03584800447180394,center_unidentifiable
14,stage,5420,6188,7469,8236,42.927452,46.769022,768,2.485994402648716,2.8502986777058803,2.578987566004614,2.7990013597742323,0.26259867248117197,0.3037824504092432,0.6658114793676913,0.6731794316157476,355.86264316565325,4.137356834346742,2.9237014985987484,4.0,0.10385240263904968,0.1942665223425015,0.3352056846623838,0.40443201769478154,0.0,0.031193995538618652,center_unidentifiable
14,stage,5440,6208,7489,8256,43.027624,46.869194,768,2.485994402648716,2.8532613904855415,2.528605628054555,2.8995249453278866,0.2605373019229894,0.3169417665419204,0.700697957326246,0.7283501489770001,356.41025301092526,3.589746989074754,2.391460113747338,4.0,0.0643152744484661,0.1444327849079832,0.28507119705120043,0.2414126612198905,0.0,0.011371549324391687,center_unidentifiable
14,stage,5460,6228,7509,8276,43.127795,46.969365,768,2.48729891816484,2.8532613904855415,2.539162174190007,2.886919282449357,0.26775418475195595,0.3019891196774341,0.7057634351138367,0.7341705095852913,355.6562812127213,4.343718787278684,2.3910701340845706,4.0,0.017020005519581376,0.09301164621124583,0.19262298366128705,0.23091176379900571,0.0,0.0048720639691689285,nonelliptic_or_noisy
14,stage,5480,6248,7529,8296,43.227966,47.069536,768,2.504130219204381,2.85649263218548,2.5391717133583547,2.889142108990846,0.27353836987057256,0.29695657809954334,0.6925428526757542,0.7066333205475489,355.99596486147067,4.00403513852932,2.4769656023310134,4.0,0.02369246943069484,0.0397687313338359,0.05787297782117237,0.1750928773375181,0.0,0.06265540947300047,nonelliptic_or_noisy
14,stage,5500,6268,7549,8316,43.328138,47.169708,768,2.518662346506834,2.8532613904855415,2.52922658749496,2.897269589564382,0.2715729167955471,0.3045768921736701,0.7027496419640792,0.7046396951830889,356.64539339589464,3.354606604105344,2.4289680182126,4.0,0.019767774774024423,0.031176207563425692,0.05752955607981011,0.16665292940609025,0.0,0.05481779869540186,nonelliptic_or_noisy
14,stage,5520,6288,7569,8336,43.428309,47.269879,768,2.5468912721782484,2.8432557519348096,2.522905487248429,2.9063952412898106,0.2729431105210536,0.30196580523623967,0.7021381788353244,0.704800293420826,356.42741179913503,3.572588200864959,2.3010532956891163,4.0,0.020182623546769092,0.046395277741773565,0.08431789200662934,0.24745792247226206,0.0,0.10972875841650384,nonelliptic_or_noisy
14,stage,5540,6308,7589,8356,43.52848,47.37005,768,2.5541548546352475,2.847235337458785,2.5187752351257444,2.9102265810600754,0.26414471185879185,0.32538223655677306,0.7198626659231356,0.7174437396167845,356.853065156484,3.1469348435160227,2.206911301844347,4.0,0.013904277020537703,0.03701977826647288,0.07489790561711764,0.2735125656259693,0.0,0.03135521546254674,nonelliptic_or_noisy
14,stage,5560,6328,7609,8376,43.628652,47.470222,768,2.5578587238948214,2.8532613904855415,2.5229806829630568,2.895437924982252,0.26440062807711595,0.3183106552081269,0.7233626776238951,0.7276734048598873,357.19924302690407,2.80075697309595,2.135759317211135,4.0,0.0011712184823062417,0.02223695149414965,0.03870226975822981,0.20699526980969987,0.0,0.026752309922493632,nonelliptic_or_noisy
14,stage,5580,6348,7629,8396,43.728823,47.570393,768,2.5541548546352475,2.8532613904855415,2.5225662593594316,2.8972121016913803,0.25600080162374905,0.33847627563258215,0.7377411245344528,0.7493055958731589,356.86212505919053,3.137874940809441,2.054025538823954,4.0,0.02110808650151233,0.04008591204028848,0.06041594116819078,0.21142471295630377,0.0,0.01446819399033586,nonelliptic_or_noisy
14,stage,5600,6368,7649,8416,43.828994,47.670564,768,2.565079853880623,2.853399851444515,2.527398936616291,2.8936361285514085,0.24972398725511866,0.34710286567593446,0.7513292488893993,0.7671423988159346,357.03504394693766,2.964956053062311,2.056859622377121,4.0,0.027180902698911366,0.048203269174661056,0.07491787120340604,0.2207453066759846,0.0,0.04375181071554508,nonelliptic_or_noisy
14,stage,5620,6388,7669,8436,43.929166,47.770736,768,2.5698372851024684,2.8418806099766187,2.5280303143580363,2.8922447640297504,0.2550697549686102,0.332846454064107,0.7365757289214785,0.7577578968156545,357.120761660338,2.8792383396619696,2.0614894754109936,4.0,0.024483966080851113,0.05353171769044379,0.09238195019588286,0.2566164904872762,0.0,0.048861097779958,nonelliptic_or_noisy
14,stage,5640,6408,7689,8456,44.029337,47.870907,768,2.556410982048699,2.8320676149260713,2.5277215385587724,2.893124669463207,0.25752700385502136,0.32511211846541344,0.7276721879814908,0.7501715836775776,357.1601079554166,2.8398920445834195,2.0654689279128364,4.0,0.03783801385609681,0.04276832579152704,0.0816518375565274,0.2619587663389052,0.0,0.06457617086553373,nonelliptic_or_noisy
14,stage,5660,6428,7709,8476,44.129508,47.971078,768,2.5318622322790003,2.8452558951078473,2.52778754637243,2.893827973344466,0.25353663242511365,0.33642209252651467,0.7388164761242129,0.7565204286670185,357.1253061579589,2.8746938420411086,2.0480638254506514,4.0,0.03577093483163905,0.07590058920922661,0.15033710210349782,0.19225107531580635,0.0,0.10991326380043798,nonelliptic_or_noisy
14,stage,5680,6448,7729,8496,44.22968,48.07125,768,2.51233554165687,2.852930643562469,2.531694128087659,2.893596038419902,0.25884299778036524,0.3340785827776634,0.73384122552927,0.7537543338578261,356.68908438238765,3.3109156176123493,2.0573438851621173,4.0,0.019112706490471816,0.036048322814822086,0.05055513392190931,0.1739976996656732,0.0,0.08105603349737732,nonelliptic_or_noisy
14,stage,5700,6468,7749,8516,44.329851,48.171421,768,2.5082942757409175,2.862393266723426,2.539036585366596,2.8966386289488972,0.2619874913176701,0.34743902132166604,0.7382529315529568,0.7752607392164023,356.7510334672665,3.248966532733485,2.0538677674107877,4.0,0.019457471430560078,0.039680011401498974,0.07116229118979597,0.17565699400582252,0.0,0.039274638057522515,nonelliptic_or_noisy
14,stage,5720,6488,7769,8536,44.430022,48.271592,768,2.4941852537704623,2.8701649676577485,2.5410381433858547,2.897094879515404,0.26780415980378686,0.3403971323446924,0.7226292800360629,0.7607327644310824,356.4830645377615,3.516935462238526,2.035426626411167,4.0,0.017879986916153934,0.03996670347891974,0.06477374719365131,0.20179242014033305,0.0,0.06014798724586338,nonelliptic_or_noisy
14,stage,5740,6508,7789,8556,44.530194,48.371764,768,2.492209491636745,2.868694902090777,2.5370181305133106,2.900485531806709,0.26241518123640795,0.341916053080235,0.7266659728269745,0.7707401103903054,357.23481690499045,2.765183095009521,2.039875522151491,4.0,0.037651195546708,0.03003325527192075,0.06708752327682851,0.20936478275218082,0.0,0.009384620942840547,nonelliptic_or_noisy
14,stage,5760,6528,7809,8576,44.630365,48.471935,768,2.4854275458013455,2.8738246172451527,2.5358501486048937,2.903248529904061,0.2618292157220566,0.3481955682432535,0.7308103683433642,0.7779698777495239,356.9921393447992,3.0078606552007803,2.0327194068890018,4.0,0.034901266067601085,0.011594517694938224,0.051487730326741185,0.2229691520515309,0.0,0.032477109741743324,nonelliptic_or_noisy
14,stage,5780,6548,7829,8596,44.730536,48.572106,768,2.4780720100291056,2.881540756239125,2.5398546508824307,2.8972202595837415,0.26166004389776837,0.3414659205586033,0.7351479543441477,0.7898373183852158,355.4897662475853,4.510233752414717,2.055140272946509,4.0,0.03872717541486723,0.03549341042200584,0.06624908715557719,0.24360313699108785,0.0,0.0407411586692709,nonelliptic_or_noisy
14,stage,5800,6568,7849,8616,44.830707,48.672278,768,2.470085452557816,2.883312817294663,2.5366384526081824,2.90122975547161,0.2651670236747784,0.3318636661760958,0.730209611238556,0.7973878119473357,356.90016916452214,3.0998308354778743,2.0740206678434796,4.0,0.029880792105835025,0.02705637056888092,0.047605569447022246,0.25992128783999335,0.0,0.030851455039513996,nonelliptic_or_noisy
14,stage,5820,6588,7869,8636,44.930879,48.772449,768,2.4792365923979514,2.877659496518859,2.539667834375943,2.8994580180669343,0.26309313562644354,0.34044838943078515,0.73365197494197,0.7945940124743222,355.8026053920588,4.197394607941216,2.0511902332297467,4.0,0.034864284732631805,0.04306888332029435,0.07358286937420008,0.2441819367063694,0.0,0.04088495615157219,nonelliptic_or_noisy
14,stage,5840,6608,7889,8656,45.03105,48.87262,768,2.501591127357154,2.8809610114934436,2.533163594298281,2.9029224890454395,0.26002180302804845,0.33750450111312125,0.7420204815298984,0.7653518565360534,355.85172716521095,4.148272834789064,2.0651753545237757,4.0,0.04800623296305314,0.02418975108812615,0.07867201426424587,0.14790845179088888,0.0,0.08690432109790903,nonelliptic_or_noisy
14,stage,5860,6628,7909,8676,45.131221,48.972791,768,2.5135101968686757,2.8816294957016844,2.5334267473013754,2.902577716073413,0.26192738250701175,0.33454008437928195,0.7442884733313978,0.760280839341734,355.6834829273371,4.316517072662932,2.076279198244987,4.0,0.05867632213989152,0.010342217514930908,0.08325375395021199,0.11035487498203589,0.0,0.04557675771313914,nonelliptic_or_noisy
14,stage,5880,6648,7929,8696,45.231393,49.072963,768,2.5386208115725486,2.877659496518859,2.5369610350802176,2.8999697481120355,0.26677125355676345,0.3223889757086321,0.7317600481752016,0.7303085286731342,355.6102832692605,4.389716730739509,2.110284027110848,4.0,0.02554845570491177,0.024070831801196364,0.04772412265669551,0.08386175735827628,0.0,0.09529702583540867,nonelliptic_or_noisy
14,stage,5900,6668,7949,8716,45.331564,49.173134,768,2.5404945654828595,2.875706904351858,2.5373176238781427,2.8979276632880895,0.26031049331757106,0.3309187415275439,0.7420968345823337,0.7464067373566411,353.64005321133715,6.359946788662859,2.130637820772345,4.0,0.023360371850568662,0.039715013900022855,0.07246711299951629,0.08623054838744221,0.0,0.010396083042583984,nonelliptic_or_noisy
14,stage,5920,6688,7969,8736,45.431735,49.273305,768,2.5623486301615936,2.886061067809494,2.540775181499193,2.896926282645,0.26059927740804967,0.33097577101546594,0.736793790432673,0.7385230989628243,354.0276059923483,5.972394007651688,2.1674530025264307,4.0,0.023157187883134304,0.04516196347004734,0.08219942848542122,0.09269040628369402,0.0,0.09279696204962763,nonelliptic_or_noisy
14,stage,5940,6708,7989,8756,45.531907,49.373477,768,2.5623486301615936,2.875142897735115,2.540029161847841,2.898466553732607,0.2565607985593198,0.34631335639399935,0.7501666717275881,0.7338006354394359,354.23031080212564,5.769689197874331,2.1417384170284754,4.0,0.029180191943852032,0.01198817484250053,0.0444924364149389,0.12582737893477192,0.0,0.04255587812202097,nonelliptic_or_noisy
14,stage,5960,6728,8009,8776,45.632078,49.473648,768,2.5449823687636437,2.883312817294663,2.5381187333079236,2.900443948125285,0.25337884991702164,0.3444063300954645,0.7583458051123513,0.7581375305103333,354.4664435674935,5.533556432506509,2.1446556391984766,4.0,0.03751196649797098,0.025793621713449677,0.05796528969226586,0.07283539571629129,0.0,0.07574446631526169,nonelliptic_or_noisy
14,stage,5980,6748,8029,8796,45.732249,49.573819,768,2.527743462152894,2.8807418512750593,2.5431702621094336,2.895554245495244,0.2540314517832097,0.3512868515407826,0.7523677036488711,0.7595051862200053,353.9023634117072,6.097636588292791,2.175713168746948,4.0,0.0427676168585015,0.0407340598540753,0.07990431349208248,0.08418938788194481,0.0,0.06861184225847694,nonelliptic_or_noisy
14,stage,6000,6768,8049,8816,45.832421,49.673991,768,2.540593207510828,2.8807418512750593,2.538208052897002,2.9036746656778734,0.26717724572384904,0.32747427226604275,0.7206098431801051,0.7210554501158996,355.3923523476903,4.6076476523097325,2.244694813185261,4.0,0.0332992646433799,0.025235214518263563,0.05141704377589257,0.08629670588414508,0.0,0.0480944600020897,nonelliptic_or_noisy
14,stage,6020,6788,8069,8836,45.932592,49.774162,768,2.5404945654828595,2.8809610114934436,2.543534126420242,2.8979051413218393,0.27070255676014093,0.3215978760635158,0.7061962039931576,0.7110127780307945,354.42444991815853,5.575550081841494,2.30574687712253,4.0,0.056178090526676216,0.012707218036457892,0.08611940767685905,0.06359230806187612,0.0,0.000887823608928823,nonelliptic_or_noisy
14,stage,6040,6808,8089,8856,46.032763,49.874333,768,2.534995700193467,2.8739277945377246,2.544271658897447,2.897827696770571,0.2649330905537943,0.3244253548777661,0.7106097178841714,0.7301624282910497,354.50135736042995,5.498642639570044,2.3035859756160715,4.0,0.075155619172221,0.019908646541544645,0.12159746720318076,0.09676731129755521,0.0,0.033697906986015255,nonelliptic_or_noisy
14,stage,6060,6828,8109,8876,46.132935,49.974505,768,2.5212712613188604,2.8740650725518657,2.542100807296083,2.889476767451367,0.2606913109838586,0.32486134730644667,0.7269534018351751,0.7478567547919864,354.70378167576274,5.296218324237279,2.3263979090480507,4.0,0.05796987687242914,0.019195724458600422,0.09912305294470572,0.09939418644691962,0.0,0.05264895620753511,nonelliptic_or_noisy
14,stage,6080,6848,8129,8896,46.233106,50.074676,768,2.5181235952573218,2.8742858450763937,2.5359847741286923,2.8944117074979387,0.2599789366776819,0.3284719090540685,0.734588382379439,0.7576536452986458,354.6063082251939,5.393691774806107,2.2819704956215765,4.0,0.015818104833258604,0.01801709029173396,0.032453544558573105,0.10350295005661342,0.0,0.012137132832175778,nonelliptic_or_noisy
14,stage,6100,6868,8149,8916,46.333277,50.174847,768,2.5086418349988757,2.874401143199446,2.5426415683264585,2.8853058038949366,0.2615328204344426,0.33015985739525544,0.7256747682125848,0.7439695208065887,355.3896604596627,4.61033954033732,2.3355416474424775,4.0,0.023311639861708287,0.04946855282889479,0.07502581205819303,0.13652455026932073,0.0,0.03625725149476036,nonelliptic_or_noisy
14,stage,6120,6888,8169,8936,46.433449,50.275019,768,2.5135101968686757,2.8742858450763937,2.5441314830885347,2.8836766582218427,0.26072611451182515,0.33334043771861804,0.7253753680356899,0.7450012417227351,355.90841911107646,4.091580888923547,2.3519979811710674,4.0,0.02165615761584085,0.03767699118089459,0.059197090326710874,0.12284500812660784,0.0,0.018677557476903535,nonelliptic_or_noisy
14,stage,6140,6908,8189,8956,46.53362,50.37519,768,2.5048973346457295,2.874401143199446,2.535412384862585,2.890551757307399,0.2587607574106276,0.32514685921245756,0.7279191524558237,0.7492964178878561,355.44816585548574,4.551834144514275,2.3553676966884036,4.0,0.05568613846274319,0.028360500229493556,0.09683562472974387,0.13342636353536044,0.0,0.03328802252476723,nonelliptic_or_noisy
14,stage,6160,6928,8209,8976,46.633791,50.475361,768,2.5150624246665667,2.875010238854091,2.5392282040075718,2.8886477074287846,0.253923124630398,0.32351435795096845,0.7420931287082331,0.7561814199483505,355.379388903707,4.620611096292963,2.3868607552110257,4.0,0.05254726317571159,0.03433633910617074,0.08549216906456966,0.10927815716495522,0.0,0.04010395781922566,nonelliptic_or_noisy
14,stage,6180,6948,8229,8996,46.733963,50.575533,768,2.513410622070365,2.8807418512750593,2.55650900619601,2.877212978335607,0.25954689740470105,0.32907610701092344,0.7234132877914969,0.7623441749946974,355.37219076633096,4.627809233669022,2.363241312000483,4.0,0.06574246841380343,0.0748179113230257,0.1549574225234533,0.16660809414574185,0.0,0.02298190946543535,nonelliptic_or_noisy
14,stage,6200,6968,8249,9016,46.834134,50.675704,768,2.5048973346457295,2.8885723448029115,2.5644319485307987,2.858829011764617,0.26121128630238954,0.3076021115817598,0.7124657298836412,0.7402895606350908,356.61030701082615,3.38969298917385,2.4242177156293883,4.0,0.15949311102292726,0.19375083136155777,0.4940413613760506,0.25477843921389765,0.0,0.04428169718197041,center_unidentifiable
14,stage,6220,6988,8269,9036,46.934305,50.775875,768,2.529271019593164,2.890332536487787,2.56816978944527,2.85062699897249,0.2619706976942287,0.2987361046456788,0.6992939579200481,0.7047733438807432,355.59625294812247,4.403747051877557,2.4867840480648895,4.0,0.287344253146573,0.3523035243427704,0.8152714268553777,0.21217856325497667,0.0,0.09328203609495307,center_unidentifiable
14,stage,6240,7008,8289,9056,47.034476,50.876047,768,2.5386208115725486,2.8877721429849355,2.566451967436957,2.854140037261626,0.2617153896743565,0.3051592186683161,0.7022443903961764,0.7030862026776077,355.6608598098503,4.339140190149684,2.7262940677109873,4.0,0.3215152509276791,0.41522285663191677,0.95936644460815,0.16680039248255465,0.0,0.03704035283866077,center_unidentifiable
14,stage,6260,7028,8309,9076,47.134648,50.976218,768,2.52230971564582,2.8679509761779056,2.5992523172750555,2.81687724241189,0.2592763012059408,0.2968029989326814,0.698031600106365,0.7156579831483021,356.29649630647594,3.703503693524078,2.8520059013420522,4.0,0.40018605583869643,0.5723117292949352,1.3777960506598967,0.35618723218094284,0.0,0.09900496713160623,center_unidentifiable
14,stage,6280,7048,8329,9096,47.234819,51.076389,768,2.5218626745423096,2.869072792230206,2.652525275384886,2.7383932697482845,0.2620840463231763,0.2951079487687683,0.6964811878009568,0.7147108934917774,349.5518974428492,10.44810255715078,2.9425783912516015,4.0,1.045490796418983,1.3781956450481259,3.659067561158661,0.7051050630222034,0.0,0.004607712619474931,center_unidentifiable
14,stage,6300,7068,8349,9116,47.33499,51.17656,768,2.52230971564582,2.8872255969645777,2.6362018038388246,2.7571190611092997,0.26535741875893853,0.28211444481424214,0.6920634735673159,0.7102629060819868,354.05390350807266,5.946096491927355,2.936320579431544,4.0,1.822650758343294,2.4919489640863097,6.88742409063909,0.6516253297478533,0.0,0.0684296241908767,center_unidentifiable
14,stage,6320,7088,8369,9136,47.435162,51.276732,768,2.514689911315123,2.8940591379431133,2.656557255760844,2.7460251297495177,0.26283503265341135,0.26659346620688346,0.6754251494748335,0.7035250199842058,354.36581535694916,5.634184643050816,2.985231899891021,4.0,1.1685468489483768,1.6026919784554374,4.2821209314246875,0.7800999063723033,0.0,0.03894142144092,center_unidentifiable
14,stage,6340,7108,8389,9156,47.535333,51.376903,768,2.51358342897537,2.8950129864529623,2.637034580787369,2.7761237634896334,0.262118031299491,0.2719228984908707,0.6725801570282031,0.6977529584608096,354.5051606041652,5.494839395834776,3.009034722161609,4.0,0.6741737559024663,0.9406228282984985,2.40076039338411,0.653869100615616,0.0,0.0055733145285793845,center_unidentifiable
14,stage,6360,7128,8409,9176,47.635504,51.477074,768,2.503199275614688,2.9085598710631064,2.6140299785404766,2.8089483021781043,0.26843271454019657,0.2708974343842525,0.6633114287334679,0.6783832383679888,355.22853720402054,4.771462795979445,3.019226626206672,4.0,0.38406631480883896,0.5384312444530298,1.323820027417025,0.5551352923941651,0.0,0.06358740718157248,center_unidentifiable
14,stage,6380,7148,8429,9196,47.735676,51.577246,768,2.5048973346457295,2.9129328961925665,2.6177630635197398,2.8064802526580594,0.265829764809699,0.2845190813691968,0.6693936075773405,0.6882492684922233,354.89906438361373,5.100935616386251,3.019350751358959,4.0,2.267953772666061,3.0989336808247048,8.57987591331369,0.5836359009323615,0.0,0.01764714198739236,center_unidentifiable
14,stage,6400,7168,8449,9216,47.835847,51.677417,768,2.4995620000601297,2.918229731673576,2.613641182211728,2.8109980633649023,0.2699082939100152,0.28386401753070056,0.6573905262184969,0.6774232132719409,355.1106254475045,4.889374552495497,3.0269707962174452,4.0,0.6360209640994458,0.8924542393054676,2.298182921910899,0.5800684713601102,0.0,0.02785438243107893,center_unidentifiable
14,stage,6420,7188,8469,9236,47.936018,51.777588,768,2.4943108911593392,2.914380226694911,2.632693699553901,2.7862264010426703,0.2690752052339025,0.2812269280640183,0.6647983701292614,0.671952447608596,354.55992436261715,5.4400756373828365,3.0261269715469274,4.0,3.0944203872665397,4.596055749654859,12.521913142125735,0.7009512514435845,0.0,0.024197613817746214,center_unidentifiable
14,stage,6440,7208,8489,9256,48.03619,51.87776,768,2.495241042543804,2.9196630469386653,2.6434787437739544,2.7674879242381496,0.2670239325837477,0.2873432308843693,0.6670966982112221,0.6751886259015792,353.85792251267225,6.142077487327763,3.0910759593968904,4.0,1.848887602263691,2.7758355688901295,7.422082643162344,0.7955923194226386,0.0,0.020088392602551797,center_unidentifiable
14,stage,6460,7228,8509,9276,48.136361,51.977931,768,2.4877575783778125,2.922038155369889,2.7640313499992244,2.60149230814223,0.26546221528143343,0.2804232582197794,0.6461293983050944,0.6689871122478069,316.3083736543515,43.69162634564848,3.2890228597758684,4.0,1.4299178536112824,2.1427027283179103,5.443316853958738,1.5941052543745327,0.0,0.0295760719075381,center_unidentifiable
14,stage,6480,7248,8529,9296,48.236532,52.078102,768,2.4825731052945437,2.929621418379053,2.9563217230425827,2.3807758522621723,0.26800239125817255,0.28600251458750914,0.6393372183697782,0.6958876694585133,115.79262690411926,244.20737309588074,3.236198361551452,4.0,1.7097324229172268,2.4311840292775604,5.548925095142309,2.7053135026645583,0.0,0.0342762285029317,center_unidentifiable
14,stage,6500,7268,8549,9316,48.336704,52.178274,768,2.477266428977974,2.936069759682236,2.768855738603505,2.6176064980844633,0.2738168997970559,0.2803754510252456,0.623407753378674,0.6563950575238421,332.95206489199643,27.047935108003546,3.2497217011068043,4.0,1.456841018394902,2.027991097923277,5.227199362578231,1.5769321060799575,0.0,0.030499077102489013,center_unidentifiable
14,stage,6520,7288,8569,9336,48.436875,52.278445,768,2.4866767983801905,2.929690847413303,2.676457076340806,2.73533634243167,0.2703954235959917,0.28505384135934614,0.6361644710481726,0.6414486943241972,347.3655267968415,12.634473203158496,3.266387394334217,4.0,0.5344566937021635,0.7444428921231618,1.6142901868551016,1.0046159931949463,0.0,0.042044433273709034,center_unidentifiable
14,stage,6540,7308,8589,9356,48.537046,52.378616,768,2.4888950723591843,2.921063262086475,2.599016760039097,2.8331502171692273,0.2734786315384151,0.2845925166023502,0.6260978013821826,0.6377099442594888,356.4358689029406,3.5641310970593776,3.3112685556861257,4.0,0.613417591821336,0.8577334288252347,2.317071418156791,0.5152486965092202,0.0,0.03257364798795401,center_unidentifiable
14,stage,6560,7328,8609,9376,48.637218,52.478788,768,2.491381787782562,2.9205231620167025,2.6112001928555286,2.8184471137443396,0.2714350618610463,0.2769707726812326,0.6233817109067179,0.634613475696851,356.71544720212836,3.284552797871641,3.4038750576889845,4.0,0.6117056114334202,0.8671952731303041,2.3303236674469896,0.5798950291413063,0.0,0.00937495999557461,center_unidentifiable
14,stage,6580,7348,8629,9396,48.737389,52.578959,768,2.4925131838191805,2.9182291372980553,2.67772738385677,2.7359263812989227,0.26572982855329597,0.2868401660039295,0.6350122982887426,0.6441660649776438,347.77531771115684,12.22468228884316,3.4718561839338546,4.0,1.1171449609723019,1.5522063347992485,4.140345770463258,0.9779929018455765,0.0,0.009625761343691143,center_unidentifiable
14,stage,6600,7368,8649,9416,48.83756,52.67913,768,2.4931927681894814,2.921063262086475,2.7145868075501554,2.6890216062649888,0.2650119896642764,0.29033761367492816,0.6370550645316603,0.650126817566855,350.3073892148242,9.692610785175797,3.45661189246857,4.0,0.7172008366791206,1.036915756488748,2.762946647153411,1.210193702771411,0.0,0.010997478380585885,center_unidentifiable
14,stage,6620,7388,8669,9436,48.937732,52.779302,768,2.497096069478171,2.926455992243561,2.8302318927049237,2.522803749003783,0.260425089687647,0.2878338565686528,0.6461655226262353,0.6759955553774004,306.8321473597469,53.167852640253095,3.611383210124316,4.0,1.3531959481494327,2.0819378377548583,5.205475289111903,2.0096701242582142,0.0,0.02556252922439194,center_unidentifiable
14,stage,6640,7408,8689,9456,49.037903,52.879473,768,2.501207780464936,2.933172812476146,2.8381749925518758,2.5112399995101184,0.26024512093894137,0.29014419373043043,0.6471299912868875,0.669146304365563,295.83067004670625,64.16932995329375,3.649369741298855,4.0,2.3240837341991694,3.5210658166035667,9.385229746961265,2.0748750611088913,0.0,0.030261449843354996,center_unidentifiable
14,stage,6660,7428,8709,9476,49.138074,52.979644,768,2.514689911315123,2.9421975864241543,2.7344268363660307,2.6581121026645698,0.2657937250029497,0.29149929674485486,0.6371372553358419,0.6442668460725732,338.01674806702886,21.98325193297115,3.551529878055809,4.0,1.3434206924375847,1.9497202967239196,5.315349882438288,1.3512366287657882,0.0,0.06103937757907877,center_unidentifiable
14,stage,6680,7448,8729,9496,49.238245,53.079816,768,2.5218626745423096,2.943087732064857,2.7074847264393864,2.699559514502051,0.2679118599400949,0.2877797684674553,0.638776895150942,0.6391784668967297,348.5909809851753,11.40901901482471,3.5188596832065078,4.0,0.7166367445019587,1.0286140681649567,2.36947821769618,1.1429320832644798,0.0,0.026978223653931196,center_unidentifiable
14,stage,6700,7468,8749,9516,49.338417,53.179987,768,2.510386360888887,2.949099078186749,2.7507924702827884,2.6351893717097132,0.2728058470948429,0.2711684614337112,0.6153605469662461,0.6303051536386786,346.6541371285156,13.345862871484409,3.6163662465070807,4.0,0.712204064032035,1.1763467482870091,2.9562410193406525,1.4493510949232322,0.0,0.047489404384003675,center_unidentifiable
14,stage,6720,7488,8769,9536,49.438588,53.280158,768,2.501152842565854,2.9599275432971153,2.7673688604018825,2.609692630115186,0.27996437652854955,0.26676476637694496,0.5998830981763931,0.6166775056404491,345.32058197603,14.679418023969987,3.617255788149607,4.0,62.510868765450994,102.43509434026952,277.1033685044067,1.5713665479393815,0.0,0.05083048274812484,center_unidentifiable
14,stage,6740,7508,8789,9556,49.538759,53.380329,768,2.501853577741578,2.9489556122743195,2.7314377579141222,2.6667762355075038,0.28182430920777407,0.25897256092437504,0.5972553485408532,0.6165999972964152,340.1264434565619,19.873556543438124,3.5826757915487337,3.0,0.5374731054559677,0.7806392669689897,1.3057441725317136,1.2907954536175004,0.0,0.03901113043423826,center_unidentifiable
14,stage,6760,7528,8809,9576,49.638931,53.480501,768,2.4973247436579964,2.944387648429956,2.716712349302951,2.688861088086295,0.27480981761194273,0.2637862956463301,0.6122879633393311,0.6319976616481598,352.0144161442959,7.985583855704093,3.5223588320045134,3.0,0.3006120055436078,0.4478457010886882,0.5941522901191839,1.2255235495712926,0.0,0.023406976745983486,center_unidentifiable
14,stage,6780,7548,8829,9596,49.739102,53.580672,768,2.495241042543804,2.944153921453034,2.7160348381150974,2.6901091698445967,0.2674289225237108,0.2753479948468063,0.6332727728166679,0.6474061960675251,352.17308252677515,7.826917473224827,3.4929694252591097,4.0,0.7738245661216476,1.2715565934157904,3.2885663610850577,1.2585915144517312,0.0,0.007840470646043606,center_unidentifiable
14,stage,6800,7568,8849,9616,49.839273,53.680843,768,2.501853577741578,2.946921022876606,2.6973212194596927,2.7176443415555624,0.26032561107757335,0.2800395734166275,0.652178167468237,0.6648692574500193,348.58708260691935,11.412917393080642,3.4572899567275917,4.0,0.2007731093893218,0.3758768834568107,0.7960138453853874,1.1573565624075317,0.0,0.027535349974791082,center_unidentifiable
14,stage,6820,7588,8869,9636,49.939445,53.781015,768,2.5099549526942138,2.9461094971604345,2.7337216974741607,2.669255347665332,0.24762048208370324,0.2961194944696027,0.6728664594208272,0.6874900556719521,340.4192408799645,19.580759120035534,3.5302428413386737,4.0,0.2850495436741836,0.49599094981195085,0.8528995740351125,1.4375919551806744,0.0,0.032880637519204094,center_unidentifiable
14,stage,6840,7608,8889,9656,50.039616,53.881186,768,2.52472374690929,2.944633152483941,2.8843919003408574,2.4351075598611214,0.24279576345105175,0.295983274523847,0.6386690303189025,0.6788555864202511,217.65601421593587,142.34398578406413,3.948565532309964,3.0,2.8297154174253114,4.306542083465073,9.807928308695447,2.5687458735652204,0.0,0.06113122026100177,center_unidentifiable
14,stage,6860,7628,8909,9676,50.139787,53.981357,768,2.5179994445540705,2.943683378514504,2.6762036144414085,2.7803757202901695,0.2546480086746084,0.2781379196313079,0.5950021621422947,0.6235366524369599,356.1659964666547,3.834003533345324,4.1503636418754155,4.0,0.36777531778156863,0.6173359259540259,1.5084890501894428,0.8928867519567881,0.0,0.026668366854709965,center_unidentifiable
14,stage,6880,7648,8929,9696,50.239959,54.081529,768,2.5179994445540705,2.93416925385391,2.667247147340815,2.7943338689133954,0.2554731103712473,0.26975860237952737,0.5908241730806556,0.631192698093766,356.04480869515453,3.95519130484548,4.2206110928279115,4.0,0.5463166244552135,0.919006596608384,2.640305695802771,0.8005575686871089,0.0,0.03724119789659253,center_unidentifiable
14,stage,6900,7668,8949,9716,50.34013,54.1817,768,2.524568999734119,2.93679250452646,2.6586858282111283,2.815555055945516,0.2633292237939941,0.26501825610925456,0.5813357564259332,0.6116960593634212,356.1684809777929,3.8315190222071083,4.259621760255641,4.0,0.6084879564538935,0.9978285612149493,2.6724779859382184,0.686563614588824,0.0,0.026863448223176812,center_unidentifiable
14,stage,6920,7688,8969,9736,50.440301,54.281871,768,2.5264485858906904,2.924867594952415,2.6556917377006104,2.821876967752546,0.2613691978290388,0.2716782998244001,0.5873713518756947,0.627280236142699,357.00767516666934,2.992324833330665,4.056468840761976,3.0,0.6861520044294388,1.1021220755840728,2.4002447371162727,0.632285606572297,0.0,0.0461880346842867,center_unidentifiable
14,stage,6940,7708,8989,9756,50.540473,54.382043,768,2.5324548923055006,2.9124408330089975,2.6859344660346123,2.7692706689173283,0.25234130122825166,0.27824997191359074,0.5971549574354371,0.641496108975658,356.4688195710631,3.5311804289369,4.021783574712768,3.0,0.6651509672738569,1.083084642864271,2.1949983740506656,0.8317690105509203,0.0,0.05469647003150635,center_unidentifiable
14,stage,6960,7728,9009,9776,50.640644,54.482214,768,2.5485914842892097,2.919343057990204,2.685926611467706,2.76079926905443,0.24844727405636763,0.28308016377966666,0.5995326326568111,0.6315246554467476,355.2506759444198,4.749324055580201,3.9687789950712014,3.0,0.3231865685832625,0.5798510969716499,1.046141255009618,0.8442627780869504,0.0,0.0706419193845032,center_unidentifiable
14,stage,6980,7748,9029,9796,50.740815,54.582385,768,2.5596080485823323,2.9122029222001125,2.6980163123374616,2.7424997347587383,0.24385296276518875,0.29625982642343207,0.6100655678819601,0.6394222400139982,354.9263561563952,5.073643843604846,3.5149583711578805,4.0,1.3360700588590824,2.300531102232045,6.113965210581607,0.8980355447326026,0.0,0.053836008714728364,center_unidentifiable
14,stage,7000,7768,9049,9816,50.840987,54.682557,768,2.5683718259225152,2.906624593777095,2.6457005788269172,2.8222412342986245,0.2422785102084956,0.269052023519377,0.6079671102807995,0.6386556154517821,356.74681143112895,3.253188568871045,2.7189485393608526,4.0,0.046501979032647626,0.14954894574150876,0.22435863157441996,0.47241699956810335,0.0,0.04287845959973436,nonelliptic_or_noisy
14,stage,7020,7788,9069,9836,50.941158,54.782728,768,2.5799224213249383,2.886946738785632,2.638299420262496,2.833903459596637,0.23873803449434516,0.24101388465726092,0.6087686779320717,0.6417649971210287,355.80084947949643,4.199150520503592,2.793861397824167,4.0,0.029570488456541366,0.12965652995247942,0.20523570200301453,0.330388303389724,0.0,0.09557509657772383,nonelliptic_or_noisy
14,stage,7040,7808,9089,9856,51.041329,54.882899,768,2.5917272849868933,2.8777422865340805,2.637386845240185,2.8393259692152806,0.23765081865205606,0.23338774287068859,0.608867595738009,0.6230444282244034,355.8922771831469,4.107722816853079,3.0233365129457535,4.0,0.02963951718166697,0.11508965772864002,0.20061896052032416,0.2510861864371658,0.0,0.06298818308605232,nonelliptic_or_noisy
14,stage,7060,7828,9109,9876,51.141501,54.983071,768,2.593110081866868,2.8777422865340805,2.6382490028376706,2.862153794803329,0.23909156568675283,0.23564038020847863,0.5713192010530312,0.5969699795680596,356.6786392284988,3.3213607715011753,3.134686454282434,4.0,0.04292740122322045,0.07608557345473298,0.13879430242545407,0.1997344588046443,0.0,0.0057835452120739775,nonelliptic_or_noisy
14,stage,7080,7848,9129,9896,51.241672,55.083242,768,2.5896706741841315,2.879723705951956,2.6382461874004157,2.861271653390816,0.2430320901737396,0.23086621364264975,0.562173999911801,0.5949712122969549,356.87236263762895,3.127637362371031,3.7868498069332044,4.0,0.037836770939439865,0.07772660336132771,0.13900371517297483,0.21380752351163035,0.0,0.01633251764953267,nonelliptic_or_noisy
14,stage,7100,7868,9149,9916,51.341843,55.183413,768,2.590010817354095,2.8953251742346153,2.6393994908491116,2.860627943001168,0.25043131422554943,0.22397510628442313,0.5497404385065987,0.5695325591475449,356.9643697802218,3.035630219778249,4.233938392255027,4.0,0.03605789578451275,0.0803296064417992,0.12720812337629714,0.2410178642532168,0.0,0.0623131966968641,nonelliptic_or_noisy
14,stage,7120,7888,9169,9936,51.442014,55.283585,768,2.6080559554059755,2.89947926047015,2.6380863403684818,2.863653733205054,0.25392681558598296,0.21816044742551702,0.5417582443233354,0.5450665761984157,355.72216284348207,4.277837156517905,4.428336923317185,4.0,0.0548585013721697,0.1166972612760118,0.19196640629947018,0.1840967890621032,0.0,0.07292302719875839,nonelliptic_or_noisy
14,stage,7140,7908,9189,9956,51.542186,55.383756,768,2.623437451422653,2.910565210104372,2.637941107656097,2.8626855199539327,0.26034523152926137,0.21470056946942936,0.5260636686530946,0.5501881278839003,355.8257742986558,4.174225701344199,4.9237410775493435,4.0,0.04771651601509361,0.12440428620295226,0.2186932040633322,0.19216099900989478,0.0,0.07282709615119212,nonelliptic_or_noisy
14,stage,7160,7928,9209,9976,51.642357,55.483927,768,2.622941406441671,2.922948749723555,2.6434314829643526,2.8621919984551223,0.262107220855441,0.2109494365451118,0.5172230350074241,0.5418889313828896,355.66382221264337,4.336177787356649,5.438328426740957,4.0,0.06523675416797256,0.13721352575562837,0.24076777889681336,0.24462829771575473,0.0,0.04728397250621226,nonelliptic_or_noisy
14,stage,7180,7948,9229,9996,51.742528,55.584098,768,2.6284639420456006,2.919315548075943,2.641296939353654,2.8739304588744856,0.2663553963141324,0.20698734430922086,0.506487232166204,0.5365667147732521,355.5644956615878,4.435504338412214,5.112136202204006,4.0,0.06490359898142975,0.12498243133695333,0.2407904272496346,0.17707364941302722,0.0,0.024818300102523585,nonelliptic_or_noisy
14,stage,7200,7968,9249,10016,51.8427,55.68427,768,2.615869133198448,2.919315548075943,2.639476223310933,2.8823621217559086,0.2613876627468956,0.20456460702256826,0.5155352506656788,0.5340351074148117,355.50907230802005,4.490927691979926,4.868739803891467,4.0,0.06952605459797886,0.1194521613664172,0.22835023274013969,0.1677597094685899,0.0,0.04818440440070995,nonelliptic_or_noisy
14,stage,7220,7988,9269,10036,51.942871,55.784441,768,2.6023081278050855,2.9124408330089975,2.6393087744003125,2.8903545199260434,0.2604402090171385,0.19687473200137598,0.5111989269760202,0.5170157160874368,355.7919076005968,4.208092399403223,4.570210031267594,4.0,0.0817670785612088,0.10772315805393372,0.20196748551989263,0.165455319762555,0.0,0.05837820350266917,nonelliptic_or_noisy
14,stage,7240,8008,9289,10056,52.043042,55.884612,768,2.5872340901455546,2.9122029222001125,2.6245644722608996,2.8983328661107435,0.25566331240396273,0.19696126832770494,0.5024685126548385,0.5094181473634473,354.49356753682696,5.506432463173035,5.202258821117579,4.0,0.05905452276377604,0.04272832942196007,0.10047145461751307,0.1557666219349456,0.0,0.05896784662803739,nonelliptic_or_noisy
14,stage,7260,8028,9309,10076,52.143214,55.984784,768,2.5872340901455546,2.903399882465229,2.622411451407202,2.8994012804923193,0.259291316062477,0.2192721749755042,0.5027244817266808,0.5150453760884902,354.24290735732853,5.75709264267148,5.086376118208353,4.0,0.11163504607547052,0.09164107626582343,0.2182594484530751,0.1365409858588862,0.0,0.03395038394869406,nonelliptic_or_noisy
14,stage,7280,8048,9329,10096,52.243385,56.084955,768,2.5941100816359626,2.887263248516746,2.624669975270656,2.89770489186849,0.2632831846918383,0.22248800403207622,0.5035121360247943,0.5109825140699988,354.52659147120903,5.473408528790986,5.4074718881288035,4.0,0.08579678635074207,0.09404730495781106,0.1976589118813178,0.12266071775188929,0.0,0.06662229732939698,nonelliptic_or_noisy
14,stage,7300,8068,9349,10116,52.343556,56.185126,768,2.5973807259387804,2.891260767348159,2.62163584626545,2.903096318734611,0.26214789295478147,0.21513567825051663,0.49451113509420225,0.5085755001474782,353.94560761415494,6.054392385845091,5.60267146356605,4.0,0.17713320830647367,0.20528956317356503,0.5739344769213631,0.1029522767891319,0.0,0.01970263575745021,center_unidentifiable
14,stage,7320,8088,9369,10136,52.443728,56.285298,768,2.6027498403082356,2.891260767348159,2.620245858107074,2.9158139619486207,0.26395070017105976,0.20653806165367403,0.4850469256483649,0.49068423042481957,353.5993987975564,6.400601202443648,6.223675023231351,4.0,0.12417938123618202,0.11936486005470777,0.3678780230831701,0.11422257787492807,0.0,0.020341353010147764,center_unidentifiable
14,stage,7340,8108,9389,10156,52.543899,56.385469,768,2.6205578672177996,2.891260767348159,2.6196429875021328,2.9174016977738333,0.2702584376285105,0.19891990375210472,0.4742780834716154,0.46596142656345585,353.5293760122487,6.470623987751331,6.30048701670522,4.0,0.09457722064789775,0.10389552375067368,0.29491744754943383,0.09678489680500152,0.0,0.06589258439376594,center_unidentifiable
14,stage,7360,8128,9409,10176,52.64407,56.48564,768,2.6205578672177996,2.867218534395166,2.6141156640844603,2.92262927413887,0.2800547839449879,0.18631517507283815,0.4624040301215423,0.4736181269258993,353.04131126141186,6.958688738588131,6.220613606499428,4.0,0.03231200901659548,0.046185004465811176,0.10117557180838953,0.1991895155200339,0.0,0.08584832086894724,nonelliptic_or_noisy
14,stage,7380,8148,9429,10196,52.744242,56.585812,768,2.624722890351886,2.8732817888597215,2.609650683594202,2.925494485992007,0.2759731577779103,0.18177690889303177,0.4566880842192322,0.4687619276099485,352.6758025310497,7.324197468950278,5.934768312480943,4.0,0.025950201588620245,0.028519144389919048,0.04672759178789256,0.19691992961641974,0.0,0.02665470128508771,nonelliptic_or_noisy
14,stage,7400,8168,9449,10216,52.844413,56.685983,768,2.6253262040836747,2.8869819277619717,2.609363212475064,2.9297916125708987,0.2719216668649027,0.18190997389991373,0.4676807010034677,0.45849403175227615,352.6319756107743,7.36802438922572,5.73218406262894,4.0,0.02579915762507696,0.023105169958590705,0.048094289987501496,0.16802271356805806,0.0,0.05043149634015264,nonelliptic_or_noisy
14,stage,7420,8188,9469,10236,52.944584,56.786154,768,2.6205578672177996,2.911206395241501,2.6079004637561067,2.9274768467326364,0.2619734755408287,0.18818611619141692,0.4789953194829352,0.4805790437312031,352.53140130853984,7.4685986914601665,5.57047384085787,4.0,0.03140320182592728,0.008160195635468158,0.05165483403420449,0.0786873979102082,0.0,0.09424353577821652,nonelliptic_or_noisy
14,stage,7440,8208,9489,10256,53.044756,56.886326,768,2.614677621314348,2.922234799779268,2.6043390230269394,2.911171137560469,0.2598673110364863,0.1785315623332395,0.4452589550000313,0.46334966552054324,354.8460198864061,5.15398011359389,6.162623978106743,4.0,0.034274036777630794,0.02609269026771251,0.06517707195724523,0.05826960516395293,0.0,0.048094236054905065,nonelliptic_or_noisy
14,stage,7460,8228,9509,10276,53.144927,56.986497,768,2.6056549808442235,2.9402024988600917,2.602239801020765,2.9192248947958834,0.25514405610961466,0.18314190740431197,0.4545499853295773,0.473960066088299,353.8915234656002,6.1084765343998315,6.1750898881554965,4.0,0.042151696361419445,0.015961626333407385,0.06371168443592731,0.08330111277778476,0.0,0.07880205537993372,nonelliptic_or_noisy
14,stage,7480,8248,9529,10296,53.245098,57.086668,768,2.593110081866868,2.9554378066795928,2.6008226149365536,2.9188997285801475,0.24681069670641254,0.1862961394577059,0.46725338132165045,0.5005520720326125,354.6822628402683,5.3177371597316885,6.063645397012608,4.0,0.0285609043511001,0.018264594990118364,0.042555050100916994,0.15130299010854206,0.0,0.07996200462447237,nonelliptic_or_noisy
14,stage,7500,8268,9549,10316,53.34527,57.18684,768,2.5872340901455546,2.9727251657024603,2.599595081744296,2.9178100668623816,0.241300016971756,0.18560796387651668,0.47080775836578703,0.538838201709812,354.6395000592194,5.3604999407805805,5.813731573445977,4.0,0.036252238149086416,0.02600663127880402,0.05657509642640664,0.2332743093473359,0.0,0.07566803537475895,nonelliptic_or_noisy
14,stage,7520,8288,9569,10336,53.445441,57.287011,768,2.574458465972292,2.986504547706124,2.600311226936329,2.917403578290283,0.23131478982895576,0.19243008658015048,0.493950726986459,0.5737893592397659,353.70616905096205,6.293830949037946,5.897395148363282,4.0,0.03893015338419649,0.02912142921413796,0.0655004230640691,0.3189540356833117,0.0,0.08123403791405953,nonelliptic_or_noisy
14,stage,7540,8308,9589,10356,53.545612,57.387182,768,2.5443405018225613,2.9995306436997815,2.6016052758193284,2.918886229333196,0.2167378432541764,0.21644986029850344,0.5450203028424077,0.6184239489268243,352.70500546071736,7.294994539282644,6.0959466812253185,4.0,0.04091475692499278,0.03592766550761737,0.06415865024931189,0.4563481615772311,0.0,0.15140036284368388,nonelliptic_or_noisy
14,stage,7560,8328,9609,10376,53.645783,57.487354,768,2.52047079080492,3.0091239191389723,2.604438362116388,2.9198297780180162,0.20640161529902346,0.22727210348236326,0.5690019938478241,0.6787692087460125,352.8079138558003,7.192086144199697,5.7308742715118735,4.0,0.042222758661634816,0.030067411026191218,0.07313915767701144,0.5938539473584756,0.0,0.12463738637023795,nonelliptic_or_noisy
14,stage,7580,8348,9629,10396,53.745955,57.587525,768,2.4973140173877475,3.030645590264848,2.599903429467331,2.9131121919401695,0.1988224193106507,0.23405526442565736,0.6310662864945523,0.777830822855625,353.30309589395017,6.696904106049833,5.947044414619518,4.0,0.06472956743614791,0.05227664526832573,0.14433885217679993,0.7846630832674721,0.0,0.15900410419206487,nonelliptic_or_noisy
14,stage,7600,8368,9649,10416,53.846126,57.687696,768,2.477058893571112,3.03715462940111,2.6011731468182044,2.91252948958091,0.19365889108690695,0.24435593319473486,0.6512656173226707,0.8236391248741088,353.7324900123603,6.267509987639696,5.673295471803965,4.0,0.06563992033412658,0.049469586424704184,0.14504205837189021,0.9082241542651573,0.0,0.10985956827514053,nonelliptic_or_noisy
14,stage,7620,8388,9669,10436,53.946297,57.787867,768,2.456402946260013,3.0416519132715227,2.605270505968916,2.9050205062626846,0.1907890383092462,0.2534197790584054,0.6768969235647172,0.8603218165143104,354.2835256120688,5.716474387931239,5.595671974459721,4.0,0.04058638674862134,0.062408734275419875,0.13145279848318803,1.0590943019438768,0.0,0.11080228272138237,nonelliptic_or_noisy
14,stage,7640,8408,9689,10456,54.046469,57.888039,768,2.4479805557005445,3.0524553290754715,2.6054637407891,2.8966334137447722,0.18470501027400632,0.2631165368907563,0.706231898285849,0.9219909659304617,353.15014478547704,6.849855214522961,5.635137381051947,4.0,0.06397630895484978,0.0794234755268549,0.15372956852179848,1.1994437784303098,0.0,0.07416451066244448,nonelliptic_or_noisy
14,stage,7660,8428,9709,10476,54.14664,57.98821,768,2.4500210757291567,3.069057677745326,2.6038327351315784,2.8951714894692016,0.17161230135399957,0.2889611264345914,0.7641887294578117,0.980566810046951,353.4392132063225,6.560786793677501,5.847074150837228,4.0,0.07224297753269487,0.10670556057509975,0.16574099252141056,1.352768676192742,0.0,0.09747130073609912,nonelliptic_or_noisy
14,stage,7680,8448,9729,10496,54.246811,58.088381,768,2.453570894068345,3.076397434587881,2.599339860382704,2.894857630511091,0.16858479485346156,0.2937583074116136,0.759895564456326,0.9956984536639204,353.521103441768,6.478896558231991,6.121720307217053,4.0,0.0583042203805677,0.0993155886759187,0.14645045847886884,1.3810278679905454,0.0,0.04836208592955179,nonelliptic_or_noisy
14,stage,7700,8468,9749,10516,54.346983,58.188553,768,2.4555236647679877,3.073295705351614,2.5988090081182955,2.898782918090058,0.1805104887808149,0.26724023907395816,0.7158167858621075,0.9373986841048871,353.2908611169971,6.7091388830028835,5.7609599817346915,4.0,0.06816373936724811,0.07694146569172416,0.14944748460800014,1.2508939269850303,0.0,0.02030489923214849,nonelliptic_or_noisy
14,stage,7720,8488,9769,10536,54.447154,58.288724,768,2.446809353901576,3.0645197051889346,2.5971587572853174,2.895770987953073,0.18713447836232755,0.26425110757736225,0.6959625182728565,0.9225023500222149,354.2717215667865,5.728278433213491,5.412435805015884,4.0,0.06039649517207086,0.0821386410973302,0.14032568579785654,1.2077476284058792,0.0,0.06608934157097138,nonelliptic_or_noisy
14,stage,7740,8508,9789,10556,54.547325,58.388895,768,2.4362410205619836,3.0654629925067596,2.5969179830913323,2.8961855469747375,0.19655893951699394,0.25261217325742524,0.6608983192068548,0.8852262329353108,354.28756281568207,5.7124371843179205,5.13898415111524,4.0,0.04991146135952153,0.07096454093758117,0.1017395783020659,1.187390638165208,0.0,0.053980484878915436,nonelliptic_or_noisy
14,stage,7760,8528,9809,10576,54.647497,58.489067,768,2.433193076379293,3.0731151897255913,2.595415525677965,2.8975352093467586,0.2102799842471621,0.2428645070049193,0.6209983440603096,0.8329373764518683,354.31978489766226,5.680215102337744,4.41262103374969,4.0,0.04625396111947287,0.05422945158825078,0.08904042974549879,1.1368131863189688,0.0,0.0391709823826867,nonelliptic_or_noisy
14,stage,7780,8548,9829,10596,54.747668,58.589238,768,2.4336263589956273,3.0796758863122884,2.594597692021433,2.8990471154125568,0.2198251171146311,0.23224344351197032,0.6108358127278734,0.7936781288530166,354.27699374753735,5.723006252462638,4.065508592331537,4.0,0.056704900458775846,0.014678299443648663,0.08349738269085519,1.1006356274532014,0.0,0.02991008747104228,nonelliptic_or_noisy
14,stage,7800,8568,9849,10616,54.847839,58.689409,768,2.432492048701046,3.0854431780119773,2.5920439869844354,2.9020637370651965,0.2299894056993994,0.2226568061763029,0.5766710850395822,0.7616727147585524,354.2252193817477,5.774780618252267,3.771123695036485,4.0,0.034332420077454164,0.01576317728299159,0.05422090076546817,1.0568910063284194,0.0,0.025556748210689838,nonelliptic_or_noisy
14,stage,7820,8588,9869,10636,54.948011,58.789581,768,2.4309158343941144,3.094078423812685,2.5903760164302003,2.901995633310425,0.2371617450541117,0.21726719588093013,0.568332704583045,0.7513773865258642,354.21430072182534,5.785699278174633,3.407873423786639,4.0,0.029477491838196868,0.02012496884057746,0.05327494855763261,1.052642136979496,0.0,0.03701238744645455,nonelliptic_or_noisy
14,stage,7840,8608,9889,10656,55.048182,58.889752,768,2.4336263589956273,3.094078423812685,2.5882595355551894,2.9041608155634466,0.24087187954265926,0.21680682396071643,0.5662484425059274,0.7342967833902675,354.2485795353956,5.751420464604401,3.2902316925855573,4.0,0.013655484842635481,0.03567136271598837,0.0633678513049581,1.0167578955982455,0.0,0.011252972354678054,nonelliptic_or_noisy
14,stage,7860,8628,9909,10676,55.148353,58.989923,768,2.435007875779691,3.094078423812685,2.584379842001765,2.905277688164153,0.24590946223751603,0.2159225820257848,0.55979860450519,0.7234597736317665,354.16762948005703,5.832370519942984,3.204988853479915,4.0,0.008966604525278664,0.03830088938659163,0.06410024651352536,0.978994696181642,0.0,0.005617989529534567,nonelliptic_or_noisy
14,stage,7880,8648,9929,10696,55.248525,59.090095,768,2.4368614159438233,3.092236050496175,2.584002891972651,2.906025353179712,0.25495941052383947,0.20954343940735534,0.5434770311068707,0.6998982165775363,354.1640263990118,5.835973600988222,3.0124882059706506,4.0,0.0126278853086599,0.025734458147350165,0.0398333102216222,0.9308499921493933,0.0,0.010250327329276245,nonelliptic_or_noisy
14,stage,7900,8668,9949,10716,55.348696,59.190266,768,2.4368614159438233,3.092236050496175,2.5810214455017872,2.908502640685318,0.2636625103495137,0.20579772803485052,0.524658574966949,0.6706938438152727,354.5919663779271,5.408033622072887,2.982129905670171,4.0,0.007907467441088376,0.025098093259994292,0.03625991853725868,0.8857466177015136,0.0,0.0,nonelliptic_or_noisy
14,stage,7920,8688,9969,10736,55.448867,59.290437,768,2.432492048701046,3.0941723864620574,2.5790637917787724,2.908522027439171,0.2767442055398144,0.19856849060717205,0.5026131424030345,0.6569218306023307,355.1364155575426,4.863584442457421,2.867577165694857,4.0,0.010279360969674592,0.029810303268348506,0.04302555818211154,0.8547102558401304,0.0,0.017269382391837115,nonelliptic_or_noisy
14,stage,7940,8708,9989,10756,55.549039,59.390609,768,2.432184839728071,3.095805008319786,2.5763882961232993,2.907159528557299,0.28272876976972394,0.19261990323840358,0.5006663471390682,0.6611774793121171,355.44291670364976,4.557083296350258,2.636927802669513,4.0,0.015310137216112204,0.021900304893138406,0.03593003989513266,0.8398452827971965,0.0,0.005875857825253872,nonelliptic_or_noisy
14,stage,7960,8728,10009,10776,55.64921,59.49078,768,2.4314945596748254,3.095007118638484,2.5750159373331445,2.897144514274138,0.2909811609761864,0.189530972377116,0.4809727688430707,0.6523694179466647,355.39173887402626,4.608261125973769,2.71558173237809,4.0,0.014714908722652364,0.00801389351736892,0.01918488554527468,0.8400338746477833,0.0,0.0036258100370033597,nonelliptic_or_noisy
14,stage,7980,8748,10029,10796,55.749381,59.590951,768,2.432184839728071,3.0876702579351623,2.5755444341924094,2.8931786780774944,0.2780464076782527,0.20044655758685803,0.49949375920069555,0.6611514717284448,354.10112212175,5.898877878250031,2.729089658433861,4.0,0.023318445031089603,0.007886759599127024,0.03074742473379656,0.8689821263427359,0.0,0.026503709659354842,nonelliptic_or_noisy
14,stage,8000,8768,10049,10816,55.849552,59.691123,768,2.439573978747844,3.0858036074270117,2.5766133715983166,2.891623830490318,0.2729114341216831,0.20461397481365592,0.5138519220266041,0.6817144942344929,353.89570983039835,6.104290169601658,2.7866860000213687,4.0,0.018470711099389664,0.012196367689253565,0.029721530217673233,0.8708574436957719,0.0,0.027925800294355402,nonelliptic_or_noisy
14,stage,8020,8788,10069,10836,55.949724,59.791294,768,2.444955617797069,3.0797697283205308,2.5736614033620784,2.8913489880924854,0.28083178239054946,0.19888335835773513,0.49781237916728016,0.6647177644373268,354.0210959750509,5.978904024949106,2.765991149084661,4.0,0.0104891771485216,0.024305255412365053,0.033792184895680144,0.8125261258872455,0.0,0.028790029436082568,nonelliptic_or_noisy
14,stage,8040,8808,10089,10856,56.049895,59.891465,768,2.4537253937183268,3.069057677745326,2.5782377101685396,2.886757038324418,0.2784160769691971,0.19866199762653383,0.5046281449529431,0.6510406346504727,353.3421880011582,6.657811998841811,2.46021331055673,4.0,0.008454018546117058,0.02961187304920431,0.034988907179566105,0.7929291321894496,0.0,0.049724225814553165,nonelliptic_or_noisy
14,stage,8060,8828,10109,10876,56.150066,59.991636,768,2.4670807736325537,3.0608985040126298,2.5797712493577016,2.8887103762316464,0.2712455614636581,0.20599497375834325,0.5178742537502877,0.64397712290427,354.45882967344096,5.541170326559057,2.4498065651110523,4.0,0.006516496127741787,0.020061649974792928,0.029374382268416998,0.7586706299757064,0.0,0.05769865629228771,nonelliptic_or_noisy
14,stage,8080,8848,10129,10896,56.250238,60.091808,768,2.4879631231688255,3.047180236186998,2.5771851780651653,2.891698790485017,0.26330532418107355,0.20965628567747505,0.5384658988303263,0.6367794341038818,354.25523453212236,5.744765467877645,2.3596848083374002,4.0,0.005375132541276681,0.028601471308570492,0.03924222565404142,0.680816203033085,0.0,0.09489084058691537,nonelliptic_or_noisy
14,stage,8100,8868,10149,10916,56.350409,60.191979,768,2.531233674862596,3.0332932607393337,2.5774384887817203,2.893498828561062,0.24607528551921642,0.23731641595520392,0.5736322471352892,0.6802671943861852,354.29028113461817,5.709718865381811,2.3430897114323344,4.0,0.004467157309056584,0.018524730846901413,0.028924400695427697,0.5983224223158992,0.0,0.1846766022360697,nonelliptic_or_noisy
14,stage,8120,8888,10169,10936,56.45058,60.29215,768,2.5491707568893687,3.018626682896844,2.575737052089217,2.8968005062671742,0.23996830935120883,0.24450824235449872,0.588799083329416,0.6942642878045941,355.11922418666586,4.880775813334128,2.3583710215828506,4.0,0.01246353858971427,0.008938310537259669,0.02134656947140385,0.5196067566164853,0.0,0.09655428279391756,nonelliptic_or_noisy
14,stage,8140,8908,10189,10956,56.550752,60.392322,768,2.560939504400119,3.007877451025469,2.5756134762902336,2.8962264509210343,0.22839963923828574,0.26573689907259573,0.6182121521308873,0.7263510233880429,355.10678016088616,4.893219839113866,2.3397844540264137,4.0,0.022918371972121623,0.020904187997979405,0.03673557023488751,0.49304434601972874,0.0,0.06978525606803826,nonelliptic_or_noisy
14,stage,8160,8928,10209,10976,56.650923,60.492493,768,2.5869730487425446,3.010127331505645,2.5722485195238147,2.8962167584023013,0.2279598690162241,0.2657221748788725,0.6191063678120193,0.8001542993363586,356.1775574772366,3.8224425227633962,2.3873276732446693,4.0,0.027703841596424233,0.01902190456784027,0.05043457320005587,0.5038531841481136,0.0,0.11462799832520389,nonelliptic_or_noisy
14,stage,8180,8948,10229,10996,56.751094,60.592664,768,2.6061599055320377,3.018525440379252,2.571828882558415,2.8946682556445054,0.22744798223909674,0.2682453571590799,0.6134708139886768,0.8918478726475901,356.2791251047386,3.7208748952613795,2.3802579119181275,4.0,0.014683118712397376,0.012710616720810966,0.023558186673223458,0.5650835929305077,0.0,0.09208391246349105,nonelliptic_or_noisy
14,stage,8200,8968,10249,11016,56.851266,60.692836,768,2.60750982789508,3.0001915413012004,2.5781692996077767,2.890966865502295,0.21521346271545488,0.2793677916373308,0.6406359897069467,0.8682257239273455,354.33420674059715,5.665793259402869,2.3694877703622055,4.0,0.024691593581802913,0.015649187121645407,0.043433041322464346,0.52551008572785,0.0,0.085419977758363,nonelliptic_or_noisy
14,stage,8220,8988,10269,11036,56.951437,60.793007,768,2.6140822275967404,2.9978977011254706,2.5783848710858046,2.8906631602465707,0.21613102061404432,0.28210857284430546,0.6348276061433233,0.8842204839143711,354.35067443661455,5.649325563385449,2.383785954788953,4.0,0.012395631981147395,0.03870984006223856,0.04955165880715292,0.5229241127295994,0.0,0.032208186217760705,nonelliptic_or_noisy
14,stage,8240,9008,10289,11056,57.051608,60.893178,768,2.610862405920953,2.9780998297736057,2.579719356033795,2.8896835770889937,0.21073930878112013,0.28614925640126926,0.6524650826268501,0.8337371239300896,354.4597962599324,5.5402037400676205,2.372468524905738,4.0,0.006593900755471334,0.04472056679162375,0.04991802214454781,0.44481840774553666,0.0,0.09517915801904409,nonelliptic_or_noisy
14,stage,8260,9028,10309,11076,57.15178,60.99335,768,2.603748819490593,2.969490698501013,2.5800608081850993,2.89065793499984,0.2062315646289755,0.29545309232672917,0.6730277100282299,0.7983156319807231,354.49471294158593,5.505287058414045,2.3681774409457277,4.0,0.0055451028907917135,0.036712846059820683,0.05605688392030531,0.39913774233538774,0.0,0.054151857120355404,nonelliptic_or_noisy
14,stage,8280,9048,10329,11096,57.251951,61.093521,768,2.6056882392630607,2.968212195177289,2.582107315714542,2.8906744145525223,0.20567128772938995,0.30140353414786913,0.688381781057144,0.8019187660054401,354.67038826167686,5.329611738323163,2.360582815003839,4.0,0.009994417263119119,0.04362187358138664,0.07044585494316546,0.3940473748297194,0.0,0.011294293670124307,nonelliptic_or_noisy
14,stage,8300,9068,10349,11116,57.352122,61.193692,768,2.6056882392630607,2.967869633437908,2.576191704451139,2.8960178162195023,0.20680361199302727,0.3035107395126105,0.6821523458770994,0.8123129681592408,356.00139246237626,3.998607537623731,2.3682621224561053,4.0,0.022910415309160298,0.029257739323434083,0.044572616443933954,0.37557683326583735,0.0,0.0016564591695438149,nonelliptic_or_noisy
14,stage,8320,9088,10369,11136,57.452294,61.293864,768,2.60750982789508,2.947602278156795,2.574618143281665,2.9002384096553757,0.21076543918332785,0.2938698400795773,0.6777846966350908,0.7654973403624639,356.93906048405705,3.0609395159429504,2.3554496139609435,4.0,0.027774022839109125,0.030340007682122576,0.05276832451753574,0.2735957960631865,0.0,0.09654832901114087,nonelliptic_or_noisy
14,stage,8340,9108,10389,11156,57.552465,61.394035,768,2.6121415776125625,2.9422440989414653,2.5747989743537736,2.8988628317887777,0.20731860779290257,0.29610359604712466,0.6805608120794339,0.7802103437078494,354.6486540526556,5.351345947344368,2.39122794433474,4.0,0.02200133686874994,0.03185151138384683,0.0492764005587167,0.2760962218377914,0.0,0.03416286535535581,nonelliptic_or_noisy
14,stage,8360,9128,10409,11176,57.652636,61.494206,768,2.618770850879653,2.9224576280193717,2.581400648988648,2.8973983355761783,0.20452989780534497,0.2942083613398453,0.6903323304647426,0.7666506980792626,352.2095835767419,7.79041642325808,2.379716077934937,4.0,0.033484284432462985,0.028689916141564298,0.055102010165519515,0.2199895760814192,0.0,0.10202654771814486,nonelliptic_or_noisy
14,stage,8380,9148,10429,11196,57.752808,61.594378,768,2.623172416554054,2.9126632121144187,2.583041938404741,2.895463531125272,0.20811258586948206,0.29114809023033067,0.6787869215275367,0.7399264819258677,352.2305880676241,7.769411932375851,2.3878968268301892,4.0,0.028695475655149866,0.017755947546284432,0.04988854699393951,0.20979517235694278,0.0,0.05159700882563289,nonelliptic_or_noisy
14,stage,8400,9168,10449,11216,57.852979,61.694549,768,2.622408185775905,2.9005515811602645,2.585960763221418,2.89984113953892,0.20799356721036105,0.2846540721939725,0.6760025366123154,0.7129580292815917,355.2967983606364,4.703201639363624,2.357298929944352,4.0,0.021358920817137278,0.04708031331899241,0.08633423209575923,0.17526669902513028,0.0,0.05834660288697251,nonelliptic_or_noisy
14,stage,8420,9188,10469,11236,57.95315,61.79472,768,2.618921543854465,2.9065185287546207,2.586213770836082,2.9010865823494387,0.20563371834963715,0.2850287627949692,0.6845653196417604,0.7215699351452859,355.3193706334821,4.680629366517893,2.375184937751324,4.0,0.020342565325449976,0.07268274249154368,0.13199913679680572,0.16123698396800681,0.0,0.033608025105258135,nonelliptic_or_noisy
14,stage,8440,9208,10489,11256,58.053321,61.894892,768,2.6174316878476205,2.8892238083667117,2.583697785367243,2.903121228729374,0.20757809116861542,0.2870716684387911,0.6780488960260426,0.6951066517363573,355.54495800251306,4.45504199748692,2.354997571368377,4.0,0.011242344591504201,0.05211033873280347,0.09333963324046549,0.1757624866064947,0.0,0.08362526891895357,nonelliptic_or_noisy
14,stage,8460,9228,10509,11276,58.153493,61.995063,768,2.6109172307759376,2.893365426427403,2.5881289429818146,2.893662396444537,0.20397700606712427,0.2904943955886008,0.6816744737316045,0.6997790741688706,355.77622026509493,4.22377973490507,2.3270051885079286,4.0,0.006589502613044667,0.07067795778076047,0.11231157074858007,0.11172937167156623,0.0,0.03784510149543462,nonelliptic_or_noisy
14,stage,8480,9248,10529,11296,58.253664,62.095234,768,2.6061599055320377,2.899662173734442,2.5877054942628877,2.8973523776625165,0.19943234663201131,0.2951986034276391,0.6892407148405564,0.7116020058427158,355.54295197122997,4.457048028770035,2.360301715999908,4.0,0.018116448284153746,0.07160526590599714,0.12407447939082605,0.09325668340348992,0.0,0.03957152453702612,nonelliptic_or_noisy
14,stage,8500,9268,10549,11316,58.353835,62.195405,768,2.6082371580832384,2.888998130769672,2.5853315680730464,2.9006489267094073,0.1976408123360029,0.2968697238469508,0.6976475442914858,0.7068731563899064,355.36354006416354,4.636459935836471,2.3586952294680232,4.0,0.05755328062014733,0.034553715589697755,0.09880688680360268,0.13002571078416233,0.0,0.054970801078840385,nonelliptic_or_noisy
14,stage,8520,9288,10569,11336,58.454007,62.295577,768,2.6061599055320377,2.888998130769672,2.586830566311353,2.899724358664599,0.19817045481770135,0.2991730361587537,0.6935174628906716,0.704524954098717,355.2358012058701,4.764198794129919,2.308293863210499,4.0,0.05944964774858203,0.057926026002852155,0.09226190867868361,0.11155044232183896,0.0,0.010482150596624546,nonelliptic_or_noisy
14,stage,8540,9308,10589,11356,58.554178,62.395748,768,2.6095513727883413,2.8928263190539516,2.593505278241332,2.895097402128457,0.2002134392887838,0.30843459961884473,0.6981959072974733,0.712815543149391,356.7675322710385,3.232467728961517,2.2912432708092463,4.0,0.07336201640425602,0.052507855121021886,0.13263679600569345,0.08094369932399566,0.0,0.02554473304748113,nonelliptic_or_noisy
14,stage,8560,9328,10609,11376,58.654349,62.495919,768,2.608126006956028,2.8928263190539516,2.5997447379481406,2.8934226479306107,0.20025790913881986,0.32118034900938147,0.7088137927851001,0.7159524653070344,356.46682949716256,3.5331705028374505,2.278116050125446,4.0,0.07631830188513146,0.039601775243568095,0.1357439823765756,0.04195817642985408,0.0,0.007117650625848929,nonelliptic_or_noisy
14,stage,8580,9348,10629,11396,58.754521,62.596091,768,2.6056882392630607,2.8934108120805027,2.5972020282686357,2.8955888094171582,0.199802154341456,0.31484841676487335,0.7155789905982496,0.7251693447181919,357.0193006628231,2.9806993371768695,2.2871750629437626,4.0,0.06057507765938389,0.04874012079374218,0.10346714749031269,0.04384961240430041,0.0,0.012546707931780327,nonelliptic_or_noisy
14,stage,8600,9368,10649,11416,58.854692,62.696262,768,2.6089238000411568,2.8923484913460795,2.600533993901377,2.8940782521621156,0.20023274738438462,0.3148663787880417,0.7136325457925362,0.7199809818029322,356.45895791911306,3.5410420808869323,2.280190098177989,4.0,0.031533756911866793,0.0659079755468863,0.12332619186063037,0.042781545392465654,0.0,0.017007669844020024,nonelliptic_or_noisy
14,stage,8620,9388,10669,11436,58.954863,62.796433,768,2.6058558630390936,2.8934108120805027,2.6070077105009513,2.891980505205047,0.19895929431560166,0.315571199734458,0.7199309174645582,0.7193700028425192,357.39989599680575,2.6001040031942386,2.2755844859940155,4.0,0.05146033000178879,0.08237975325464579,0.1453479013262591,0.009230255024147878,0.0,0.0163181825855807,nonelliptic_or_noisy
14,stage,8640,9408,10689,11456,59.055035,62.896605,768,2.6056882392630607,2.89821045481838,2.613508641658552,2.889462746539831,0.19743092886527708,0.3103629979107788,0.7357773067270824,0.7348205567497433,356.9697517377595,3.0302482622404994,2.2580260442099345,4.0,0.07558076339204986,0.0889194867717645,0.14773753955337615,0.059432221637083206,0.0,0.024325311835655,nonelliptic_or_noisy
14,stage,8660,9428,10709,11476,59.155206,62.996776,768,2.6049547007895653,2.8984114807633574,2.6090356230464478,2.894681072104672,0.19916574301589823,0.3022204890157794,0.7267920993525883,0.7280287750356029,356.85382168762567,3.1461783123743454,2.291269951346088,4.0,0.07103032720248435,0.0630220342881306,0.13273314227200134,0.02776081374008961,0.0,0.003818856446137961,nonelliptic_or_noisy
14,stage,8680,9448,10729,11496,59.255377,63.096947,768,2.604513096379641,2.9048105338964176,2.6130342925932672,2.8933400614026983,0.19819992029771394,0.2946280824258231,0.7242657145030231,0.71606790887398,357.07623526119573,2.923764738804273,2.2878651531830623,4.0,0.08946045751467392,0.030887868710326737,0.1530788032760501,0.07209510997775809,0.0,0.0323626406242154,nonelliptic_or_noisy
14,stage,8700,9468,10749,11516,59.355549,63.197119,768,2.605625504756815,2.9111035367419333,2.613306888781296,2.8895955484436913,0.19616508658300846,0.3022858022822393,0.7350495242218931,0.7269334689086429,356.7393977327045,3.260602267295509,2.339155311268738,4.0,0.08383231163948077,0.028921574997639227,0.1375090596541401,0.11642491250177889,0.0,0.032577490613587064,nonelliptic_or_noisy
14,stage,8720,9488,10769,11536,59.45572,63.29729,768,2.6072308028211504,2.893365426427403,2.6224843193656104,2.883701795319449,0.1975577657065286,0.30086338581582633,0.7242581209624342,0.717891956208969,355.8421232552772,4.1578767447228016,2.292596621907819,4.0,0.07514202553162146,0.03446279479613225,0.11301571548863977,0.09140115451252023,0.0,0.09015389406987884,nonelliptic_or_noisy
14,stage,8740,9508,10789,11556,59.555891,63.397461,768,2.604513096379641,2.885561298810335,2.622184753424887,2.8886544887705536,0.19611989539743013,0.2935485852671531,0.7189611109545041,0.7121012872010113,355.9155606722586,4.084439327741372,2.2869795941258753,4.0,0.07828779375772617,0.04530650973241601,0.10260967750546113,0.09147631698088789,0.0,0.04213645280298859,nonelliptic_or_noisy
14,stage,8760,9528,10809,11576,59.656063,63.497633,768,2.6017157272143363,2.885207489695329,2.6242157006612015,2.886856930073673,0.19742216397506512,0.2990433672978413,0.7131942986922364,0.709375492394912,356.044843302649,3.9551566973510046,2.24826815958787,4.0,0.07031965898948045,0.04216401313189888,0.10139776429887414,0.11427466410385748,0.0,0.014282363683238196,nonelliptic_or_noisy
14,stage,8780,9548,10829,11596,59.756234,63.597804,768,2.6049547007895653,2.883395190786022,2.6290164522932535,2.888790653065022,0.19669768530397186,0.29872293436892283,0.7070780058559778,0.7000608432129213,355.5751350678213,4.424864932178722,2.2479827357575934,4.0,0.0865418110204131,0.08740970559747087,0.1952909311743463,0.12536627364394637,0.0,0.01886915708062781,nonelliptic_or_noisy
14,stage,8800,9568,10849,11616,59.856405,63.697975,768,2.5978541135113566,2.885561298810335,2.6360577429559786,2.8856120668078655,0.19545295080764963,0.29795047459675067,0.7113136701827364,0.6966399823821936,355.84672094935536,4.153279050644619,2.3425011828270987,4.0,0.08887388625756058,0.10064421473851784,0.22119754155297183,0.1954621970095758,0.0,0.03798170068300813,nonelliptic_or_noisy
14,stage,8820,9588,10869,11636,59.956577,63.798147,768,2.6017157272143363,2.885561298810335,2.6391347737274913,2.883448274524719,0.19327020433989484,0.30459351325899203,0.7116334142315814,0.7061585807078072,355.229160529165,4.770839470835008,2.299925564794436,4.0,0.10198929174473594,0.11165564245607189,0.26300189065999174,0.19391845509874603,0.0,0.01998038816261833,center_unidentifiable
14,stage,8840,9608,10889,11656,60.056748,63.898318,768,2.6049547007895653,2.888998130769672,2.636946660635163,2.887821586089118,0.19177434933913068,0.29037972251998306,0.7148652947642957,0.7082528601053203,356.3604389785918,3.639561021408212,2.2972412691570008,4.0,0.10621231834603596,0.10719769655509866,0.18217605525258843,0.16693362330861358,0.0,0.02462571358193126,nonelliptic_or_noisy
14,stage,8860,9628,10909,11676,60.156919,63.998489,768,2.604815243103647,2.8908413921979825,2.644798212596223,2.8774841071597774,0.19201954452932207,0.2983668949618868,0.7128418284711214,0.7121130766367118,354.3134440820979,5.686555917902121,2.305346326300514,4.0,0.1005037394948761,0.12017094729756174,0.2249031271958151,0.2195356167832386,0.0,0.009626777616347103,nonelliptic_or_noisy
14,stage,8880,9648,10929,11696,60.25709,64.098661,768,2.6088876460993538,2.892370109214875,2.633677827257198,2.87861998832612,0.19308151637973603,0.2996092400982154,0.717852107961563,0.7019630057386232,356.68529307318755,3.314706926812444,2.1788390687811714,4.0,0.07397600848078094,0.0701188242537082,0.12425480087967504,0.1468197133685423,0.0,0.022528714589292856,nonelliptic_or_noisy
14,stage,8900,9668,10949,11716,60.357262,64.198832,768,2.6078994422219584,2.900912577467845,2.635658519817498,2.8776824518497217,0.19287261116319057,0.29783212770411255,0.7214705225728303,0.7111266259199467,357.07731026844544,2.922689731554541,2.1703093253016403,4.0,0.07164779516033119,0.06757524735603056,0.14924127165299014,0.18767182913686342,0.0,0.044586095462516094,nonelliptic_or_noisy
14,stage,8920,9688,10969,11736,60.457433,64.299003,768,2.6088876460993538,2.9014506001559424,2.6379783787000237,2.878870803100531,0.19351511322143766,0.3017371803654229,0.7172625045823187,0.7139171898197161,356.19130499848734,3.8086950015126435,2.1752643053419365,4.0,0.06128277291289002,0.05376226822201392,0.10952002616724332,0.19029783403031666,0.0,0.005814395794552057,nonelliptic_or_noisy
14,stage,8940,9708,10989,11756,60.557604,64.399174,768,2.6078994422219584,2.9111035367419333,2.631094822739279,2.8918968826315354,0.19490389892057058,0.3089288693127539,0.7278414747065688,0.7209468591626659,355.83967491802804,4.160325081971986,2.2521535760932534,4.0,0.06219598908425351,0.04570354835729403,0.0833765223882126,0.15451272771217686,0.0,0.0497854978318688,nonelliptic_or_noisy
14,stage,8960,9728,11009,11776,60.657776,64.499346,768,2.607888682998698,2.9125380543339645,2.6320918481714157,2.8925179484593215,0.19438704057716394,0.30948656886850884,0.725040967427076,0.7197573766895642,356.2331699672781,3.766830032721907,2.2839488575079674,4.0,0.06830763515354742,0.07574795287285048,0.14651890898942013,0.16158564382677665,0.0,0.007379905242507697,nonelliptic_or_noisy
14,stage,8980,9748,11029,11796,60.757947,64.599517,768,2.6049547007895653,2.9069633542642954,2.636917982509648,2.8911709604942804,0.19814266266417402,0.30963682804460735,0.7100198037951424,0.7194090218188348,355.79441740527477,4.205582594725232,2.3866947131017264,4.0,0.0641672038809237,0.07741568010310669,0.16104567093430794,0.1799299698072668,0.0,0.03179348323812466,nonelliptic_or_noisy
14,stage,9000,9768,11049,11816,60.858118,64.699688,768,2.6035755318773632,2.9111035367419333,2.643021788399809,2.88619376646352,0.19470795114465078,0.3188114956877168,0.721968088246914,0.7376511304655097,355.71184482538376,4.288155174616263,2.5836424069883934,4.0,0.07612049738259163,0.09055804324281809,0.17688787535202555,0.23960508407425854,0.0,0.022412302773772905,nonelliptic_or_noisy
14,stage,9020,9788,11069,11836,60.95829,64.79986,768,2.6049547007895653,2.9184998908949664,2.6403784653061266,2.88715127806573,0.19301125622629964,0.31331058962281877,0.7270302341676346,0.7287774016074117,356.37615658569786,3.6238434143021405,2.607881974756393,4.0,0.07213811132607131,0.08521120631315367,0.14498749732616936,0.2450792340592009,0.0,0.0389813511493796,nonelliptic_or_noisy
14,stage,9040,9808,11089,11856,61.058461,64.900031,768,2.607888682998698,2.9295960738611804,2.6434267530396247,2.883709467150928,0.19112559725913417,0.3160123420108008,0.7340341190971508,0.7440853215788292,354.93952453802603,5.06047546197395,2.6420126139367364,4.0,0.0640128120773249,0.09362248176925268,0.163863327716418,0.3036698554971818,0.0,0.06005225304635489,nonelliptic_or_noisy
14,stage,9060,9828,11109,11876,61.158632,65.000202,768,2.6088876460993538,2.9316448495856093,2.648264474643519,2.874951111014604,0.192372674320819,0.329401872765312,0.7529625968002518,0.7658636336950962,354.7527075542937,5.247292445706301,2.5980811159341,4.0,0.042670346740817315,0.07308919154518187,0.12232148259821887,0.35881869671414424,0.0,0.011848585286176464,nonelliptic_or_noisy
14,stage,9080,9848,11129,11896,61.258804,65.100374,768,2.609844135391323,2.934050120213588,2.649400515792986,2.8684900054403375,0.19207716016829143,0.3152387942362743,0.7713186210216473,0.7784697990098647,355.5915426172751,4.408457382724909,2.5559729022723228,4.0,0.01616976339274571,0.037056010750444804,0.05617729160182013,0.3986374924970865,0.0,0.013476220565029173,nonelliptic_or_noisy
14,stage,9100,9868,11149,11916,61.358975,65.200545,768,2.6078994422219584,2.942267048417671,2.647148572647453,2.8664761314632354,0.19116102588147338,0.3154583496331734,0.7750033070908737,0.7916916180770647,355.8936506029647,4.106349397035246,2.5274996431844983,4.0,0.018874148204002683,0.026499618464812007,0.044629265926459855,0.44648635609415177,0.0,0.04417175172584041,nonelliptic_or_noisy
14,stage,9120,9888,11169,11936,61.459146,65.300716,768,2.611265890265813,2.934050120213588,2.646448562023766,2.8676502106034705,0.19393346032192044,0.3058365354123639,0.7556346631677883,0.7787217669210813,356.052310293871,3.9476897061289957,2.598071733147667,4.0,0.039579015816398715,0.025459943413029814,0.06926979393271923,0.3874781707649154,0.0,0.04578787936714944,nonelliptic_or_noisy
14,stage,9140,9908,11189,11956,61.559318,65.400888,768,2.622430984664714,2.9265129463489115,2.6464922141557468,2.8662896933743127,0.19813026012292898,0.30161342568273686,0.7475115535202345,0.7498892581315799,355.83925645412376,4.160743545876215,2.560628276607215,4.0,0.05779830362704846,0.058180809250270145,0.1334035122779452,0.3273200576634474,0.0,0.06799071416244482,nonelliptic_or_noisy
14,stage,9160,9928,11209,11976,61.659489,65.501059,768,2.6261550807757823,2.907943145174731,2.6435584030909305,2.8672717875054894,0.20095276407072044,0.29785002093713203,0.7337272440593895,0.7279980662045434,355.8928420375821,4.107157962417862,2.632350086494595,4.0,0.03132358406211857,0.04401789120208865,0.06818102880759513,0.22014321666616657,0.0,0.09424874653745688,nonelliptic_or_noisy
14,stage,9180,9948,11229,11996,61.75966,65.60123,768,2.619415109873586,2.9048105338964176,2.6385419932366143,2.8732234467833337,0.2016260606269647,0.3036426361959574,0.7461055919730412,0.7419245068335115,356.1316972962224,3.868302703777585,2.5713373140284927,4.0,0.040470172350216264,0.03888007169027809,0.07850768981785078,0.1831445179104918,0.0,0.036862262113408976,nonelliptic_or_noisy
14,stage,9200,9968,11249,12016,61.859832,65.701402,768,2.618169014735637,2.906629637757197,2.6378141984617054,2.872966845169021,0.20248044310569085,0.30047410247487755,0.7444910386580118,0.7412297844805704,356.4831904734269,3.5168095265731045,2.5753030354487474,4.0,0.04564717761858173,0.03235679275808781,0.07729600731401814,0.19249192147301453,0.0,0.010889791605085753,nonelliptic_or_noisy
14,stage,9220,9988,11269,12036,61.960003,65.801573,768,2.618169014735637,2.9128179971260098,2.6366015151615136,2.872354121171552,0.20282480663519065,0.29577221788786995,0.7379696889299971,0.7373980450280991,356.3731755095821,3.626824490417909,2.54711426018237,4.0,0.043735026781416754,0.039614433659377855,0.07308472502048276,0.21922561981522662,0.0,0.030510860438996684,nonelliptic_or_noisy
14,stage,9240,10008,11289,12056,62.060174,65.901744,768,2.6094856698576807,2.9208524752316105,2.631833365931311,2.8722639684594737,0.20192898191097958,0.30024320302976854,0.7359928373987783,0.7522839420913431,356.85976474179023,3.1402352582097657,2.4019278975214293,4.0,0.05426153809348275,0.055787294922939754,0.09990765410127884,0.26485263084447713,0.0,0.05858587786773157,nonelliptic_or_noisy
14,stage,9260,10028,11309,12076,62.160346,66.001916,768,2.603709101362491,2.9181455839536232,2.6288626135408357,2.8674400356039946,0.2054340938507085,0.29514174478597366,0.7341840409336199,0.7532665576640579,355.6956006668171,4.304399333182901,2.4007144874264794,4.0,0.0516507676987297,0.039333991488599326,0.09323228023205216,0.2755223990997293,0.0,0.031052985658048083,nonelliptic_or_noisy
14,stage,9280,10048,11329,12096,62.260517,66.102087,768,2.603709101362491,2.9368173593534515,2.6216849319500257,2.8672994386984914,0.20554220731164163,0.2871800930371684,0.7378424944773769,0.7736666757438383,356.91171818047957,3.0882818195204544,2.3080389174918623,4.0,0.05442736597091011,0.02963161040095461,0.09987507082185342,0.3493413852519223,0.0,0.09084156312245015,nonelliptic_or_noisy
14,stage,9300,10068,11349,12116,62.360688,66.202258,768,2.6081157281181584,2.9208524752316105,2.6188129197617216,2.867459173339377,0.21042960745936434,0.28329343525709244,0.7220401895616888,0.7450147689411368,356.684446665087,3.3155533349129636,2.3564913179536195,4.0,0.05361732170766221,0.024895288778657272,0.09945067350356948,0.2587769640317171,0.0,0.07870508651539718,nonelliptic_or_noisy
14,stage,9320,10088,11369,12136,62.460859,66.30243,768,2.607648559445117,2.9184998908949664,2.616123565771162,2.868868024890614,0.2126772449893033,0.27815637567296403,0.7089914925950181,0.7315550119855132,356.5176184594824,3.4823815405176224,2.2424208400385925,4.0,0.05399483982313711,0.016005669937687435,0.09986576662951281,0.23674489385253442,0.0,0.011277747651103922,nonelliptic_or_noisy
14,stage,9340,10108,11389,12156,62.561031,66.402601,768,2.5897269166237917,2.9295960738611804,2.616404138168894,2.865356633150905,0.2061188678485312,0.29079287080941385,0.7405698587644155,0.7593322680643275,356.94197501770293,3.0580249822970735,2.244701546464973,4.0,0.06044123060596236,0.024205701181402625,0.11135436115072729,0.33746771738367387,0.0,0.10226465751956876,nonelliptic_or_noisy
14,stage,9360,10128,11409,12176,62.661202,66.502772,768,2.587654293093128,2.909925686962354,2.6164543964325113,2.8657324002133873,0.20927053557905032,0.28808640529437585,0.7276261327036243,0.7336304244051254,356.93744993512155,3.0625500648784754,2.280947978834848,4.0,0.06301748135125777,0.030110313828941044,0.10868209392984468,0.25206289446874275,0.0,0.09451535654868429,nonelliptic_or_noisy
14,stage,9380,10148,11429,12196,62.761373,66.602943,768,2.580926450997595,2.911103794980951,2.616950449656787,2.8637562793726423,0.21639858057930686,0.26830764245717714,0.6934788217876193,0.7123916862213453,356.81122870288686,3.188771297113124,2.2988658922291525,4.0,0.04998163521989009,0.02829823376832167,0.07641094348432259,0.27492707691259877,0.0,0.031563109672685476,nonelliptic_or_noisy
14,stage,9400,10168,11449,12216,62.861545,66.703115,768,2.580926450997595,2.923427636438334,2.616303259350218,2.861849903042791,0.21885755554053987,0.2619167587651728,0.6852125192568869,0.7048373285527327,355.7901921460292,4.209807853970808,2.327084543244388,4.0,0.04395726283588729,0.03777022848413408,0.07805813879796468,0.3244870726604382,0.0,0.05630987436986131,nonelliptic_or_noisy
14,stage,9420,10188,11469,12236,62.961716,66.803286,768,2.6015409665006923,2.942379196899222,2.6147080337127386,2.856394498990521,0.22650937526209336,0.24596927825041684,0.6548211301837957,0.719086906313687,355.20338265312483,4.796617346875149,2.3186767658871887,4.0,0.04401687366356924,0.039483193357127945,0.07368301697984538,0.38403271405958805,0.0,0.12362464396044373,nonelliptic_or_noisy
14,stage,9440,10208,11489,12256,63.061887,66.903457,768,2.6015409665006923,2.953610838796271,2.611831454814357,2.853298283776621,0.23181756730281372,0.23795639638933974,0.6258124871070923,0.7226099559328324,355.0693276340214,4.9306723659786,2.3406873620718933,4.0,0.043748528437859834,0.046813090691674886,0.08037151932105996,0.4349928947774242,0.0,0.04845034838268926,nonelliptic_or_noisy
14,stage,9460,10228,11509,12276,63.162059,67.003629,768,2.6181790238446467,2.9467761575852354,2.6055620730324565,2.8538004458595787,0.23247311547698346,0.24490206683586227,0.6353232683749989,0.7554508899569031,356.00356749881036,3.9964325011896635,2.2847520085478776,4.0,0.05496313045751471,0.03595552357893357,0.08400712873091143,0.4036074294517435,0.0,0.07737306325695696,nonelliptic_or_noisy
14,stage,9480,10248,11529,12296,63.26223,67.1038,768,2.6245271389751887,2.958919321355216,2.599642342837495,2.857000395387706,0.23820956249234496,0.24678971013671303,0.6384707237796121,0.778758831876113,355.41635490394845,4.583645096051536,2.2203424122670574,4.0,0.05645185544788069,0.04236097040004406,0.08055918557210665,0.4404227848300388,0.0,0.057522341354181356,nonelliptic_or_noisy
14,stage,9500,10268,11549,12316,63.362401,67.203971,768,2.627540840804336,2.9512642772418287,2.595634997084838,2.8642178201952526,0.24426746444819697,0.25200944473293746,0.6430793605615834,0.7455360167692027,355.63477628336756,4.365223716632453,2.230930406131175,4.0,0.05699477810033243,0.02780755179293263,0.07799809461222407,0.37954130626197213,0.0,0.03367993815637384,nonelliptic_or_noisy
14,stage,9520,10288,11569,12336,63.462573,67.304143,768,2.632581793642382,2.9427160745031484,2.5876780557076318,2.878368135555219,0.24759872340623418,0.2563396226741496,0.64819844999472,0.7248311516493512,356.04045645078054,3.9595435492194877,2.411063500228389,4.0,0.06305639038101368,0.036434136131634556,0.10671045053803986,0.3169102447633958,0.0,0.04008041224531637,nonelliptic_or_noisy
14,stage,9540,10308,11589,12356,63.562744,67.404314,768,2.6292013877221496,2.93924567729922,2.584768929756497,2.8862855058964323,0.24958172821459018,0.25130872431401347,0.6431371504572336,0.7044738238543137,356.56972007638274,3.430279923617278,2.4416316222539414,4.0,0.06340174868671897,0.043364132354092096,0.12142555113408036,0.2769853351304186,0.0,0.019411145610516364,nonelliptic_or_noisy
14,stage,9560,10328,11609,12376,63.662915,67.504485,768,2.6264782048282536,2.9466976650961723,2.585189636225469,2.888651403504027,0.2523346669066746,0.23696584110624505,0.6323808421840778,0.7066534489053851,356.4411809518996,3.5588190481004385,2.4581088330532705,4.0,0.0613092078125025,0.04374019643776732,0.12045428458788571,0.28229501331203305,0.0,0.03144224308389557,nonelliptic_or_noisy
14,stage,9580,10348,11629,12396,63.763087,67.604657,768,2.6176777003342853,2.9368173593534515,2.583746689841573,2.8893415748782525,0.25354417644227334,0.2308542101519264,0.6301668333580079,0.6611971730374284,356.0038935337222,3.996106466277792,2.4681775475227345,4.0,0.06254706787858101,0.04329476876184581,0.12214181227375845,0.2301556958548188,0.0,0.05218568442783438,nonelliptic_or_noisy
14,stage,9600,10368,11649,12416,63.863258,67.704828,768,2.626672013189148,2.939216070137589,2.585786978500836,2.887124556061331,0.2567208603079214,0.2232310231343405,0.6191265692988711,0.6609874491262258,355.9418390748255,4.058160925174507,2.4735283579932728,4.0,0.058283911959166684,0.044810227817513426,0.11903776873891185,0.2579462275128238,0.0,0.03625991868393023,nonelliptic_or_noisy
14,stage,9620,10388,11669,12436,63.963429,67.804999,768,2.607648559445117,2.942379196899222,2.582610944692353,2.8898022054781345,0.25929016891421286,0.21891826218628302,0.6188641843158699,0.6308949662475742,356.0244505238724,3.9755494761276005,2.4539932175938604,4.0,0.05612713544528993,0.05244448126100374,0.1311150197974682,0.22459085648325167,0.0,0.07437472658610225,nonelliptic_or_noisy
14,stage,9640,10408,11689,12456,64.063601,67.905171,768,2.609748952695729,2.9500452016617436,2.586504317434241,2.8879997913926223,0.2559661956099015,0.21722585175390097,0.60543385306728,0.6507069370786077,355.9491636490367,4.050836350963319,2.438332805341726,4.0,0.053222282691261315,0.061571681115488434,0.1232718232300462,0.258849288518698,0.0,0.031053083089813048,nonelliptic_or_noisy
14,stage,9660,10428,11709,12476,64.163772,68.005342,768,2.609748952695729,2.9512642772418287,2.5835782568973964,2.891719231394506,0.2557113458785102,0.21558922983340742,0.6108945043600481,0.6545772843347347,356.27149404961136,3.7285059503886324,2.438369093944804,4.0,0.044839392893271164,0.05185173507330883,0.10480552418362056,0.25435879886382834,0.0,0.004767389479324667,nonelliptic_or_noisy
14,stage,9680,10448,11729,12496,64.263943,68.105513,768,2.619797885655127,2.9512642772418287,2.581279147713442,2.8933689766955584,0.25410265121281694,0.2145594444906412,0.6132998905423048,0.6728496208276359,356.17558806384204,3.8244119361579543,2.457317017570729,4.0,0.041658991621045756,0.043749932290445485,0.08509339135676487,0.2736617796345484,0.0,0.03954674581880611,nonelliptic_or_noisy
14,stage,9700,10468,11749,12516,64.364115,68.205685,768,2.609748952695729,2.9500452016617436,2.5795823082097264,2.8915445803571056,0.2575143355445798,0.21263385827598189,0.5998396371886902,0.6452027342921091,356.2288945030788,3.7711054969211997,2.5908970533499884,4.0,0.041360982564141655,0.033450577942777907,0.06649256946061283,0.2555996844032748,0.0,0.03930891180638403,nonelliptic_or_noisy
14,stage,9720,10488,11769,12536,64.464286,68.305856,768,2.600885563438942,2.953610838796271,2.5778415909112242,2.8905160381988644,0.25812030228754723,0.20501252902010464,0.5870812381463135,0.6279921170069666,356.1226305355201,3.8773694644798766,2.8613783447440357,4.0,0.04385146325048877,0.030046977543470323,0.08301852866396238,0.260232388159794,0.0,0.03701263785837677,nonelliptic_or_noisy
14,stage,9740,10508,11789,12556,64.564457,68.406027,768,2.589003275843968,2.9512642772418287,2.5702735721726353,2.8918429729507826,0.26155535634573984,0.20082355525359638,0.5745327651097627,0.6050861084834449,355.30819748837376,4.691802511626254,2.8866228328187846,4.0,0.03567527832028764,0.042188474656301274,0.09762402085349207,0.23820286752172976,0.0,0.04630673914846649,nonelliptic_or_noisy
14,stage,9760,10528,11809,12576,64.664628,68.506199,768,2.5897269166237917,2.945675739786271,2.570916674655439,2.892018415164182,0.26400347225243426,0.19455764746188864,0.563263229120502,0.5872706504666094,355.29963886702603,4.7003611329739945,2.9431188742428303,4.0,0.03462142096537336,0.03958860898010189,0.0902910047146481,0.21537176120406729,0.0,0.021345149548426416,nonelliptic_or_noisy
14,stage,9780,10548,11829,12596,64.7648,68.60637,768,2.5897269166237917,2.9407995566559704,2.5708066935877194,2.8924584403188365,0.2657895849060212,0.19132819517143995,0.5554122028418437,0.5706475701070355,355.2803497096043,4.719650290395687,3.004101913041174,4.0,0.0325285354603799,0.03497661310997108,0.08298414110032418,0.1953117638613274,0.0,0.018346027862697175,nonelliptic_or_noisy
14,stage,9800,10568,11849,12616,64.864971,68.706541,768,2.602113843048808,2.9292976942493234,2.5716521857719874,2.8911431836495867,0.26395280592467113,0.19171724169278567,0.558394126335958,0.5707883440437873,355.3185960233321,4.681403976667895,3.0143563148489254,4.0,0.033876180871386934,0.04534028066187734,0.09967074629993697,0.18496843594194845,0.0,0.0640399101912984,nonelliptic_or_noisy
14,stage,9820,10588,11869,12636,64.965142,68.806712,768,2.6181790238446467,2.9158136801928425,2.5698861616611897,2.8915807172197048,0.2616768181251151,0.19255496403495492,0.5570817135662295,0.5766083507856183,355.31747281704156,4.682527182958425,3.0471658582502443,4.0,0.02699524816229862,0.052865238091130896,0.10377145368101101,0.2064830021565086,0.0,0.0801523038428507,nonelliptic_or_noisy
14,stage,9840,10608,11889,12656,65.065314,68.906884,768,2.6273258871486234,2.904794377896604,2.5715714652316675,2.892027611448625,0.2621204621961479,0.19094258351627172,0.5559568308825228,0.5742704569246337,354.0777779254193,5.922222074580721,3.047197915880553,4.0,0.02099912147867879,0.05599482456054118,0.10835051797916306,0.21821046919105003,0.0,0.05463506405540659,nonelliptic_or_noisy
14,stage,9860,10628,11909,12676,65.165485,69.007055,768,2.6292013877221496,2.8911492871198052,2.571602954930064,2.8926662033505552,0.25352233259677287,0.20231759211286746,0.5798328596671308,0.5917437684297191,354.3628102497569,5.637189750243115,2.9421970954605254,4.0,0.020633278049169507,0.05286393495584922,0.10071861795538804,0.2272715131005803,0.0,0.054328074976220844,nonelliptic_or_noisy
14,stage,9880,10648,11929,12696,65.265656,69.107226,768,2.6244135827030535,2.8738681492640827,2.5688229925300377,2.894331203849096,0.25183890782602386,0.20908543401712917,0.57794367072553,0.5844564455111073,354.5638382534569,5.436161746543106,3.032718385937725,4.0,0.02593964080627463,0.05386869710601202,0.1036253480765014,0.23521876787629376,0.0,0.07120471043856633,nonelliptic_or_noisy
14,stage,9900,10668,11949,12716,65.365828,69.207398,768,2.620083410096835,2.8691495988748805,2.5711178384899496,2.8946520021156887,0.2547151250151631,0.20247582458532679,0.561732555599885,0.5596925291824558,355.3400204840618,4.65997951593819,2.9245727148964997,4.0,0.026316471205481928,0.02038386514390253,0.044915713664010995,0.21674681829713438,0.0,0.025143007201388998,nonelliptic_or_noisy
14,stage,9920,10688,11969,12736,65.465999,69.307569,768,2.6221520969992644,2.841706244688771,2.5691331949546004,2.896603667008652,0.2470964839762313,0.20889895021049318,0.5925681305326986,0.6184159791599482,355.3644224599607,4.635577540039313,2.9734600708010595,4.0,0.029786019078492272,0.01977574562555386,0.058238188028237194,0.30886689995678845,0.0,0.11137840719644324,nonelliptic_or_noisy
14,stage,9940,10708,11989,12756,65.56617,69.40774,768,2.6179210361614844,2.83093162031437,2.5669861561375042,2.8994143508671946,0.24160985873479512,0.21002435170910183,0.5982706592412804,0.6481728264101705,355.3866765151517,4.613323484848288,3.0671412313974376,4.0,0.026892423411456156,0.03139629701101834,0.07211698879391572,0.3532463330010025,0.0,0.04791027711573374,nonelliptic_or_noisy
14,stage,9960,10728,12009,12776,65.666342,69.507912,768,2.603334534220826,2.834504328562284,2.5655527109851755,2.894122965413991,0.24335428462162978,0.20689199361406757,0.5727131424494017,0.608632287456328,355.43247139158836,4.567528608411631,3.106440558018915,4.0,0.030483445917325377,0.04438606991477412,0.0958736544390533,0.2900388940805168,0.0,0.06171112098465268,nonelliptic_or_noisy
14,stage,9980,10748,12029,12796,65.766513,69.608083,768,2.5886643972521144,2.836078881720924,2.5666169028582364,2.891950265777171,0.24361151110919366,0.2068262028527748,0.5691227861235634,0.6025041789527114,355.44252071427377,4.5574792857262265,3.0425077458822547,4.0,0.02869026603527987,0.05419402127979481,0.11125867176247978,0.24655715897207606,0.0,0.06056525707783038,nonelliptic_or_noisy
14,stage,10000,10768,12049,12816,65.866684,69.708254,768,2.5812560481239464,2.841706244688771,2.5670144259676912,2.892948992217079,0.2455332807957983,0.19952896298310818,0.5579708856207224,0.5858261547573691,355.42060709995724,4.579392900042786,3.121847222684305,4.0,0.03058620865172773,0.06170607832852411,0.12389706213579112,0.21661009898359884,0.0,0.037890060939005536,nonelliptic_or_noisy
14,stage,10020,10788,12069,12836,65.966856,69.808426,768,2.562201288022198,2.841706244688771,2.5687450599240536,2.890508946625126,0.24614969698816114,0.20053476040176912,0.5577800870299114,0.6100478579494852,355.42206513930597,4.577934860694018,2.979353527338475,4.0,0.027227772577746605,0.07768339104376565,0.13579347189074079,0.2000386882432588,0.0,0.07741126775656684,nonelliptic_or_noisy
14,stage,10040,10808,12089,12856,66.067027,69.908597,768,2.5679482818726815,2.845948024000514,2.571026899592344,2.8941004933112318,0.24592685774316986,0.2018212359467845,0.5516344860788754,0.5961926041847232,355.32474550101495,4.675254498985037,2.814052438156565,4.0,0.018332693657148617,0.07914786842884004,0.13998615766162933,0.19619973501787,0.0,0.029044703536053422,nonelliptic_or_noisy
14,stage,10060,10828,12109,12876,66.167198,70.008768,768,2.5617639208537097,2.830636853230047,2.5700311753047687,2.8956488753965792,0.2421727194555366,0.2026946245844744,0.5652632492859644,0.6470362238984234,355.32295831217095,4.677041687829039,3.0176157837140254,4.0,0.02285911992299017,0.08322885129690605,0.15987771127613007,0.2706149850291105,0.0,0.06818675887121559,nonelliptic_or_noisy
14,stage,10080,10848,12129,12896,66.26737,70.10894,768,2.5477391964137945,2.841706244688771,2.571260595674477,2.8951996868430854,0.24383806997667679,0.20778850042266556,0.5601344086474619,0.6485591881501729,355.304414351842,4.695585648157998,3.0224170302377873,4.0,0.02686256756144502,0.05730487069374876,0.10310299738691527,0.23965219729520626,0.0,0.07327342212258896,nonelliptic_or_noisy
14,stage,10100,10868,12149,12916,66.367541,70.209111,768,2.5448079805482084,2.83093162031437,2.5732349272936434,2.8960388428331414,0.24073282430253723,0.20444505118995357,0.5702536427224617,0.6741219971612006,355.25211822195615,4.747881778043828,3.019236019510661,4.0,0.03517023766211402,0.013272408852920456,0.05740296855605604,0.29510946347608435,0.0,0.046384301611480064,nonelliptic_or_noisy
14,stage,10120,10888,12169,12936,66.467712,70.309282,768,2.5477391964137945,2.835517120735462,2.574122389865521,2.896172236865129,0.24551140662057547,0.19907476692142015,0.5602548558904648,0.6541523288060905,355.2318040144899,4.768195985510105,2.921003385752576,4.0,0.031602856440551434,0.01985469385311686,0.06058118677572262,0.2694158313457492,0.0,0.02216727721574916,nonelliptic_or_noisy
14,stage,10140,10908,12189,12956,66.567884,70.409454,768,2.562201288022198,2.8388347600446995,2.5759090314976216,2.893618446042308,0.2441415155518376,0.21121753178567043,0.5771940721070276,0.6499577646572301,355.2313183365436,4.7686816634563876,2.6103062342569814,4.0,0.036032737675081875,0.02736538459119211,0.0628124844123413,0.23131092337785358,0.0,0.060775202201724735,nonelliptic_or_noisy
14,stage,10160,10928,12209,12976,66.668055,70.509625,768,2.558112290080174,2.8388347600446995,2.5774453273017235,2.8934697694511327,0.24496692837827416,0.21591232684287645,0.5811422009718696,0.6574858591554656,355.2011090959743,4.798890904025692,2.607031429286985,4.0,0.033660752102405656,0.017307949564336914,0.055398008516491355,0.23658184843167937,0.0,0.01669204071379721,nonelliptic_or_noisy
14,stage,10180,10948,12229,12996,66.768226,70.609796,768,2.562201288022198,2.8267343665789997,2.5763893971789464,2.89783162151135,0.24579850181981316,0.2207077935114453,0.5788376956496506,0.6517143667041905,355.1605914154947,4.839408584505296,2.7052693921244098,4.0,0.03494767905885913,0.027019107444534674,0.07785677877143687,0.2949534573701108,0.0,0.05196371997499248,nonelliptic_or_noisy
14,stage,10200,10968,12249,13016,66.868397,70.709968,768,2.5444468732933343,2.813612167742396,2.5753552851256023,2.9021559554973018,0.2462238537465496,0.21869109558801686,0.5849546184166771,0.6851380801732267,355.1238937444276,4.8761062555724015,2.7820950772023867,4.0,0.038274791360897044,0.035571646230557315,0.09698735970797477,0.380886869389473,0.0,0.08966391391721218,nonelliptic_or_noisy
14,stage,10220,10988,12269,13036,66.968569,70.810139,768,2.522989391965514,2.8170090152101075,2.576515231435846,2.9100046769404737,0.245309981883731,0.2185781687725523,0.5769480729135981,0.7371373516811693,355.3207695597848,4.679230440215164,2.7243093452312834,4.0,0.029872308501474116,0.05781654614385184,0.11822903512152098,0.4374042174159719,0.0,0.08856014761113834,nonelliptic_or_noisy
14,stage,10240,11008,12289,13056,67.06874,70.91031,768,2.5203521160190068,2.8207693982080153,2.587334033217578,2.90524638952515,0.24789713961922558,0.20653337361257953,0.5471720729166301,0.7151580686789797,356.4659278127439,3.534072187256064,2.7109865502545363,4.0,0.024301443404708856,0.0524314215532855,0.09948126485160415,0.43489705734062134,0.0,0.01852787035624374,nonelliptic_or_noisy
14,stage,10260,11028,12309,13076,67.168911,71.010481,768,2.5174664986422615,2.8203100545073667,2.589057245979621,2.904373264087992,0.242526946987078,0.21267981216073373,0.5606078213911029,0.7423103305131823,356.04685975305114,3.9531402469488452,2.639615246588914,4.0,0.025734949324067412,0.05706576211672048,0.10886977409414833,0.4552762061725711,0.0,0.012047934256835608,nonelliptic_or_noisy
14,stage,10280,11048,12329,13096,67.269083,71.110653,768,2.518771069494493,2.8217817185392233,2.591809893235567,2.8989368535789204,0.23583688410246303,0.21249072072114242,0.5795133659442447,0.7477912058091759,356.2049526724429,3.795047327557109,2.640414719314633,4.0,0.0243502466765806,0.04004476076125546,0.07662638861205849,0.4504937619271069,0.0,0.008339013354016642,nonelliptic_or_noisy
14,stage,10300,11068,12349,13116,67.369254,71.210824,768,2.5174664986422615,2.8281593022527067,2.5953388725852555,2.8927293779132977,0.22988784368563153,0.2164017397531736,0.5863878317655777,0.7481110378301593,354.784897941686,5.215102058313997,2.479444632166354,4.0,0.02289871074472802,0.02742487828568222,0.047516466133715705,0.4400418641378473,0.0,0.028316612920918537,nonelliptic_or_noisy
14,stage,10320,11088,12369,13136,67.469425,71.310995,768,2.5263677544283007,2.841492888248035,2.5970211106045618,2.8863371886721514,0.22669437865908143,0.21617746412654137,0.6004552467166137,0.6930437537845615,354.5981580716998,5.401841928300172,2.5488933453746867,4.0,0.03837197931068788,0.01790658364502191,0.05955790506925091,0.36914624916754296,0.0,0.07071964373750483,nonelliptic_or_noisy
14,stage,10340,11108,12389,13156,67.569597,71.411167,768,2.5278290481499575,2.8548323176279076,2.5988469433292387,2.8846597380538226,0.2283873918395205,0.2161685922328042,0.5833866741055943,0.6783338047600163,354.9762530161635,5.023746983836447,2.611737152208706,4.0,0.04460337136453241,0.020967575954950784,0.06683123021959565,0.33726631766434023,0.0,0.05875644317107681,nonelliptic_or_noisy
14,stage,10360,11128,12409,13176,67.669768,71.511338,768,2.541227230859789,2.836078881720924,2.5978949415579202,2.8858889693251686,0.22836974919241204,0.21628996027634156,0.5897209507933487,0.6742335853084029,354.70468593750746,5.295314062492553,2.449452499243366,4.0,0.042887396827101916,0.01637103553109496,0.06904100888469804,0.33037283758823743,0.0,0.10092332375440331,nonelliptic_or_noisy
14,stage,10380,11148,12429,13196,67.769939,71.611509,768,2.5373863376597408,2.8636395836876085,2.600032604323605,2.8851494039999794,0.2234975775941156,0.2334439501365073,0.6017181124289293,0.6738857709381049,354.88285413861183,5.1171458613881695,2.467492674123436,4.0,0.041535767898366154,0.00829282808447094,0.05916049153706621,0.29636180921895855,0.0,0.12450716938431386,nonelliptic_or_noisy
14,stage,10400,11168,12449,13216,67.870111,71.711681,768,2.5444468732933343,2.8686482844267323,2.6005065766103215,2.8861347420625845,0.22033815982540877,0.23011179516294994,0.6096029679816939,0.6638837336097111,354.6812875043467,5.318712495653312,2.4009984822975783,4.0,0.0418316439195094,0.011826827525284344,0.06990111163918415,0.2665160020897924,0.0,0.03928819216829489,nonelliptic_or_noisy
14,stage,10420,11188,12469,13236,67.970282,71.811852,768,2.5320827722975694,2.854977016625342,2.601074617817081,2.8828209326019443,0.2222027567119098,0.2313290925624941,0.6051434676895037,0.695293783724659,355.3756446228513,4.624355377148684,2.443851536358221,4.0,0.03760622209951053,0.010346350931756815,0.058474339867635734,0.33482323209738607,0.0,0.08295565268721206,nonelliptic_or_noisy
14,stage,10440,11208,12489,13256,68.070453,71.912023,768,2.512643729492276,2.887690776577873,2.6011868918085517,2.881582404586488,0.2225999873974275,0.23317188663890043,0.6032047066491396,0.6868461636592309,356.46655965991624,3.533440340083785,2.4748079809950863,4.0,0.03169169204529569,0.010749200845772496,0.047814562415157726,0.3987134677297294,0.0,0.17095000356183596,nonelliptic_or_noisy
14,stage,10460,11228,12509,13276,68.170625,72.012195,768,2.504298149791884,2.9255473059101815,2.60051034361561,2.8813172017401905,0.2222762900632268,0.23042720130710984,0.5991874782594746,0.7043853990985252,356.2459862614216,3.7540137385783945,2.575775971735398,4.0,0.03783793766464479,0.018615170552261397,0.06607528468943454,0.4763975097101971,0.0,0.17440240539169127,nonelliptic_or_noisy
14,stage,10480,11248,12529,13296,68.270796,72.112366,768,2.504129500305856,2.935667180147788,2.606038681605109,2.8893143610947516,0.2228559639509387,0.2224209886420955,0.5825016034225281,0.7014030873373602,355.01902690264694,4.980973097353065,2.5859876110402604,4.0,0.030739738154732795,0.03026277926926715,0.05143357216237843,0.5023677035673246,0.0,0.04541623767791983,nonelliptic_or_noisy
14,stage,10500,11268,12549,13316,68.370967,72.212537,768,2.5174664986422615,2.9418623196063516,2.6132152329527223,2.8880245868568903,0.22333546706533247,0.2213838891159857,0.5751477824312464,0.6781729453087042,355.1015741217074,4.898425878292574,2.597253171539104,4.0,0.02703714621214814,0.030199540443488257,0.05212808949949263,0.49184668736479,0.0,0.06584543334567963,nonelliptic_or_noisy
14,stage,10520,11288,12569,13336,68.471139,72.312709,768,2.524466029944123,2.948113414090657,2.613206960330908,2.887817308749943,0.22393365951890437,0.22380441178322466,0.5726760899757667,0.6667546398045803,355.9502430543849,4.049756945615093,2.584035497688663,4.0,0.03216722783468088,0.02812150322544196,0.054008287155240545,0.47910322606149963,0.0,0.04190768641836869,nonelliptic_or_noisy
14,stage,10540,11308,12589,13356,68.57131,72.41288,768,2.541227230859789,2.9255473059101815,2.618345256037043,2.889174209504462,0.22370040674075573,0.22694390686847757,0.5683251314681347,0.6497441446941381,355.65345164948417,4.3465483505158256,2.622710477683778,4.0,0.036535534220827164,0.030157696202706905,0.06093520297249705,0.38115898776445656,0.0,0.12565873873954125,nonelliptic_or_noisy
14,stage,10560,11328,12609,13376,68.671481,72.513051,768,2.5373863376597408,2.9160970954842913,2.622218813230526,2.891375739570709,0.22740994798732767,0.22121891167163052,0.5675060430831873,0.6664879065900224,355.3764348872982,4.623565112701803,2.5743348557414127,4.0,0.03376867036366999,0.034863425003325337,0.06278141150238,0.38855449985845397,0.0,0.04485700104630737,nonelliptic_or_noisy
14,stage,10580,11348,12629,13396,68.771653,72.613223,768,2.542940030627083,2.8875342038803975,2.6227769218877843,2.893813858078414,0.2345923169306423,0.2077761117939948,0.5356138958449244,0.6258800010512501,356.0378919677682,3.9621080322317894,2.594131352357601,4.0,0.02532977344795998,0.031234704738442313,0.0590348992678265,0.34137297371574216,0.0,0.12403562843251714,nonelliptic_or_noisy
14,stage,10600,11368,12649,13416,68.871824,72.713394,768,2.530417854672982,2.87734933636974,2.620243911406762,2.8919371437334043,0.23309610469984637,0.2176631856355576,0.5389166693838936,0.6627097239890466,356.2282057843873,3.771794215612742,2.549399000966822,4.0,0.017992539788140156,0.02585647103131121,0.04632226403666933,0.390409279662865,0.0,0.06924671918823071,nonelliptic_or_noisy
14,stage,10620,11388,12669,13436,68.971995,72.813565,768,2.504355051875949,2.887690776577873,2.6127758260530753,2.892466347793742,0.23598928151743545,0.21765347283181405,0.5585961378335139,0.6884213606160356,356.3502495781245,3.649750421875496,2.536266989442668,4.0,0.00967653881473419,0.024191272081442387,0.03839252710031421,0.45987638276867643,0.0,0.11881695149259974,nonelliptic_or_noisy
14,stage,10640,11408,12689,13456,69.072166,72.913737,768,2.5193786678892662,2.91017443381698,2.611492963418104,2.892248887053976,0.23342515487994792,0.22033096623415,0.5558921275284078,0.672890305263169,356.39011701738895,3.609882982611068,2.4672566826046385,4.0,0.008111485930686071,0.03292112764147748,0.049599310950412485,0.4020228848827532,0.0,0.11584506234718939,nonelliptic_or_noisy
14,stage,10660,11428,12709,13476,69.172338,73.013908,768,2.5135529398708547,2.9055813711598466,2.6124268447733052,2.8925475482509833,0.2339985187627605,0.21844109399780795,0.5593222434728256,0.6763863818899511,356.352125639977,3.647874360023032,2.467240271259579,4.0,0.012115943105174894,0.02902628549310582,0.05130579098931771,0.4261962090036436,0.0,0.031703534681638335,nonelliptic_or_noisy
14,stage,10680,11448,12729,13496,69.272509,73.114079,768,2.5266132022621695,2.9231086335676064,2.6119041500149516,2.8908859679592473,0.23131485289116188,0.21237738142614437,0.5589105504033919,0.682135623993838,354.97241673156196,5.027583268438029,2.5612586303610936,4.0,0.02363915652136155,0.03569180124019019,0.06266549222242031,0.39415890804282455,0.0,0.09449489870967652,nonelliptic_or_noisy
14,stage,10700,11468,12749,13516,69.37268,73.21425,768,2.530989068061924,2.915564621923482,2.6121247019746505,2.892805104354385,0.2331000673741975,0.20769276038544998,0.5435951304160054,0.6747068204089713,354.9743297259606,5.025670274039361,2.5047497387152857,4.0,0.022089701130014402,0.03420403452639416,0.05690203945097435,0.36150720008484644,0.0,0.03741421655363095,nonelliptic_or_noisy
14,stage,10720,11488,12769,13536,69.472852,73.314422,768,2.531690638093494,2.9231086335676064,2.61554943012851,2.9011972721282406,0.23294559043082286,0.2007927582011607,0.5377595209914092,0.6943506017197583,355.12899949124375,4.871000508756272,2.4402430684561303,4.0,0.03621274385748113,0.047459460892149787,0.08974396449263981,0.3720788599338206,0.0,0.032525034433760355,nonelliptic_or_noisy
14,stage,10740,11508,12789,13556,69.573023,73.414593,768,2.5278290481499575,2.9231086335676064,2.613768120525676,2.905956631216429,0.23570340269310308,0.20634646210158464,0.537123434613846,0.6977056465717654,355.2315599893372,4.768440010662795,2.4877885637975017,4.0,0.045042046007263116,0.0445068498752394,0.10335550867064666,0.3717977089177,0.0,0.01638325921227506,nonelliptic_or_noisy
14,stage,10760,11528,12809,13576,69.673194,73.514764,768,2.530417854672982,2.936282307372295,2.61497189832963,2.9049904935331448,0.22993445528674955,0.2207856256654798,0.5483955594522872,0.6935709306815697,355.2590701938805,4.740929806119466,2.4725016707498355,4.0,0.05026416826822128,0.03334361788341808,0.09990751819486329,0.3921054312362121,0.0,0.05838895354514779,nonelliptic_or_noisy
14,stage,10780,11548,12829,13596,69.773366,73.614936,768,2.544484944546956,2.942417113078405,2.612729316524954,2.906882912627144,0.22902943193247102,0.2095522522560865,0.5498493130819575,0.6548816205796744,356.2171158794857,3.782884120514345,2.477408583060814,4.0,0.04065188230766857,0.01722587667331754,0.07811899361478813,0.3359453182185925,0.0,0.06700721194207392,nonelliptic_or_noisy
14,stage,10800,11568,12849,13616,69.873537,73.715107,768,2.570325214357088,2.9392734205967797,2.611338954810227,2.906677128321485,0.23160686489462376,0.20437345195447854,0.5456894169003307,0.5889396332088922,356.42526932873153,3.5747306712684903,2.5285772946655594,4.0,0.026276183522288946,0.019321916499015233,0.05798207817235617,0.22619951835529215,0.0,0.11239216128113788,nonelliptic_or_noisy
14,stage,10820,11588,12869,13636,69.973708,73.815278,768,2.570563933992445,2.9386741981338416,2.6096670208832196,2.9051710026948285,0.23408320025268858,0.19890649764257434,0.5431873618100439,0.5749585035937886,356.6237263867288,3.376273613271235,2.5245254502767205,4.0,0.020077653135661757,0.018842224641054686,0.037690346352656875,0.21997677949628022,0.0,0.0027555286476854068,nonelliptic_or_noisy
14,stage,10840,11608,12889,13656,70.07388,73.91545,768,2.576611514707605,2.9284301491356235,2.608013718444891,2.9068808183051464,0.23370226724843024,0.19819098797470971,0.549493996532742,0.5759104847961128,356.6368258377389,3.363174162261061,2.5062727692463724,4.0,0.01614917948087509,0.011997807924849998,0.028578426300689228,0.16296403072604082,0.0,0.05090218539954844,nonelliptic_or_noisy
14,stage,10860,11628,12909,13676,70.174051,74.015621,768,2.5735497844704804,2.9301700023122916,2.6075544385598595,2.9052280068144514,0.23586006051127978,0.1926209423204384,0.5430193157410488,0.5685629107313378,356.69771944885355,3.302280551146444,2.5085425578201384,4.0,0.019855781172458696,0.00829510524696957,0.03392166980795878,0.17879802496798392,0.0,0.014930655351307526,nonelliptic_or_noisy
14,stage,10880,11648,12929,13696,70.274222,74.115792,768,2.5811820297899013,2.9254758708647817,2.6062801845091053,2.9031203128765606,0.23667105651331233,0.19249791537043118,0.5461597119215373,0.5513179436084791,356.37414005132945,3.6258599486705747,2.515427413432724,4.0,0.02239345052010101,0.006068332654321006,0.03287866299807515,0.14201498564804543,0.0,0.03785949926362231,nonelliptic_or_noisy
14,stage,10900,11668,12949,13716,70.374394,74.215964,768,2.5831164188794973,2.9284301491356235,2.6065173487078908,2.905850919512842,0.2357234014158438,0.19517374626112838,0.5535311999726871,0.550340829085514,356.5385806828672,3.4614193171328287,2.5354746157962667,4.0,0.01562832433229344,0.01016774044163527,0.025416645115531166,0.1379501299359892,0.0,0.014980418013098542,nonelliptic_or_noisy
14,stage,10920,11688,12969,13736,70.474565,74.316135,768,2.570540420810665,2.9267223921331316,2.604971044060467,2.9082343409183573,0.24010030853202202,0.18949383266238418,0.5416675689908181,0.5632765804187116,355.95042257458016,4.049577425419834,2.5706535828789385,4.0,0.01789796451922766,0.030867783764587486,0.05119897293207196,0.1627668747842969,0.0,0.05285882745121582,nonelliptic_or_noisy
14,stage,10940,11708,12989,13756,70.574736,74.416306,768,2.5664329097315663,2.9450060422906157,2.605770432415429,2.9058957669815455,0.23787155662869214,0.19498166402475392,0.5443573042310195,0.5729572482538284,356.37077115541774,3.62922884458228,2.5739241146790017,4.0,0.02750397025062602,0.029610997358101014,0.057084041156476036,0.23319813203465248,0.0,0.07877931065406586,nonelliptic_or_noisy
14,stage,10960,11728,13009,13776,70.674908,74.516478,768,2.570563933992445,2.946991667266343,2.6072735845448047,2.905555109434296,0.23711450046905047,0.1932088517051368,0.5438337052075465,0.5719031999186373,355.5135533829305,4.486446617069458,2.564388113456843,4.0,0.024240971304003177,0.026698333484704684,0.04842665731538109,0.23346826049180575,0.0,0.0193301375117826,nonelliptic_or_noisy
14,stage,10980,11748,13029,13796,70.775079,74.616649,768,2.581443973441341,2.949254637031598,2.6069673054682747,2.9070432002090953,0.2354297618405119,0.1935163308771662,0.5486075334884912,0.5780355347003564,355.68013214022443,4.319867859775576,2.558666295418945,4.0,0.028250959032431706,0.01379783637716869,0.052628503086994016,0.20952296668252138,0.0,0.04720256437452907,nonelliptic_or_noisy
14,stage,11000,11768,13049,13816,70.87525,74.71682,768,2.6027717379682924,2.9505554887887966,2.6075337475249247,2.9059536158274537,0.22891202298571145,0.20035970420794463,0.5581150684421771,0.6085535393653158,355.573091646065,4.426908353935017,2.5784466169636633,4.0,0.015652269245705872,0.024336771799927426,0.04860261901928764,0.19595023813855547,0.0,0.09334328128326533,nonelliptic_or_noisy
14,stage,11020,11788,13069,13836,70.975422,74.816992,768,2.6281029754812506,2.947306872079171,2.6056701747239597,2.905855512184978,0.2251558628865895,0.2017404127462555,0.5674797790855511,0.6369565919468999,355.4775989208972,4.522401079102789,2.5779947565918784,4.0,0.013925280005367876,0.0166846246584098,0.029681249433064025,0.20933150669536707,0.0,0.11342675179492054,nonelliptic_or_noisy
14,stage,11040,11808,13089,13856,71.075593,74.917163,768,2.6374936425931272,2.9518811823954096,2.606028612072754,2.905193789428213,0.2253732409800624,0.20153953407545194,0.5670228269202444,0.6567137641198383,356.4915655041585,3.5084344958415046,2.581335371533415,4.0,0.013499066407134505,0.013539227428604613,0.022366733809289257,0.24981061901872179,0.0,0.04634766140044004,nonelliptic_or_noisy
14,stage,11060,11828,13109,13876,71.175764,75.017334,768,2.644017931047497,2.9522949273879786,2.6051012277924226,2.9072804764725366,0.22607722242995623,0.20364977246219265,0.5666889334668556,0.6761427941486469,356.0610379029208,3.938962097079207,2.5588696251649363,4.0,0.017802556704419284,0.007437466417153401,0.026331010356100134,0.26320524447067933,0.0,0.028916643037204932,nonelliptic_or_noisy
14,stage,11080,11848,13129,13896,71.275935,75.117506,768,2.6437059802411182,2.9513642633823056,2.6040958828824925,2.907332395067767,0.22667373546179936,0.204750308092513,0.5644784365837373,0.6642961513580351,355.75645775581876,4.24354224418126,2.520387764268155,4.0,0.015079243930780965,0.007579576284170683,0.02061916911351956,0.2612847474621757,0.0,0.004330251469868123,nonelliptic_or_noisy
14,stage,11100,11868,13149,13916,71.376107,75.217677,768,2.6437059802411182,2.9500979306947386,2.6009120147444933,2.90936887590239,0.22771116635616587,0.20900860501204924,0.5630712201841916,0.6717650165456234,355.36744735729803,4.632552642701993,2.537804707470082,4.0,0.006906525435527547,0.014855821029149088,0.025616526060992642,0.25944155987569106,0.0,0.005561135660718339,nonelliptic_or_noisy
14,stage,11120,11888,13169,13936,71.476278,75.317848,768,2.642247929484255,2.951323200406418,2.6004493639906583,2.909976948052839,0.2287622856823487,0.2042834065014905,0.5588447426453473,0.6572773602818419,355.37226361513785,4.627736384862151,2.577570298664187,4.0,0.01634297141700729,0.028794359994035564,0.04612797283368036,0.25700536387080114,0.0,0.008325325015108081,nonelliptic_or_noisy
14,stage,11140,11908,13189,13956,71.576449,75.41802,768,2.6245908153043547,2.954897973159561,2.6002876017453875,2.909102349081165,0.22738197355162526,0.20331709241654874,0.5605463692089481,0.6405521405984382,355.3598910557733,4.640108944226724,2.5561068306003554,4.0,0.022334665988764112,0.02037837105900479,0.038384887095161024,0.22800760903518377,0.0,0.07922943687338392,nonelliptic_or_noisy
14,stage,11160,11928,13209,13976,71.676621,75.518191,768,2.610655386704612,2.9595120122798297,2.598660896309393,2.910531676678537,0.23120244484003383,0.1954520472746107,0.5606574456486676,0.5989757419549943,355.3679115285019,4.632088471498076,2.5337580406201856,4.0,0.0230201546954275,0.014257102400821633,0.040817154075083455,0.21811007457824788,0.0,0.0634916525833767,nonelliptic_or_noisy
14,stage,11180,11948,13229,13996,71.776792,75.618362,768,2.6267206113360517,2.9637325301588096,2.5992195463415895,2.9095518744638698,0.2279525976770389,0.19755667125668588,0.5609240463671314,0.6480406479249676,356.17827184360186,3.8217281563981325,2.597253961934686,4.0,0.019163946753655216,0.006957132817714804,0.034075112540955556,0.26654933124767904,0.0,0.0728676260495978,nonelliptic_or_noisy
14,stage,11200,11968,13249,14016,71.876963,75.718533,768,2.6445810371595444,2.9687585715426437,2.599999930007343,2.9117660119915234,0.22757290671404623,0.20014891815219707,0.5614774851212198,0.7040571920277591,356.20304594625793,3.7969540537420707,2.6219960891671406,4.0,0.008755916081753905,0.013992568402592592,0.024396504390022968,0.31795363250152353,0.0,0.08153050663119521,nonelliptic_or_noisy
14,stage,11220,11988,13269,14036,71.977135,75.818705,768,2.652357928498141,2.972497813896098,2.5998202738898897,2.9132229839798955,0.2268565172331362,0.20168335118728886,0.5664343130325378,0.7401675863605519,356.40720176929653,3.592798230703468,2.5880034580281257,4.0,0.005959290396132074,0.013412640859998954,0.02386325701756566,0.34914914325676616,0.0,0.038037854004105885,nonelliptic_or_noisy
14,stage,11240,12008,13289,14056,72.077306,75.918876,768,2.6503148822963034,2.972497813896098,2.598052544600578,2.912383347769417,0.22893734946868347,0.20834331563066943,0.5605471967807634,0.7347998190922473,356.24868246825406,3.7513175317459577,2.5119615626510186,4.0,0.01287277977786164,0.01257084873721394,0.026281253209181194,0.3479386055415919,0.0,0.008924040601408964,nonelliptic_or_noisy
14,stage,11260,12028,13309,14076,72.177477,76.019047,768,2.6483384501331697,2.972032641448222,2.5967408257087126,2.9126777270516033,0.23021819756776365,0.20756367496683,0.5576846897578844,0.7265441675762093,356.19872988476095,3.801270115239029,2.511537847745068,4.0,0.015212261981795037,0.01088086213921642,0.024566048140569417,0.34161856335656704,0.0,0.008819614663565274,nonelliptic_or_noisy
14,stage,11280,12048,13329,14096,72.277649,76.119219,768,2.6497467013592075,2.972032641448222,2.5994830244218075,2.9098745420547565,0.23312104773296932,0.19998632248662299,0.5491114777149853,0.7094201273135339,356.10994479865167,3.8900552013483227,2.628592500075592,4.0,0.006100241720198015,0.007443571095282094,0.012741824648380454,0.34290293622191076,0.0,0.0060408583426191575,nonelliptic_or_noisy
14,stage,11300,12068,13349,14116,72.37782,76.21939,768,2.6496429960835988,2.9662006136058583,2.5990840149887604,2.9098636144056007,0.23377540148442766,0.2021861553184335,0.5463957847570717,0.6962510023524322,356.10458578467563,3.895414215324387,2.698402258830251,4.0,0.003777245698858462,0.015870770344998703,0.023249740065786867,0.3238031566549921,0.0,0.024951084577104793,nonelliptic_or_noisy
14,stage,11320,12088,13369,14136,72.477991,76.319561,768,2.6395520973238833,2.9645414426527408,2.5965285408407865,2.9076692849779935,0.23374676713556597,0.20132777862703574,0.5518570279838583,0.6686071247253231,355.99348328880916,4.006516711190825,2.669226064382463,4.0,0.01194702280635973,0.020279738741510244,0.03243673782570936,0.30508431561499366,0.0,0.043749874139644956,nonelliptic_or_noisy
14,stage,11340,12108,13389,14156,72.578163,76.419733,768,2.6497467013592075,2.9637325301588096,2.5959002393237314,2.907740584906602,0.23697076165292696,0.2025628605885508,0.5425230848327675,0.6911859718458883,355.9877144569619,4.012285543038092,2.7455603151536776,4.0,0.014089821025264708,0.01733037845637533,0.02705290481494414,0.32781385077685077,0.0,0.04315572962875158,nonelliptic_or_noisy
14,stage,11360,12128,13409,14176,72.678334,76.519904,768,2.6437059802411182,2.957446013814895,2.5960050115157394,2.907557597779867,0.23403774564697788,0.2074336167404232,0.5499890042333496,0.664829589793238,355.98251515400955,4.017484845990477,2.8814741503880557,4.0,0.01861945444748765,0.008305273394017657,0.028862224942246984,0.29492442989998063,0.0,0.03725213536509101,nonelliptic_or_noisy
14,stage,11380,12148,13429,14196,72.778505,76.620075,768,2.6336307062073843,2.9630803970804505,2.5972947260562593,2.90957758190474,0.23098868297096026,0.2178591508397189,0.5576260850688025,0.6704361774043995,356.45314539481967,3.546854605180333,2.9120376898019007,4.0,0.01300805933285301,0.011430327164540547,0.02237385488197357,0.2799920407490557,0.0,0.04997525287599045,nonelliptic_or_noisy
14,stage,11400,12168,13449,14216,72.878677,76.720247,768,2.628873097056759,2.968046288350105,2.6017246705051487,2.9095577772006833,0.22835573273662899,0.21187836274807476,0.5601452611498138,0.6714102614031735,356.18285192599006,3.8171480740099164,2.9125207536151074,4.0,0.006730767872251095,0.016556070591517688,0.02644349076143538,0.28237571718389626,0.0,0.030115864405008155,nonelliptic_or_noisy
14,stage,11420,12188,13469,14236,72.978848,76.820418,768,2.6284406666434803,2.9655049657846604,2.6024098685908323,2.9113094560742874,0.23060170510169736,0.20942497035927163,0.5565552647235021,0.6584052995192782,356.5065058097233,3.493494190276669,2.907604242450651,4.0,0.014640611797704314,0.014266191281222937,0.03020556402561817,0.26072156995847423,0.0,0.01117880341775827,nonelliptic_or_noisy
14,stage,11440,12208,13489,14256,73.079019,76.920589,768,2.6238509834238357,2.9662006136058583,2.605300329579491,2.912398199723999,0.23209610795735972,0.21268316207250287,0.5582637241305768,0.644323255791121,356.52328531737595,3.4767146826240514,2.7990669911582122,4.0,0.023476213299754963,0.0077573854497842015,0.034193287073629085,0.24520311556368107,0.0,0.020000778089427736,nonelliptic_or_noisy
14,stage,11460,12228,13509,14276,73.179191,77.020761,768,2.623312590983321,2.9662006136058583,2.6071441816318064,2.91462744120682,0.23362770062021976,0.2137550069662709,0.5656941821732412,0.6399003557913973,356.44509916638066,3.5549008336193575,2.6748547516154884,4.0,0.03358587156198325,0.003115816370086312,0.04847487427749144,0.23134335145872156,0.0,0.0023044888901684667,nonelliptic_or_noisy
14,stage,11480,12248,13529,14296,73.279362,77.120932,768,2.6213773416044712,2.972677536879395,2.606680836412425,2.9127457486385424,0.23288005381199892,0.216370246858088,0.5729714130803787,0.6595747243363432,356.54316634077014,3.456833659229864,2.4857688328067074,4.0,0.02589386666068288,0.006755626517396524,0.039265575202708215,0.26497514777644543,0.0,0.029027223340759384,nonelliptic_or_noisy
14,stage,11500,12268,13549,14316,73.379533,77.221103,768,2.6245908153043547,2.9600334023036874,2.608116628640406,2.908200754086551,0.23524365880039613,0.21653378540556437,0.5699429799202232,0.6330959119753287,356.53659985897457,3.463400141025436,2.250858365440087,4.0,0.025471966052558734,0.017444511521525197,0.04493024343834277,0.2311973184214967,0.0,0.05545778977861085,nonelliptic_or_noisy
14,stage,11520,12288,13569,14336,73.479704,77.321275,768,2.6213773416044712,2.954897973159561,2.6085951871599105,2.9094724675688814,0.2340729121076323,0.21460105881891522,0.5715721236862449,0.6191914228106815,356.5499707271742,3.4500292728258195,2.3147369351528235,4.0,0.021455782029180234,0.021831674642328498,0.04580274084463327,0.2016022161620588,0.0,0.025880712447760024,nonelliptic_or_noisy
14,stage,11540,12308,13589,14356,73.579876,77.421446,768,2.609230304397263,2.951323200406418,2.609611580550922,2.908451929654636,0.23628766942966156,0.21595678616142377,0.5902084739423427,0.6008382157645785,356.36765878291305,3.632341217086951,2.166897079139204,4.0,0.025947450816027628,0.018939083984541076,0.04819961542758645,0.18144394188547688,0.0,0.05358776919192124,nonelliptic_or_noisy
14,stage,11560,12328,13609,14376,73.680047,77.521617,768,2.593569169741145,2.958173356950498,2.609836277137741,2.9116994366463085,0.2340227130535849,0.21648804798450472,0.5954056889731224,0.6077485182313868,356.0202727754014,3.9797272245985797,2.231186091239578,4.0,0.02669383522713951,0.01588117187626959,0.050933223835496366,0.21040113261267376,0.0,0.0730430605899675,nonelliptic_or_noisy
14,stage,11580,12348,13629,14396,73.780218,77.621789,768,2.583765304429317,2.9600334023036874,2.612945686219126,2.911019316351572,0.23319160514986303,0.2223747313842559,0.5988310083472391,0.6168623431824544,355.48574485493276,4.5142551450672155,2.2552363031251845,4.0,0.03251583824162541,0.02515673938295789,0.06455675002427763,0.24461750991892178,0.0,0.04279208341868997,nonelliptic_or_noisy
14,stage,11600,12368,13649,14416,73.88039,77.72196,768,2.5612389275923997,2.967204873268645,2.6170336513835033,2.9118045081628368,0.22929650344422478,0.2320802573838906,0.597201946228126,0.6452576251617198,355.20609947394234,4.793900526057646,2.3588732486712067,4.0,0.02984018906811779,0.02906601125945169,0.06040244329605132,0.34290665010158616,0.0,0.10309961727758256,nonelliptic_or_noisy
14,stage,11620,12388,13669,14436,73.980561,77.822131,768,2.548385845658672,2.9600334023036874,2.614198690169349,2.914626114416468,0.2290367725879568,0.23160366332212998,0.6027002147891997,0.6860837333504911,355.3381729460173,4.661827053982652,2.3765898007094894,4.0,0.022296785566000583,0.02368829929137585,0.04034524795904031,0.3491019782173871,0.0,0.06426223110199791,nonelliptic_or_noisy
14,stage,11640,12408,13689,14456,74.080732,77.922302,768,2.534933816059179,2.9791091015429125,2.6184799775892373,2.9230639560701617,0.23006791130642526,0.23856779653779753,0.6040900335416017,0.7057339812297501,356.28174867644304,3.7182513235569656,2.4704608411128994,4.0,0.020470077964743438,0.0316809451896862,0.0525195997782809,0.4372764411062417,0.0,0.10145610936608117,nonelliptic_or_noisy
14,stage,11660,12428,13709,14476,74.180904,78.022474,768,2.548602883966581,2.987947136703227,2.616472288449426,2.9242800463101526,0.23368297469719473,0.2340332188032001,0.588761028707704,0.6563384248981388,355.8585716886226,4.1414283113774175,2.293763904824576,4.0,0.015349089164039017,0.0340803419154268,0.05779763254307679,0.3982224287276158,0.0,0.06965597886907161,nonelliptic_or_noisy
14,stage,11680,12448,13729,14496,74.281075,78.122645,768,2.561663797751069,2.9958046108200076,2.616419783009296,2.9254042841699985,0.2325141127849361,0.23703406062943103,0.5964618109867966,0.6564795809548643,356.09237146164315,3.907628538356864,2.318249637229191,4.0,0.012760089743676926,0.0321770340124447,0.05175899636914696,0.3835791989575017,0.0,0.06555425231812287,nonelliptic_or_noisy
14,stage,11700,12468,13749,14516,74.381246,78.222816,768,2.5770611601852917,2.994447610951869,2.6144932008583934,2.925697575101121,0.2292125639694849,0.2367761659362131,0.5978879676454079,0.6724594085031138,355.82828628919356,4.171713710806467,2.393518629466026,4.0,0.012914185241688227,0.02704996625030538,0.041831679026501076,0.3415161278075024,0.0,0.06743541468639044,nonelliptic_or_noisy
14,stage,11720,12488,13769,14536,74.481418,78.322988,768,2.5841728094791927,2.986835705838266,2.6133539968896855,2.92664141623893,0.231381299825896,0.23125801832297,0.5901738077922046,0.6534260107746763,355.8333778713373,4.166622128662721,2.3964520978967943,4.0,0.016808451870348493,0.028594689863709163,0.04879485467577245,0.2891100104181638,0.0,0.045021498182284646,nonelliptic_or_noisy
14,stage,11740,12508,13789,14556,74.581589,78.423159,768,2.596523075026952,2.970660524167523,2.6109749408120604,2.927873121612319,0.23498945594567922,0.2248259808361356,0.5809609287890442,0.6214376759329835,355.6866690965548,4.313330903445181,2.2916156581463882,4.0,0.01638875309398729,0.03222124398721718,0.05185632890923407,0.19218791180219616,0.0,0.08660413253390958,nonelliptic_or_noisy
14,stage,11760,12528,13809,14576,74.68176,78.52333,768,2.5848766593677164,2.955145899361841,2.612143530344249,2.9276414922992453,0.24053828901871477,0.2178726740120773,0.5605230322031838,0.5840155047549879,355.8385709797651,4.1614290202348645,2.2935568784296114,4.0,0.02142715627861016,0.033250192793828834,0.05548762333428606,0.1610118143350037,0.0,0.0806505738422483,nonelliptic_or_noisy
14,stage,11780,12548,13829,14596,74.781932,78.623502,768,2.5770611601852917,2.9346026169120414,2.612355085762993,2.9293452627057235,0.24048814635811244,0.21369116027798118,0.559514499238687,0.6001423964764149,356.2916904939013,3.708309506098694,2.290140850330287,4.0,0.02612912560544551,0.028109346125109437,0.047658789639736764,0.1483788011016248,0.0,0.09139630873606934,nonelliptic_or_noisy
14,stage,11800,12568,13849,14616,74.882103,78.723673,768,2.5687211637500207,2.9395878480927196,2.613656069796007,2.9299685092252976,0.23775723967968126,0.2171311877504885,0.5691268282409515,0.6266674192570575,356.2991958032842,3.7008041967158287,2.4209575433851,4.0,0.019309618356609767,0.03233579420389216,0.04747527526834376,0.193276940503572,0.0,0.040866816779782184,nonelliptic_or_noisy
14,stage,11820,12588,13869,14636,74.982274,78.823844,768,2.5637127541541247,2.9451068767559434,2.611283866474015,2.9271575624211397,0.24158479020265525,0.20862375576932812,0.5443626774951092,0.61698169949352,355.6915429991701,4.308457000829913,2.2894524843881388,4.0,0.014211770071438607,0.0203847054595419,0.03518792027750764,0.2104633741821839,0.0,0.030849517665078652,nonelliptic_or_noisy
14,stage,11840,12608,13889,14656,75.082446,78.924016,768,2.5658099269611645,2.9599247646042564,2.611709959513231,2.9274902456874954,0.242983040685254,0.20730081516679433,0.5415859752734321,0.5956192713315762,355.72790367625316,4.27209632374681,2.375403990759375,4.0,0.015895573246287972,0.022457533096683923,0.040709167271491,0.23130544628347574,0.0,0.06159095803123118,nonelliptic_or_noisy
14,stage,11860,12628,13909,14676,75.182617,79.024187,768,2.5547720357771384,2.9547502336283564,2.612917500201781,2.9279344387884114,0.2420404642473472,0.20170547748590056,0.5394522054375553,0.6296118281552128,356.0708894001696,3.9291105998303766,2.385142596378602,4.0,0.015884251451438194,0.02186987245891218,0.04057594187518646,0.2645470918556558,0.0,0.050365972869362265,nonelliptic_or_noisy
14,stage,11880,12648,13929,14696,75.282788,79.124358,768,2.567386181714849,2.976626164315215,2.614008030154133,2.929705469398394,0.24018237489858182,0.21258102568081236,0.5495890534994919,0.6022899587455579,356.73738728795,3.2626127120499597,2.3732147874116154,4.0,0.008713556700723123,0.018128435220171615,0.02965462484840598,0.27539449685564327,0.0,0.1051375582972343,nonelliptic_or_noisy
14,stage,11900,12668,13949,14716,75.38296,79.22453,768,2.573830081483841,2.967813410050825,2.6138267071344883,2.9317387010512177,0.24160179130209217,0.20911902916406241,0.5522961623313122,0.5875284381039488,357.1017365705423,2.898263429457678,2.3695629258022644,4.0,0.00856950564845955,0.01683535370526386,0.026959176540997193,0.2229370753004088,0.0,0.04518736261864373,nonelliptic_or_noisy
14,stage,11920,12688,13969,14736,75.483131,79.324701,768,2.5739349763228336,2.986835705838266,2.614523641752426,2.931719044663908,0.24097504056725275,0.2170413049386647,0.5583282968935729,0.6171289879730008,357.0940193360143,2.9059806639856784,2.426898437009093,4.0,0.009704642223005589,0.022460149318463647,0.03751863411004897,0.2840507862581594,0.0,0.07894006346799314,nonelliptic_or_noisy
14,stage,11940,12708,13989,14756,75.583302,79.424872,768,2.591105079677603,2.987286049650454,2.615926578371213,2.9314844369140545,0.2358258460022547,0.22354857043544346,0.5801364306533511,0.6323048534489734,355.34005012423165,4.65994987576837,2.4051053492144865,4.0,0.013144604757360899,0.02854584638114215,0.04374124898355427,0.2589755429383402,0.0,0.07283344265481177,nonelliptic_or_noisy
14,stage,11960,12728,14009,14776,75.683473,79.525044,768,2.5860952180246426,2.9791091015429125,2.6160894453367254,2.931986756487051,0.2366431370195879,0.22568229767303782,0.5833657132247431,0.6203396102040288,355.3572229102556,4.642777089744393,2.414492725296988,4.0,0.023920809519027322,0.02906995180116437,0.049059407464989366,0.23604518739734728,0.0,0.0405236342726992,nonelliptic_or_noisy
14,stage,11980,12748,14029,14796,75.783645,79.625215,768,2.5941613985344194,2.9762794884151376,2.6142574487676398,2.93226590297416,0.23442928186162973,0.23072782779405188,0.5857144469733483,0.6273427691118159,355.40128362160243,4.598716378397542,2.4070048145992597,4.0,0.021697631489457733,0.03356361715259645,0.052960458821386974,0.20639216350775055,0.0,0.036463439535551305,nonelliptic_or_noisy
14,stage,12000,12768,14049,14816,75.883816,79.725386,768,2.5971385257159785,2.9782339299813714,2.61384727585961,2.933822730524082,0.23469613490844005,0.23167131909978486,0.584129253539337,0.6210401454768972,355.46986133469505,4.530138665304927,2.38816525080648,4.0,0.014444673538773175,0.029823581275457586,0.044156381514245835,0.2021778638441958,0.0,0.015174250589991198,nonelliptic_or_noisy
14,stage,12020,12788,14069,14836,75.983987,79.825558,768,2.5977756822002664,2.9597202124346547,2.613179164149223,2.935079824887758,0.2339519367598071,0.23281723085677472,0.5932977160591093,0.6072667600977298,355.5306140769766,4.469385923023443,2.3318381738654232,4.0,0.015364125004926862,0.035053446492412814,0.043523215889119074,0.12420857244196584,0.0,0.07918155561165391,nonelliptic_or_noisy
14,stage,12040,12808,14089,14856,76.084159,79.925729,768,2.600028591532965,2.958321298300015,2.6136318583687927,2.936966052754608,0.23248655008863556,0.23497725747003861,0.5948170999359971,0.5984062876125187,355.5978138580527,4.402186141947315,2.3020258322150964,4.0,0.014814811222188414,0.03087808460048848,0.043486410804541915,0.10890892992464198,0.0,0.011406671321187976,nonelliptic_or_noisy
14,stage,12060,12828,14109,14876,76.18433,80.0259,768,2.608457127071271,2.965729236835097,2.613052913829711,2.9356278239574713,0.23173343397298019,0.23831821606007653,0.5968118768343076,0.6131739289221391,354.8075778609088,5.192422139091195,2.302687408672007,4.0,0.012703537717329804,0.03324668973766429,0.05001736347495185,0.13140195738762317,0.0,0.04842334710566831,nonelliptic_or_noisy
14,stage,12080,12848,14129,14896,76.284501,80.126071,768,2.605698223473908,2.965729236835097,2.6127846922299907,2.9376759238534826,0.23002491707987902,0.24720925674564134,0.6119092262871259,0.6231987474172045,355.79194621767675,4.208053782323227,2.350404351470511,4.0,0.014452819016780718,0.023046543014571565,0.030056155061693755,0.12578863061514878,0.0,0.011993933667649953,nonelliptic_or_noisy
14,stage,12100,12868,14149,14916,76.384673,80.226243,768,2.6104003423441937,2.9725825800629098,2.6113983949400734,2.93833812458837,0.22899703507386804,0.250267092377525,0.6205266977363362,0.6344631534534307,355.88844937827764,4.111550621722382,2.3769443020124323,4.0,0.015181709888959881,0.024105234818561107,0.036033616663783255,0.14960454168199852,0.0,0.03629449497407494,nonelliptic_or_noisy
14,stage,12120,12888,14169,14936,76.484844,80.326414,768,2.6170657055694955,2.9792870603468646,2.6099879331088616,2.939094625866612,0.22699257039126639,0.255521179734198,0.6323833931573176,0.6546050975435669,355.9969910661126,4.003008933887383,2.3045911493815816,4.0,0.019220295969704402,0.02410166945366491,0.04140474866632021,0.1797894280065756,0.0,0.04164870883524594,nonelliptic_or_noisy
14,stage,12140,12908,14189,14956,76.585015,80.426585,768,2.624865771281395,2.9599247646042564,2.61144382064532,2.9422558794595295,0.22724063424358742,0.25828011992200456,0.6233283202421163,0.63251922585467,356.9243203444994,3.07567965550059,2.326309775401857,4.0,0.023741628659903667,0.022361981246736877,0.040486403376747734,0.0976440537203424,0.0,0.09186022045487757,nonelliptic_or_noisy
14,stage,12160,12928,14209,14976,76.685187,80.526757,768,2.628491696987896,2.9741827467978323,2.613926092196958,2.9407519600322702,0.22066707200289526,0.27117106539543107,0.6338495672675621,0.6769064729120048,356.9221607931,3.0778392069000033,2.306650951194508,4.0,0.03326135134314788,0.01919703600820556,0.0553265397705058,0.1652537954149108,0.0,0.06666971753157273,nonelliptic_or_noisy
14,stage,12180,12948,14229,14996,76.785358,80.626928,768,2.628491696987896,2.9725825800629098,2.614234281370598,2.940958254392518,0.22045572811521058,0.27093829805236946,0.6403797131755501,0.6761666527426771,356.9970928425913,3.0029071574086768,2.3703661767772397,4.0,0.02736907981011056,0.02050545438599354,0.04651052662992236,0.1573542729832569,0.0,0.00725844934310952,nonelliptic_or_noisy
14,stage,12200,12968,14249,15016,76.885529,80.727099,768,2.641117535951408,2.96272352240548,2.610932138864055,2.9372130402819483,0.21897821936309553,0.27601355436261515,0.6474537039477614,0.6884580100194686,356.6021136925992,3.397886307400818,2.3184395252709273,4.0,0.015855492423692604,0.021679077580650317,0.03677936483612204,0.1804810695890205,0.0,0.07315403082653073,nonelliptic_or_noisy
14,stage,12220,12988,14269,15036,76.985701,80.827271,768,2.642208792787101,2.9597202124346547,2.608716146244208,2.935320565949789,0.2176768181582338,0.27126205109669915,0.6516570215361027,0.6951327139251354,356.2122462544394,3.787753745560618,2.306876910594775,4.0,0.014075980848669447,0.04049705524538785,0.04810258207691195,0.1903643537400734,0.0,0.014679654642121476,nonelliptic_or_noisy
14,stage,12240,13008,14289,15056,77.085872,80.927442,768,2.639861739767097,2.962565032748668,2.609861897849779,2.933297347313224,0.21837430626650312,0.2724815045233437,0.6521624078123903,0.694799510058648,356.2888121816709,3.711187818329135,2.3485679193165656,4.0,0.015326990938836025,0.033780306158342786,0.05213172682254206,0.19192582154468316,0.0,0.016888630223639733,nonelliptic_or_noisy
14,stage,12260,13028,14309,15076,77.186043,81.027613,768,2.641124202543547,2.9557828904257226,2.6053863249803175,2.9357385692920817,0.21413601349169167,0.28753145696237986,0.665573035573469,0.6989721888235803,355.7567238084337,4.24327619156629,2.289587510097241,4.0,0.014064662740829853,0.03227446788918533,0.045985308597553405,0.19135148883766764,0.0,0.032216170797763406,nonelliptic_or_noisy
14,stage,12280,13048,14329,15096,77.286215,81.127785,768,2.6424421770007145,2.959178612744341,2.606292240660411,2.934284663768493,0.21346981001685655,0.28663048077486647,0.6674398656450168,0.7142116285546873,355.8334706480164,4.166529351983638,2.3174202568167908,4.0,0.015728951298248535,0.03493124569058472,0.048048507312834,0.20561322290858766,0.0,0.017063418824871203,nonelliptic_or_noisy
14,stage,12300,13068,14349,15116,77.386386,81.227956,768,2.6424343323732176,2.9377750681925647,2.6037292618743257,2.9410230969145164,0.2143657543063585,0.2847750605340531,0.6588658768676862,0.6748251180112157,355.71073335734,4.289266642659964,2.4730175049485608,4.0,0.02198019458529335,0.025807206687978628,0.050184456357753635,0.18119085574528218,0.0,0.09984592015923192,nonelliptic_or_noisy
14,stage,12320,13088,14369,15136,77.486557,81.328127,768,2.6372989602832493,2.959178612744341,2.602674670638082,2.9403818472497583,0.21639664204016631,0.27850814750222536,0.6480768458566668,0.6836531254716567,355.523062887633,4.476937112367001,2.4915280461019877,4.0,0.019347511751579494,0.02019761171880689,0.04146256127066947,0.18206132624660476,0.0,0.10171595883215977,nonelliptic_or_noisy
14,stage,12340,13108,14389,15156,77.586729,81.428299,768,2.6424343323732176,2.958321298300015,2.5992911076328635,2.9407349178500026,0.2158692184928871,0.2811989665467545,0.6547871993088772,0.701553345065218,355.06410631014427,4.935893689855751,2.4976654154482754,4.0,0.019962582286333866,0.024238172431712106,0.04092954410960349,0.2158246486861834,0.0,0.02411849951156502,nonelliptic_or_noisy
14,stage,12360,13128,14409,15176,77.6869,81.52847,768,2.6356824029089942,2.958321298300015,2.5982060357321575,2.9426390416057053,0.21789914479482744,0.27536709022736494,0.651750009694421,0.6823950407163512,354.78947747683094,5.210522523169067,2.536989923147668,4.0,0.017877692630079774,0.006377996905631654,0.023627707569972685,0.18644063129256808,0.0,0.03098648905015618,nonelliptic_or_noisy
14,stage,12380,13148,14429,15196,77.787071,81.628641,768,2.643078499152413,2.9567457536228163,2.599145495060943,2.941192786988505,0.21684534890351437,0.28067726253620756,0.6534841842975037,0.7043977852048234,354.8326471583532,5.1673528416467605,2.5197140859668825,4.0,0.018019154672152867,0.01798288384513343,0.03817634061610173,0.2149216474314763,0.0,0.034873003949001315,nonelliptic_or_noisy
14,stage,12400,13168,14449,15216,77.887243,81.728813,768,2.6461863310417932,2.945100018127318,2.5982273245105034,2.9291317861233823,0.21602431674964578,0.2792492855896257,0.6514654392732778,0.7051983583198648,355.5923927059527,4.407607294047302,2.5324441563016142,4.0,0.01431686865917955,0.026430672172684907,0.038556437704421576,0.23398990678182335,0.0,0.055795982238855055,nonelliptic_or_noisy
14,stage,12420,13188,14469,15236,77.987414,81.828984,768,2.6461307006763333,2.9547100375700524,2.596055284798143,2.9281742541781854,0.21470497698536908,0.2787797212932649,0.6531325910584193,0.7324326621830537,355.83896596056366,4.161034039436359,2.5105927010221003,4.0,0.024883382780842338,0.028207796641456527,0.046498892820578466,0.2639520511165289,0.0,0.044759933339771095,nonelliptic_or_noisy
14,stage,12440,13208,14489,15256,78.087585,81.929155,768,2.649734094369637,2.955067062762436,2.596072057889706,2.9304058301066678,0.2150926677014359,0.27638529429752456,0.6530611856080341,0.7442019493850677,355.7120007279858,4.287999272014167,2.558280211366049,4.0,0.021058761071389657,0.029999509683698765,0.0517985418658481,0.2745677929056758,0.0,0.016834779216659653,nonelliptic_or_noisy
14,stage,12460,13228,14509,15276,78.187756,82.029327,768,2.6461307006763333,2.959178612744341,2.598238982204879,2.9313042343925777,0.21413955602868684,0.2725659360809977,0.6526281143940957,0.7432683747774046,355.46491773662035,4.535082263379638,2.5234273816704533,4.0,0.01790376736669406,0.020430432163588974,0.036247162400944985,0.2587703777819905,0.0,0.025530592679186254,nonelliptic_or_noisy
14,stage,12480,13248,14529,15296,78.287928,82.129498,768,2.6435659523618327,2.957502896122312,2.5977082722554385,2.9317528936412964,0.21554249172945628,0.27360517583950433,0.6442690749657984,0.7330080912657554,355.48596117468713,4.514038825312859,2.433444603769037,4.0,0.013377550830537698,0.009996478703486009,0.025005471514423675,0.24400142390520804,0.0,0.01421367736003496,nonelliptic_or_noisy
14,stage,12500,13268,14549,15316,78.388099,82.229669,768,2.633531115536634,2.94441473729754,2.599925915686793,2.929240081801966,0.21577656008309815,0.26567968309722084,0.6430290480124258,0.6843529223790806,355.2668310125925,4.733168987407533,2.426435837179441,4.0,0.018822228294674236,0.012302413772209182,0.028736061289151415,0.17088268477378846,0.0,0.0764325715497147,nonelliptic_or_noisy
14,stage,12520,13288,14569,15336,78.48827,82.32984,768,2.627002599065654,2.942251709141535,2.600094137697357,2.9290779658892863,0.21305842991576918,0.27136920655204566,0.6504632776770211,0.6726344463955488,355.2675357127145,4.73246428728548,2.4591677208297265,4.0,0.017132177996577486,0.016916882009288932,0.030960279026328974,0.14061958028135144,0.0,0.032279949709113936,nonelliptic_or_noisy
14,stage,12540,13308,14589,15356,78.588442,82.430012,768,2.627157008677643,2.9503862423198575,2.5985839266762194,2.929129888523413,0.21306526982350055,0.2661879195149528,0.6495426504531138,0.687172177368482,355.31805435292387,4.681945647076122,2.5035422823671247,4.0,0.01878459624328998,0.021082148557465402,0.04412485968962012,0.1671438440640899,0.0,0.03818547506021892,nonelliptic_or_noisy
14,stage,12560,13328,14609,15376,78.688613,82.530183,768,2.6330967105944465,2.9547100375700524,2.5979517434762447,2.929720748897103,0.20993820254746043,0.2708499358784095,0.6578513676089246,0.718886260339484,355.316839694769,4.683160305230992,2.477586096371802,4.0,0.02069016629848551,0.0303726780605632,0.06204788799153622,0.20541028172731604,0.0,0.034994993241735495,nonelliptic_or_noisy
14,stage,12580,13348,14629,15396,78.788784,82.630354,768,2.627002599065654,2.9566954418886207,2.598037246407853,2.9296084590828495,0.21149142224742112,0.2660826881578944,0.6547619881263294,0.698839776918092,355.9465630003421,4.05343699965788,2.5281780174365407,4.0,0.016830116800885076,0.032634950320764446,0.04538785427262707,0.18751226235259624,0.0,0.030305579655047873,nonelliptic_or_noisy
14,stage,12600,13368,14649,15416,78.888956,82.730526,768,2.6216307291812884,2.957083833615453,2.597918067769218,2.9343686602524954,0.21256289947254753,0.2635402757950981,0.6429527317868402,0.6797145769479245,356.0512781254783,3.948721874521692,2.5024088922491665,4.0,0.01947013377432316,0.024624314490178295,0.035475286035808906,0.15448139313085293,0.0,0.02533787484776653,nonelliptic_or_noisy
14,stage,12620,13388,14669,15436,78.989127,82.830697,768,2.6259338254312095,2.9611933099238414,2.5967163079859956,2.9340960458727268,0.21360476192507197,0.25690732135395283,0.6372973614845832,0.6897929261437497,356.7397687191175,3.2602312808825262,2.548738233044335,4.0,0.026903642970695398,0.02434352877630306,0.04644701829595416,0.18655378674924306,0.0,0.027855944641931488,nonelliptic_or_noisy
14,stage,12640,13408,14689,15456,79.089298,82.930868,768,2.6259338254312095,2.959178612744341,2.595058982490522,2.9357229721791605,0.21150178809160897,0.26287832508551245,0.6381535111900196,0.6951989665687808,356.7370956629421,3.2629043370578796,2.626974364577686,4.0,0.01288898879726787,0.01068624238021636,0.020681601592846308,0.18332705071611605,0.0,0.009525674452585129,nonelliptic_or_noisy
14,stage,12660,13428,14709,15476,79.18947,83.03104,768,2.6350979995158834,2.964308108564026,2.5973356465870903,2.9409218929322565,0.21535337409359656,0.2658120966257751,0.6372734677994125,0.7075475828080378,356.5909854525031,3.4090145474968776,2.763263225784181,4.0,0.011271726945677943,0.021989314049024825,0.0352471932875415,0.206253818836755,0.0,0.04876675937298761,nonelliptic_or_noisy
14,stage,12680,13448,14729,15496,79.289641,83.131211,768,2.627523064739913,2.957502896122312,2.5979012086653603,2.9379964209390725,0.21655808736647833,0.25907294885716725,0.6319412386831895,0.6810183547951723,356.6736867794451,3.3263132205549018,2.7431101347366886,4.0,0.01315192308172866,0.018729694272342914,0.03033106643801993,0.16377909957318815,0.0,0.047021360285423995,nonelliptic_or_noisy
14,stage,12700,13468,14749,15516,79.389812,83.231382,768,2.625872595354359,2.9616661746326702,2.596829835101679,2.936013652226132,0.2194415664831031,0.2524437094665277,0.6188028378843156,0.6765661645083019,356.27015846740585,3.72984153259414,2.7154605740292808,4.0,0.01267876352809525,0.028013040830787688,0.04977989410026507,0.17658290846963415,0.0,0.020408609313235477,nonelliptic_or_noisy
14,stage,12720,13488,14769,15536,79.489984,83.331554,768,2.635217843586688,2.958406885672912,2.5960508034135406,2.934459963388717,0.22196120229670296,0.23971704824286344,0.6112344209508687,0.6843451241189513,356.1273528131301,3.8726471868698997,2.6953130598311574,4.0,0.01366000037985075,0.027975221262086614,0.05221801783438568,0.20682735218802997,0.0,0.04459024382576348,nonelliptic_or_noisy
14,stage,12740,13508,14789,15556,79.590155,83.431725,768,2.6422840195950457,2.94515014425759,2.595262423636536,2.936611026646944,0.21987748956811204,0.24324057233109053,0.6140889757232125,0.6860931998127157,356.3075363954356,3.692463604564407,2.650144622931239,4.0,0.0162306148794952,0.03732048923017568,0.06900595660950662,0.21735130023889998,0.0,0.06832161190500326,nonelliptic_or_noisy
14,stage,12760,13528,14809,15576,79.690326,83.531896,768,2.635217843586688,2.935064905373977,2.5951330492429645,2.9354726067592476,0.22174847962519917,0.2442374201159618,0.6109959913675237,0.6518558597770697,356.73954730722943,3.26045269277056,2.6748493456312303,4.0,0.019873575194737366,0.03176611432653866,0.05098310232107678,0.1807762908583369,0.0,0.055532902206188874,nonelliptic_or_noisy
14,stage,12780,13548,14829,15596,79.790498,83.632068,768,2.644490572698925,2.9582764373124935,2.5946816578561007,2.9355961450208268,0.2218029991834456,0.23664161040274598,0.6126834297223752,0.7045334792823248,356.65132529769465,3.3486747023053467,2.547217956121846,4.0,0.01761234975979088,0.02481796435413802,0.04630794487385285,0.24674846742708795,0.0,0.11269087446353114,nonelliptic_or_noisy
14,stage,12800,13568,14849,15616,79.890669,83.732239,768,2.6424343323732176,2.957502896122312,2.595519610305092,2.9347668995807483,0.2264221678842166,0.22778095486654854,0.60318183539177,0.6835901095824762,356.6361929314016,3.3638070685984167,2.6711261558896195,4.0,0.02445130413653793,0.024068553252676907,0.039138644731373066,0.23024972791554604,0.0,0.00970279313736003,nonelliptic_or_noisy
14,stage,12820,13588,14869,15636,79.99084,83.83241,768,2.638457048904942,2.955067062762436,2.597035554147619,2.9347727414451383,0.22892654786069763,0.22059182276463127,0.5912031912796477,0.6634982309839745,356.65980245015453,3.3401975498454757,2.6543065774241463,4.0,0.018652699040769317,0.02118367107738278,0.03678354138951306,0.2014878215983008,0.0,0.02037295923840295,nonelliptic_or_noisy
14,stage,12840,13608,14889,15656,80.091012,83.932582,768,2.642962782971237,2.9582764373124935,2.5974429170057105,2.933157210244813,0.2326199549313877,0.21081190176342895,0.575588243495907,0.6611501851311988,354.21816568532194,5.781834314678088,2.678003882306567,4.0,0.010331924641256797,0.014580125330994072,0.02666898139632078,0.2235006385142098,0.0,0.023780773861216423,nonelliptic_or_noisy
14,stage,12860,13628,14909,15676,80.191183,84.032753,768,2.6350979995158834,2.9526005781877407,2.598197241059111,2.931927496463668,0.2337821535868291,0.20513912771335627,0.5732980771884764,0.6289331205699845,354.1419265239259,5.858073476074075,2.74442917943752,4.0,0.010042252846765819,0.024669906867158843,0.04278722349580222,0.18092515253495017,0.0,0.0414872519236213,nonelliptic_or_noisy
14,stage,12880,13648,14929,15696,80.291354,84.132924,768,2.644490572698925,2.9582764373124935,2.6030471929436234,2.9287149059229085,0.23226026995261978,0.2135063481109989,0.5755304492922945,0.6597471698627698,353.980929780957,6.019070219042972,2.8566797118353366,4.0,0.012452054205560562,0.034264878842889306,0.054649012097035855,0.21917724997051702,0.0,0.04725011702744577,nonelliptic_or_noisy
14,stage,12900,13668,14949,15716,80.391525,84.233096,768,2.641001910519035,2.9508405907563855,2.6034086117647415,2.9272347043642175,0.2355628080937187,0.20427375755155924,0.5610857897456509,0.623438833447877,353.98865697044846,6.011343029551549,2.9902675310499927,4.0,0.012834568173845807,0.03180604399620394,0.05049572889859128,0.18844335763729747,0.0,0.03486781581281642,nonelliptic_or_noisy
14,stage,12920,13688,14969,15736,80.491697,84.333267,768,2.641001910519035,2.9547100375700524,2.603587833240653,2.9254593170108802,0.23784366416385683,0.19787726191136515,0.555893091194066,0.618466869662714,354.0059732779117,5.994026722088277,3.1604403819947517,4.0,0.011944769742017252,0.031155538552373064,0.051902413813117776,0.19967418385555538,0.0,0.01626886647273097,nonelliptic_or_noisy
14,stage,12940,13708,14989,15756,80.591868,84.433438,768,2.640836127720968,2.9503862423198575,2.601319485999908,2.9256400493101005,0.2394949756131618,0.19226481276031684,0.5539907540712581,0.6034545351173051,352.87495809612807,7.125041903871959,3.355648659697771,4.0,0.019151447414697924,0.0410493896981316,0.06543361951350643,0.19468266124714817,0.0,0.018067069218719232,nonelliptic_or_noisy
14,stage,12960,13728,15009,15776,80.692039,84.53361,768,2.631603604239354,2.9508038602163653,2.6031443086313817,2.928843951429779,0.23602604901404722,0.1918632700755385,0.5600376209800618,0.5916158891726249,352.55630935388155,7.443690646118442,3.6015524929732536,4.0,0.021093968458751014,0.03978405595421297,0.05983616905112903,0.15229994246036024,0.0,0.03915654149409174,nonelliptic_or_noisy
14,stage,12980,13748,15029,15796,80.792211,84.633781,768,2.6311357171299656,2.9508038602163653,2.602600051343081,2.9285406335649733,0.23753959848949113,0.18855362010760368,0.5516597758874195,0.5810216136378454,352.59413293581724,7.405867064182754,3.740656769466999,4.0,0.029524073747051557,0.03574703873528325,0.06447574843838243,0.1523663047767124,0.0,0.0019697225741032182,nonelliptic_or_noisy
14,stage,13000,13768,15049,15816,80.892382,84.733952,768,2.625872595354359,2.944999183419731,2.6006693914290286,2.9292509909889044,0.23395498375847856,0.19663632217366528,0.5644098372267535,0.5816220395260252,352.56966413722347,7.43033586277654,3.7493990759276605,4.0,0.03944092998622248,0.03960234271836228,0.07543835178546399,0.12702785457984778,0.0,0.03349139389038638,nonelliptic_or_noisy
14,stage,13020,13788,15069,15836,80.992553,84.834123,768,2.631603604239354,2.9503862423198575,2.6052829640377904,2.9218736203696793,0.2359015693148021,0.19847632774172372,0.5587231192729093,0.6064952578475352,353.1500358927292,6.849964107270794,3.925147056150433,4.0,0.040189982888190645,0.04827977059751267,0.0910441601033666,0.16449207815225386,0.0,0.0333419664225426,nonelliptic_or_noisy
14,stage,13040,13808,15089,15856,81.092725,84.934295,768,2.631603604239354,2.94515014425759,2.609875314562396,2.920895768069298,0.2356314299118631,0.1962628765998024,0.5659807839209905,0.6087383068143847,353.17627625781523,6.823723742184781,3.957802760075046,4.0,0.04318551016970005,0.04770892935410498,0.0918979900277391,0.13819752849798905,0.0,0.022221560443894083,nonelliptic_or_noisy
14,stage,13060,13828,15109,15876,81.192896,85.034466,768,2.629066293274426,2.950808478132026,2.612056905067782,2.9172539289140813,0.23343071882394845,0.19536107793861854,0.570303128670702,0.6322962492839403,353.7624664461598,6.237533553840195,3.698633346817319,4.0,0.042729771160552196,0.04375842357205873,0.08350072427813195,0.1611591821024399,0.0,0.02656541747531455,nonelliptic_or_noisy
14,stage,13080,13848,15129,15896,81.293067,85.134637,768,2.6311357171299656,2.9483495768290338,2.6120789735090537,2.9180728378766756,0.2346702900660863,0.19381833148242456,0.5699532727650564,0.6256744383453898,353.7488122459653,6.25118775403465,3.7855441647128822,4.0,0.03230074262211259,0.05389025526763321,0.08422872559312963,0.15244732117098755,0.0,0.013695091769106752,nonelliptic_or_noisy
14,stage,13100,13868,15149,15916,81.393239,85.234809,768,2.6246252679562043,2.9708946231893165,2.6139050959774726,2.917586125141539,0.2273548245293984,0.19843811184600238,0.5920679291132157,0.6702860944883385,353.7194912525726,6.2805087474274055,3.793529237604194,4.0,0.03477492964896562,0.050723784498138205,0.08511965885781478,0.23916673892648663,0.0,0.10321423252138319,nonelliptic_or_noisy
14,stage,13120,13888,15169,15936,81.49341,85.33498,768,2.612964823707415,2.9807742553309553,2.6144353574984898,2.918385150429839,0.22190991810051208,0.19695148251210814,0.6024275974344333,0.6975077990800296,353.6954921981076,6.304507801892392,3.8186668532167447,4.0,0.04107580199340701,0.06265943044364583,0.12102139605041681,0.2812241721139009,0.0,0.06887073076817307,nonelliptic_or_noisy
14,stage,13140,13908,15189,15956,81.593581,85.435151,768,2.627523064739913,2.98905419090462,2.6153656355326347,2.9183350431213744,0.22287154123295871,0.1970207809521827,0.5981737197386197,0.7008710065821632,354.45489021806674,5.545109781933248,3.784578123227144,4.0,0.05052618744678713,0.07319941247159881,0.15017445435248822,0.32196367025224,0.0,0.07514699106624168,nonelliptic_or_noisy
14,stage,13160,13928,15209,15976,81.693753,85.535323,768,2.630157071624658,2.99145368253446,2.6158799316379975,2.9196124403920556,0.22312543584439715,0.19953114436017771,0.5909907429091509,0.6824215750530981,354.4190289485217,5.580971051478277,3.778140872674296,4.0,0.06239596884361365,0.07597202194419264,0.1743546773881849,0.32827349102676073,0.0,0.015968963143301627,nonelliptic_or_noisy
14,stage,13180,13948,15229,15996,81.793924,85.635494,768,2.6311357171299656,2.9873623935408613,2.617002649309646,2.9302905926183644,0.22210251914177695,0.20447282430391225,0.585710702286333,0.6581129689868226,354.2928498948591,5.707150105140923,3.66227909932846,4.0,0.052970395528298596,0.04891981971012593,0.11730993099646496,0.2647232364343046,0.0,0.01894038874734773,nonelliptic_or_noisy
14,stage,13200,13968,15249,16016,81.894095,85.735665,768,2.621656419134543,2.986707263819377,2.616618035932675,2.9257578546695338,0.21767074648845702,0.22007862933620848,0.5872835462062324,0.6585164785999753,354.34101703918355,5.65898296081646,3.632264515925058,4.0,0.055622512730514724,0.06110953626455078,0.12842570514673138,0.2809624378342154,0.0,0.0436526713913766,nonelliptic_or_noisy
14,stage,13220,13988,15269,16036,81.994267,85.835837,768,2.6253318456634425,2.9810268396586004,2.6171052399344443,2.9289838238929082,0.21998537112660707,0.2170773472830596,0.5822575192437777,0.6450799255924912,354.3006814919513,5.699318508048678,3.67258293385726,4.0,0.04650982733483134,0.05204389744293236,0.10275076756842379,0.23951232169041906,0.0,0.030755657666477972,nonelliptic_or_noisy
14,stage,13240,14008,15289,16056,82.094438,85.936008,768,2.621656419134543,2.9873623935408613,2.6157489790901254,2.925124192120016,0.21815137000957024,0.2183647952056677,0.5858624865279539,0.6688075397564973,354.3690580349421,5.6309419650578825,3.6401222467579863,4.0,0.044737955176477204,0.04796650689710474,0.09086697555060472,0.28658050571598964,0.0,0.03357521760868947,nonelliptic_or_noisy
14,stage,13260,14028,15309,16076,82.194609,86.036179,768,2.615904950525632,2.9776887403971264,2.6162014218808824,2.9228913207967766,0.21893748814125874,0.2188037106069969,0.5804351147818383,0.6517594463174876,352.28937189650077,7.710628103499237,3.5643983122407477,4.0,0.03879890567943583,0.02860695317246294,0.06980940466098917,0.2502916337515546,0.0,0.05140410729077088,nonelliptic_or_noisy
14,stage,13280,14048,15329,16096,82.294781,86.136351,768,2.5888424868507407,2.987569020060045,2.6170873584110006,2.9315051007818824,0.20400643591576298,0.23659077571406864,0.6259366419618213,0.7088966999228928,352.23199919498484,7.768000805015138,3.541850840349199,4.0,0.03863082069248787,0.0162388613031548,0.06120288601580277,0.30772006266433166,0.0,0.14121939863072558,nonelliptic_or_noisy
14,stage,13300,14068,15349,16116,82.394952,86.236522,768,2.5614487935419374,2.9926134123411052,2.6151734249195253,2.9332394857772504,0.19268886922411935,0.25769699877672925,0.6619261807318205,0.7383755512886502,353.0406820998234,6.959317900176612,3.4653581992636426,4.0,0.03576376187905029,0.018644018299358682,0.05982900675418224,0.4155531263012249,0.0,0.14455567445051046,nonelliptic_or_noisy
14,stage,13320,14088,15369,16136,82.495123,86.336693,768,2.536995550870556,3.0052810531774807,2.614544970109908,2.9343306035613823,0.18761550103317798,0.2605024193893775,0.676614696706083,0.8007257336141396,353.1922603370773,6.807739662922682,3.420485544697275,4.0,0.06450204037718064,0.040621270125990844,0.1276720726301816,0.5602356376163822,0.0,0.1467875060810177,nonelliptic_or_noisy
14,stage,13340,14108,15389,16156,82.595294,86.436865,768,2.521063683289822,3.0052810531774807,2.612904756120861,2.936230019856815,0.18528637661012082,0.26141682085834805,0.6896030944890783,0.7956702548680891,354.0585221168634,5.941477883136578,3.3414190635000702,4.0,0.060646461459388075,0.04221027311867286,0.11610262083195991,0.6201403527935627,0.0,0.08598509978020598,nonelliptic_or_noisy
14,stage,13360,14128,15409,16176,82.695466,86.537036,768,2.5088571764753405,3.0097471220177514,2.6112484727016296,2.93428884320934,0.18206470260458,0.2634776066300131,0.6941885666022711,0.8375415660899722,353.2003146854825,6.7996853145175065,3.389321349664912,4.0,0.06886198099487255,0.044278640163063425,0.11089732729015485,0.698611469846706,0.0,0.07139147831241595,nonelliptic_or_noisy
14,stage,13380,14148,15429,16196,82.795637,86.637207,768,2.500155696827715,3.018728588767096,2.6129620361793715,2.9351504459938753,0.1776881134065254,0.27126428501015637,0.7047378243017803,0.8610928755239194,353.57343222367774,6.4265677763222495,3.3851859349436717,4.0,0.06209230472198305,0.048394031708809515,0.10601311775362704,0.7901167764923681,0.0,0.07037780050874164,nonelliptic_or_noisy
14,stage,13400,14168,15449,16216,82.895808,86.737379,768,2.4896130555637335,3.0268783638984966,2.613174466258044,2.934952092539203,0.17405179340460492,0.276298030100275,0.7160184618975906,0.9040432183295507,353.4834579129041,6.51654208709592,3.30392556731592,4.0,0.058244013617578944,0.05703685980175184,0.12130279022245327,0.884828825695429,0.0,0.07655993382140291,nonelliptic_or_noisy
14,stage,13420,14188,15469,16236,82.99598,86.83755,768,2.492150165133242,3.032635727155662,2.6144565749621154,2.9239200060146704,0.17343501722776838,0.26645067961451185,0.7253293769824314,0.8993418608392832,352.90057946039485,7.099420539605134,3.4377230348840957,4.0,0.05488195387337641,0.054739620713879694,0.10098425377046684,0.9435219420905612,0.0,0.03627637732145927,nonelliptic_or_noisy
14,stage,13440,14208,15489,16256,83.096151,86.937721,768,2.483207850385027,3.035462053144644,2.609233667702663,2.924685871688634,0.1695052869313407,0.2740778223818104,0.7375594780407692,0.9049725391088415,354.4826310470239,5.517368952976101,3.444371586271408,4.0,0.07035720632305242,0.04173314749014724,0.11226314362557077,0.9898873954235903,0.0,0.05532766675954496,nonelliptic_or_noisy
14,stage,13460,14228,15509,16276,83.196322,87.037892,768,2.481627928927077,3.041779768390153,2.6115135088423207,2.924282647284527,0.16154473894561022,0.28875459848774354,0.771218200368858,0.9607454943603213,354.42341495069724,5.576585049302787,3.499731561972909,4.0,0.0473991333926485,0.03731293342264204,0.0755333367518863,1.0841899925184708,0.0,0.040312493999119854,nonelliptic_or_noisy
14,stage,13480,14248,15529,16296,83.296494,87.138064,768,2.4845334995742747,3.0479208820937336,2.6121374662209242,2.9338475521445333,0.1619800018822305,0.29619794068330196,0.7479196297308452,0.9429256969856494,354.4492023304195,5.55079766958048,3.3958066553665995,4.0,0.0638530567270704,0.019868886384287132,0.09171984543422157,1.0566691660981211,0.0,0.04194216910451803,nonelliptic_or_noisy
14,stage,13500,14268,15549,16316,83.396665,87.238235,768,2.4892864578507847,3.049108239930397,2.613167541071436,2.934252368728821,0.16296729186178366,0.30077651920133597,0.7552778220634339,0.9356032417465546,355.5386767372866,4.461323262713401,3.3558211321548463,4.0,0.06812857322882818,0.044515747491830834,0.11929734216359841,1.0366074257285214,0.0,0.030061390965199976,nonelliptic_or_noisy
14,stage,13520,14288,15569,16336,83.496836,87.338406,768,2.4963395261064036,3.052891808724203,2.6146304782676117,2.935938435055637,0.15910345479994903,0.3073110714695437,0.7673337244852049,0.9421150527786281,355.4489675640546,4.5510324359453795,3.438501675202125,4.0,0.07233034125387082,0.045268042267297436,0.13235890306520756,1.04551813231072,0.0,0.05030577046164709,nonelliptic_or_noisy
14,stage,13540,14308,15589,16356,83.597008,87.438578,768,2.500155696827715,3.051426464869942,2.614202247502462,2.9364303495148074,0.15983870877003947,0.3042885044102408,0.7565523131563215,0.9415908798780728,355.42733509415376,4.572664905846217,3.4776624319746716,4.0,0.07749122024472295,0.05173349001931437,0.14139487851840776,1.013265281019645,0.0,0.025574747289730006,nonelliptic_or_noisy
14,stage,13560,14328,15609,16376,83.697179,87.538749,768,2.5021194147420265,3.0520025873435292,2.612670902244713,2.9344987716692454,0.16064740052361348,0.3059703080300828,0.7629379655051638,0.9426120242923182,355.2231968295309,4.776803170469144,3.4424521728465463,4.0,0.07561209379104605,0.04558376553233908,0.12182691256658437,1.004276239892941,0.0,0.012738992619960981,nonelliptic_or_noisy
14,stage,13580,14336,15629,16384,83.79735,87.578818,756,2.505934797938875,3.0515378457536104,2.611525531450389,2.9395887004170764,0.16392665671469892,0.31143300955229347,0.7511252427206496,0.9407300947849376,355.2844893986934,4.715510601306629,3.253566789319471,4.0,0.06733563661836,0.056027134773094116,0.1351506717105139,0.9387711543650268,0.0,0.023446970249659613,nonelliptic_or_noisy
14,stage,13600,14336,15649,16384,83.897522,87.578818,736,2.500155696827715,3.053145720385709,2.6107324964640926,2.9402215625173547,0.16812968302954812,0.3058198285611013,0.7348983372890716,0.9228614541307266,355.2788338148243,4.721166185175702,3.183677120487632,4.0,0.06431212126209694,0.057617991971594874,0.11986760703060526,0.9400348344747149,0.0,0.03567844537444807,nonelliptic_or_noisy
14,stage,13620,14336,15669,16384,83.997693,87.578818,716,2.499610360306374,3.054223173446732,2.609748197749258,2.9410382071141163,0.1725874822990824,0.29796082008939245,0.7191062358449468,0.8998178136285891,355.27006625360343,4.7299337463965685,3.022102048091179,4.0,0.06199979968230064,0.057679943273265394,0.11330090175402763,0.91505922497932,0.0,0.006997029434636262,nonelliptic_or_noisy
14,stage,13640,14336,15689,16384,84.097864,87.578818,696,2.4896130555637335,3.0498825983524935,2.6069764295412674,2.943540328265958,0.17949844084312333,0.28220156980902594,0.6873856175855296,0.8778892719564009,355.23460716535146,4.765392834648545,2.881804060954589,4.0,0.05503876344470043,0.03821217601490685,0.09853659252339585,0.8823231475638312,0.0,0.06071880527766707,nonelliptic_or_noisy
14,stage,13660,14336,15709,16384,84.198036,87.578818,676,2.500155696827715,3.0501039408068316,2.6050771009717395,2.9451181264780857,0.18541016634986318,0.27403682412151026,0.6683530152048898,0.8371188032766824,355.22302604775945,4.776973952240539,2.8320363911995643,4.0,0.04908241190266749,0.025771799376837972,0.08160509770288672,0.8005322874785888,0.0,0.05687371277887779,nonelliptic_or_noisy
14,stage,13680,14336,15729,16384,84.298207,87.578818,656,2.502029469348236,3.046479932710586,2.60429235032197,2.9456860598991987,0.19118600592531615,0.26957313765404683,0.6502524359887761,0.8109654500633274,355.2244685876355,4.775531412364483,2.8599214244254227,4.0,0.038961187170755876,0.03370179344959405,0.060632746504018446,0.751030726389078,0.0,0.02133922930349076,nonelliptic_or_noisy
14,stage,13700,14336,15749,16384,84.398378,87.578818,636,2.5011805064589345,3.0446321273676986,2.60304297649222,2.9464662960501484,0.19784702929596987,0.26180155897767005,0.6278995071727922,0.7753265113848363,355.23534407651374,4.764655923486233,2.7759239857597313,4.0,0.040743135306315674,0.03646601302936298,0.06546677722287861,0.715024734599278,0.0,0.010278143101571323,nonelliptic_or_noisy
14,stage,13720,14336,15769,16384,84.49855,87.578818,616,2.4845334995742747,3.042489267900395,2.601661145948661,2.947331479159392,0.20736901352965606,0.24978844909116912,0.5994555896137077,0.744611827114612,355.24746697770684,4.75253302229317,2.745842977821689,4.0,0.03494606848900123,0.03454564602728028,0.059089887971986506,0.7277374932983566,0.0,0.08093956785141114,nonelliptic_or_noisy
14,stage,13740,14336,15789,16384,84.598721,87.578818,596,2.495700770937736,3.0415727486194344,2.6007474360488962,2.947931134793585,0.20968432495099842,0.24842191053036586,0.5918314193089249,0.7245821262618172,355.2538547068129,4.7461452931871015,2.7563196540755626,4.0,0.03447268014721822,0.028699934517318094,0.0580988658424916,0.6711283723843251,0.0,0.053436605184110676,nonelliptic_or_noisy
14,stage,13760,14336,15809,16384,84.698892,87.578818,576,2.506190389850213,3.046479932710586,2.598543202870765,2.950286202327801,0.21443618835089967,0.2357975971893558,0.5880129052471683,0.7260197038811024,355.2138257213426,4.786174278657447,2.616143639832805,4.0,0.03021697872962508,0.02748822989590726,0.04464798356690886,0.6218642525638328,0.0,0.05400533300903437,nonelliptic_or_noisy
14,stage,13780,14336,15829,16384,84.799064,87.578818,556,2.506190389850213,3.0415727486194344,2.5967370907540586,2.9526248508981756,0.21515558875423435,0.2258815855489509,0.5797638474829302,0.7182668988423463,355.160216638883,4.839783361117009,2.59671289895628,4.0,0.025279724491390383,0.027388038123884337,0.042682230145132366,0.5899306796605377,0.0,0.022807606902355462,nonelliptic_or_noisy
14,stage,13800,14336,15849,16384,84.899235,87.578818,536,2.5011805064589345,3.0443178733432834,2.5955705311980433,2.953734737877576,0.21995187319490886,0.2220413131053605,0.5603409087724469,0.7173885277886382,355.1512043262177,4.848795673782339,2.536079704449151,4.0,0.02298778537053506,0.02309256427613827,0.038148457101637626,0.5947822654684561,0.0,0.0259723805229464,nonelliptic_or_noisy
14,stage,13820,14336,15869,16384,84.999406,87.578818,516,2.497654885704957,3.0415727486194344,2.590370706774385,2.951869339012751,0.21549805720282988,0.22357296109171218,0.5709574794344269,0.7156682016217707,355.32051765426155,4.679482345738458,2.5848937977047726,4.0,0.02044639185732418,0.0279113764637427,0.04973347400468484,0.5986479106322797,0.0,0.020734761102253692,nonelliptic_or_noisy
14,stage,13840,14336,15889,16384,85.099577,87.578818,496,2.5082866874392193,3.043969622567672,2.5923058226078,2.9493140033105765,0.21275095727977741,0.21896260977601537,0.5834084580309508,0.7454035996577263,353.4270428394723,6.572957160527695,2.79553928966939,4.0,0.022657085162204996,0.03221176827909853,0.057343843111262276,0.5949011936072657,0.0,0.051227189152181954,nonelliptic_or_noisy
14,stage,13860,14336,15909,16384,85.199749,87.578818,476,2.5153758112541196,3.042489267900395,2.590647907707219,2.948569905032073,0.20967840703853624,0.22980440829902657,0.6051853948137894,0.7553615667033216,353.5281217745981,6.47187822540189,2.803839260493836,4.0,0.013543317374191954,0.04130008634346701,0.07604343195320713,0.574025985362248,0.0,0.03453879172159047,nonelliptic_or_noisy
14,stage,13880,14336,15929,16384,85.29992,87.578818,456,2.538220181889894,3.039253296819913,2.5893465446883637,2.9514869881478587,0.20664827922369,0.23225608565587305,0.5988724845970524,0.751288533062938,353.4909468889698,6.509053111030211,2.776173363112674,4.0,0.010512218961118508,0.04277593601368803,0.07703752746165538,0.491520167551459,0.0,0.1116506980970537,nonelliptic_or_noisy
14,stage,13900,14336,15949,16384,85.400091,87.578818,436,2.5449804257976405,3.0340525350459124,2.590030181644407,2.951563572372803,0.20637963767390594,0.23972882286057684,0.6088141845042173,0.7535632924937484,353.45753409789245,6.542465902107545,2.8081255486991488,4.0,0.015511672069725087,0.04781504811934346,0.08703224440477665,0.4554174071295757,0.0,0.04132816599532714,nonelliptic_or_noisy
14,stage,13920,14336,15969,16384,85.500263,87.578818,416,2.54714011030254,3.0315980457528946,2.5902967238877777,2.9513648031940205,0.20368653274203488,0.2554441275765254,0.6256837246350195,0.7611697856164868,353.4517945843278,6.548205415672239,2.6747873284113886,4.0,0.01693911274784547,0.051270286190193935,0.07768305698034905,0.44727357242348426,0.0,0.016050968513248887,nonelliptic_or_noisy
14,stage,13940,14336,15989,16384,85.600434,87.578818,396,2.548851433843417,3.0321093184168095,2.589988285585974,2.9526319302919206,0.20682626168040036,0.2455475870126767,0.6096182032643451,0.7580216956546141,353.4058199852719,6.594180014728131,2.740916244159507,4.0,0.01963824729073076,0.03868686832561714,0.06403511279767693,0.4326937670243286,0.0,0.008635581059558816,nonelliptic_or_noisy
14,stage,13960,14336,16009,16384,85.700605,87.578818,376,2.562502150585684,3.029978057234901,2.5914672148294966,2.954315418571404,0.20279243052008145,0.25424166049705793,0.6203426580824025,0.7459244765899191,353.1848451118652,6.815154888134812,2.6339948956862256,4.0,0.030621645395841453,0.031594714951294005,0.06850041987527658,0.3995087124471153,0.0,0.06812921924798741,nonelliptic_or_noisy
14,stage,13980,14336,16029,16384,85.800777,87.578818,356,2.566483699476774,3.026007631352588,2.588680650928187,2.9509852778299264,0.2037295960369856,0.23742818234276522,0.6202589148261092,0.7407492254750045,353.5369479064905,6.46305209350949,2.7691841437174607,4.0,0.021991977768426676,0.04681180618743061,0.07609777911245515,0.3840246745132045,0.0,0.027599822982312283,nonelliptic_or_noisy
14,stage,14000,14336,16049,16384,85.900948,87.578818,336,2.5659426833576333,3.0238101617824737,2.5882334857810134,2.9534567518260255,0.20561783359342073,0.24199613001750175,0.6076713055438187,0.7270166030257834,353.35506984107815,6.644930158921854,2.661117364379247,4.0,0.021766044312764087,0.045287472985428026,0.0730588997320081,0.35891967336508207,0.0,0.011006286606649252,nonelliptic_or_noisy
14,stage,14020,14336,16069,16384,86.001119,87.578818,316,2.5756623281616067,3.018976279514173,2.587589074190198,2.960853005826452,0.20440412464901445,0.23285155705275867,0.5808022386502709,0.7256911550784626,353.0218309502578,6.978169049742206,2.7400181171523794,4.0,0.01397980340691659,0.029226857511902522,0.054397474884878214,0.2902794935057625,0.0,0.05310713412709433,nonelliptic_or_noisy
14,stage,14040,14336,16089,16384,86.101291,87.578818,296,2.5740670663702128,3.009689229431426,2.583759814590158,2.96298857875279,0.20467015655249537,0.2194245837522316,0.5815620626485848,0.6832983776986488,352.6997095318759,7.3002904681240945,2.7344759890400203,4.0,0.01545344682598874,0.018072540523869314,0.03861129685543911,0.23303794781346657,0.0,0.046040250551213024,nonelliptic_or_noisy
14,stage,14060,14336,16109,16384,86.201462,87.578818,276,2.5740670663702128,3.00913673650707,2.5803121877813133,2.9630627473456617,0.20245055227819264,0.2336768988936957,0.5918209044104868,0.696500957367477,352.5438108407599,7.456189159240132,2.9242287636966053,4.0,0.018817955288083416,0.024765244767457877,0.04033896335065372,0.22966255843374273,0.0,0.0027290265111113857,nonelliptic_or_noisy
14,stage,14080,14336,16129,16384,86.301633,87.578818,256,2.570115242962787,3.0052152064709183,2.580603648641241,2.96412999840212,0.20698956442978245,0.23018700207092582,0.5605456617745797,0.6725055751228037,352.2557087975562,7.744291202443753,2.9680170193015827,4.0,0.025501963816611906,0.021103060163735293,0.04550077207624156,0.20485497284149434,0.0,0.026896731894017385,nonelliptic_or_noisy
14,stage,14100,14336,16149,16384,86.401805,87.578818,236,2.5555493008692283,3.0007639937195965,2.5834881871313704,2.9614449652124644,0.20327456222591128,0.23597244643435716,0.588101511364239,0.6634213890867384,350.9449158085738,9.055084191426186,3.25672790554296,4.0,0.024511927262961166,0.03669538999276163,0.05595045282041282,0.23728745688016878,0.0,0.07492766590084664,nonelliptic_or_noisy
14,stage,14120,14336,16169,16384,86.501976,87.578818,216,2.5400707977210475,3.0052152064709183,2.582983105986025,2.9637000745189344,0.20530746906527167,0.24194277214420415,0.5820063133943854,0.655544258073136,350.9968626730626,9.003137326937422,3.1728435798709125,4.0,0.02815013251614934,0.03676656879816241,0.05797494161817181,0.2908193742064177,0.0,0.07844730389110409,nonelliptic_or_noisy
14,stage,14140,14336,16189,16384,86.602147,87.578818,196,2.541552522699452,3.004747347178002,2.584521393169159,2.966889972266306,0.2068741444537473,0.22980952384895667,0.5493651509024495,0.6451656921784574,348.1007581302491,11.899241869750869,3.284194210613377,4.0,0.01712853667662488,0.02132799858806993,0.034822673325245045,0.2768202849893494,0.0,0.007511012880475904,nonelliptic_or_noisy
14,stage,14160,14336,16209,16384,86.702319,87.578818,176,2.545627224855586,3.006949789598045,2.5815553452527666,2.963967134039739,0.20674311102924636,0.2382067778509236,0.5582752400492734,0.6700977798609979,347.3326375290169,12.667362470983079,3.4564406446654616,4.0,0.044910250484117675,0.028796746277652465,0.08369397385517321,0.27096852427354484,0.0,0.022403846461134955,nonelliptic_or_noisy
14,stage,14180,14336,16229,16384,86.80249,87.578818,156,2.545627224855586,3.006494922844067,2.5884625840855437,2.9662754923868118,0.2037420972609434,0.22808102482943937,0.5596716007083463,0.6682348828008782,341.3633908029411,18.636609197058885,3.709970081415292,4.0,0.014279516144674055,0.03058764017394318,0.05313836410217298,0.28839267229904725,0.0,0.002232561459281074,nonelliptic_or_noisy
14,stage,14200,14336,16249,16384,86.902661,87.578818,136,2.5554894477469197,3.009422114302274,2.5959470233975135,2.972067693393441,0.20229951587265585,0.22308227802412556,0.5558319331660393,0.6793721936583422,337.3828557102431,22.6171442897569,3.8853707056709124,4.0,0.0322769658166933,0.025657417152385512,0.05850584602568259,0.27219603842126144,0.0,0.05085263166872964,nonelliptic_or_noisy
14,stage,14220,14336,16269,16384,87.002833,87.578818,116,2.559326675335341,3.006949789598045,2.59286804574103,2.9765554712969733,0.21121495028603823,0.19192723332029832,0.5173231800142417,0.5936501980903174,337.7958262548309,22.204173745169083,3.1316298290242783,4.0,0.03136394738293705,0.02252883972076882,0.0528398509801433,0.21430345211292418,0.0,0.02161174657977226,nonelliptic_or_noisy
14,stage,14240,14336,16289,16384,87.103004,87.578818,96,2.559326675335341,3.0091196529400213,2.586292679207005,2.9741267306112937,0.20900227203319283,0.19213809981816243,0.5096512002967346,0.5604840520936331,337.79685568294036,22.203144317059632,2.281079978249445,4.0,0.025089498872580617,0.018417199518076834,0.0427746015679752,0.2113743005356079,0.0,0.010382008390951047,nonelliptic_or_noisy
14,stage,14260,14336,16309,16384,87.203175,87.578818,76,2.5554894477469197,3.0066868763502477,2.5911993842936556,2.968824824550545,0.2118003578516532,0.17596376039973183,0.4523031231441178,0.5168059441365939,337.2392787681616,22.76072123183835,2.445587990460854,4.0,0.04431633380859115,0.026152974047498567,0.07331874362313719,0.24572906764390137,0.0,0.02145145452618285,nonelliptic_or_noisy
14,stage,14280,14336,16329,16384,87.303346,87.578818,56,2.5554894477469197,3.01427457558609,2.5752051612199574,2.9740450174263224,0.2167463012400655,0.13277768166569004,0.4040252072975193,0.49639943633072775,330.96183317036184,29.038166829638172,2.612954525882882,4.0,0.03519991409205807,0.06629422152717648,0.13047463338479764,0.20669772656166174,0.0,0.03500728359575597,nonelliptic_or_noisy
14,stage,14300,14336,16349,16384,87.403518,87.578818,36,2.5554894477469197,3.0096544487470744,2.5768430485226963,2.9734421221691596,0.21947252124593622,0.14835814439642897,0.3932884063022563,0.5161355998882076,322.5505082991307,37.44949170086933,3.9739465352354157,0.0,,,,0.19154731774160835,0.0,0.021051049182772834,center_unidentifiable
