method,valid,bound_or_nonconvergence,radius_um,rotation_quadrature_score,peak_energy_fraction,center_x_um,center_y_um,fit_residual_p95_R,axis_ratio,major_axis_R,coverage_deg,block_cv_valid,block_cv_bound_count,block_cv_p95_R,center_max_shift_R,origin_shift_error_R,scenario,trial,true_center_error_R
legacy,True,False,0.2976251995953186,0.9999884693566377,0.984433912689782,1.2993458477615092,1.4505804580716863,0.1358239696426679,1.036396047151189,1.0302519471806524,353.6599662225526,4.0,0.0,0.1374270814356865,0.0032116239302152,0.0016871475433354,circle,0,0.0029151838594741
centered_algebraic,True,False,0.2976251995953186,0.9999884693566377,0.984433912689782,1.29882444353438,1.449935911573225,0.1313718454874832,1.0082303320305577,1.0251416418361918,353.6766493612818,4.0,0.0,0.1381265641646426,0.0035395328325031,1.055080323049683e-15,circle,0,0.0039243404687325
ellipse_constrained,True,False,0.2976251995953186,0.9999884693566377,0.984433912689782,1.2987821096559768,1.4499675909777474,0.1315391787981314,1.0082335116092327,1.0251420736312866,353.6756769017676,4.0,0.0,0.138120198549573,0.0034698073913962,7.460544511249239e-16,circle,0,0.0040610716084254
geometric_ellipse,True,False,0.2976251995953186,0.9999884693566377,0.984433912689782,1.2990527350192385,1.4497904462559603,0.1310030287041878,1.0092485742417798,1.0140189955141887,353.68118660436875,4.0,0.0,0.1314724077363161,0.0039705429212485,2.05101665326126e-10,circle,0,0.0032338894975594
legacy,True,False,0.2984811096415211,0.9999427155142396,0.983005347755951,1.3019604569741097,1.451630850935162,0.132150670387905,1.0271029186651848,1.0235264112988631,355.4527616658957,4.0,0.0,0.1328067594576548,0.0055971966319711,0.0019734231515344,circle,1,0.0085003701357669
centered_algebraic,True,False,0.2984811096415211,0.9999427155142396,0.983005347755951,1.3014975374195004,1.450877140863001,0.1310198404053446,1.0098745963722937,1.0240858107779975,355.461937805766,4.0,0.0,0.1350567653929165,0.0056485716368719,0.0,circle,1,0.0057850328111524
ellipse_constrained,True,False,0.2984811096415211,0.9999427155142396,0.983005347755951,1.3013692844878977,1.4509694967137243,0.1307307722501724,1.009906121902456,1.0240939855575562,355.45977823878474,4.0,0.0,0.1352361235057723,0.0056738197016575,7.439151013332441e-16,circle,1,0.0055925186998345
geometric_ellipse,True,False,0.2984811096415211,0.9999427155142396,0.983005347755951,1.3011301615810609,1.451441009764824,0.1267695974603487,1.0068632856777402,1.0105887349069351,355.45105083839206,4.0,0.0,0.1277638075671923,0.0061625740935186,2.2320075184951854e-10,circle,1,0.0061044376769183
legacy,True,False,0.299234657835552,0.9999968447203912,0.9840917550711248,1.2993233407931783,1.4507296465369883,0.1349835800280132,1.029103371658398,1.0173151223942405,354.0610155142613,4.0,0.0,0.1412229126636883,0.0029689642972342,0.0021845491757481,circle,2,0.0033170464625359
centered_algebraic,True,False,0.299234657835552,0.9999968447203912,0.9840917550711248,1.2989187615836706,1.4500402980516778,0.1303255266762997,1.0134346591365129,1.017533342784534,354.076400048384,4.0,0.0,0.1360039906394117,0.0029971651532571,1.0494054866777084e-15,circle,2,0.0036066303847769
ellipse_constrained,True,False,0.299234657835552,0.9999968447203912,0.9840917550711248,1.2989185686499862,1.4500925104225255,0.1302932833242303,1.013423451479732,1.0175267457962036,354.07536200587225,4.0,0.0,0.1356913096989585,0.0027998449484701,7.420417358441767e-16,circle,2,0.0036179367095203
geometric_ellipse,True,False,0.299234657835552,0.9999968447203912,0.9840917550711248,1.2987438907101356,1.4503995392765712,0.1315877124784767,1.015466948486355,1.0086402572678752,354.0699608771862,4.0,0.0,0.1328484719198128,0.0034918002818459,1.8988443769503126e-10,circle,2,0.0043937356689909
legacy,True,False,0.3018377709622779,0.9999914357724812,0.9837103684338624,1.301308203835458,1.4516303000479007,0.1433675947673015,1.026762298753325,1.0163780571874836,353.86273861078075,4.0,0.0,0.1397239139308616,0.0041098807219544,0.0018104845674159,circle,3,0.0069676040209052
centered_algebraic,True,False,0.3018377709622779,0.9999914357724812,0.9837103684338624,1.300527086377645,1.4511397423600707,0.1375517521937055,1.014327215940135,1.0196957750027362,353.8567670264885,4.0,0.0,0.1423569582772107,0.0042470258575282,7.356422101088909e-16,circle,3,0.0041857333047156
ellipse_constrained,True,False,0.3018377709622779,0.9999914357724812,0.9837103684338624,1.3007170710121845,1.4510229552822966,0.1375617005804059,1.0143839803525465,1.0197091102600098,353.85320802463866,4.0,0.0,0.1419215247430433,0.0041555875506935,7.356422101088909e-16,circle,3,0.0041641703803513
geometric_ellipse,True,False,0.3018377709622779,0.9999914357724812,0.9837103684338624,1.3008786759728523,1.4514937614689631,0.1391834430685739,1.0102584659424565,1.006400072014458,353.8622623468598,4.0,0.0,0.1389707531272964,0.0042103006138207,2.871902066106676e-10,circle,3,0.0057767684078624
legacy,True,False,0.300022937446314,0.999998314824811,0.983503231388738,1.2990654313759504,1.453098228989537,0.1230504537206293,1.0443496000184596,1.0246595761369828,354.24462769909576,4.0,0.0,0.1257306929304474,0.0039676263740781,0.0020025485578696,circle,4,0.010787050562115
centered_algebraic,True,False,0.300022937446314,0.999998314824811,0.983503231388738,1.2987022057814923,1.4524365011483673,0.1252805440306469,1.0108079992155206,1.0165166407886117,354.25189606247784,4.0,0.0,0.1254405003787829,0.0043632830304612,7.400920970076292e-16,circle,4,0.009201936800712
ellipse_constrained,True,False,0.300022937446314,0.999998314824811,0.983503231388738,1.2986138400676952,1.4523894894763254,0.1254697032071252,1.0108222131867532,1.0165196657180786,354.2538028914888,4.0,0.0,0.1253497126280853,0.0040377613592362,7.400920970076292e-16,circle,4,0.0092081481522239
geometric_ellipse,True,False,0.300022937446314,0.999998314824811,0.983503231388738,1.29858027542262,1.4521872145489148,0.1248404147784538,1.0064731545872807,1.0036768168254062,354.25432367048194,4.0,0.0,0.1271411893210058,0.004836862267498,3.8288773606885404e-10,circle,4,0.008691966507197
legacy,True,False,0.3000597398670264,0.9999049535572834,0.9842102972676952,1.302622291811607,1.451560418703811,0.1244524679545429,1.0292850224018089,1.0172128218468617,355.323055995885,4.0,0.0,0.126108079835616,0.0039110959913671,0.001622413403485,circle,5,0.0101714856756109
centered_algebraic,True,False,0.3000597398670264,0.9999049535572834,0.9842102972676952,1.3021561814617333,1.4510228247381016,0.1209368331606002,1.0080561607245486,1.0151321933870463,355.3222933663082,4.0,0.0,0.1228763694127068,0.0038802971031684,0.0,circle,5,0.007954934835123
ellipse_constrained,True,False,0.3000597398670264,0.9999049535572834,0.9842102972676952,1.3021383987183697,1.450971231116347,0.1207537535788511,1.008056605770385,1.0151309967041016,355.32255552798995,4.0,0.0,0.1231552511572154,0.0040504987468132,0.0,circle,5,0.007828749694474
geometric_ellipse,True,False,0.3000597398670264,0.9999049535572834,0.9842102972676952,1.3022312449192808,1.450743495199405,0.1217139740925924,1.0084522324387066,1.004937467275165,355.32582649822984,4.0,0.0,0.1209188164986723,0.0040047402626314,1.6826766355692058e-10,circle,5,0.0078395287566383
legacy,True,False,0.2972375283589503,0.999966907662936,0.9842822332113904,1.298546326406732,1.45261289034775,0.1466652426076236,1.0566967718161933,1.0381624388007171,354.23416103011806,4.0,0.0,0.1491876447998554,0.0047714141406912,0.0021015136973311,circle,6,0.0099668132013363
centered_algebraic,True,False,0.2972375283589503,0.999966907662936,0.9842822332113904,1.298107518608147,1.4519433042891934,0.1494443011762983,1.0162021428056591,1.028049356948366,354.2214657069192,4.0,0.0,0.1502506259903489,0.0041932208900988,0.0,circle,6,0.0090418271131125
ellipse_constrained,True,False,0.2972375283589503,0.999966907662936,0.9842822332113904,1.2979598588524532,1.451911929559467,0.1489471673571979,1.0162055822684353,1.02804434299469,354.2179794952878,4.0,0.0,0.1505977538526155,0.0043932443204948,1.4940549812195016e-15,circle,6,0.0093200205902711
geometric_ellipse,True,False,0.2972375283589503,0.999966907662936,0.9842822332113904,1.2982545104928882,1.4519196337909783,0.1460985801344748,1.0136106969631349,1.0139111319423562,354.2247087097631,4.0,0.0,0.1516210949304337,0.0047065573175099,2.5871900379884563e-10,circle,6,0.0086485242870314
legacy,True,False,0.2952917067632606,0.9999883961649766,0.982543564896184,1.299298259238162,1.4517348504246057,0.1346641818096941,1.0164046472056258,1.0290545868243106,354.8519610709342,4.0,0.0,0.1354406714963867,0.0039980151959291,0.0014727920946218,circle,7,0.0062380072428617
centered_algebraic,True,False,0.2952917067632606,0.9999883961649766,0.982543564896184,1.2986513260143475,1.4511754959498937,0.138325998352346,1.017953681226187,1.038430527768733,354.85199081152086,4.0,0.0,0.1406689513276725,0.0047663935419224,0.0,circle,7,0.0059635115007784
ellipse_constrained,True,False,0.2952917067632606,0.9999883961649766,0.982543564896184,1.298712920700643,1.4511123923729303,0.1384548908571558,1.017954574085011,1.038427472114563,354.8483029057269,4.0,0.0,0.1410809727286638,0.0040998929347707,0.0,circle,7,0.0056705769980637
geometric_ellipse,True,False,0.2952917067632606,0.9999883961649766,0.982543564896184,1.298642026066215,1.4511844427324394,0.1316541343886999,1.013616242472271,1.025812099318301,354.8525292034644,4.0,0.0,0.1332190391918115,0.0047300907801227,2.220806370299428e-10,circle,7,0.0060064759415411
legacy,True,False,0.3006891808028491,0.9999898978822138,0.9833027908380576,1.3022736758673454,1.4501630942290584,0.1349244326985615,1.0220955510861491,1.015847832038519,354.1710122154668,4.0,0.0,0.1364310197512338,0.0041192021266754,0.001428270499296,circle,8,0.007598392869037
centered_algebraic,True,False,0.3006891808028491,0.9999898978822138,0.9833027908380576,1.301634835701721,1.4497769209240703,0.1330698547466211,1.0107185280574142,1.0184377514647505,354.16914219920784,4.0,0.0,0.1360684051226324,0.0041295644849166,1.0443292003334348e-15,circle,8,0.0054999515611388
ellipse_constrained,True,False,0.3006891808028491,0.9999898978822138,0.9833027908380576,1.301745743432514,1.4497142064653237,0.1327779551025133,1.0107365207572814,1.018441081047058,354.171334182688,4.0,0.0,0.135162405274058,0.0043966047698166,7.384522593468962e-16,circle,8,0.0058966073829959
geometric_ellipse,True,False,0.3006891808028491,0.9999898978822138,0.9833027908380576,1.301795357480619,1.450174571438839,0.131843148949675,1.011667079267622,1.0090102783151118,354.1652708536405,4.0,0.0,0.1337038590551901,0.0045786976234279,1.186629309721731e-10,circle,8,0.006012749112855
legacy,True,False,0.2963663498087171,0.9997680330393036,0.9841893487252664,1.3015798868306594,1.449897719233294,0.1411403655898434,1.0550280202493376,1.0375682769634609,353.1321276179412,4.0,0.0,0.1433627096461369,0.0056393435652806,0.0019793867768845,circle,9,0.0052773138715836
centered_algebraic,True,False,0.2963663498087171,0.9997680330393036,0.9841893487252664,1.3011287750118905,1.449418419303625,0.1337905958013772,1.0208822365732717,1.029108496602947,353.1132504630964,4.0,0.0,0.136480786216934,0.0060761102883866,1.0595618967518785e-15,circle,9,0.0042326366012789
ellipse_constrained,True,False,0.2963663498087171,0.9997680330393036,0.9841893487252664,1.3010998056125838,1.4492971246983997,0.1334883418302023,1.020890658651647,1.0291073322296145,353.1101198007012,4.0,0.0,0.1363958917928138,0.0058234794900592,7.492234022801339e-16,circle,9,0.0043507420504634
geometric_ellipse,True,False,0.2963663498087171,0.9997680330393036,0.9841893487252664,1.3010050946272238,1.4495294717539706,0.1366378969326823,1.0256529052325414,1.0210260115259977,353.11319747052994,4.0,0.0,0.1346566053627947,0.0059923367365253,1.6136727698305694e-10,circle,9,0.0036992672547494
legacy,True,False,0.2984722622801935,0.999925469672474,0.9842166873419368,1.3016125284875446,1.4499329107772931,0.1310220246902829,1.045974418053802,1.027491579004023,354.6010319322268,4.0,0.0,0.1309638514869037,0.0060059668103335,0.0016574210239413,circle,10,0.0053797450238486
centered_algebraic,True,False,0.2984722622801935,0.999925469672474,0.9842166873419368,1.301085071861918,1.449341559127311,0.1286821503987768,1.0113919008621874,1.0188006813885864,354.62076563709235,4.0,0.0,0.131856084430012,0.0058809902132208,7.439371525806474e-16,circle,10,0.0042307411070679
ellipse_constrained,True,False,0.2984722622801935,0.999925469672474,0.9842166873419368,1.3010612712876817,1.4493142958305507,0.1285935056688465,1.011390572703761,1.0187994241714478,354.62166690660234,4.0,0.0,0.1322212648299801,0.0057335857069773,7.439371525806474e-16,circle,10,0.0042117388254694
geometric_ellipse,True,False,0.2984722622801935,0.999925469672474,0.9842166873419368,1.3011653198819468,1.4490906537973265,0.1306312813171083,1.0084138032993128,1.00643974454159,354.62477899389467,4.0,0.0,0.1336456857644721,0.005747018138597,2.305625272174837e-10,circle,10,0.0049271142597507
legacy,True,False,0.3019901415654425,0.9999837949094468,0.9831256900314408,1.3013878288583285,1.4499796468162685,0.1239940980611067,1.036134438555108,1.0188143640046,354.06578741700906,4.0,0.0,0.1276870532893713,0.0058300140573967,0.0017007910360247,circle,11,0.004626593649876
centered_algebraic,True,False,0.3019901415654425,0.9999837949094468,0.9831256900314408,1.3008862233826923,1.4495499843814823,0.1332400665159761,1.013915503125291,1.0163829635286978,354.0451519193883,4.0,0.0,0.1341400103595511,0.0054919854226153,1.039830274289619e-15,circle,11,0.0033131152526154
ellipse_constrained,True,False,0.3019901415654425,0.9999837949094468,0.9831256900314408,1.300846033302337,1.449383801922154,0.1330835451954975,1.013879021925549,1.016355037689209,354.0403556626007,4.0,0.0,0.1340693195576737,0.0056497966846438,7.352710382332573e-16,circle,11,0.0034888272779839
geometric_ellipse,True,False,0.3019901415654425,0.9999837949094468,0.9831256900314408,1.3008008988354065,1.4494673257365946,0.1267150377618461,1.0187943770210222,1.008712947745328,354.0414048836918,4.0,0.0,0.1297041461530919,0.0059755284568543,2.554603918993837e-10,circle,11,0.0032062106665544
legacy,True,False,0.2990021325653318,0.999938394765148,0.9819392647731088,1.302974371190876,1.4506421368119855,0.1337477539240242,1.6910897966122242,1.015212949879612,353.3106419912368,4.0,0.0,0.1321087595906479,0.0038161780542518,0.0019779966280791,ellipse,0,0.0101429908291496
centered_algebraic,True,False,0.2990021325653318,0.999938394765148,0.9819392647731088,1.3027473220642456,1.450119037724963,0.1395602996170469,1.630646802656328,1.012076233736099,353.2893553381488,4.0,0.0,0.1410886241291308,0.0038934443483386,7.42618800140212e-16,ellipse,0,0.0091663324209697
ellipse_constrained,True,False,0.2990021325653318,0.999938394765148,0.9819392647731088,1.3025697173673136,1.450014194897515,0.1391050455896163,1.6306018359795529,1.0120515823364258,353.2864155590504,4.0,0.0,0.1411415639877419,0.0039716984783243,0.0,ellipse,0,0.0085658552423681
geometric_ellipse,True,False,0.2990021325653318,0.999938394765148,0.9819392647731088,1.3028795306465877,1.4498324792501154,0.1309166597321913,1.6992905558769298,1.0125405195685708,353.2750494755775,4.0,0.0,0.1295255504112728,0.0043861203504721,4.6383795813359246e-10,ellipse,0,0.0096146646941472
legacy,True,False,0.2963977569339098,0.999390598612976,0.9794584995159132,1.2972838361637764,1.45358148835892,0.1430404177806193,1.684186287471805,1.0279279085123398,352.28225840584673,4.0,0.0,0.1414234127366254,0.0053974445433504,0.0023338239522524,ellipse,1,0.0149831775484258
centered_algebraic,True,False,0.2963977569339098,0.999390598612976,0.9794584995159132,1.2970246041606297,1.452962027888359,0.1459551814785435,1.620970962247788,1.0245975357684023,352.306657989794,4.0,0.0,0.1443323023813952,0.0048040487195674,7.491440124985237e-16,ellipse,1,0.0139946774058168
ellipse_constrained,True,False,0.2963977569339098,0.999390598612976,0.9794584995159132,1.2969257930371982,1.4529368967929408,0.1458287673010274,1.6209374717402765,1.024582862854004,352.30898402488305,4.0,0.0,0.1443844957244095,0.0046699334781552,7.491440124985237e-16,ellipse,1,0.0141720033957899
geometric_ellipse,True,False,0.2963977569339098,0.999390598612976,0.9794584995159132,1.2977441043919469,1.4524323570510405,0.1419488699749163,1.6726571979331208,1.0190675808241405,352.31329837166663,4.0,0.0,0.1438320217225146,0.0041948946410231,5.173846539328091e-10,ellipse,1,0.0110581422079344
legacy,True,False,0.3028393425802848,0.9999457382796008,0.9781665060465082,1.3001523318670272,1.4500817850881067,0.1262680185703496,1.699148862959302,1.009644094584339,351.5205391211208,4.0,0.0,0.1288442817178025,0.0055463477078028,0.0017302733978233,ellipse,2,0.0005763274372996
centered_algebraic,True,False,0.3028393425802848,0.9999457382796008,0.9781665060465082,1.299943802050783,1.449660681336862,0.1191161579948589,1.6480668117225723,1.007731202077166,351.51042562777315,4.0,0.0,0.1224649038330005,0.0053011086374263,0.0,ellipse,2,0.0011464697730663
ellipse_constrained,True,False,0.3028393425802848,0.9999457382796008,0.9781665060465082,1.2998187719068912,1.449645509617739,0.1188681538471479,1.6480609080211208,1.0077252388000488,351.5017702993328,4.0,0.0,0.1223109742176275,0.0054846002741898,2.199627727029877e-15,ellipse,2,0.0013270981410891
geometric_ellipse,True,False,0.3028393425802848,0.9999457382796008,0.9781665060465082,1.2999357014240576,1.4495938408217353,0.118307632099116,1.7077475648325722,1.0078599389753269,351.5105970651878,4.0,0.0,0.1212327178377137,0.0054337218791793,5.802239804204973e-10,ellipse,2,0.0013707239974913
legacy,True,False,0.3030584055582713,0.9999177640412588,0.9812849371101032,1.298403869873174,1.4527128668572828,0.1250267414119842,1.6814739201764024,1.007494901730441,353.705070697907,4.0,0.0,0.1254316472272522,0.0051575733752617,0.0033191894260839,ellipse,3,0.01049194292308
centered_algebraic,True,False,0.3030584055582713,0.9999177640412588,0.9812849371101032,1.2985255908703563,1.4519099331848415,0.1303386382119046,1.620251935674375,1.0030489193212524,353.6795282458356,4.0,0.0,0.1314584699218438,0.0047043448017629,7.326792487936361e-16,ellipse,3,0.0080427517762797
ellipse_constrained,True,False,0.3030584055582713,0.9999177640412588,0.9812849371101032,1.2984249650116342,1.45216070659633,0.1306389839936886,1.620582403258907,1.003114938735962,353.6911077087586,4.0,0.0,0.1313922262882851,0.004772952407417,7.326792487936361e-16,ellipse,3,0.008912779969111
geometric_ellipse,True,False,0.3030584055582713,0.9999177640412588,0.9812849371101032,1.2989562631141178,1.4519141909723667,0.123444833230919,1.6840524332579363,1.0033739063085232,353.65489896014526,4.0,0.0,0.1241220813394347,0.0055033016932338,5.717867458746894e-10,ellipse,3,0.0072675181195673
legacy,True,False,0.2986230833270042,0.9996647103123428,0.9811355922795948,1.2990962249334153,1.4522245013528885,0.1358145547857649,1.6721449813984155,1.015219994137984,351.0767601316352,4.0,0.0,0.1395927683341129,0.0091443967580331,0.0025632586214259,ellipse,4,0.0080036211526639
centered_algebraic,True,False,0.2986230833270042,0.9996647103123428,0.9811355922795948,1.298477692877719,1.451626219310185,0.1419007987325655,1.6084801776819062,1.0135079083549448,351.14942400281456,4.0,0.0,0.1463116283119808,0.0096542245666541,7.435614234880952e-16,ellipse,4,0.007425188526874
ellipse_constrained,True,False,0.2986230833270042,0.9996647103123428,0.9811355922795948,1.29865008058574,1.4517018226815706,0.1419599944600198,1.6084226207030157,1.0134824514389038,351.12801220668223,4.0,0.0,0.1462510668168854,0.0096904556327397,7.435614234880952e-16,ellipse,4,0.0072406897035698
geometric_ellipse,True,False,0.2986230833270042,0.9996647103123428,0.9811355922795948,1.2993170796416087,1.4510492796721706,0.1420685590318334,1.6682149774932715,1.0077161745399528,351.0326694062066,4.0,0.0,0.1451600605457245,0.011018910787524,4.906512264606027e-10,ellipse,4,0.0041731523474278
legacy,True,False,0.3015434351139208,0.9999632429467772,0.980283732239402,1.2984777214344665,1.448543786936345,0.1312043222846939,1.6597749975530185,1.0057806722448317,354.1364466414953,4.0,0.0,0.1335300650204107,0.0083323116874959,0.0021905452355745,ellipse,5,0.0070220988614857
centered_algebraic,True,False,0.3015434351139208,0.9999632429467772,0.980283732239402,1.2980368305658168,1.447957251776117,0.1305152773699707,1.597906698643888,1.0021210695523382,354.10526266355544,4.0,0.0,0.1290531372867225,0.0080786823943994,0.0,ellipse,5,0.0094439013439529
ellipse_constrained,True,False,0.3015434351139208,0.9999632429467772,0.980283732239402,1.2980094195703489,1.448061078197529,0.1306700288600788,1.597908132716196,1.0021156072616575,354.1057300094079,4.0,0.0,0.128975551970684,0.0085328506279553,7.363602687657403e-16,ellipse,5,0.0092627259024835
geometric_ellipse,True,False,0.3015434351139208,0.9999632429467772,0.980283732239402,1.29877601279311,1.448478308589119,0.1241906282516477,1.6477884006215842,0.9961320255868328,354.1495624082781,4.0,0.0,0.1254208460258228,0.0075986263527059,4.701223632703267e-10,ellipse,5,0.0065095565923229
legacy,True,False,0.3010399420224948,0.999374004006066,0.9812120086193864,1.3010970614352475,1.448445290459098,0.1361910285999172,1.6596156234707324,1.0060001436471229,352.41327996054304,4.0,0.0,0.1407747519171179,0.008680141562398,0.0019672350162746,ellipse,6,0.0063426821782443
centered_algebraic,True,False,0.3010399420224948,0.999374004006066,0.9812120086193864,1.3004478749089718,1.4480673796413237,0.1295628772996373,1.5946663084655623,1.0032566835588057,352.4341840481973,4.0,0.0,0.1339302163291913,0.0083880907223134,7.375918405818697e-16,ellipse,6,0.0066127934800298
ellipse_constrained,True,False,0.3010399420224948,0.999374004006066,0.9812120086193864,1.3004161653843664,1.4479225693152271,0.1291333453178265,1.5947856220982992,1.0032833814620972,352.43111281408954,4.0,0.0,0.1337608673492939,0.0084365489616211,7.375918405818697e-16,ellipse,6,0.0070623507867656
geometric_ellipse,True,False,0.3010399420224948,0.999374004006066,0.9812120086193864,1.3007113268717916,1.4472904968751752,0.1319519040525663,1.668428375184498,1.001862061912207,352.3952260065475,4.0,0.0,0.1364471120876081,0.0063216226551856,4.065083061284555e-10,ellipse,6,0.0093377329523033
legacy,True,False,0.2952880207877669,0.9996102507593706,0.98195741134382,1.301495483687939,1.4505075153195042,0.1329361960319652,1.6619982578588623,1.0202852881514894,351.34809673150613,4.0,0.0,0.1337361260660131,0.0052035989899488,0.0021178230159651,ellipse,7,0.0052641800674445
centered_algebraic,True,False,0.2952880207877669,0.9996102507593706,0.98195741134382,1.3013644186137343,1.4498860821758153,0.1364272997891313,1.5933648696383629,1.01515136419884,351.3717355526288,4.0,0.0,0.1402551296766699,0.0058976599058008,7.519594067265668e-16,ellipse,7,0.0045638865310806
ellipse_constrained,True,False,0.2952880207877669,0.9996102507593706,0.98195741134382,1.3010692239728685,1.4499043472077118,0.1356414643897429,1.5932676609671346,1.01510488986969,351.35624141469566,4.0,0.0,0.1397666524919791,0.0051635341129931,7.519594067265668e-16,ellipse,7,0.0035783133221442
geometric_ellipse,True,False,0.2952880207877669,0.9996102507593706,0.98195741134382,1.301153251674027,1.4496820686013534,0.1299717106127821,1.645940182322002,1.009451851114154,351.3711763973797,4.0,0.0,0.1338279089939485,0.0047536306544704,4.1383500766997097e-10,ellipse,7,0.0039875776521749
legacy,True,False,0.2930452117699004,0.999750096732683,0.9817488550598314,1.2995946582223783,1.4496318322802548,0.1448992448303128,1.6580829928600738,1.0287962242661652,353.3517357194189,4.0,0.0,0.1444220898041548,0.0049649932997051,0.0020666643769273,ellipse,8,0.0018252836204202
centered_algebraic,True,False,0.2930452117699004,0.999750096732683,0.9817488550598314,1.299144559915805,1.449155162167254,0.131950409741737,1.598949489905322,1.0264903685222804,353.38210345567387,4.0,0.0,0.1358967038887866,0.0041071891213996,7.57714495943995e-16,ellipse,8,0.0040076713954988
ellipse_constrained,True,False,0.2930452117699004,0.999750096732683,0.9817488550598314,1.2991667146003762,1.4490045299566028,0.1322033390848101,1.5989953882564414,1.026493787765503,353.3797631275258,4.0,0.0,0.136429852371077,0.0046111322935764,1.6943011204677613e-15,ellipse,8,0.0043273358040964
geometric_ellipse,True,False,0.2930452117699004,0.999750096732683,0.9817488550598314,1.299560103423945,1.449259750087092,0.1333811624412458,1.6497970164220537,1.020916761882097,353.35232146660303,4.0,0.0,0.1368146286524592,0.0044468244087182,4.3875594046581203e-10,ellipse,8,0.0028703056964276
legacy,True,False,0.3001419775696198,0.99971972420149,0.978486521150356,1.301394944970596,1.4512060358631,0.1380484988390479,1.672067972674475,1.0146758933382891,354.0115248279832,4.0,0.0,0.1391083837451206,0.0049059160650571,0.0019369832682738,ellipse,9,0.0061467190652813
centered_algebraic,True,False,0.3001419775696198,0.99971972420149,0.978486521150356,1.3008697799774689,1.4508971823709398,0.1430213768569479,1.6019478455932905,1.0096690915151243,354.03869605724606,4.0,0.0,0.144383446341677,0.0046796300527376,0.0,ellipse,9,0.0041652709874907
ellipse_constrained,True,False,0.3001419775696198,0.99971972420149,0.978486521150356,1.300921157464485,1.4506270093937443,0.1437508260482048,1.6021156875346094,1.0096908807754517,354.04043015417614,4.0,0.0,0.1450604773104357,0.0049545068636015,1.0462331669815049e-15,ellipse,9,0.0037143443480348
geometric_ellipse,True,False,0.3001419775696198,0.99971972420149,0.978486521150356,1.3015268991669318,1.4498072061460268,0.1331226340567988,1.6654082570694888,1.0066924533576536,354.02667193796947,4.0,0.0,0.1342406667886446,0.0038331258195768,4.1095257608949526e-10,ellipse,9,0.0051300753038729
legacy,True,False,0.3024066998587115,0.9999435154510844,0.980636261888714,1.3056658193258723,1.4508534538264228,0.1269682649974874,1.7327712054728317,1.0187481926799822,353.1601107750969,4.0,0.0,0.1302740388276914,0.0061935119359076,0.001407097675477,ellipse,10,0.0190991250722422
centered_algebraic,True,False,0.3024066998587115,0.9999435154510844,0.980636261888714,1.3049644942684009,1.4502574219721012,0.1343958796353903,1.6666663267210853,1.0146074072947993,353.2600369482435,4.0,0.0,0.1374633447216168,0.0067683556019015,1.4685164384834965e-15,ellipse,10,0.0165705459618717
ellipse_constrained,True,False,0.3024066998587115,0.9999435154510844,0.980636261888714,1.3051329010443888,1.4503988232600618,0.1346524468719636,1.6666499237413603,1.0145869255065918,353.2361922726598,4.0,0.0,0.137951446637172,0.0060953186395829,1.4685164384834965e-15,ellipse,10,0.0171612396354413
geometric_ellipse,True,False,0.3024066998587115,0.9999435154510844,0.980636261888714,1.305266516013016,1.4502135460820953,0.1260699331055343,1.718036108337086,1.0092810357289383,353.2230842418074,4.0,0.0,0.1278000708069211,0.0059150208095045,4.3106281993532126e-10,ellipse,10,0.0175694788528709
legacy,True,False,0.2981935565048232,0.9999281851320784,0.9812054903365616,1.3039160818292357,1.452916269682837,0.1416320182092899,1.6864114957848162,1.0203766347105148,353.7420717488696,4.0,0.0,0.1393201640333383,0.0059263757382925,0.001070939592665,ellipse,11,0.0162755186830829
centered_algebraic,True,False,0.2981935565048232,0.9999281851320784,0.9812054903365616,1.3035204291593905,1.452356635063002,0.1377325972297266,1.6195745502397323,1.016882764783257,353.7199182636417,4.0,0.0,0.1370641559328609,0.0062168161373989,7.446324713640811e-16,ellipse,11,0.0141213590337691
ellipse_constrained,True,False,0.2981935565048232,0.9999281851320784,0.9812054903365616,1.3032921224477891,1.4523363559770937,0.1382921116348837,1.6195066845262451,1.0168511867523191,353.7043863627906,4.0,0.0,0.1369557599975959,0.0063932965681652,0.0,ellipse,11,0.013456361346936
geometric_ellipse,True,False,0.2981935565048232,0.9999281851320784,0.9812054903365616,1.3025394114190398,1.4520341437947784,0.1384311581215096,1.679297243535917,1.012605543893906,353.65556050051094,4.0,0.0,0.1370061213230887,0.0078086848633924,3.882983782437058e-10,ellipse,11,0.0108455578889265
legacy,True,False,0.344267425405687,0.9942328924327388,0.8956132425800515,1.3024428836516138,1.457136041388366,0.4877595027812997,1.6139212385777264,1.2359775608912156,354.84147353975754,4.0,0.0,0.4984506581105616,0.0260868271737246,0.0186783448579314,thick_circle,0,0.0251419894978269
centered_algebraic,True,False,0.344267425405687,0.9942328924327388,0.8956132425800515,1.2965009257913265,1.4551830874277836,0.5543570512204966,1.0293612935831988,1.0438191288890282,354.4225357379373,4.0,0.0,0.5718619400248617,0.0081538113711711,0.0,thick_circle,0,0.0208454406424081
ellipse_constrained,True,False,0.344267425405687,0.9942328924327388,0.8956132425800515,1.2967513563657915,1.451259341934374,0.5469211300681873,1.0300403936578937,1.0438517332077026,354.3318781191263,4.0,0.0,0.471039763123289,0.011142493041184,0.0,thick_circle,0,0.0116139894426967
geometric_ellipse,True,False,0.344267425405687,0.9942328924327388,0.8956132425800515,1.3035957073415374,1.451138640979085,0.4416497295064208,1.0757611791034365,0.9261614617799656,354.7660309722776,4.0,0.0,0.4677928665491738,0.0179073951250138,4.096935085285824e-09,thick_circle,0,0.0125722863496737
legacy,True,False,0.3516773121428282,0.9998976823068956,0.8931296646386839,1.3135113471697002,1.4419456488726323,0.4592899336410342,1.4878651090026809,1.152051697848505,354.74669250315367,4.0,0.0,0.4718094021577043,0.0352280209320764,0.0324697791090116,thick_circle,1,0.0524329279940985
centered_algebraic,True,False,0.3516773121428282,0.9998976823068956,0.8931296646386839,1.3020324932555636,1.4368889787912629,0.474805272102679,1.0123182089377425,1.0156196863468483,354.6154383579657,4.0,0.0,0.4815816460080826,0.0437570445739525,1.2627746929256066e-15,thick_circle,1,0.0442254207906449
ellipse_constrained,True,False,0.3516773121428282,0.9998976823068956,0.8931296646386839,1.3044059108925603,1.4350445310714917,0.4789805680034674,1.0113431012778171,1.0146822929382324,354.90605598191325,4.0,0.0,0.4162774483653081,0.0374214133293595,1.2627746929256066e-15,thick_circle,1,0.0519698739297596
geometric_ellipse,True,False,0.3516773121428282,0.9998976823068956,0.8931296646386839,1.304034028315152,1.4383371687752924,0.4048748831247353,1.0569506863196358,0.9037703426553682,354.666727232913,4.0,0.0,0.4178006543521973,0.0390401682642608,3.6555488490977282e-09,thick_circle,1,0.0411359557002363
legacy,True,False,0.3551988023439033,0.9976337660346408,0.8990715550874924,1.317309841417121,1.4409653875874648,0.5123567196990005,1.5393527370149112,1.1814776835046985,354.30504329019993,4.0,0.0,0.5115026708504561,0.0152424520896406,0.0128280211639245,thick_circle,2,0.0650858263569135
centered_algebraic,True,False,0.3551988023439033,0.9976337660346408,0.8990715550874924,1.3052706272909975,1.4404384985419472,0.5207797741788982,1.029596975765282,1.0214190168800337,353.99839056662705,4.0,0.0,0.5217752864520911,0.0139947894149023,6.251276847213235e-16,thick_circle,2,0.0363931956663689
ellipse_constrained,True,False,0.3551988023439033,0.9976337660346408,0.8990715550874924,1.307238835699134,1.441255002659838,0.5197691618118698,1.0287128375074752,1.0208126306533811,354.0130036420978,4.0,0.0,0.4552150849995179,0.0154624014745426,8.84064049947788e-16,thick_circle,2,0.0378411476156863
geometric_ellipse,True,False,0.3551988023439033,0.9976337660346408,0.8990715550874924,1.3070144694774557,1.437598411628001,0.4328112175685909,1.0393010494857484,0.9067832156715968,354.0635095849033,4.0,0.0,0.4414761615602631,0.0205346340066417,3.84099220043736e-09,thick_circle,2,0.0474929440605722
legacy,True,False,0.3388697247968646,0.9994928098311996,0.8679186875995398,1.2995461817307334,1.4546013507306326,0.5032702037387199,1.4437658705402323,1.1520557544282937,349.8582484165346,4.0,0.0,0.5183556537962016,0.0250487398529118,0.0152529333642068,thick_circle,3,0.0154122532665889
centered_algebraic,True,False,0.3388697247968646,0.9994928098311996,0.8679186875995398,1.2956665437228987,1.444259044133947,0.5583106257184063,1.0707168780175738,1.0693944789584349,350.25093748607406,4.0,0.0,0.5627096379068892,0.0338824856904763,6.552506425828861e-16,thick_circle,3,0.0239762423062493
ellipse_constrained,True,False,0.3388697247968646,0.9994928098311996,0.8679186875995398,1.293489563895935,1.4480315976176996,0.5537176635653397,1.071880669277714,1.0694963932037354,350.19708530479454,4.0,0.0,0.4677149337683529,0.0279685789040126,1.3105012851657725e-15,thick_circle,3,0.0226716627346317
geometric_ellipse,True,False,0.3388697247968646,0.9994928098311996,0.8679186875995398,1.2961889734127618,1.4463556679185117,0.4610874720974965,1.0496751385802146,0.9224543224527824,350.17794153865844,4.0,0.0,0.4667195612476166,0.0312573540699454,4.480670340535455e-09,thick_circle,3,0.0175768408136012
legacy,True,False,0.3539983370330143,0.9999743537472678,0.8908099889012978,1.303397543393267,1.455949141280661,0.5091324357884519,1.526428847510978,1.184187281588141,352.5258697493982,4.0,0.0,0.5139358084181621,0.0263311654014648,0.0431566408548781,thick_circle,4,0.0228365163441747
centered_algebraic,True,False,0.3539983370330143,0.9999743537472678,0.8908099889012978,1.2975441344703853,1.4431475146767003,0.5020917638275978,1.047778836004377,1.0510894866682758,353.4233140592742,4.0,0.0,0.500310235588218,0.0164534006686745,0.0,thick_circle,4,0.0242642468128604
ellipse_constrained,True,False,0.3539983370330143,0.9999743537472678,0.8908099889012978,1.2981586131092653,1.4417924694818665,0.5042599810666558,1.0485119435057466,1.0513701438903809,353.59865089829344,4.0,0.0,0.4627453301103206,0.0189426817274704,8.870620533662827e-16,thick_circle,4,0.0280385177305677
geometric_ellipse,True,False,0.3539983370330143,0.9999743537472678,0.8908099889012978,1.2906405869177868,1.448506515172856,0.4559501350704028,1.047533566845382,0.9138716469755978,352.4220083625916,4.0,0.0,0.456649398256841,0.0159585719383133,3.256553516106329e-09,thick_circle,4,0.0315927400542897
legacy,True,False,0.3488410598882122,0.9945660500831714,0.8934575043488466,1.2961178403098077,1.4509925888640265,0.4870756975782574,1.6190494155322752,1.2395385245962716,354.06150754821886,4.0,0.0,0.4783053739226742,0.0429923098851042,0.0124702863454865,thick_circle,5,0.0133568112100754
centered_algebraic,True,False,0.3488410598882122,0.9945660500831714,0.8934575043488466,1.29134292329299,1.4471533576643576,0.507186319701745,1.1253531720657466,1.094204061375998,354.1184116233821,4.0,0.0,0.5155122634089678,0.0285288328838617,6.365208413143413e-16,thick_circle,5,0.0303769557574535
ellipse_constrained,True,False,0.3488410598882122,0.9945660500831714,0.8934575043488466,1.2899431358210456,1.446921930367675,0.5093966054461595,1.1254237924054489,1.0941928625106812,354.1633383211797,4.0,0.0,0.4315088444401716,0.0334809120587074,0.0,thick_circle,5,0.03505789335361
geometric_ellipse,True,False,0.3488410598882122,0.9945660500831714,0.8934575043488466,1.2902238861766464,1.4484207472136352,0.4326708965330588,1.1585179957128482,0.978603142536789,354.1953878355024,4.0,0.0,0.4307677459714304,0.0344446883735408,4.044074541374958e-09,thick_circle,5,0.0330095004591114
legacy,True,False,0.3501638499772557,0.9993333069988068,0.881012309483366,1.3084961203529653,1.4576310985901555,0.4874221169220698,1.5820145020217995,1.2138406897905878,354.39187421698745,4.0,0.0,0.5115464548485803,0.0464213733820237,0.0124524554498728,thick_circle,6,0.0380668602950042
centered_algebraic,True,False,0.3501638499772557,0.9993333069988068,0.881012309483366,1.2987293139596312,1.4558985424038071,0.5166807334697479,1.0740604441015318,1.0689213997615423,354.0678942650948,4.0,0.0,0.5266585395873712,0.02179915441154,6.341162999534472e-16,thick_circle,6,0.0201128608669233
ellipse_constrained,True,False,0.3501638499772557,0.9993333069988068,0.881012309483366,1.3017331205487015,1.4543145334590493,0.5216461365257762,1.075186784265859,1.0692356824874878,354.34679465373875,4.0,0.0,0.4702431480643061,0.0326266717038889,0.0,thick_circle,6,0.0154987117047363
geometric_ellipse,True,False,0.3501638499772557,0.9993333069988068,0.881012309483366,1.2928572301456378,1.4467684118042738,0.4437675545168004,1.062463125655529,0.9116024822941352,353.7030565073947,4.0,0.0,0.4474410089709537,0.0389915468552053,3.582514206907162e-09,thick_circle,6,0.0261326367805007
legacy,True,False,0.3393350744731354,0.999997647743124,0.896402938714691,1.3007492239525087,1.4554168799279628,0.4735603331879025,1.484710123278814,1.1932494619766456,353.4370394207461,4.0,0.0,0.4758693573236696,0.0369566645672198,0.0088649688698962,thick_circle,7,0.018228160352408
centered_algebraic,True,False,0.3393350744731354,0.999997647743124,0.896402938714691,1.293656527199018,1.4477282595917536,0.4599256184293029,1.0323651807915148,1.0579638751359304,353.3180204393343,4.0,0.0,0.4613438464949903,0.0126887556531688,6.543520597444465e-16,thick_circle,7,0.022459952423829
ellipse_constrained,True,False,0.3393350744731354,0.999997647743124,0.896402938714691,1.294205567125373,1.4482433624543418,0.460545384677018,1.0324999188546158,1.0579874515533447,353.3278722667619,4.0,0.0,0.4278261192835572,0.0146922584885283,6.543520597444465e-16,thick_circle,7,0.0201828386411644
geometric_ellipse,True,False,0.3393350744731354,0.999997647743124,0.896402938714691,1.2955302894287053,1.4493511338184863,0.4170489917191335,1.0430517136546829,0.9391871452490724,353.3539898147725,4.0,0.0,0.4118397743418701,0.0163946351635034,2.7295425989633943e-09,thick_circle,7,0.0150552094758872
legacy,True,False,0.3528209837448977,0.999247790467467,0.912605062189518,1.3042122801729932,1.452808677392592,0.4532084098306708,1.5267581832048698,1.1725635348937802,353.8508785936609,4.0,0.0,0.4561106315210894,0.0136481129424282,0.0169487674509511,thick_circle,8,0.0168760095834452
centered_algebraic,True,False,0.3528209837448977,0.999247790467467,0.912605062189518,1.2931877008925448,1.448735570846343,0.4913843396034696,1.063884530312954,1.0338751046645591,353.768547228368,4.0,0.0,0.4901818540966335,0.0274144676005742,6.293407001143038e-16,thick_circle,8,0.0230955022591109
ellipse_constrained,True,False,0.3528209837448977,0.999247790467467,0.912605062189518,1.2928270878069046,1.4501786701502792,0.4874428118521848,1.0632368419180744,1.0334863662719729,353.7599837918014,4.0,0.0,0.4277094601909999,0.0172162745535163,8.900221534550274e-16,thick_circle,8,0.0239171236547416
geometric_ellipse,True,False,0.3528209837448977,0.999247790467467,0.912605062189518,1.2918700404128602,1.4529984667172808,0.4260438693450179,1.0763714246071874,0.9312280480677008,353.7377259190292,4.0,0.0,0.4212771804321177,0.0232009472481368,3.500699727244493e-09,thick_circle,8,0.0288842605242923
legacy,True,False,0.3476546546113563,0.999628278680444,0.9014445801301486,1.2975166468746573,1.4641614305214563,0.456332872979364,1.4544883714264232,1.1456903501392208,354.94627284311804,4.0,0.0,0.4636011918164529,0.0197078228403489,0.020148513500111,thick_circle,9,0.0479250754545496
centered_algebraic,True,False,0.3476546546113563,0.999628278680444,0.9014445801301486,1.2912679075993507,1.4537825267626368,0.5014826633339651,1.0199562951289192,1.0342508933299972,354.2431538941098,4.0,0.0,0.4972176900503665,0.0118554175139922,0.0,thick_circle,9,0.0317204712035095
ellipse_constrained,True,False,0.3476546546113563,0.999628278680444,0.9014445801301486,1.2916970853003176,1.4548002150816006,0.500337217760487,1.0198935196930727,1.0341644287109375,354.3564307138498,4.0,0.0,0.4430877902579716,0.0190233351386983,1.2773860610222826e-15,thick_circle,9,0.0319688142031209
geometric_ellipse,True,False,0.3476546546113563,0.999628278680444,0.9014445801301486,1.2897245660600554,1.4543613920991776,0.4286499862396941,1.0702937332186988,0.9302808143412644,354.4284503730284,4.0,0.0,0.4456264615983866,0.0266900979261933,3.668371894757046e-09,thick_circle,9,0.037209061575096
legacy,True,False,0.3453130037716843,0.9997355825387568,0.898522175120966,1.3106609144533723,1.455921288917324,0.4973148129293191,1.5568027484005589,1.2141604340119756,351.783487862035,4.0,0.0,0.5121590095757729,0.0116560686184139,0.0219878221566208,thick_circle,10,0.0406498270359238
centered_algebraic,True,False,0.3453130037716843,0.9997355825387568,0.898522175120966,1.307259566359866,1.448016267233296,0.4780325941813793,1.0458786653934835,1.058153340133395,352.11133363731244,4.0,0.0,0.4863345137465164,0.0084157921852249,9.093734910266492e-16,thick_circle,10,0.0250857417277873
ellipse_constrained,True,False,0.3453130037716843,0.9997355825387568,0.898522175120966,1.3083768825588564,1.4484527947880357,0.4745232770972026,1.0464199498330913,1.058279514312744,352.118964341638,4.0,0.0,0.4668304116827098,0.0111229574829063,6.430241621362276e-16,thick_circle,10,0.0283952275670876
geometric_ellipse,True,False,0.3453130037716843,0.9997355825387568,0.898522175120966,1.3125080405118512,1.440136457026974,0.4592019921281453,1.0451805595972807,0.920248407055038,352.95186940720964,4.0,0.0,0.4792982286223702,0.0148687723828898,3.9192217080850715e-09,thick_circle,10,0.0530974531118481
legacy,True,False,0.3450633355811469,0.9999559340362514,0.886192302308471,1.3113325222954906,1.460305910932396,0.5177882671104593,1.7561799280869284,1.2833079376312495,354.1564465274397,4.0,0.0,0.5350830912615462,0.0297073525374658,0.0096909961762623,thick_circle,11,0.0510596450486279
centered_algebraic,True,False,0.3450633355811469,0.9999559340362514,0.886192302308471,1.3044013067217433,1.4565860463784364,0.5410054713726918,1.0607215205721532,1.0541388220954075,354.3396123588143,4.0,0.0,0.5469698958008692,0.0273045809020773,6.434894178225845e-16,thick_circle,11,0.026404441494604
ellipse_constrained,True,False,0.3450633355811469,0.9999559340362514,0.886192302308471,1.3057910714558667,1.4561052214198575,0.5440085492366858,1.0611631484048585,1.0542662143707275,354.3014221117955,4.0,0.0,0.4797586967810567,0.0207920183624992,6.434894178225845e-16,thick_circle,11,0.0280496062940168
geometric_ellipse,True,False,0.3450633355811469,0.9999559340362514,0.886192302308471,1.3050106363864855,1.4494256504759986,0.4609662674852128,1.0536692331896345,0.8954602004391468,354.3125249202521,4.0,0.0,0.4654100953522589,0.0328970001175536,4.840405829237574e-09,thick_circle,11,0.0168114889198808
legacy,True,False,0.330353989474416,0.9976412600277336,0.8283675423039198,1.310917257330923,1.45238991774469,0.4318913043766136,2.144564278629977,1.196453772530088,347.7670037069829,4.0,0.0,0.4364916594388701,0.0374008342871465,0.0279732047305851,thick_ellipse,0,0.0372526232418564
centered_algebraic,True,False,0.330353989474416,0.9976412600277336,0.8283675423039198,1.3035230866301115,1.4475563203063284,0.570817571099761,1.2899698279039689,1.0001576814058786,348.6003640282966,4.0,0.0,0.5839260874892395,0.025197909422425,6.721414361554951e-16,thick_ellipse,0,0.0142920762229102
ellipse_constrained,True,False,0.330353989474416,0.9976412600277336,0.8283675423039198,1.3054800384248215,1.4491704972166493,0.575823540525879,1.2883114174315475,0.999178111553192,348.0547645594043,4.0,0.0,0.4850638717111961,0.0215511371756212,6.721414361554951e-16,thick_ellipse,0,0.0184748766362161
geometric_ellipse,True,False,0.330353989474416,0.9976412600277336,0.8283675423039198,1.3087948171489927,1.4583242737192863,0.4063869536055473,2.2436801356257563,1.0679556845581768,349.132969272844,4.0,0.0,0.4150930098431309,0.025955721304499,8.581013374333621e-09,thick_ellipse,0,0.0403653236272335
legacy,True,False,0.349754843095614,0.9993143379551472,0.8513669939994405,1.3058505347960123,1.4647097999698908,0.4357756671365056,2.098047301215752,1.1542275780683384,349.3036179456462,4.0,0.0,0.438846969293346,0.022174340124719,0.0191811260405588,thick_ellipse,1,0.0527685694070031
centered_algebraic,True,False,0.349754843095614,0.9993143379551472,0.8513669939994405,1.305516694026435,1.4553588129241537,0.5326160259969448,1.293418444593563,0.9960514894543052,349.11325560045486,4.0,0.0,0.5370977972108073,0.0102432684326113,8.978245703688809e-16,thick_ellipse,1,0.0256365166938315
ellipse_constrained,True,False,0.349754843095614,0.9993143379551472,0.8513669939994405,1.3063287738874474,1.4575126173234594,0.5312510563124163,1.2949716878468138,0.9963939785957336,349.0656988120849,4.0,0.0,0.4292346387210355,0.0108464581907164,6.348578420237342e-16,thick_ellipse,1,0.0327435825717851
geometric_ellipse,True,False,0.349754843095614,0.9993143379551472,0.8513669939994405,1.303516939224392,1.447038529347313,0.3959990577634458,2.2307280894666177,1.062600545950614,349.22883933768816,4.0,0.0,0.4013659148394621,0.0234603599931076,7.773235188178974e-09,thick_ellipse,1,0.0153257843499816
legacy,True,False,0.34142675472007,0.9999995739557972,0.8526030881866284,1.28256394183469,1.4734489732786655,0.4453306302206316,2.186474486506429,1.230072839338442,351.8166790224951,4.0,0.0,0.4442530921814012,0.0228830357760915,0.0829499879921341,thick_ellipse,2,0.097403540442592
centered_algebraic,True,False,0.34142675472007,0.9999995739557972,0.8526030881866284,1.2969811160046831,1.450620391590096,0.5724969674182042,1.1912652280553702,0.9953113882623372,352.8245355779922,4.0,0.0,0.5865425581262446,0.0255397064395893,9.19724325629412e-16,thick_ellipse,2,0.0102732372384876
ellipse_constrained,True,False,0.34142675472007,0.9999995739557972,0.8526030881866284,1.2968648494333763,1.4559476900320796,0.5787247545520136,1.197447801139561,0.9968572854995728,352.6546436878835,4.0,0.0,0.4547295266920649,0.0188310751051317,0.0,thick_ellipse,2,0.0224113527265635
geometric_ellipse,True,False,0.34142675472007,0.9999995739557972,0.8526030881866284,1.285812587634127,1.456002369705354,0.4565395092774948,2.3536234148675854,1.0954687146719293,352.97138601490065,4.0,0.0,0.461416846516872,0.0212007017670787,8.982699089200194e-09,thick_ellipse,2,0.051349684811223
legacy,True,False,0.3593597298747898,0.9986651962818796,0.8687612471238595,1.301646942542615,1.4509765826043528,0.4517825851743447,2.2506672668526733,1.2303433141030924,352.7197273825099,4.0,0.0,0.4620378551576923,0.0290219495843516,0.0071746233970986,thick_ellipse,3,0.0063823831510384
centered_algebraic,True,False,0.3593597298747898,0.9986651962818796,0.8687612471238595,1.2995052308023978,1.4469988672124163,0.5566450776466226,1.2691986560443722,0.9778622692951164,353.0485044026166,4.0,0.0,0.5433931455358201,0.0370842347133828,6.178895030959573e-16,thick_ellipse,3,0.0101388113305069
ellipse_constrained,True,False,0.3593597298747898,0.9986651962818796,0.8687612471238595,1.2952753775988914,1.4447793508907056,0.5506611298184156,1.2686941510023804,0.9772562384605408,351.780505150991,4.0,0.0,0.4614817111830783,0.0254818797079504,1.2357790061919145e-15,thick_ellipse,3,0.0234703675953395
geometric_ellipse,True,False,0.3593597298747898,0.9986651962818796,0.8687612471238595,1.3017648239263109,1.4442502435880482,0.4049428704394578,2.113835556484821,1.0175141614182184,352.93571329313926,4.0,0.0,0.4232326711936497,0.0361962313837948,8.021961327400657e-09,thick_ellipse,3,0.020048358837698
legacy,True,False,0.3386596638663384,0.9996430298948482,0.8511792599653325,1.30453354633806,1.4447217707382478,0.4378308181937818,1.9930284161852472,1.138374924707317,352.2654865214424,4.0,0.0,0.4327729535676978,0.0120677945375283,0.0486981673418477,thick_ellipse,4,0.0231930896171333
centered_algebraic,True,False,0.3386596638663384,0.9996430298948482,0.8511792599653325,1.3029031062214451,1.436754062877291,0.4781014187502987,1.3458328120363872,1.003894031714085,352.03076430910846,4.0,0.0,0.482278812786835,0.0173949344991511,0.0,thick_ellipse,4,0.0452011401026016
ellipse_constrained,True,False,0.3386596638663384,0.9996430298948482,0.8511792599653325,1.3068657567978677,1.4371734331125776,0.4816083911279699,1.3432605225863254,1.0024480819702148,352.0927727324068,4.0,0.0,0.3996908495118452,0.0144858503180892,6.556570758679648e-16,thick_ellipse,4,0.0484950667049964
geometric_ellipse,True,False,0.3386596638663384,0.9996430298948482,0.8511792599653325,1.3074771340159643,1.436507380128199,0.3892921103054452,1.8508723083182623,1.005382667822962,352.0826668419268,4.0,0.0,0.3928216957253774,0.0204065016219284,8.096976038883345e-09,thick_ellipse,4,0.0514196594588332
legacy,True,False,0.3396155541290001,0.9998704197510436,0.8619768713661999,1.2848802682745135,1.4552240196649928,0.4089126837973271,2.245489531892773,1.1943053051890746,353.5204958613739,4.0,0.0,0.4239091646045551,0.0191696409923468,0.0459910567949858,thick_ellipse,5,0.0533225685918486
centered_algebraic,True,False,0.3396155541290001,0.9998704197510436,0.8619768713661999,1.289149176494136,1.4467254733936037,0.4895867487764749,1.394355930353437,1.0105288643836736,353.4218045131796,4.0,0.0,0.5030789343594504,0.012194967784264,6.538116473920084e-16,thick_ellipse,5,0.037780491034308
ellipse_constrained,True,False,0.3396155541290001,0.9998704197510436,0.8619768713661999,1.288774878703222,1.4463624705599671,0.4892843770274999,1.394177079229784,1.0104217529296875,353.4946078596032,4.0,0.0,0.4287925066496621,0.0173287982863907,6.538116473920084e-16,thick_ellipse,5,0.039332622670767
geometric_ellipse,True,False,0.3396155541290001,0.9998704197510436,0.8619768713661999,1.2908314555267435,1.4456265429585704,0.3894498519414568,2.211682770466877,1.0642651048952845,353.134877857796,4.0,0.0,0.3922210665259317,0.0236714932166844,8.714227815311605e-09,thick_ellipse,5,0.0338607170383008
legacy,True,False,0.3405845589242499,0.999962171947466,0.855148460678319,1.308739496151449,1.4478184216890095,0.4362237715741252,2.171581355266844,1.2235095513854788,352.81804022049056,4.0,0.0,0.4479381220415394,0.0637710581733076,0.0374366056917019,thick_ellipse,6,0.0300255589101783
centered_algebraic,True,False,0.3405845589242499,0.999962171947466,0.855148460678319,1.2976063350491824,1.4454966531410969,0.5200986242286441,1.253615735301952,1.0024009428404468,352.0427860379576,4.0,0.0,0.5098541290289244,0.0285132012698171,6.519514731565288e-16,thick_ellipse,6,0.0169999231463507
ellipse_constrained,True,False,0.3405845589242499,0.999962171947466,0.855148460678319,1.2946217795916408,1.4445915062388652,0.5153222305971882,1.2529238765750446,1.0019532442092896,352.3794228237465,4.0,0.0,0.4439720073285695,0.0229543487090516,1.3039029463130576e-15,thick_ellipse,6,0.0254246292500281
geometric_ellipse,True,False,0.3405845589242499,0.999962171947466,0.855148460678319,1.3005779613095665,1.4458461543598136,0.4391580848994712,2.0609731630598875,1.0341797673175523,351.6742794360266,4.0,0.0,0.4468781417445985,0.0533340037264966,1.07117171592518e-08,thick_ellipse,6,0.0139795377756407
legacy,True,False,0.3353369718723792,0.9999359494646664,0.8436169330173039,1.3065072101795596,1.477872380492388,0.4894994843258035,2.223918471389079,1.3154762870512815,353.89378492546234,4.0,0.0,0.4807854908042205,0.0279932257603223,0.0166906046662897,thick_ellipse,7,0.0954063460871685
centered_algebraic,True,False,0.3353369718723792,0.9999359494646664,0.8436169330173039,1.310892760562938,1.4693797040451253,0.5741334235862208,1.207362584054863,1.0341361128677318,353.1658091601694,4.0,0.0,0.5851926289317643,0.0147092956246912,6.621536649693846e-16,thick_ellipse,7,0.0741039181418864
ellipse_constrained,True,False,0.3353369718723792,0.9999359494646664,0.8436169330173039,1.309679300414964,1.4693729734414187,0.5749563946830979,1.2093109046174266,1.034415602684021,353.6713296053572,4.0,0.0,0.4774235085450369,0.0136090377255513,6.621536649693846e-16,thick_ellipse,7,0.0721880997029472
geometric_ellipse,True,False,0.3353369718723792,0.9999359494646664,0.8436169330173039,1.3081861774165946,1.4579078643033538,0.432232005924453,2.0828697628001245,1.069957055073644,351.6036037616776,4.0,0.0,0.4441260370685098,0.0307758655422027,1.0900138554501186e-08,thick_ellipse,7,0.037939691695611
legacy,True,False,0.3436426408499173,0.9973301932666836,0.8088855580906635,1.322133400249259,1.4441829437431652,0.419892679199873,2.290256200969552,1.2334334527378237,352.1683834960786,4.0,0.0,0.4223739006639212,0.0433385863707263,0.0307786180452456,thick_ellipse,8,0.0762835026645181
centered_algebraic,True,False,0.3436426408499173,0.9973301932666836,0.8088855580906635,1.3118628617865564,1.439869981204983,0.4862934137795168,1.3506838609525214,1.0075529684360374,352.49018076462244,4.0,0.0,0.4798221198540195,0.0251922641126614,6.461497454910063e-16,thick_ellipse,8,0.0519983728970152
ellipse_constrained,True,False,0.3436426408499173,0.9973301932666836,0.8088855580906635,1.3081207263436192,1.4397643430223612,0.4870605210784793,1.3500977232231497,1.006773829460144,352.6376253018547,4.0,0.0,0.4125658371100327,0.0192188637326254,0.0,thick_ellipse,8,0.043552633561376
geometric_ellipse,True,False,0.3436426408499173,0.9973301932666836,0.8088855580906635,1.3051136246571833,1.442937581087706,0.3883727315596589,2.321404277504,1.0806404441819315,352.1712516186689,4.0,0.0,0.3860505124611941,0.0159899437439724,7.72887172534453e-09,thick_ellipse,8,0.0290644720171631
legacy,True,False,0.3446751083654972,0.9975249448131308,0.8416541332997536,1.3129907635985112,1.4653847663907138,0.4448606960986686,2.094340717260115,1.1394025961202054,351.3656497817342,4.0,0.0,0.453432075050281,0.0349830994006003,0.0238493077835283,thick_ellipse,9,0.0671193775438989
centered_algebraic,True,False,0.3446751083654972,0.9975249448131308,0.8416541332997536,1.3135011512713264,1.4555662334658217,0.5294672870927036,1.3440392584498908,1.0151083603951505,350.9380779373944,4.0,0.0,0.5337818926678171,0.0386140682609179,6.44214216622724e-16,thick_ellipse,9,0.0486785420040118
ellipse_constrained,True,False,0.3446751083654972,0.9975249448131308,0.8416541332997536,1.3118919353164529,1.456155076312428,0.5298028103384688,1.3437587647822469,1.0149104595184326,350.9420218189032,4.0,0.0,0.4785599215958296,0.0135909057196406,6.44214216622724e-16,thick_ellipse,9,0.0446347012464649
geometric_ellipse,True,False,0.3446751083654972,0.9975249448131308,0.8416541332997536,1.3078861704161209,1.4564891662646773,0.3983469786990872,2.3861516558564926,1.0967588356124658,350.9050370553822,4.0,0.0,0.4414301043601265,0.0221505873363784,9.567029304097969e-09,thick_ellipse,9,0.0340426142491902
legacy,True,False,0.3371412768304755,0.9967034466354526,0.8424494895157985,1.3071309635894486,1.4591316258161404,0.4409086361447015,1.9146650143985533,1.1322963399210295,353.69541782457355,4.0,0.0,0.446759327859213,0.0080749355623606,0.0165717769467906,thick_ellipse,10,0.0386202640764381
centered_algebraic,True,False,0.3371412768304755,0.9967034466354526,0.8424494895157985,1.3063717552437568,1.453422315015039,0.4718786466744006,1.2975169748911528,1.0099578407873993,354.70446751049843,4.0,0.0,0.4664799768099837,0.0104439934245322,0.0,thick_ellipse,10,0.024108897607984
ellipse_constrained,True,False,0.3371412768304755,0.9967034466354526,0.8424494895157985,1.3048556554868922,1.4527414149874844,0.4732513929215682,1.297105171194498,1.00972318649292,353.73261872891254,4.0,0.0,0.4173430072395439,0.0092820731217238,1.4726966549963942e-15,thick_ellipse,10,0.0185869566993722
geometric_ellipse,True,False,0.3371412768304755,0.9967034466354526,0.8424494895157985,1.3055733844823654,1.4472595539442783,0.4011783750731152,1.869489229448279,1.028125602605663,354.421228354637,4.0,0.0,0.3916283691241506,0.0171274279014686,6.999762788984607e-09,thick_ellipse,10,0.020702297020323
legacy,True,False,0.3534635397807054,0.9994973813359218,0.8460885003834496,1.3127450046580706,1.4473843125053976,0.454092597112924,2.321641017047603,1.23008824458503,352.39141396080583,4.0,0.0,0.4493432207045205,0.0420977145395012,0.0317556576868839,thick_ellipse,11,0.0433688271052506
centered_algebraic,True,False,0.3534635397807054,0.9994973813359218,0.8460885003834496,1.3060561994716946,1.4377397673402308,0.5494370666101581,1.356330244086873,1.001039889572097,352.53775108315267,4.0,0.0,0.5469663228224826,0.0221005926346195,6.281966311512397e-16,thick_ellipse,11,0.0455815334090248
ellipse_constrained,True,False,0.3534635397807054,0.9994973813359218,0.8460885003834496,1.3052609777509645,1.4382503783695195,0.5474503831453096,1.3575082531323754,1.0011365413665771,352.3638174823181,4.0,0.0,0.4727923393820629,0.0257191118143355,6.281966311512397e-16,thick_ellipse,11,0.0429122483622866
geometric_ellipse,True,False,0.3534635397807054,0.9994973813359218,0.8460885003834496,1.291556127583141,1.4423070323057254,0.4113412876374936,2.24291039583988,1.06907461404272,352.26829419100136,4.0,0.0,0.4129361197991353,0.0426443208676447,6.338445570284e-09,thick_ellipse,11,0.0380760544958433
legacy,True,False,0.0598492411974278,0.4772991535783417,0.0749311618274516,1.6012110995435558,1.4278713653647883,0.3894383547549814,4.945325165611004,1.9860353248657916,350.7393481862002,4.0,0.0,0.5837018908945483,1.0958688605365732,0.5867650907046489,short_arc,0,1.0067428390554942
centered_algebraic,True,False,0.0598492411974278,0.4772991535783417,0.0749311618274516,1.5947680007290417,1.450661230466031,0.5902416690203441,1.7656397258720289,1.173250335868985,352.667766398848,4.0,0.0,0.6163914301094214,0.2510824190775955,5.246824946382957e-15,short_arc,0,0.9825624745730788
ellipse_constrained,True,False,0.0598492411974278,0.4772991535783417,0.0749311618274516,1.594650628574386,1.4495581767269954,0.4754733057856705,1.7366814440454723,0.8824558258056641,353.1603870934845,4.0,0.0,0.7412669596369543,0.2520638272298539,0.0,short_arc,0,0.982169866090639
geometric_ellipse,True,True,0.0598492411974278,0.4772991535783417,0.0749311618274516,1.6076065112412443,1.510159367048009,0.4104405436635134,9.67736005506731,2.9860166446109164,308.94152626417883,4.0,1.0,0.5005653935112854,1.018737948775324,5.313886001419045e-10,short_arc,0,1.04478022782905
legacy,True,False,0.0581124591132871,0.1415883551155774,0.0691686672731511,1.617806439024065,1.391597657778224,0.4275324170337505,5.914290935507439,2.6695366134883867,270.05743136734213,3.0,0.0,0.5618956679404338,0.7593921389317171,4.058578815384167,short_arc,1,1.0770936524954866
centered_algebraic,True,False,0.0581124591132871,0.1415883551155774,0.0691686672731511,1.5951458980572986,1.451087112189764,0.6910223038961385,1.3824253388857248,1.0796719251329798,352.4011695297731,4.0,0.0,0.7139173005395378,0.2387363705285854,3.8209466319807135e-15,short_arc,1,0.9838263337769098
ellipse_constrained,True,False,0.0581124591132871,0.1415883551155774,0.0691686672731511,1.5958667388081604,1.449755728818599,0.516354100965695,1.5475812300511416,0.8406965136528015,350.7292477162403,4.0,0.0,0.7930869718719259,0.2406012820177213,0.0,short_arc,1,0.9862227988159123
geometric_ellipse,True,True,0.0581124591132871,0.1415883551155774,0.0691686672731511,1.595111704341364,1.406265226507312,0.4635959523193412,10.906223598585797,2.999999996448906,340.5191561689147,4.0,4.0,0.570956061527346,0.8288218098897836,2.6914860772749136e-10,short_arc,1,0.994449308532792
legacy,True,False,0.0595677875511029,0.9356623313505724,0.0735673972543749,1.608280375945436,1.4206998283520085,0.3948414861055163,7.779388773747234,3.204975145232889,337.27534795005363,3.0,0.0,0.4243157964205188,0.5612951144895377,0.5623404288989629,short_arc,2,1.032232156551256
centered_algebraic,True,False,0.0595677875511029,0.9356623313505724,0.0735673972543749,1.5954750933834094,1.4520185409272657,0.5689822975434815,1.533860725284519,1.0362019515079988,351.940253987488,4.0,0.0,0.5939203065940337,0.1980221879671055,0.0,short_arc,2,0.9849399604793152
ellipse_constrained,True,False,0.0595677875511029,0.9356623313505724,0.0735673972543749,1.5965161782693562,1.4523269120564442,0.4381162349756106,1.6369890462353922,0.8258625864982605,352.55628423423286,4.0,0.0,0.6726861914027892,0.2089334677945018,3.727595300304553e-15,short_arc,2,0.988417694517539
geometric_ellipse,True,False,0.0595677875511029,0.9356623313505724,0.0735673972543749,1.5976227850437148,1.4508883854426962,0.4093653420151935,5.705593537072723,1.5801237815631213,353.74857328163534,4.0,0.0,0.4173475761317302,0.2818075957947701,7.833276234777805e-09,short_arc,2,0.9920803697610616
legacy,False,False,0.060090583224168,0.9842563646478724,0.0836315114003148,,,,,,,,,,,,short_arc,3,
centered_algebraic,True,False,0.060090583224168,0.9842563646478724,0.0836315114003148,1.5924116399629558,1.448491430814476,0.6699292226517909,1.4285862759613752,1.0708325350914805,350.6898674687084,4.0,0.0,0.7093338284546012,0.2539083007866745,7.390329499605402e-15,short_arc,3,0.9747184377883626
ellipse_constrained,True,False,0.060090583224168,0.9842563646478724,0.0836315114003148,1.5946070028165131,1.4483467847468054,0.4750232865334592,1.5637859391444189,0.8050611615180969,352.6798876889983,4.0,0.0,0.800453943897287,0.2697783876615096,8.262639568619843e-15,short_arc,3,0.98203880455805
geometric_ellipse,True,True,0.060090583224168,0.9842563646478724,0.0836315114003148,1.6033683318895569,1.3964678131486763,0.4169067856000826,11.069376875400808,2.9999999989911483,317.4492290521589,4.0,3.0,0.4624472499041385,0.4828253665261746,1.5137235345847206e-08,short_arc,3,1.026850848319686
legacy,True,False,0.0559664643919731,0.6579018849797572,0.0854242051007633,1.5933709013380597,1.4494813012818533,0.4187703692977257,3.871222541290761,1.6849654395707163,349.0211603152409,4.0,0.0,0.4882031806695118,0.177908991155985,0.1119460700045265,short_arc,4,0.9779045329471108
centered_algebraic,True,False,0.0559664643919731,0.6579018849797572,0.0854242051007633,1.5906457142566748,1.4512794117856462,0.6958304231669175,1.3781922365070725,1.0888609781061338,348.37407592455605,4.0,0.0,0.7057040036087525,0.2247515932376828,1.1902374431046464e-14,short_arc,4,0.9688284340164548
ellipse_constrained,True,False,0.0559664643919731,0.6579018849797572,0.0854242051007633,1.5913633502504516,1.452144420203868,0.5103173199748298,1.5213284115632255,0.8632951974868774,349.81011527135723,4.0,0.0,0.6315222419706226,0.204168710514182,7.93491628736431e-15,short_arc,4,0.9712374718607304
geometric_ellipse,True,False,0.0559664643919731,0.6579018849797572,0.0854242051007633,1.5941369978804765,1.4720989886745088,0.4634616351162832,7.014930381734481,2.0109768734480373,349.91475271067424,4.0,1.0,0.5182134406637982,0.3527372796811095,3.926549364982442e-08,short_arc,4,0.9832199868152908
legacy,False,False,0.0603124513065942,0.9436964701372526,0.0549898646021441,,,,,,,,,,,,short_arc,5,
centered_algebraic,True,False,0.0603124513065942,0.9436964701372526,0.0549898646021441,1.595695527493049,1.4466420784524432,0.6557774912173837,1.4250034963830578,1.0671739285460442,346.8461873474158,4.0,0.0,0.660192818709883,0.2272970097692224,0.0,short_arc,5,0.9857153105825244
ellipse_constrained,True,False,0.0603124513065942,0.9436964701372526,0.0549898646021441,1.595245518225573,1.4442504410944037,0.4923987779795621,1.6190929240925087,0.8309520483016968,347.4831609223634,4.0,0.0,0.7338291351891781,0.2172003730395193,3.681571551391315e-15,short_arc,5,0.9843383195488116
geometric_ellipse,True,False,0.0603124513065942,0.9436964701372526,0.0549898646021441,1.596138819024023,1.438603346476557,0.4370361553592321,8.36341067100052,2.1318463155731666,351.0599395738256,4.0,0.0,0.4564046684387933,0.270188637895468,1.5672587504502605e-08,short_arc,5,0.9878601106796258
legacy,True,False,0.0522884786560197,0.972101973954722,0.0728520989190307,1.6008410216844318,1.4372760921479026,0.4409633373817313,3.689125188314982,1.726601831773822,348.8624955791338,4.0,0.0,0.5662706114804011,0.2083708782145263,0.451394986341505,short_arc,6,1.003699922836399
centered_algebraic,True,False,0.0522884786560197,0.972101973954722,0.0728520989190307,1.5953503113719385,1.4510451248085987,0.6806585730622,1.5605619640371264,1.2058482083058506,351.8217427441392,4.0,0.0,0.6957789425775234,0.2542739260710003,0.0,short_arc,6,0.9845072016742772
ellipse_constrained,True,False,0.0522884786560197,0.972101973954722,0.0728520989190307,1.5956574601680629,1.450453754950317,0.5139922788798608,1.6368134800135286,0.925659716129303,352.89977283825664,4.0,0.0,0.7808412946902233,0.2548287503597478,0.0,short_arc,6,0.985526027879892
geometric_ellipse,True,True,0.0522884786560197,0.972101973954722,0.0728520989190307,1.5959298413052356,1.4574495920928037,0.4700521077345526,10.000184785749465,2.999999999999999,351.7635068192824,4.0,3.0,0.5467695499570717,0.306285471741567,9.65138575108951e-10,short_arc,6,0.9867453087876048
legacy,True,False,0.0613155822858165,0.993071652081592,0.0507564119268312,1.5997881993143817,1.4289493131385118,0.4160800423745607,7.383350409417495,3.089962043802242,338.5462402911253,3.0,0.0,0.4787389000529291,1.3912494014098038,0.1981496654679788,short_arc,7,1.001754548920708
centered_algebraic,True,False,0.0613155822858165,0.993071652081592,0.0507564119268312,1.5899577688712665,1.4508321222541387,0.6829354596010097,1.3362614978717529,1.0536488400871795,345.73581451703643,4.0,0.0,0.7064555076092297,0.2602628413209876,3.621340557282685e-15,short_arc,7,0.9665298762770318
ellipse_constrained,True,False,0.0613155822858165,0.993071652081592,0.0507564119268312,1.5910702046858411,1.4506251627010187,0.4864723720070582,1.5525056336492822,0.8285115361213684,349.3098391206803,4.0,0.0,0.7556882540336948,0.2406581203619836,3.621340557282685e-15,short_arc,7,0.970236253498544
geometric_ellipse,True,True,0.0613155822858165,0.993071652081592,0.0507564119268312,1.593115403408763,1.395883862659162,0.435296787895283,11.599139036234684,2.9999999956093557,328.7244183074703,4.0,4.0,0.5425527351695267,1.0281640691759515,1.6688705343904643e-09,short_arc,7,0.9935637095055248
legacy,True,False,0.0627682922964533,0.7508238797358531,0.0672402484336757,1.591104862411146,1.458568017572658,0.3686906095550599,4.2100603126498894,1.565501732211558,349.33985893131546,4.0,0.0,0.5276309113363614,0.3900621301252551,2.3086486436309586,short_arc,8,0.9707697509624774
centered_algebraic,True,False,0.0627682922964533,0.7508238797358531,0.0672402484336757,1.5915080725619437,1.45572984670507,0.6114747111607971,1.5518486146363366,1.0650533357213434,352.648220257658,4.0,0.0,0.6294421807442943,0.3029705435017312,0.0,short_arc,8,0.9718812656792268
ellipse_constrained,True,False,0.0627682922964533,0.7508238797358531,0.0672402484336757,1.5902916987514797,1.455302894443649,0.4597454409989521,1.689785369842474,0.8263644576072693,351.98535996567404,4.0,0.0,0.7747392857043138,0.2806247098704905,3.537528213708912e-15,short_arc,8,0.9678004331328982
geometric_ellipse,True,False,0.0627682922964533,0.7508238797358531,0.0672402484336757,1.586577211615712,1.492709754786123,0.4165095015019696,8.85895323743941,2.2939767704285283,345.3888044523684,4.0,3.0,0.6090638016157353,1.3088468416223906,4.037862104787871e-08,short_arc,8,0.9658077872452866
legacy,True,False,0.059415880573028,0.5067386712464962,0.0727703249587596,1.605291281819228,1.4150921605482318,0.4095226010305909,7.523573105965663,2.968756538377131,341.78545390308943,3.0,0.0,0.5032201003624381,0.7872327273432818,,short_arc,9,1.0242684327526306
centered_algebraic,True,False,0.059415880573028,0.5067386712464962,0.0727703249587596,1.5948454629164692,1.448429147666976,0.6623569564659285,1.6264228466791757,1.1801693443125112,351.7258196792817,4.0,0.0,0.6931370036648022,0.2680611392222599,3.737125542591535e-15,short_arc,9,0.9828321580428176
ellipse_constrained,True,False,0.059415880573028,0.5067386712464962,0.0727703249587596,1.594929208011892,1.4485440373365546,0.5138932859437864,1.6831703489812233,0.8695750832557678,351.7111134861643,4.0,0.0,0.7907175204332908,0.2809433866467347,5.285093626623862e-15,short_arc,9,0.9831093392666578
geometric_ellipse,True,True,0.059415880573028,0.5067386712464962,0.0727703249587596,1.5958453694218546,1.4180145413874168,0.4688506671149579,11.309821136786905,2.999999999999934,345.21851837356166,4.0,4.0,0.5225414097023109,0.6767717326706881,1.0361097918267552e-08,short_arc,9,0.9918980243901132
legacy,True,False,0.0584984135191767,0.5822369523699883,0.1082686750377097,1.5951053058050255,1.443512301613763,0.3698956976827058,5.865702298498273,2.2124352624900347,343.8831652739735,4.0,0.0,0.4818824933317446,0.705934691324834,0.9417655843304824,short_arc,10,0.9839220370234196
centered_algebraic,True,False,0.0584984135191767,0.5822369523699883,0.1082686750377097,1.592470932469108,1.4495973739575267,0.6041675516022241,1.8099020679736864,1.20363048996186,348.3646144175228,4.0,0.0,0.6559162946940471,0.2734646652978403,3.795737210073936e-15,short_arc,10,0.9749040320124938
ellipse_constrained,True,False,0.0584984135191767,0.5822369523699883,0.1082686750377097,1.5927532640008362,1.4503551367505667,0.4814781803444869,1.860878376870161,0.9068498611450196,348.5396971534939,4.0,0.0,0.8546263077822973,0.2727652303189282,3.795737210073936e-15,short_arc,10,0.9758449313586596
geometric_ellipse,True,True,0.0584984135191767,0.5822369523699883,0.1082686750377097,1.5960509178926228,1.4540967535409963,0.4089067683893432,11.572752906786922,2.999999999257025,351.1252139686272,4.0,4.0,0.4637126365165683,0.6141359791912611,5.9435363274371115e-09,short_arc,10,0.9869308732667716
legacy,True,False,0.0580538170507167,0.9994965684564792,0.1075411084275504,1.595538674446015,1.4450173914178366,0.4363680951464291,2.939993342934664,1.3056263195220028,350.87331356209705,4.0,0.0,0.5542604620187679,0.1813041835266972,,short_arc,11,0.985268911299463
centered_algebraic,True,False,0.0580538170507167,0.9994965684564792,0.1075411084275504,1.5922892432361566,1.4485460759329325,0.7053900401971815,1.314268982425842,1.0339891215608037,348.9054916356151,4.0,0.0,0.7215555274724877,0.2321637761050038,0.0,short_arc,11,0.9743095310512516
ellipse_constrained,True,False,0.0580538170507167,0.9994965684564792,0.1075411084275504,1.593255153446156,1.4474591868958069,0.5055389600530973,1.5064980360441864,0.8254035711288452,345.55675783937033,4.0,0.0,0.7392702709216293,0.2375168559019803,3.824806295356074e-15,short_arc,11,0.9775538675351232
geometric_ellipse,True,True,0.0580538170507167,0.9994965684564792,0.1075411084275504,1.5951821764651395,1.474296148047493,0.4624016997654382,11.25686743375356,2.999999999952225,350.55617743697354,4.0,4.0,0.6020368320520981,0.8705282659413971,4.4203566056106565e-09,short_arc,11,0.9872679480523928
legacy,True,False,0.0130843730105882,0.7044512626711517,0.0824976419220955,1.6112633895731552,1.4348560005471471,0.7039875534812663,5.439399034729483,3.855991062656275,285.9482541190419,3.0,0.0,0.7505817986706911,1.9026456852019715,,stopped_cloud,0,1.038771915976841
centered_algebraic,True,False,0.0130843730105882,0.7044512626711517,0.0824976419220955,1.6008827518171556,1.449288615079666,0.9746570155961766,1.3190913757412397,1.4290839982631205,353.870767545813,4.0,0.0,0.9615539063725196,0.0282181583611871,0.0,stopped_cloud,0,1.0029453092964014
ellipse_constrained,True,False,0.0130843730105882,0.7044512626711517,0.0824976419220955,1.6010345768835057,1.4494110993144174,0.7111478875049947,1.2209220021025533,0.971269190311432,354.5872210400965,4.0,0.0,0.7165519469038371,0.0516301795737872,2.3999506241731363e-14,stopped_cloud,0,1.0034505096773092
geometric_ellipse,True,True,0.0130843730105882,0.7044512626711517,0.0824976419220955,1.600763069250537,1.4489044075217827,0.6821935417746267,6.72309273546335,2.999999999999998,352.09618659247286,4.0,4.0,0.7009728299063368,0.3517088118108136,1.0051465726848869e-07,stopped_cloud,0,1.0025502156882031
legacy,False,False,0.013552616369039,0.9487510788139106,0.0769608612456022,,,,,,,,,,,,stopped_cloud,1,
centered_algebraic,True,False,0.013552616369039,0.9487510788139106,0.0769608612456022,1.599616883533513,1.4507572376367797,1.0341176196089303,1.0294017027377351,1.2461573294750954,352.9480471369487,4.0,0.0,1.025672389216672,0.1093244919170852,2.3170322481357216e-14,stopped_cloud,1,0.9987261347846688
ellipse_constrained,True,False,0.013552616369039,0.9487510788139106,0.0769608612456022,1.599191246914992,1.4510107571142594,0.730584730235559,1.0474112284086607,0.8555479645729066,353.57376031255336,4.0,0.0,0.7435212974278776,0.1227376517386905,1.6383892148846802e-14,stopped_cloud,1,0.9973098474311992
geometric_ellipse,True,True,0.013552616369039,0.9487510788139106,0.0769608612456022,1.5863459379869955,1.453214029132216,0.6502218197621888,7.234676501149175,2.9999999999999263,311.38103365174607,4.0,3.0,0.7293480162652606,1.2056907936431094,1.0854097535731829e-07,stopped_cloud,1,0.9545465833747396
legacy,False,False,0.0143067718946217,0.9484005479341564,0.0829325618177705,,,,,,,,,,,,stopped_cloud,2,
centered_algebraic,True,False,0.0143067718946217,0.9484005479341564,0.0829325618177705,1.5983299426836848,1.4504485453447884,0.9526007515509952,1.103997733018611,1.1952200967216482,354.6903643379669,4.0,0.0,0.917443968321631,0.0540598866949628,2.1948940966536475e-14,stopped_cloud,2,0.9944342662739172
ellipse_constrained,True,False,0.0143067718946217,0.9484005479341564,0.0829325618177705,1.5985867700797538,1.4504963632873002,0.6958481379886733,1.0846538067926026,0.8377956748008728,354.8249028948885,4.0,0.0,0.7066710876267133,0.0560099969753754,3.4704322841416426e-14,stopped_cloud,2,0.995290608835054
geometric_ellipse,True,True,0.0143067718946217,0.9484005479341564,0.0829325618177705,1.599708501362177,1.4525260905417252,0.7260077953352597,7.402295965561633,2.999999999998709,352.91155710547304,4.0,4.0,0.7572847249579012,0.8826231067322052,2.3867226336584493e-08,stopped_cloud,2,0.999063822464628
legacy,False,False,0.0134451693745449,0.9572208329140452,0.0549197389038658,,,,,,,,,,,,stopped_cloud,3,
centered_algebraic,True,False,0.0134451693745449,0.9572208329140452,0.0549197389038658,1.6013585625274651,1.4494926598912934,1.109241860136045,1.063460831677174,1.3383683885401902,351.4091019568303,4.0,0.0,1.1018306988994242,0.1062364760410594,1.6514823929657323e-14,stopped_cloud,3,1.0045299652773263
ellipse_constrained,True,False,0.0134451693745449,0.9572208329140452,0.0549197389038658,1.6013092972527148,1.4490253056520153,0.7537730310326417,1.062673017222718,0.8780949115753173,352.35106185727466,4.0,0.0,0.7674258543417697,0.0943829824682154,1.6514823929657323e-14,stopped_cloud,3,1.0043695791667129
geometric_ellipse,True,True,0.0134451693745449,0.9572208329140452,0.0549197389038658,1.6002313585428094,1.4372761111779333,0.736117159764981,6.699453174942343,2.999999999999999,316.4292668938849,4.0,4.0,0.751805658548314,1.505599022574906,3.329030364394709e-08,stopped_cloud,3,1.0016695285550756
legacy,True,False,0.0130941125822539,0.283156142638178,0.0730433923469765,1.598658409208224,1.4535712301225672,0.593327423948831,4.2779610088964,2.5711083326201103,351.96585797432937,4.0,0.0,0.6005525895151528,0.3674931734859445,,stopped_cloud,4,0.995599200232789
centered_algebraic,True,False,0.0130941125822539,0.283156142638178,0.0730433923469765,1.6011877799491798,1.4504583443176085,0.9219612150197496,1.1763844072046286,1.2565884470074478,353.0518532923961,4.0,0.0,0.9240141264191272,0.0428971861182755,0.0,stopped_cloud,4,1.0039604290023312
ellipse_constrained,True,False,0.0130941125822539,0.283156142638178,0.0730433923469765,1.60093011422427,1.4506795353540478,0.709502069117505,1.0999778192001015,0.8823302388191223,353.2585940409404,4.0,0.0,0.711455501711397,0.0560467099373866,0.0,stopped_cloud,4,1.0031029381946666
geometric_ellipse,True,True,0.0130941125822539,0.283156142638178,0.0730433923469765,1.6005835749959456,1.4515445933267337,0.7046793013863533,6.973618861955371,3.0,354.18627752449856,4.0,2.0,0.8010469809161096,0.5398729757680746,1.0272664711464398e-07,stopped_cloud,4,1.0019584784360422
legacy,False,False,0.0133681898082699,0.3197128207140595,0.0688361949450807,,,,,,,,,,,,stopped_cloud,5,
centered_algebraic,True,False,0.0133681898082699,0.3197128207140595,0.0688361949450807,1.599557387253894,1.4501676308502904,0.9892369996384472,1.2005544666808006,1.3519221291928425,353.4753243002094,4.0,0.0,0.9928585131900152,0.0675232675875057,1.6609923116716107e-14,stopped_cloud,5,0.9985247805219756
ellipse_constrained,True,False,0.0133681898082699,0.3197128207140595,0.0688361949450807,1.599228014979151,1.450156993915439,0.7177023264920935,1.0950070065686044,0.9108390808105468,354.8178328339443,4.0,0.0,0.7277043185352138,0.0735472114972737,0.0,stopped_cloud,5,0.9974268538786992
geometric_ellipse,True,True,0.0133681898082699,0.3197128207140595,0.0688361949450807,1.6008750236103548,1.451712803365545,0.7326587340246439,6.906255539619432,2.99999999999992,353.860848571951,4.0,3.0,0.7496370368408717,0.4386234334723136,3.7159034244505675e-08,stopped_cloud,5,1.002932996144035
legacy,False,False,0.0128173291763284,0.9172255585945214,0.081172276151103,,,,,,,,,,,,stopped_cloud,6,
centered_algebraic,True,False,0.0128173291763284,0.9172255585945214,0.081172276151103,1.60088481326131,1.4485067352607837,0.9876356089821692,1.207864478270984,1.3581097834825069,352.15731233221163,4.0,0.0,0.9720566295317884,0.0462610947144466,0.0,stopped_cloud,6,1.0029617290298811
ellipse_constrained,True,False,0.0128173291763284,0.9172255585945214,0.081172276151103,1.6010739433625616,1.448323347242818,0.7266573824245312,1.1622038772132504,0.9508157968521118,353.9847882055567,4.0,0.0,0.7347914203039548,0.0332000120650294,1.7323781099038268e-14,stopped_cloud,6,1.003595372959702
geometric_ellipse,True,False,0.0128173291763284,0.9172255585945214,0.081172276151103,1.6016844863096138,1.448618173133135,0.6487255572745915,4.765744396192381,2.1074970177666623,352.8370962814708,4.0,1.0,0.7235517195129668,0.4969272767612303,1.2225637516143073e-07,stopped_cloud,6,1.0056255031095245
legacy,True,False,0.0138383833338919,0.3100632396852266,0.068843231306333,1.5987096765171862,1.4511677424785163,0.5904122732586424,5.220256392932689,3.1321049411657,354.73141397055423,4.0,0.0,0.587083268553147,0.2119371744435673,0.990552002829122,stopped_cloud,7,0.9957065300997642
centered_algebraic,True,False,0.0138383833338919,0.3100632396852266,0.068843231306333,1.6005880887338266,1.4495576199215303,0.9331752647522168,1.2020701017594255,1.26232975423375,353.5225964400651,4.0,0.0,0.9132016135057572,0.0480138646504646,1.6045559626984432e-14,stopped_cloud,7,1.0019613808746912
ellipse_constrained,True,False,0.0138383833338919,0.3100632396852266,0.068843231306333,1.600393401666124,1.4494629029301682,0.6910989982169352,1.1235521267617212,0.8861671090126038,353.75977999767423,4.0,0.0,0.6932570652145582,0.0336648460494536,1.6045559626984432e-14,stopped_cloud,7,1.0013129394161988
geometric_ellipse,True,False,0.0138383833338919,0.3100632396852266,0.068843231306333,1.6009677250620704,1.4513265905282322,0.6910970012636098,3.693118204905067,1.6180630143742305,354.6101786683701,4.0,0.0,0.6468432995894201,0.3151773716247982,7.11377162080432e-07,stopped_cloud,7,1.0032354956255152
legacy,False,False,0.0143252064509719,0.7080624218366179,0.0579681997543733,,,,,,,,,,,,stopped_cloud,8,
centered_algebraic,True,False,0.0143252064509719,0.7080624218366179,0.0579681997543733,1.600799465042818,1.4499172740879784,0.9190636952490998,1.1255804760342898,1.1957614550216655,354.4174407273829,4.0,0.0,0.924740959393436,0.0416147893977261,0.0,stopped_cloud,8,1.002664921394879
ellipse_constrained,True,False,0.0143252064509719,0.7080624218366179,0.0579681997543733,1.6010255906180986,1.450313620118212,0.6960107111992642,1.1411713326671131,0.8704798221588135,354.4418520570632,4.0,0.0,0.7178669286168837,0.0420154159321754,2.1920695719917543e-14,stopped_cloud,8,1.003419179962822
geometric_ellipse,True,False,0.0143252064509719,0.7080624218366179,0.0579681997543733,1.600096429267624,1.4506696215564727,0.6914332859670971,4.177660128204345,1.7486138861319371,353.30868991956896,4.0,1.0,0.7092940985637031,0.1688968673697289,3.516755026552944e-07,stopped_cloud,8,1.0003239211609127
legacy,True,False,0.0137941441831932,0.764430765265242,0.0809384721556635,1.5944866218969624,1.4553267173194946,0.59517762157216,16.566914540851922,9.53050803909545,345.66046799843286,2.0,0.0,0.6601941616574875,1.1237743871814516,,stopped_cloud,9,0.9817826439339044
centered_algebraic,True,False,0.0137941441831932,0.764430765265242,0.0809384721556635,1.5996660457893914,1.450035900189765,0.960732921905448,1.098957782448781,1.2172858801195603,355.2925915822525,4.0,0.0,0.9635265937842428,0.0515362499139395,3.219403856827449e-14,stopped_cloud,9,0.998886826466082
ellipse_constrained,True,False,0.0137941441831932,0.764430765265242,0.0809384721556635,1.599756879515074,1.450570080347295,0.7030312097743961,1.0710871370932886,0.8537557125091553,354.3044382999982,4.0,0.0,0.7090662968878724,0.0739182526641901,1.6097019284137246e-14,stopped_cloud,9,0.9991914053552222
geometric_ellipse,True,True,0.0137941441831932,0.764430765265242,0.0809384721556635,1.5878774522899315,1.4532668091446488,0.7141419900477902,6.892186064433112,2.999999999411448,327.1628477025678,4.0,4.0,0.7920333796379029,0.4175516822007863,1.1581816352873743e-07,stopped_cloud,9,0.9596532914370072
legacy,False,False,0.0134375993038968,0.4530649374683351,0.0594968473538427,,,,,,,,,,,,stopped_cloud,10,
centered_algebraic,True,False,0.0134375993038968,0.4530649374683351,0.0594968473538427,1.600939171659019,1.4483021901053486,1.0143557325571122,1.0457387429596,1.232334051478575,354.90442271798673,4.0,0.0,1.014997524923683,0.047466390016986,1.6524127554587736e-14,stopped_cloud,10,1.003146536306053
ellipse_constrained,True,False,0.0134375993038968,0.4530649374683351,0.0594968473538427,1.6012615975766116,1.4482321620110277,0.7303702066522552,1.0865305247463184,0.8767027258872986,354.8248582616589,4.0,0.0,0.7321820722647012,0.0582968007491948,1.6524127554587736e-14,stopped_cloud,10,1.004222614903729
geometric_ellipse,True,True,0.0134375993038968,0.4530649374683351,0.0594968473538427,1.599145928646243,1.4383602013745396,0.6587344427370787,7.303785002081385,2.9999999982749936,334.7099143432745,4.0,3.0,0.6789827880089015,0.6639224782301454,6.106541037592599e-09,stopped_cloud,10,0.9979076529177572
legacy,True,False,0.0138084292293449,0.4809300893289357,0.0784035754775979,1.5963357948358778,1.4528141555752356,0.6058779506122918,3.465387432705267,2.128851660865965,349.607232885424,4.0,0.0,0.6010817445208526,0.2042226661967813,,stopped_cloud,11,0.9878305228721794
centered_algebraic,True,False,0.0138084292293449,0.4809300893289357,0.0784035754775979,1.59900999418087,1.4502654082806998,0.9515395649819942,1.0483065916347103,1.1567268332816143,352.5117920557781,4.0,0.0,0.9585823217887324,0.0670562810237723,1.6080366654097992e-14,stopped_cloud,11,0.9967003732405092
ellipse_constrained,True,False,0.0138084292293449,0.4809300893289357,0.0784035754775979,1.599073573099321,1.450090305385837,0.7183799817800309,1.027751787943484,0.8274479508399963,352.91052004443543,4.0,0.0,0.729189988011884,0.0695043058396075,3.2160733308195983e-14,stopped_cloud,11,0.9969119557773152
geometric_ellipse,True,True,0.0138084292293449,0.4809300893289357,0.0784035754775979,1.5960072932424354,1.44899430938544,0.7024793720961523,7.528624645573534,2.9999999884530624,350.1232070481526,4.0,3.0,0.7103413139389997,0.7920573993383728,2.1695140218947126e-07,stopped_cloud,11,0.986696672214501
legacy,True,False,0.3096988634052232,0.999948290093499,0.9806457166873296,1.3020631113543064,1.4493961153654091,0.2026523329737773,1.8367628551160813,1.0319937171141615,336.3147078185738,4.0,0.0,0.2338266468666787,0.0514030659578612,0.0038255952953308,center_drift,0,0.0071655852766793
centered_algebraic,True,False,0.3096988634052232,0.999948290093499,0.9806457166873296,1.3016757794809306,1.4485455961621516,0.1897725500686899,1.7035087448997377,1.0199561887906288,336.4025904912977,4.0,0.0,0.2256254160726044,0.0539818544348581,7.169693891788639e-16,center_drift,0,0.0073963409814552
ellipse_constrained,True,False,0.3096988634052232,0.999948290093499,0.9806457166873296,1.301230443307099,1.4483956070058503,0.1906309450508015,1.7034478501956178,1.0199131965637207,336.4040925693415,4.0,0.0,0.2230552981541787,0.0524074086604955,0.0,center_drift,0,0.0067396567763423
geometric_ellipse,True,False,0.3096988634052232,0.999948290093499,0.9806457166873296,1.3021565360009475,1.448767186996481,0.1808688424084197,1.7481572831216543,0.9949349196618792,336.39410408261165,4.0,0.0,0.2204400494827143,0.0520158909523208,1.5716991402886794e-09,center_drift,0,0.0082801472242869
legacy,True,False,0.3151950292664472,0.9999906155700544,0.9792963952773506,1.30063706523696,1.449412704331091,0.183988696235766,1.8246380328609424,1.0106615231231777,344.6037614521369,4.0,0.0,0.2155628533516002,0.0475053583413074,0.0027183590718206,center_drift,1,0.0028882295977947
centered_algebraic,True,False,0.3151950292664472,0.9999906155700544,0.9792963952773506,1.2997899257424426,1.44826148584178,0.1799261894902494,1.701728336583604,1.0007454433875675,344.67593699628725,4.0,0.0,0.2182249768274926,0.0521682220865875,7.044673434152667e-16,center_drift,1,0.0058372012624199
ellipse_constrained,True,False,0.3151950292664472,0.9999906155700544,0.9792963952773506,1.2995318794605062,1.4483645356824912,0.180614422409145,1.701663775022151,1.000715732574463,344.66226500816475,4.0,0.0,0.2156500973358525,0.0486597372485545,1.575236867805225e-15,center_drift,1,0.0056704696781172
geometric_ellipse,True,False,0.3151950292664472,0.9999906155700544,0.9792963952773506,1.298979980156939,1.4484434503613768,0.1805010485708655,1.766137005481858,0.9854100852736776,344.6443125031155,4.0,0.0,0.212386582564314,0.0507530157010411,1.6828467642032162e-09,center_drift,1,0.0062033031145028
legacy,True,False,0.3125372164270596,0.9997155398721368,0.9799651677676096,1.3014915708710162,1.4535645152275578,0.1931272884046413,1.8512909411860523,1.0259863870478756,342.682915766398,4.0,0.0,0.2217229641453931,0.054052438877462,0.0033384906272812,center_drift,2,0.0128800243576183
centered_algebraic,True,False,0.3125372164270596,0.9997155398721368,0.9799651677676096,1.3011671363924218,1.452107557530261,0.1915102343584199,1.7253298955862293,1.0145511467961912,342.8279533243409,4.0,0.0,0.2316199437036978,0.0568630642037367,0.0,center_drift,2,0.008030501646069
ellipse_constrained,True,False,0.3125372164270596,0.9997155398721368,0.9799651677676096,1.300742185361038,1.4525363633637651,0.1899799030321523,1.725637099181928,1.014576077461243,342.79481943308974,4.0,0.0,0.2302140474847669,0.0551166441782433,7.104581254784817e-16,center_drift,2,0.0088090724844012
geometric_ellipse,True,False,0.3125372164270596,0.9997155398721368,0.9799651677676096,1.3009472916624163,1.4526315659401137,0.1854611949331226,1.7888817746928456,0.9972001970720282,342.7820420286288,4.0,0.0,0.2268690059484971,0.0550391667120296,1.7302411037486282e-09,center_drift,2,0.0093229113185684
legacy,True,False,0.3122727490898318,0.9998073892044442,0.98228578737754,1.299042535797324,1.4502492334126371,0.1751908288244271,1.8107062869066972,1.0215184647310178,347.8631378293361,4.0,0.0,0.2082725089183627,0.0472633505793206,0.0035530973696769,center_drift,3,0.003297903363217
centered_algebraic,True,False,0.3122727490898318,0.9998073892044442,0.98228578737754,1.2989729416217808,1.4494764055327434,0.1854524900014814,1.7055062171043365,1.014954581766209,347.8372223833547,4.0,0.0,0.2190570431967914,0.050326804422698,7.110598205325803e-16,center_drift,3,0.0038427421898836
ellipse_constrained,True,False,0.3122727490898318,0.9998073892044442,0.98228578737754,1.2986366666274305,1.4493154637088874,0.1843876293347593,1.7054052738473238,1.0149034261703491,347.8785012886478,4.0,0.0,0.2178333494572141,0.0479238278611879,1.0055904418557542e-15,center_drift,3,0.0050851284465498
geometric_ellipse,True,False,0.3122727490898318,0.9998073892044442,0.98228578737754,1.299712608944476,1.4496898978453705,0.1759174858738983,1.738531856851734,0.9918363776936892,347.7392653066907,4.0,0.0,0.2225086167929138,0.0475434677929322,1.3820058106680036e-09,center_drift,3,0.0014093220005106
legacy,True,False,0.3180562979335661,0.9999906263246788,0.9798812585363116,1.2997843812084324,1.4512708219453594,0.204401245912973,1.858418572782732,1.0084505678987137,335.1728474721256,4.0,0.0,0.2285399571849244,0.0523024535885987,0.0036173413833123,center_drift,4,0.0042966134986162
centered_algebraic,True,False,0.3180562979335661,0.9999906263246788,0.9798812585363116,1.2998510798994745,1.4504725029054482,0.1892584963388349,1.730896737196151,0.9984071752117424,335.27615526250963,4.0,0.0,0.2320425131061965,0.0565203810694035,0.0,center_drift,4,0.0016513839044791
ellipse_constrained,True,False,0.3180562979335661,0.9999906263246788,0.9798812585363116,1.2991121237415453,1.450316484842613,0.1911140477005182,1.73059106084142,0.9982635974884034,335.3433239415677,4.0,0.0,0.2317556535714794,0.0525037895751663,6.981298794196831e-16,center_drift,4,0.0031419861127274
geometric_ellipse,True,False,0.3180562979335661,0.9999906263246788,0.9798812585363116,1.2992802329981004,1.4505116832637066,0.1889014203409794,1.7935355996806257,0.97984656260097,335.3066546921576,4.0,0.0,0.2272000250560209,0.0488705168922471,1.5684930011260072e-09,center_drift,4,0.0029437019387558
legacy,True,False,0.3124221552036092,0.9999685058696662,0.9804389590746116,1.2984351926899522,1.4503947885776145,0.1884252923810701,1.8194396805819903,1.0148433190483654,332.28571103826283,4.0,0.0,0.2255344882228704,0.0511817240488147,0.0062939820572426,center_drift,5,0.0053794670725245
centered_algebraic,True,False,0.3124221552036092,0.9999685058696662,0.9804389590746116,1.298748767146718,1.4491676919820349,0.2000874107570716,1.6991866393510338,1.0051063172462824,332.44591727600937,4.0,0.0,0.2290005673691733,0.0522911215145315,1.4214395568734377e-15,center_drift,5,0.0050092362357524
ellipse_constrained,True,False,0.3124221552036092,0.9999685058696662,0.9804389590746116,1.298368940623046,1.4494120961166588,0.2011974769745952,1.6993258924261607,1.005112648010254,332.4288927545027,4.0,0.0,0.2280171808917245,0.051207735617177,1.4214395568734377e-15,center_drift,5,0.0057792595327285
geometric_ellipse,True,False,0.3124221552036092,0.9999685058696662,0.9804389590746116,1.2998600893822678,1.4493370529101135,0.1885478861075145,1.7525463727885366,0.987826583427706,332.3715374732897,4.0,0.0,0.218521194143246,0.0510731178916842,1.5963889819907654e-09,center_drift,5,0.0022584995632379
legacy,True,False,0.3174625968327867,0.999985004841419,0.979598756174888,1.3036347270446476,1.4498105048849843,0.2006510640849899,1.8715358915736395,1.0174510216269146,346.8217766252164,4.0,0.0,0.2273030229173505,0.0548449903599545,0.0030824263384263,center_drift,6,0.0121322110688433
centered_algebraic,True,False,0.3174625968327867,0.999985004841419,0.979598756174888,1.3026216002805948,1.448499573783452,0.194532739120248,1.7303870177875968,1.0050799438184286,346.9050837022591,4.0,0.0,0.2311263784313047,0.0562978616595205,0.0,center_drift,6,0.0100686901181163
ellipse_constrained,True,False,0.3174625968327867,0.999985004841419,0.979598756174888,1.3027076867208929,1.4488409012030945,0.1939213569015436,1.7305818581950148,1.0051065683364868,346.88066058579795,4.0,0.0,0.2296770475088127,0.0550276288545207,0.0,center_drift,6,0.0098178281143639
geometric_ellipse,True,False,0.3174625968327867,0.999985004841419,0.979598756174888,1.3010903523267985,1.4486944842213407,0.185959515645685,1.7950986457057818,0.9849499704385498,346.8680808860838,4.0,0.0,0.2282124876666901,0.05518055801981,1.6283581792423591e-09,center_drift,6,0.0056698418995035
legacy,True,False,0.3148367220855558,0.9998237612633613,0.98082696506236,1.2986357812696672,1.4518587800786678,0.193262102167582,1.827854102714805,1.0218237358072837,341.9249112289365,4.0,0.0,0.2160806911666823,0.0497508938147363,0.00400269051141,center_drift,7,0.0076855970093005
centered_algebraic,True,False,0.3148367220855558,0.9998237612633613,0.98082696506236,1.2978733605260284,1.4508138136560562,0.1899875865566311,1.7038729684620209,1.0117691665575834,342.09239743430743,4.0,0.0,0.2132611593988433,0.0517059502708556,9.974010962146326e-16,center_drift,7,0.0075901164674404
ellipse_constrained,True,False,0.3148367220855558,0.9998237612633613,0.98082696506236,1.2979746108784531,1.4508469061853315,0.1901477826760732,1.7038716613182177,1.011767029762268,342.0813719080646,4.0,0.0,0.2113263672465828,0.0494887181064055,9.974010962146326e-16,center_drift,7,0.0073177494874016
geometric_ellipse,True,False,0.3148367220855558,0.9998237612633613,0.98082696506236,1.2969366608075463,1.4502579895589165,0.1782135206654413,1.7660914343280194,0.9936360073553068,342.22053945766635,4.0,0.0,0.2091300725630084,0.049771183262133,1.467594294934006e-09,center_drift,7,0.0102472791079892
legacy,True,False,0.3132159582621525,0.9997452500380558,0.9823571854222504,1.2966300787367306,1.4535632775182104,0.1924783238821305,1.8280330192026448,1.0193692976554776,343.34653674617897,4.0,0.0,0.2292840793175727,0.0467845185431798,0.0046740097286156,center_drift,8,0.0163480600250437
centered_algebraic,True,False,0.3132159582621525,0.9997452500380558,0.9823571854222504,1.2967879477181254,1.4525913605529022,0.1995491499092428,1.7018164581120525,1.0078008031793622,343.460726146584,4.0,0.0,0.2309682533939063,0.0517172301980836,0.0,center_drift,8,0.0137567879716134
ellipse_constrained,True,False,0.3132159582621525,0.9997452500380558,0.9823571854222504,1.2962610681292777,1.452565106282617,0.1994571935978303,1.7016197294378503,1.0077136754989624,343.3773409571528,4.0,0.0,0.2296000070448524,0.0477459117819734,0.0,center_drift,8,0.015114151490509
geometric_ellipse,True,False,0.3132159582621525,0.9997452500380558,0.9823571854222504,1.2970380289936052,1.4533196648580835,0.1876709615011874,1.741313484315359,0.9849417844853052,343.4359455178508,4.0,0.0,0.2248029601518094,0.0499220424906975,1.6833301147371355e-09,center_drift,8,0.014829942313786
legacy,True,False,0.3132020896835752,0.999933474019176,0.978847963489379,1.3018977307947706,1.4521794726878463,0.2026190802722982,1.8327336405222845,1.0247004764278853,342.8054064521686,4.0,0.0,0.2379675443517979,0.0510142604735001,0.0026563492423032,center_drift,9,0.0096329777134409
centered_algebraic,True,False,0.3132020896835752,0.999933474019176,0.978847963489379,1.3009098453022396,1.4515302053890566,0.2046999777477964,1.7116115551072006,1.0160898448859876,342.8613355954088,4.0,0.0,0.2375820417741574,0.0539262872023292,7.08949947139116e-16,center_drift,9,0.0059342199774842
ellipse_constrained,True,False,0.3132020896835752,0.999933474019176,0.978847963489379,1.3009205143325844,1.4512483055784802,0.2041933924546776,1.71174506971754,1.016108155250549,342.88504117448514,4.0,0.0,0.2371677613297753,0.051434803029501,1.0026066302878269e-15,center_drift,9,0.0051700133824864
geometric_ellipse,True,False,0.3132020896835752,0.999933474019176,0.978847963489379,1.2997079191198355,1.451397096436768,0.1960979245477302,1.7603422234592396,0.9938895119513462,342.8749156049911,4.0,0.0,0.2268610259303356,0.0519290811070428,1.8166986999530301e-09,center_drift,9,0.0047576718094595
legacy,True,False,0.3195531541742742,0.9999948701112024,0.9812647962364376,1.3016147464930792,1.44775259234269,0.1864303854161423,1.8368041962495865,1.0134774545237288,344.5495694182771,4.0,0.0,0.2154966610348674,0.0455128640200705,0.0041320239084713,center_drift,10,0.0092245128838853
centered_algebraic,True,False,0.3195531541742742,0.9999948701112024,0.9812647962364376,1.3012782876744935,1.4469429908573392,0.1955387330904198,1.7135368993435158,1.0040574726249925,344.60007465003025,4.0,0.0,0.2304111096330151,0.048619216739057,0.0,center_drift,10,0.0110450211392952
ellipse_constrained,True,False,0.3195531541742742,0.9999948701112024,0.9812647962364376,1.3008275273866294,1.446868987167398,0.1964622237906361,1.7135177012260336,1.0040308237075806,344.58949845127154,4.0,0.0,0.2276391407675378,0.046358792596613,0.0,center_drift,10,0.01079508269411
geometric_ellipse,True,False,0.3195531541742742,0.9999948701112024,0.9812647962364376,1.3006704039182928,1.4461077935175042,0.1883458776080198,1.766161785382143,0.9847930664190796,344.6427020351391,4.0,0.0,0.2195175281457989,0.0503558925366069,1.8696008369887816e-09,center_drift,10,0.0131650685595735
legacy,True,False,0.3151372370157665,0.999966230316611,0.9801297155801724,1.302591196571948,1.4486229258069907,0.1781132077803266,1.816783531591842,1.0162598583192588,333.73154465717425,4.0,0.0,0.2068181181946436,0.0477668657813336,0.0030845768105818,center_drift,11,0.0097812933747863
centered_algebraic,True,False,0.3151372370157665,0.999966230316611,0.9801297155801724,1.3024439965711692,1.4478617501294069,0.177093930199414,1.706680001604917,1.0087389084280485,333.8254013331563,4.0,0.0,0.2188591510932262,0.0534754599940233,7.045965339663187e-16,center_drift,11,0.0108244741976374
ellipse_constrained,True,False,0.3151372370157665,0.999966230316611,0.9801297155801724,1.301769551621664,1.4476931745120414,0.1774145134095077,1.7064416466753587,1.0086146593093872,333.8357138716491,4.0,0.0,0.2172032642430287,0.0483431097356156,9.964499743362428e-16,center_drift,11,0.0096912083718688
geometric_ellipse,True,False,0.3151372370157665,0.999966230316611,0.9801297155801724,1.300688459474779,1.447607698036908,0.1708497900833284,1.7497275964058776,0.9885779039519376,333.8301093985139,4.0,0.0,0.205594086871147,0.0491904945414556,1.2179248230092395e-09,center_drift,11,0.0082979817700362
robust_circle,True,False,0.2976251995953186,0.9999884693566378,0.9844339126897819,1.2990107164486695,1.4498032563626433,0.13207060917742636,1.0,1.0093679939837326,353.6807385327734,4.0,0.0,0.13266712551847212,0.004037292466362547,1.3541397915521595e-10,circle,0,0.0033621917517091685
robust_circle,True,False,0.2984811096415211,0.99994271551424,0.983005347755951,1.3011345057999344,1.4514409155511885,0.1285733934771469,1.0,1.007130252663226,355.451076701554,4.0,0.0,0.1295771747061628,0.00612338424301574,1.9908541945640492e-10,circle,1,0.0061131379791956745
robust_circle,True,False,0.29923465783555203,0.9999968447203912,0.9840917550711249,1.2987294774691944,1.4503915559798977,0.13520829775955462,1.0,1.0009139718174316,354.0701792013465,4.0,0.0,0.13035384563225838,0.0034404198355080153,1.0568637464370884e-10,circle,2,0.004431633241290978
robust_circle,True,False,0.30183777096227793,0.999991435772481,0.9837103684338625,1.3009079323935966,1.4514929201953337,0.14171865969993214,1.0,1.001169213231837,353.8620793864871,4.0,0.0,0.141574892584036,0.0040607040306823395,1.8814154917972824e-10,circle,3,0.005824423615715442
robust_circle,True,False,0.30002293744631403,0.999998314824811,0.9835032313887379,1.2985743847134117,1.4521922945753039,0.12469151364673656,1.0,1.0003937431368704,354.25445986926854,4.0,0.0,0.12689640803578303,0.00472252900805205,1.9321134201464046e-10,circle,4,0.008716863892135432
robust_circle,True,False,0.3000597398670264,0.9999049535572836,0.9842102972676949,1.3021803510856922,1.4507500541748612,0.12105297263710604,1.0,1.0007193415685,355.3251380570437,4.0,0.0,0.1208170691191301,0.003942493843228659,2.6811358332695645e-10,circle,5,0.007685854338477039
robust_circle,True,False,0.29723752835895034,0.999966907662936,0.9842822332113904,1.2982088158195968,1.4519066042738624,0.14747587482429236,1.0,1.007027008190968,354.22361762962976,4.0,0.0,0.1492291447891983,0.004778429878244573,2.908959125512888e-10,circle,6,0.008720015688847688
robust_circle,True,False,0.29529170676326066,0.9999883961649766,0.9825435648961841,1.298651986058883,1.451219513607001,0.1302977712670883,1.0,1.0188464133952415,354.8533648846401,4.0,0.0,0.12849298293696193,0.00468575558449988,2.2431509422066517e-10,circle,7,0.006059294993008261
robust_circle,True,False,0.3006891808028491,0.9999898978822138,0.9833027908380576,1.3018442902745853,1.4501435441603614,0.13226439891340547,1.0,1.0031837451012302,354.1662885540692,4.0,0.0,0.13236961544115552,0.004441516648760361,1.7011750465208032e-10,circle,8,0.006166226599526268
robust_circle,True,False,0.2963663498087171,0.9997680330393037,0.9841893487252664,1.3010152518815956,1.4495019066174017,0.13039288923799255,1.0,1.0081915360873726,353.11281135851635,4.0,0.0,0.13432575075498915,0.0061732741324310265,4.161719384149517e-10,circle,9,0.0037695172117504627
robust_circle,True,False,0.2984722622801935,0.9999254696724739,0.9842166873419367,1.3011592973874584,1.4490847339858788,0.1316677540828979,1.0,1.0021757694157727,354.6249865691284,4.0,0.0,0.131710289288149,0.005608311074827275,1.7598735166116407e-10,circle,10,0.004923506326427009
robust_circle,True,False,0.30199014156544257,0.999983794909447,0.9831256900314408,1.3007240990369373,1.4494717876749048,0.1268370591774194,1.0,0.9993713605253167,354.0399103998099,4.0,0.0,0.1270105344925958,0.005959404080425659,1.3058645123353763e-10,circle,11,0.002987618292731768
robust_circle,True,False,0.2990021325653318,0.999938394765148,0.981939264773109,1.3023489455967199,1.4498463640487311,0.2621158887152511,1.0,0.8160020415265989,353.28106505909295,4.0,0.0,0.26434582899626263,0.006959490523575233,8.587807589627349e-09,ellipse,0,0.007846548726012363
robust_circle,True,False,0.2963977569339098,0.9993905986129761,0.9794584995159131,1.2967752485432642,1.452827562192294,0.28303760507324627,1.0,0.8286713821316208,352.31486410345383,4.0,0.0,0.2874122504897304,0.010039631290190698,7.919495151939705e-09,ellipse,1,0.01429612609105083
robust_circle,True,False,0.3028393425802848,0.9999457382796009,0.9781665060465083,1.2998551990044478,1.4501465675681018,0.2599525255592253,1.0,0.8063119576633604,351.4987728858472,4.0,0.0,0.2642185023972613,0.006405611489169282,8.376347941937864e-09,ellipse,2,0.0006867749132495858
robust_circle,True,False,0.3030584055582713,0.9999177640412588,0.981284937110103,1.2989707710642167,1.4516433234861204,0.26215387784576155,1.0,0.8112530272257403,353.6476781923419,4.0,0.0,0.2614668614014131,0.003087915398678799,8.165761424312322e-09,ellipse,3,0.00646342210897318
robust_circle,True,False,0.29862308332700427,0.9996647103123428,0.981135592279595,1.2998461007046191,1.4523868654938106,0.27316402968890907,1.0,0.8232510663089273,350.9802208926393,4.0,0.0,0.27306813280649167,0.011809044783303746,7.806576775395886e-09,ellipse,4,0.007972739581196911
robust_circle,True,False,0.30154343511392084,0.9999632429467772,0.980283732239402,1.3000050947788053,1.448366786155056,0.2606026526273053,1.0,0.8160860776588521,354.16563012129296,4.0,0.0,0.2637149489807418,0.008171209408165828,7.587110326374403e-09,ellipse,5,0.005444072638187684
robust_circle,True,False,0.30103994202249484,0.9993740040060659,0.9812120086193864,1.3012251538585136,1.4477442074744433,0.2650944872798451,1.0,0.8166981553705229,352.3836432181902,4.0,0.0,0.2652783890327872,0.005027142885228316,8.250805645057148e-09,ellipse,6,0.008556739965526675
robust_circle,True,False,0.29528802078776695,0.9996102507593708,0.9819574113438201,1.3009270751422517,1.4501858913129844,0.263689693424502,1.0,0.8311239029829872,351.33548802031186,4.0,0.0,0.2655530026585037,0.006893551989839947,7.533637955832189e-09,ellipse,7,0.003151761235358896
robust_circle,True,False,0.2930452117699004,0.999750096732683,0.9817488550598314,1.2991665084477404,1.4489806012646578,0.27875597204462543,1.0,0.8362137083390426,353.3796635214687,4.0,0.0,0.2785155636143232,0.00745838063257861,7.790663112718895e-09,ellipse,8,0.0043892317086572895
robust_circle,True,False,0.3001419775696198,0.9997197242014901,0.978486521150356,1.2990660922344575,1.4508379568385117,0.2737221819775136,1.0,0.8220233432494939,354.1169893934033,4.0,0.0,0.2730932766248062,0.00353811813386498,7.885783701216838e-09,ellipse,9,0.004182443966217364
robust_circle,True,False,0.3024066998587115,0.9999435154510844,0.9806362618887139,1.3046445892142944,1.4503126788402998,0.2829345428315351,1.0,0.8136458885247005,353.2777687998745,4.0,0.0,0.28644475034017414,0.004274600916361702,8.654217429754564e-09,ellipse,10,0.015517007524616528
robust_circle,True,False,0.29819355650482327,0.9999281851320785,0.9812054903365615,1.301877131861518,1.4538624147658803,0.2686168564975997,1.0,0.8259826829954742,353.5906276685068,4.0,0.0,0.27059832430901243,0.006951890165837137,7.843318702523995e-09,ellipse,11,0.014314666856532817
robust_circle,True,False,0.344267425405687,0.9942328924327386,0.8956132425800515,1.3036457581084757,1.450699771277715,0.44854537989179893,1.0,0.8924588317962981,354.7581990189197,4.0,0.0,0.4567876986088134,0.013840046974792233,4.988303690884254e-09,thick_circle,0,0.012374360601497778
robust_circle,True,False,0.3516773121428282,0.9998976823068959,0.8931296646386839,1.3042327647506573,1.4373583269733177,0.41091563101517586,1.0,0.8796796254379606,354.72401427267425,4.0,0.0,0.4166011358542519,0.037253850705339785,3.588709344644375e-09,thick_circle,1,0.044438246083494976
robust_circle,True,False,0.35519880234390333,0.9976337660346406,0.8990715550874924,1.3068449786998364,1.4377190261478827,0.43456469657055435,1.0,0.8891685182664091,354.0595134440891,4.0,0.0,0.44183929275633194,0.020869014341107352,3.72375004618606e-09,thick_circle,2,0.046865771939965925
robust_circle,True,False,0.3388697247968646,0.9994928098311995,0.8679186875995396,1.2961127272112194,1.4461028720665514,0.4519053263265694,1.0,0.8995268892986118,350.18706141288624,4.0,0.0,0.4724211269395993,0.031278615858027714,4.386244772133745e-09,thick_circle,3,0.01834802316450206
robust_circle,True,False,0.3539983370330143,0.9999743537472678,0.8908099889012977,1.2901992982598178,1.44842362456781,0.4523615416801845,1.0,0.8916755809183529,352.4018630678142,4.0,0.0,0.4547881763762321,0.015647389205231805,3.126567499446881e-09,thick_circle,4,0.033088889391258244
robust_circle,True,False,0.34884105988821223,0.9945660500831714,0.8934575043488466,1.2904634722032173,1.448455686654866,0.4175962627571827,1.0,0.9052601774727058,354.1876408095433,4.0,0.0,0.429111604181798,0.03279230530257932,4.187061711971962e-09,thick_circle,5,0.032202530288225714
robust_circle,True,False,0.3501638499772557,0.9993333069988071,0.881012309483366,1.2923442789776267,1.4466844654764492,0.44017891570749235,1.0,0.882838001667974,353.6579993785571,4.0,0.0,0.43315301394640365,0.03330273852714204,2.918728433563933e-09,thick_circle,6,0.027809437556593302
robust_circle,True,False,0.3393350744731354,0.9999976477431239,0.896402938714691,1.2954076830869794,1.4494581160380473,0.4277657344432039,1.0,0.9191089872000793,353.34844971808405,4.0,0.0,0.4268353856549253,0.017630244347214618,2.5753831076554007e-09,thick_circle,7,0.0154139233082867
robust_circle,True,False,0.3528209837448977,0.999247790467467,0.912605062189518,1.2922117571046616,1.453118935645312,0.40990651226664676,1.0,0.8970173578759263,353.7458026314292,4.0,0.0,0.4086069448318741,0.023912483295454423,2.9950486868507175e-09,thick_circle,8,0.027965154300861144
robust_circle,True,False,0.34765465461135636,0.999628278680444,0.9014445801301486,1.2893566307600466,1.4548662654464837,0.4376804615502231,1.0,0.8982308345682027,354.5246872952873,4.0,0.0,0.4440089841527747,0.02848032557896602,3.401224592187294e-09,thick_circle,9,0.03901023343996189
robust_circle,True,False,0.3453130037716843,0.9997355825387568,0.898522175120966,1.3127313974795756,1.4405833885326371,0.46783964113725085,1.0,0.899837129162224,352.92225116401437,4.0,0.0,0.4651440688759733,0.0159830829747881,3.473975045502117e-09,thick_circle,10,0.05278478877166238
robust_circle,True,False,0.3450633355811469,0.9999559340362514,0.886192302308471,1.3050238794639386,1.4499172321955365,0.4616162132065464,1.0,0.8722652884181316,354.31273366805596,4.0,0.0,0.47144660650059667,0.029873872766962115,5.050121678949928e-09,thick_circle,11,0.01674853737482747
robust_circle,True,False,0.330353989474416,0.9976412600277335,0.8283675423039198,1.3038372353221532,1.443346751655489,0.5220832742935458,1.0,0.7466325035159094,346.932513126529,4.0,0.0,0.5170305435389908,0.03126242577538999,9.956852964037064e-09,thick_ellipse,0,0.02560166844635068
robust_circle,True,False,0.34975484309561405,0.9993143379551472,0.8513669939994407,1.3079341284929178,1.4412695368742565,0.44078117484033635,1.0,0.7439420769619509,348.83126264552493,4.0,0.0,0.44734625908206954,0.02396232675246729,1.2157045923228404e-08,thick_ellipse,1,0.0393236402367294
robust_circle,True,False,0.34142675472007006,0.9999995739557971,0.8526030881866284,1.3024982749995546,1.4636936824678348,0.4954954139557894,1.0,0.7516566341530937,352.75833985522263,4.0,0.0,0.48104375111063524,0.025174540696794454,1.0459143544373749e-08,thick_ellipse,2,0.046399032258022055
robust_circle,True,False,0.35935972987478987,0.9986651962818797,0.8687612471238595,1.2933865640833506,1.4463270672164101,0.4796220316939476,1.0,0.7286353528880801,351.66500976135274,4.0,0.0,0.4836291028296295,0.022168020464326674,1.2163605547425966e-08,thick_ellipse,3,0.02521639014089348
robust_circle,True,False,0.3386596638663384,0.9996430298948484,0.8511792599653325,1.3066289468377466,1.431110884701016,0.44030161663873496,1.0,0.7630465202445369,351.9209517778785,4.0,0.0,0.440715994321455,0.009062131409984622,8.161526060087917e-09,thick_ellipse,4,0.06672843912755433
robust_circle,True,False,0.3396155541290001,0.9998704197510437,0.8619768713661999,1.2864156651371252,1.4404670094910896,0.4306611058558357,1.0,0.7395974282018032,353.56181689808113,4.0,0.0,0.42517340490090966,0.02157797869209307,7.724167796214506e-09,thick_ellipse,5,0.05531847809725567
robust_circle,True,False,0.3405845589242499,0.999962171947466,0.855148460678319,1.2900848710891937,1.4486869436228273,0.4828862761464918,1.0,0.7538179933576545,353.1302490241003,4.0,0.0,0.4784550538976834,0.03430612492910485,1.0788804653080735e-08,thick_ellipse,6,0.03333898258254674
robust_circle,True,False,0.33533697187237926,0.9999359494646664,0.8436169330173039,1.3136720087948899,1.474460792919395,0.5156932996023703,1.0,0.7738550104245289,351.2798261519561,4.0,0.0,0.5278868638453024,0.02334870516938404,1.1306184131579505e-08,thick_ellipse,7,0.09340795913822021
robust_circle,True,False,0.3436426408499173,0.9973301932666835,0.8088855580906635,1.3044573998135425,1.4380262475644108,0.45662791864329155,1.0,0.7317586767004753,351.9721271271835,4.0,0.0,0.45055371902227015,0.0152574529092241,1.3426751716197978e-08,thick_ellipse,8,0.04258836049732967
robust_circle,True,False,0.34467510836549725,0.9975249448131308,0.8416541332997536,1.3103342095034078,1.4586222238134086,0.51573098669166,1.0,0.7364815634387004,351.0344619393006,4.0,0.0,0.5103647046791757,0.014059629889362137,9.381938852852142e-09,thick_ellipse,9,0.04486258395847807
robust_circle,True,False,0.3371412768304755,0.9967034466354526,0.8424494895157985,1.300873101380051,1.4510597790562783,0.4525969197078694,1.0,0.7810692086116335,353.4587487016471,4.0,0.0,0.4637187450887011,0.015163857515240128,7.826437102901934e-09,thick_ellipse,10,0.0045770413393284555
robust_circle,True,False,0.3534635397807054,0.9994973813359217,0.8460885003834497,1.3040008738363802,1.4284215271574014,0.5056167989448096,1.0,0.7377938735561682,353.6535719137309,4.0,0.0,0.5027591938483899,0.019769323361166588,1.1823265572415909e-08,thick_ellipse,11,0.07315413572826082
robust_circle,True,False,0.05984924119742785,0.47729915357834185,0.0749311618274517,1.5932639356661427,1.451983644681041,0.6369877486887043,1.0,0.62536981600139,352.1563161785702,4.0,0.0,0.9164436091277292,0.2629520234401184,3.10007942045402e-07,short_arc,0,0.9775688143360552
robust_circle,True,False,0.05811245911328711,0.14158835511557727,0.06916866727315112,1.5888710078365664,1.4467772844884956,0.5854135135356878,1.0,0.6422332530330955,351.5814037172656,4.0,0.0,0.9437979006261744,0.37847047842497605,1.19199027725706e-06,short_arc,1,0.9629632799263237
robust_circle,True,False,0.059567787551102924,0.9356623313505723,0.07356739725437493,1.5982344890550098,1.452922189054161,0.574803750009758,1.0,0.6059477879881153,351.9480402847256,4.0,0.0,0.8163892199534022,0.20219390215838398,1.7074229909729365e-07,short_arc,2,0.9941626831480459
robust_circle,True,False,0.06009058322416805,0.9842563646478724,0.0836315114003149,1.5943965389921633,1.4482872886721707,0.6217914376569619,1.0,0.5680718178214578,352.5950938685111,4.0,0.0,0.9157639322764768,0.6926768728440718,3.197499916635236e-07,short_arc,3,0.9813384032401686
robust_circle,True,False,0.05596646439197317,0.6579018849797572,0.08542420510076336,1.583483508357447,1.4517591070773352,0.5597523624435463,1.0,0.6947384667491814,341.8097825114244,4.0,0.0,0.7632923474625359,0.2544979533698354,8.645825858541546e-07,short_arc,4,0.9449632207325803
robust_circle,True,False,0.06031245130659424,0.9436964701372526,0.054989864602144146,1.5870578423362558,1.4465232681763682,0.5834204626250077,1.0,0.6357337385024916,339.8660699693981,4.0,0.0,0.8425077739684397,0.24859335618250977,4.5428653908682206e-07,short_arc,5,0.956929653230814
robust_circle,True,False,0.05228847865601971,0.972101973954722,0.07285209891903072,1.5931475721181592,1.4510831228847163,0.6295946695805709,1.0,0.6735848286454107,351.68362706864946,4.0,0.0,0.8614709863465,0.20677093604661967,4.633785987956402e-07,short_arc,6,0.9771652435827646
robust_circle,True,False,0.06131558228581657,0.9930716520815921,0.05075641192683126,1.5574205764557099,1.4551839910316215,0.610063385085513,1.0,0.8806836718576919,278.53413419177434,4.0,1.0,0.831964954403052,0.736003766256515,9.303969971942086e-07,short_arc,7,0.8582425644291031
robust_circle,True,False,0.06276829229645331,0.7508238797358531,0.06724024843367574,1.5638375868875158,1.450275288256162,0.5692130494026194,1.0,0.7761183102795997,318.7825248971938,4.0,0.0,0.8895158285048684,0.47873302058143413,8.714887399720278e-07,short_arc,8,0.8794591016847385
robust_circle,True,False,0.059415880573028046,0.5067386712464963,0.07277032495875961,1.590165196671036,1.4488664316096982,0.7239446856450694,1.0,0.6058306801444707,349.94243146722897,4.0,0.0,0.9739244897952773,0.35486023978097747,9.396420817011032e-07,short_arc,9,0.9672247029312294
robust_circle,True,False,0.05849841351917673,0.5822369523699882,0.10826867503770977,1.5696528778180714,1.4518673814353513,0.63818268019336,1.0,0.7581924452952721,321.349555333217,4.0,1.0,0.97865998162184,0.7410516904034938,3.5316078717929217e-07,short_arc,10,0.8988644789028287
robust_circle,True,False,0.05805381705071677,0.9994965684564792,0.10754110842755049,1.5844900201566012,1.447378781811913,0.5779527387181955,1.0,0.6574500360146145,337.700567706906,4.0,0.0,0.8416395249633704,0.32687125187012434,9.386963839866432e-07,short_arc,11,0.9483403183895824
robust_circle,True,False,0.01308437301058829,0.7044512626711515,0.08249764192209558,1.600368473788049,1.4488595847131074,0.856676337931809,1.0,0.7289112491589516,351.7513075282559,4.0,0.0,0.8434125125308931,0.04779558103854607,1.1177439953484327e-06,stopped_cloud,0,1.0012354623319046
robust_circle,True,False,0.013552616369039039,0.9487510788139106,0.0769608612456022,1.5981795091266824,1.4501787507617245,0.7958898190498042,1.0,0.6883012035305162,351.9871769601747,4.0,0.0,0.8637531551228861,0.12591205628147403,9.685786936057074e-07,stopped_cloud,1,0.9939318756828808
robust_circle,True,False,0.014306771894621706,0.9484005479341565,0.08293256181777058,1.600403402566086,1.450899725354268,0.6650786562425592,1.0,0.692549721693258,351.466215151066,4.0,0.0,0.6726451958346287,0.04893018342810932,6.949524337307648e-07,stopped_cloud,2,1.0013491664249514
robust_circle,True,False,0.013445169374544985,0.9572208329140451,0.054919738903865825,1.6000975842316303,1.4488079163224798,0.8386510087912152,1.0,0.6901855569182712,354.4506940970146,4.0,0.0,0.8317884104084661,0.0756207984869965,1.7150106717668689e-06,stopped_cloud,3,1.000333172970967
robust_circle,True,False,0.013094112582253903,0.283156142638178,0.07304339234697659,1.6003207261219328,1.4505363234911668,0.725469253160117,1.0,0.7112114686573623,351.3105556062847,4.0,0.0,0.7590158162972227,0.0972777769192837,1.0579226642645103e-06,stopped_cloud,4,1.0010706833812824
robust_circle,True,False,0.013368189808269926,0.3197128207140599,0.06883619494508075,1.5997728236495388,1.450946569579133,0.7187819184302919,1.0,0.7422756364446493,353.55572482028947,4.0,0.0,0.7517496815067138,0.05272193854233717,3.901367523911285e-06,stopped_cloud,5,0.9992477270025887
robust_circle,True,False,0.012817329176328496,0.917225558594521,0.08117227615110309,1.6007719240901574,1.4496165477235838,0.7341993547772541,1.0,0.7582394879695581,353.7770122116149,4.0,0.0,0.7387519031584541,0.09193149087736811,1.1706706583110243e-06,stopped_cloud,6,1.0025738950684422
robust_circle,True,False,0.01383838333389198,0.31006323968522664,0.06884323130633302,1.5985362077363015,1.4497146214300745,0.675238044243615,1.0,0.7213565711701276,353.35240497410354,4.0,0.0,0.6753486732184156,0.032927763458018636,1.6275124514987487e-06,stopped_cloud,7,0.9951211471223004
robust_circle,True,False,0.014325206450971906,0.7080624218366178,0.05796819975437341,1.60161461561294,1.4511342699868777,0.6751962906284489,1.0,0.708006814328168,352.3797601468273,4.0,0.0,0.721724134634533,0.10692748367308472,1.2738651886227618e-06,stopped_cloud,8,1.0053891613574026
robust_circle,True,False,0.013794144183193247,0.764430765265242,0.08093847215566356,1.5996238179587274,1.450264612453551,0.7726504773093953,1.0,0.6804200319021179,353.7614136378659,4.0,0.0,0.7826215418687914,0.1510398752667038,2.947199472063997e-06,stopped_cloud,9,0.9987464493493564
robust_circle,True,False,0.013437599303896874,0.45306493746833526,0.05949684735384274,1.600524163221473,1.4491856691711271,0.8190641479460601,1.0,0.696446604209758,354.6037163329891,4.0,0.0,0.8475382041795806,0.06854449899309469,8.521971566486732e-07,stopped_cloud,10,1.0017508883875128
robust_circle,True,False,0.013808429229344998,0.4809300893289359,0.07840357547759796,1.6000182205231512,1.4491695620663834,0.6813403913614925,1.0,0.6955778254061323,354.7494643558248,4.0,0.0,0.7531235607643575,0.15144370163054577,2.5902706959021677e-06,stopped_cloud,11,1.0000645660991636
robust_circle,True,False,0.30969886340522323,0.999948290093499,0.9806457166873295,1.3008901911446142,1.4492591076893866,0.33503214609394566,1.0,0.7849195891741525,336.2873353371135,4.0,0.0,0.3723712066240418,0.04590942266166092,8.199053209709444e-09,center_drift,0,0.0038605723379305863
robust_circle,True,False,0.31519502926644727,0.9999906155700546,0.9792963952773506,1.2979852982063054,1.4485241672519422,0.31035843766036736,1.0,0.7708577120460324,344.61738471534153,4.0,0.0,0.34611213955063097,0.05041593289871003,8.33023262552205e-09,center_drift,1,0.008324732640188771
robust_circle,True,False,0.31253721642705967,0.9997155398721369,0.9799651677676096,1.298785936521299,1.452337572171228,0.3181899818862849,1.0,0.7736165680531322,342.8511958289122,4.0,0.0,0.35012661602539397,0.05447220958135546,8.590736649139565e-09,center_drift,2,0.008780150458097782
robust_circle,True,False,0.3122727490898318,0.9998073892044442,0.9822857873775401,1.2970083731857636,1.449151853137014,0.31706781075948554,1.0,0.7852827114441232,348.10447319740547,4.0,0.0,0.35470125515809603,0.04884374776925847,8.510672399377466e-09,center_drift,3,0.01036510389981244
robust_circle,True,False,0.3180562979335661,0.9999906263246785,0.9798812585363115,1.3008734209863138,1.4505606768375208,0.3045930052330317,1.0,0.7619336937398733,335.23303331047146,4.0,0.0,0.3461746578799195,0.05186482415701859,8.70338164033545e-09,center_drift,4,0.003459644707939363
robust_circle,True,False,0.3124221552036092,0.9999685058696662,0.9804389590746115,1.2994969459458665,1.4488681836462587,0.3033487363591489,1.0,0.7784505388653352,332.4543342955222,4.0,0.0,0.3387500810813884,0.05148877638282537,8.181939907615085e-09,center_drift,5,0.004128588190190658
robust_circle,True,False,0.31746259683278677,0.9999850048414187,0.979598756174888,1.2995668846146031,1.4480667674439598,0.32425490780279353,1.0,0.7664718967534536,346.8954022907069,4.0,0.0,0.3556318014436786,0.05296287123306601,8.7634697709288e-09,center_drift,6,0.006603851614189601
robust_circle,True,False,0.31483672208555585,0.9998237612633611,0.98082696506236,1.2998040836828895,1.4509127531217583,0.3124957474352262,1.0,0.7782480865929016,341.94007223029803,4.0,0.0,0.3493769907475184,0.052329067979499294,8.573658946221683e-09,center_drift,7,0.0031118080928219925
robust_circle,True,False,0.3132159582621525,0.9997452500380558,0.9823571854222505,1.2982689389931958,1.4530550425179103,0.3137272364828519,1.0,0.7760749991401056,343.66280622355265,4.0,0.0,0.3398977543901833,0.04972325547953176,8.160842931571394e-09,center_drift,8,0.011704632034425939
robust_circle,True,False,0.3132020896835752,0.9999334740191761,0.978847963489379,1.3003009923722393,1.452230637322479,0.3161273505110497,1.0,0.7771423030880523,342.80315955912863,4.0,0.0,0.34107350954798127,0.05215868755259837,8.277856078378654e-09,center_drift,9,0.007502843366634296
robust_circle,True,False,0.3195531541742742,0.9999948701112025,0.9812647962364377,1.3014615759540984,1.445829075992675,0.3186748884629722,1.0,0.769598366111171,344.69239710919027,4.0,0.0,0.34878828583107896,0.04658975447036405,7.66585963673829e-09,center_drift,10,0.01473198008282871
robust_circle,True,False,0.3151372370157665,0.999966230316611,0.9801297155801724,1.3015890975325535,1.4489675963154556,0.30808562122187705,1.0,0.77982008443273,333.67126345891245,4.0,0.0,0.33421064223657027,0.04854135891154661,8.411656919557433e-09,center_drift,11,0.00631672237075545
