anchor_time_sec,window_scale,window_width_sec,window_end_sec,complete_forward_window,available_first_frame,available_last_frame,n_available,baseline_cloud_R_um,method,status,boundary_reached,converged,n_input,n_used,center_x_um,center_y_um,major_um,minor_um,major_angle_deg,fit_p95_R,cv_p95_R,center_cv_max_R,cv_computed_count,cv_ellipse_count,center_difference_from_5s_R,major_over_5s,minor_over_5s
15.781025,0.25,1.2700917482517484,17.051116748251747,True,2049,2302,254,0.2940910513361215,legacy,nonellipse,False,,254.0,254.0,1.4231844212750588,1.3853315332771903,,,,,,,0.0,0.0,1.1277178161832397,,
15.781025,0.25,1.2700917482517484,17.051116748251747,True,2049,2302,254,0.2940910513361215,ellipse_constrained,computed,False,,254.0,254.0,1.2182178878242564,1.4679592976629787,0.3025812304080602,0.19871113004801352,170.21160888671878,0.5796739416200721,0.6950897762122138,0.04433179249168059,4.0,4.0,0.21791009870364228,0.8031240434756464,0.6962129111897352
15.781025,0.25,1.2700917482517484,17.051116748251747,True,2049,2302,254,0.2940910513361215,geometric_ellipse,boundary,True,True,254.0,254.0,1.0014102000241314,1.5235137554499913,0.9124875647232239,0.11984281667386901,162.94557561281474,0.5320930606416486,0.91435817408217,0.7110324693513647,0.0,4.0,0.38456135534652547,1.1097575390184888,1.0431956788717154
15.781025,0.5,2.540183496503497,18.321208496503495,True,2049,2556,508,0.2940910513361215,legacy,nonellipse,False,,508.0,508.0,1.1803507917906833,1.479590751695911,,,,,,,0.0,0.0,0.2883621538462781,,
15.781025,0.5,2.540183496503497,18.321208496503495,True,2049,2556,508,0.2940910513361215,ellipse_constrained,computed,False,,508.0,508.0,1.256829451483463,1.40716988605272,0.4205071995247789,0.2972457368220702,154.83753967285156,0.8535084199117836,0.7626537260242648,0.16301106535736504,4.0,4.0,0.08879906795161062,1.116128194526519,1.0414430219466215
15.781025,0.5,2.540183496503497,18.321208496503495,True,2049,2556,508,0.2940910513361215,geometric_ellipse,boundary,True,True,508.0,508.0,1.1063123704105204,1.4849764700291852,0.9355174937707024,0.11635286493979546,160.4834792400137,0.588464538985006,0.6369729026908164,1.6643341978522486,0.0,4.0,0.08179701258616218,1.1377662904487094,1.012816698558161
15.781025,1.0,5.080366993006994,20.861391993006993,True,2049,3063,1015,0.2940910513361215,legacy,nonellipse,False,,1015.0,1015.0,1.1365885471627575,1.5522317043619307,,,,,,,0.0,0.0,0.0,,
15.781025,1.0,5.080366993006994,20.861391993006993,True,2049,3063,1015,0.2940910513361215,ellipse_constrained,computed,False,,1015.0,1015.0,1.2697512330266907,1.429863968418351,0.37675528813530723,0.2854171861140045,155.47023773193362,0.8176887358540189,0.8470049943452383,0.11609074743675425,4.0,4.0,0.0,1.0,1.0
15.781025,1.0,5.080366993006994,20.861391993006993,True,2049,3063,1015,0.2940910513361215,geometric_ellipse,computed,False,True,1015.0,1015.0,1.0968626430528952,1.462854474286909,0.8222404738338269,0.11488047650224825,171.9900595519783,0.5739621480713071,0.5763211993042828,0.6339999497225726,2.0,4.0,0.0,1.0,1.0
15.781025,2.0,10.160733986013987,25.941758986013987,True,2049,4077,2029,0.2940910513361215,legacy,nonellipse,False,,2029.0,2029.0,0.9600795561069027,1.6980301974666996,,,,,,,0.0,0.0,0.7784597163690911,,
15.781025,2.0,10.160733986013987,25.941758986013987,True,2049,4077,2029,0.2940910513361215,ellipse_constrained,computed,False,,2029.0,2029.0,1.2854346168820552,1.41714955116207,0.34596296318774367,0.2914630649556504,155.2538604736328,0.8537572634247609,0.861452816405289,0.046908158843404484,4.0,4.0,0.06865126774880201,0.918269694103126,1.0211826026454867
15.781025,2.0,10.160733986013987,25.941758986013987,True,2049,4077,2029,0.2940910513361215,geometric_ellipse,boundary,True,True,2029.0,2029.0,1.2155974180625613,1.4412710931211126,0.8447934547801291,0.112640340437457,174.24103044228266,0.6360908511803034,0.6449907540377455,0.6725955567094226,0.0,4.0,0.41035089151728904,1.0274286922913747,0.9805002892310652
16.28184665876116,0.25,1.2700917482517484,17.55193840701291,True,2149,2402,254,0.29233577252071635,legacy,nonellipse,False,,254.0,254.0,1.0874705706713703,1.5568718921393208,,,,,,,0.0,0.0,0.27057224637200844,,
16.28184665876116,0.25,1.2700917482517484,17.55193840701291,True,2149,2402,254,0.29233577252071635,ellipse_constrained,computed,False,,254.0,254.0,1.294138335562974,1.4044641115489396,0.3266420060010481,0.2507700616295159,151.95922470092773,0.5565815939035745,0.5924724806371622,0.1982903494905543,4.0,4.0,0.08091879215954825,0.9001685415290217,0.8678736783868992
16.28184665876116,0.25,1.2700917482517484,17.55193840701291,True,2149,2402,254,0.29233577252071635,geometric_ellipse,boundary,True,True,254.0,254.0,1.531659984046734,1.326779088887633,1.1948077906612915,0.1326037257253935,157.82751844953856,0.4919822388397054,0.5945997298807327,1.5852252165749257,0.0,4.0,1.568983112352566,1.362369329876472,1.1470417792819223
16.28184665876116,0.5,2.540183496503497,18.822030155264656,True,2149,2656,508,0.29233577252071635,legacy,nonellipse,False,,508.0,508.0,1.1382223108012361,1.515914411449009,,,,,,,0.0,0.0,0.48096542819698523,,
16.28184665876116,0.5,2.540183496503497,18.822030155264656,True,2149,2656,508,0.29233577252071635,ellipse_constrained,computed,False,,508.0,508.0,1.2721719762999684,1.4044698451155258,0.39445720439555015,0.30568937476636915,158.151237487793,0.8794174534900219,0.7105671101324837,0.13784424635139436,4.0,4.0,0.08725162622771702,1.087055430265813,1.057940331466801
16.28184665876116,0.5,2.540183496503497,18.822030155264656,True,2149,2656,508,0.29233577252071635,geometric_ellipse,boundary,True,True,508.0,508.0,0.9708077739227151,1.474930210504406,0.8324454930242002,0.12615468255090143,172.37492977266282,0.6093108256472012,0.6837438744738745,2.148339178595006,0.0,4.0,0.42020507160517406,0.9491888296630361,1.0912566049433499
16.28184665876116,1.0,5.080366993006994,21.362213651768155,True,2149,3163,1015,0.29233577252071635,legacy,nonellipse,False,,1015.0,1015.0,1.054133081640164,1.6286012236003358,,,,,,,0.0,0.0,0.0,,
16.28184665876116,1.0,5.080366993006994,21.362213651768155,True,2149,3163,1015,0.29233577252071635,ellipse_constrained,computed,False,,1015.0,1015.0,1.2852325595782377,1.4263791253339804,0.36286760859940254,0.2889476520311315,151.7816505432129,0.8313270057069766,0.8760932286690322,0.08825452546583144,4.0,4.0,0.0,1.0,1.0
16.28184665876116,1.0,5.080366993006994,21.362213651768155,True,2149,3163,1015,0.29233577252071635,geometric_ellipse,boundary,True,True,1015.0,1015.0,1.0927208005281654,1.4598597462646417,0.8770072582077478,0.11560496585260116,173.53542787244837,0.5873143094853852,0.6126656805027819,0.861636888271395,1.0,4.0,0.0,1.0,1.0
16.28184665876116,2.0,10.160733986013987,26.44258064477515,True,2149,4177,2029,0.29233577252071635,legacy,nonellipse,False,,2029.0,2029.0,-0.46519818716396505,2.889935598306098,,,,,,,0.0,0.0,6.75481002914221,,
16.28184665876116,2.0,10.160733986013987,26.44258064477515,True,2149,4177,2029,0.29233577252071635,ellipse_constrained,computed,False,,2029.0,2029.0,1.2938958718067544,1.4167436037839798,0.33423119733523227,0.29479496792148446,149.59963989257812,0.8540663029555392,0.8481944109352455,0.033696314378003814,4.0,4.0,0.044323958679901375,0.9210830325288576,1.0202365925081924
16.28184665876116,2.0,10.160733986013987,26.44258064477515,True,2149,4177,2029,0.29233577252071635,geometric_ellipse,boundary,True,True,2029.0,2029.0,1.1866775416366724,1.4447353133876752,0.8482568176299103,0.11295398497059463,174.37475120315918,0.6359483146659095,0.640989870040345,0.7322686929042953,2.0,4.0,0.3255375230840287,0.9672175568574063,0.9770686244967488
16.782668317522322,0.25,1.2700917482517484,18.05276006577407,True,2249,2502,254,0.28145615547687725,legacy,nonellipse,False,,254.0,254.0,1.044583622907337,1.5740300832925056,,,,,,,0.0,0.0,1.4835943773531686,,
16.782668317522322,0.25,1.2700917482517484,18.05276006577407,True,2249,2502,254,0.28145615547687725,ellipse_constrained,computed,False,,254.0,254.0,1.299026760444708,1.3538844034688473,0.3161626648591579,0.21606363232988318,142.5249366760254,0.6311380187316011,0.8802497251571944,0.1985299921336581,4.0,4.0,0.20020568860441385,0.8992233411553183,0.7850231164956369
16.782668317522322,0.25,1.2700917482517484,18.05276006577407,True,2249,2502,254,0.28145615547687725,geometric_ellipse,boundary,True,True,254.0,254.0,1.5785411250324806,1.1898290744207982,0.8396227103734617,0.14890477109220382,145.76798217258363,0.4792291565108224,0.6594350341541451,2.2814674227305978,0.0,4.0,1.5524915758077764,0.9943795797825815,1.3473108325248635
16.782668317522322,0.5,2.540183496503497,19.322851814025817,True,2249,2756,508,0.28145615547687725,legacy,nonellipse,False,,508.0,508.0,1.0495870311898006,1.614120898254175,,,,,,,0.0,0.0,1.382842617926644,,
16.782668317522322,0.5,2.540183496503497,19.322851814025817,True,2249,2756,508,0.28145615547687725,ellipse_constrained,computed,False,,508.0,508.0,1.2764441447755537,1.3951088462157395,0.38587534855572064,0.2695242504932219,140.20374679565433,0.799563367995207,0.6748874327566972,0.18367854688332572,4.0,4.0,0.06495211003223447,1.0974987206421802,0.9792613630150302
16.782668317522322,0.5,2.540183496503497,19.322851814025817,True,2249,2756,508,0.28145615547687725,geometric_ellipse,computed,False,True,508.0,508.0,1.3350758108355163,1.4183938104491831,0.5014213805153817,0.11499809433478998,162.2308228675487,0.5826253023021767,0.5950013490108231,0.9915959187860357,2.0,4.0,0.41131225015601536,0.5938419429235184,1.0405185614975285
16.782668317522322,1.0,5.080366993006994,21.863035310529316,True,2249,3263,1015,0.28145615547687725,legacy,nonellipse,False,,1015.0,1015.0,0.7973862826755157,1.9105646018353306,,,,,,,0.0,0.0,0.0,,
16.782668317522322,1.0,5.080366993006994,21.863035310529316,True,2249,3263,1015,0.28145615547687725,ellipse_constrained,computed,False,,1015.0,1015.0,1.2881275523836078,1.409169401196558,0.3515952604755048,0.2752321909887147,136.27814865112305,0.8561261745137163,0.8594948895378945,0.10376091075146703,4.0,4.0,0.0,1.0,1.0
16.782668317522322,1.0,5.080366993006994,21.863035310529316,True,2249,3263,1015,0.28145615547687725,geometric_ellipse,boundary,True,True,1015.0,1015.0,1.2217633063436246,1.4421030387220544,0.8443684156879439,0.11051998358326559,171.49562240103984,0.6084640687698099,0.647772196855788,0.9390538555971567,3.0,4.0,0.0,1.0,1.0
16.782668317522322,2.0,10.160733986013987,26.94340230353631,True,2249,4277,2029,0.28145615547687725,legacy,computed,False,,2029.0,2029.0,1.9788955735823486,0.8010756097343348,1.7484068278135567,0.17163681468635858,137.52478211285504,0.5498126796879084,0.5381695606818184,3.4411615096126233,2.0,2.0,5.758554763225181,,
16.782668317522322,2.0,10.160733986013987,26.94340230353631,True,2249,4277,2029,0.28145615547687725,ellipse_constrained,computed,False,,2029.0,2029.0,1.2955360327894128,1.4105976153867348,0.3251074894340375,0.2852914130274126,135.5546112060547,0.8579549337957197,0.8519307790735794,0.05953034908228028,4.0,4.0,0.026806629335095748,0.9246640270245831,1.0365481305168638
16.782668317522322,2.0,10.160733986013987,26.94340230353631,True,2249,4277,2029,0.28145615547687725,geometric_ellipse,computed,False,True,2029.0,2029.0,1.243038560551649,1.437762559954326,0.6974006824871428,0.11196082784368874,174.4473664488825,0.6541433599198282,0.6603263135118502,0.592133409121096,2.0,4.0,0.07714701644460778,0.8259435923108753,1.0130369568806317
17.28348997628348,0.25,1.2700917482517484,18.553581724535228,True,2349,2602,254,0.2606876534892312,legacy,nonellipse,False,,254.0,254.0,1.0787007247503775,1.5718340540276237,,,,,,,0.0,0.0,0.38969448849602945,,
17.28348997628348,0.25,1.2700917482517484,18.553581724535228,True,2349,2602,254,0.2606876534892312,ellipse_constrained,computed,False,,254.0,254.0,1.3146844266359579,1.3372478131506051,0.2903948884523269,0.19787637277971773,142.36536407470703,0.6626635856940478,0.9859554023226866,0.2892308749572473,4.0,4.0,0.29992309333646955,0.835356516949009,0.6795529839473929
17.28348997628348,0.25,1.2700917482517484,18.553581724535228,True,2349,2602,254,0.2606876534892312,geometric_ellipse,boundary,True,True,254.0,254.0,1.6020535999499699,1.1017993376446065,0.8594631867673712,0.12695033956101326,140.0930891111651,0.5343051411839056,0.6610161817067572,2.2390130187925457,0.0,4.0,1.165473559962519,1.3513458301209844,1.0808967371387361
17.28348997628348,0.5,2.540183496503497,19.82367347278698,True,2349,2856,508,0.2606876534892312,legacy,nonellipse,False,,508.0,508.0,1.1149396618880631,1.583943519127624,,,,,,,0.0,0.0,0.3209820778190232,,
17.28348997628348,0.5,2.540183496503497,19.82367347278698,True,2349,2856,508,0.2606876534892312,ellipse_constrained,computed,False,,508.0,508.0,1.2970161725903027,1.3870697517192532,0.3795955104896994,0.2600589334531,138.77048110961914,0.8147674139271522,0.688200724539793,0.3418598233868625,4.0,4.0,0.11046418108680582,1.0919530477349058,0.8931022018832191
17.28348997628348,0.5,2.540183496503497,19.82367347278698,True,2349,2856,508,0.2606876534892312,geometric_ellipse,computed,False,True,508.0,508.0,1.3578341101341853,1.4136821025741597,0.5017250674644106,0.11211629375958018,163.60660964014735,0.506906155732318,0.5757989541043178,0.6992534736578453,2.0,4.0,0.43926877514102197,0.7888692479492022,0.9545948165548255
17.28348997628348,1.0,5.080366993006994,22.363856969290474,True,2349,3363,1015,0.2606876534892312,legacy,nonellipse,False,,1015.0,1015.0,1.1126337606751129,1.6675878053623492,,,,,,,0.0,0.0,0.0,,
17.28348997628348,1.0,5.080366993006994,22.363856969290474,True,2349,3363,1015,0.2606876534892312,ellipse_constrained,computed,False,,1015.0,1015.0,1.304769862832541,1.4148028949417741,0.3476298832418792,0.2911860847557343,121.9756031036377,0.9796101269532727,0.9654350776069885,0.09527268157858076,4.0,4.0,0.0,1.0,1.0
17.28348997628348,1.0,5.080366993006994,22.363856969290474,True,2349,3363,1015,0.2606876534892312,geometric_ellipse,computed,False,True,1015.0,1015.0,1.464825364682915,1.3728671876243839,0.6360053567416006,0.11744909129531292,162.94824848924614,0.7631046157347554,0.8427842319558243,1.3375752077856484,1.0,4.0,0.0,1.0,1.0
17.28348997628348,2.0,10.160733986013987,27.444223962297468,True,2349,4377,2029,0.2606876534892312,legacy,computed,False,,2029.0,2029.0,1.6513095995195401,1.0960790667304252,1.1590911974772602,0.16217414521029053,136.94849851180808,0.5632994399505012,0.5574082927043051,33.743235180084405,3.0,3.0,3.012656184940983,,
17.28348997628348,2.0,10.160733986013987,27.444223962297468,True,2349,4377,2029,0.2606876534892312,ellipse_constrained,computed,False,,2029.0,2029.0,1.2991508187360348,1.405323054040411,0.3179205399736728,0.28631694474621916,140.12244033813477,0.8708981286475778,0.8641708877777147,0.04665231223913239,4.0,4.0,0.042272922763757693,0.9145374298919671,0.983278253101965
17.28348997628348,2.0,10.160733986013987,27.444223962297468,True,2349,4377,2029,0.2606876534892312,geometric_ellipse,computed,False,True,2029.0,2029.0,1.2899345798112871,1.4322405499291415,0.61890955520777,0.11478248907697744,174.67955213981475,0.6649270706914052,0.6551817429316459,0.44166775621069093,4.0,4.0,0.7084888486741407,0.9731200353069096,0.977295676033537
17.78431163504464,0.25,1.2700917482517484,19.05440338329639,True,2449,2702,254,0.24353435429893533,legacy,computed,False,,254.0,254.0,1.3819834903239123,1.3748846431351902,0.8252030917186272,0.12145547054681567,135.1428237048091,0.48954747054794717,0.7517690575690521,6.80175587623209,2.0,2.0,0.4606204838563435,1.1632749658685662,0.8294213709251089
17.78431163504464,0.25,1.2700917482517484,19.05440338329639,True,2449,2702,254,0.24353435429893533,ellipse_constrained,computed,False,,254.0,254.0,1.2748738278959557,1.4485352663984101,0.2081689989440653,0.16581843943706992,145.63162231445312,0.5957848320071536,0.7492425227527465,0.16178776140673515,4.0,4.0,0.09072730858665681,0.6745973813603378,0.6000018571246879
17.78431163504464,0.25,1.2700917482517484,19.05440338329639,True,2449,2702,254,0.24353435429893533,geometric_ellipse,boundary,True,True,254.0,254.0,1.154009860052087,1.4549235833043457,0.7387383808038678,0.10770738616249194,175.3337010950207,0.43190119456967224,0.5327567162909169,1.0576646345078418,1.0,4.0,0.8842682506913038,1.0111350722714032,0.9314488685474247
17.78431163504464,0.5,2.540183496503497,20.32449513154814,True,2449,2956,508,0.24353435429893533,legacy,computed,False,,508.0,508.0,1.2981926386424607,1.4644843932064628,0.5272508781907429,0.145293641752196,136.97614371624292,0.5007594660935015,0.5446385556806876,0.25884821113192447,4.0,4.0,0.055119443370152114,0.74325672490408,0.9922126272801929
17.78431163504464,0.5,2.540183496503497,20.32449513154814,True,2449,2956,508,0.24353435429893533,ellipse_constrained,computed,False,,508.0,508.0,1.2596558253924481,1.4776395872057482,0.27561078761094826,0.26128225719189013,145.28492736816406,0.7023594761057232,0.689457753118435,0.1165784539225818,4.0,4.0,0.21867374185126276,0.8931508367725977,0.9454306775595994
17.78431163504464,0.5,2.540183496503497,20.32449513154814,True,2449,2956,508,0.24353435429893533,geometric_ellipse,computed,False,True,508.0,508.0,1.1868297054719248,1.4521970245749138,0.8099777514119211,0.10904637239525543,175.73785788761955,0.6025173550304095,0.631752947296282,0.2856866344421075,3.0,4.0,0.8342966918670571,1.108642698814321,0.9430283642156841
17.78431163504464,1.0,5.080366993006994,22.864678628051635,True,2449,3463,1015,0.24353435429893533,legacy,computed,False,,1015.0,1015.0,1.299718203992142,1.4511478864173815,0.709379223253966,0.14643397771551062,129.4423647009535,0.5874808998664637,0.6377302507175634,0.31932462159970354,4.0,4.0,0.0,1.0,1.0
17.78431163504464,1.0,5.080366993006994,22.864678628051635,True,2449,3463,1015,0.24353435429893533,ellipse_constrained,computed,False,,1015.0,1015.0,1.2933237174856127,1.4363779572007715,0.30858257783967197,0.276363210326882,116.04969215393066,0.903534415242374,0.9032657439193931,0.12333192524344505,4.0,4.0,0.0,1.0,1.0
17.78431163504464,1.0,5.080366993006994,22.864678628051635,True,2449,3463,1015,0.24353435429893533,geometric_ellipse,boundary,True,True,1015.0,1015.0,1.2635335864836565,1.640342151803546,0.7306030628968033,0.11563424445451245,91.64280674789168,0.7678600762010639,0.8221136734880126,0.9673605190046789,0.0,4.0,0.0,1.0,1.0
17.78431163504464,2.0,10.160733986013987,27.94504562105863,True,2449,4477,2029,0.24353435429893533,legacy,computed,False,,2029.0,2029.0,1.357093916743853,1.3794747828331089,0.6249338746365247,0.14977359281051186,137.55063297057978,0.5595149595468851,0.570992345398734,0.3332705560446134,4.0,4.0,0.376988370030677,0.8809588075753259,1.0228062854475577
17.78431163504464,2.0,10.160733986013987,27.94504562105863,True,2449,4477,2029,0.24353435429893533,ellipse_constrained,computed,False,,2029.0,2029.0,1.293869701823105,1.4168132398052722,0.29961203467925807,0.27840967372797776,146.7578468322754,0.8255277326951961,0.8164183249651586,0.07393499536802402,4.0,4.0,0.08036785712139097,0.9709298456730286,1.007404977669333
17.78431163504464,2.0,10.160733986013987,27.94504562105863,True,2449,4477,2029,0.24353435429893533,geometric_ellipse,boundary,True,True,2029.0,2029.0,1.3462659010227263,1.4323618871896948,0.779867030507399,0.11306145662984657,175.85511099944364,0.6816264783457741,0.6853791028179121,0.29305046928565376,3.0,4.0,0.9190951554527481,1.0674291829755909,0.9777506409385677
18.285133293805803,0.25,1.2700917482517484,19.55522504205755,True,2549,2802,254,0.23994103551225643,legacy,computed,False,,254.0,254.0,1.3374255792991698,1.441168924649049,0.49110223994286273,0.12427922456285156,152.1124924777471,0.42350987061528605,0.49488086683174437,0.27065187607476315,4.0,4.0,0.1666662641030832,0.7660930913285846,0.8430583489954654
18.285133293805803,0.25,1.2700917482517484,19.55522504205755,True,2549,2802,254,0.23994103551225643,ellipse_constrained,computed,False,,254.0,254.0,1.2289140189808834,1.4878634517170706,0.23026406887725018,0.16646326133275544,159.44754791259768,0.5235732806964801,0.5975117913876878,0.12621480955544914,4.0,4.0,0.34099873454757806,0.7553924991795686,0.6039476800509187
18.285133293805803,0.25,1.2700917482517484,19.55522504205755,True,2549,2802,254,0.23994103551225643,geometric_ellipse,boundary,True,True,254.0,254.0,1.4259301840055596,1.4319741313971248,0.7683553450617223,0.10883998265919483,172.11573555347385,0.4810716631197007,0.4735734126007151,0.4913124966495571,2.0,4.0,1.0772673700100475,1.0674224515501174,0.9472935575606665
18.285133293805803,0.5,2.540183496503497,20.8253167903093,True,2549,3056,508,0.23994103551225643,legacy,computed,False,,508.0,508.0,1.3059613168377775,1.463948548677471,0.4392826285095654,0.14786167672571968,140.38691581532103,0.5188961011607299,0.5527604474095796,0.14181579033594363,4.0,4.0,0.05486512122430494,0.6852572834548523,1.003031854266554
18.285133293805803,0.5,2.540183496503497,20.8253167903093,True,2549,3056,508,0.23994103551225643,ellipse_constrained,computed,False,,508.0,508.0,1.2850254571631436,1.465687464111558,0.31257941763741426,0.24321476403916528,151.09808349609375,0.7449180341785886,0.7392230598929477,0.1692637114269145,4.0,4.0,0.1213197251178083,1.025432012178557,0.882410877448559
18.285133293805803,0.5,2.540183496503497,20.8253167903093,True,2549,3056,508,0.23994103551225643,geometric_ellipse,boundary,True,True,508.0,508.0,1.4717715437014085,1.4179610326510121,0.7852844699350223,0.11449979646183996,172.47515554398643,0.6074122815818478,0.7083466154632562,1.5633979739648292,0.0,4.0,1.2460469817673012,1.090940903124635,0.996553994959181
18.285133293805803,1.0,5.080366993006994,23.365500286812797,True,2549,3563,1015,0.23994103551225643,legacy,computed,False,,1015.0,1015.0,1.2991322499678284,1.4526939889315407,0.6410477336261793,0.14741473672722033,129.79389677309524,0.6013443647204738,0.6395395334343529,0.23334226567104757,4.0,4.0,0.0,1.0,1.0
18.285133293805803,1.0,5.080366993006994,23.365500286812797,True,2549,3563,1015,0.23994103551225643,ellipse_constrained,computed,False,,1015.0,1015.0,1.2937093226253749,1.437903329143235,0.304827052330199,0.2756253013816047,116.99986457824707,0.9142206932828222,0.8991297852987657,0.17146864952192026,4.0,4.0,0.0,1.0,1.0
18.285133293805803,1.0,5.080366993006994,23.365500286812797,True,2549,3563,1015,0.23994103551225643,geometric_ellipse,boundary,True,True,1015.0,1015.0,1.267093251843199,1.6358934157192573,0.7198231065366032,0.11489572771872726,90.64326369714433,0.7733610855848277,0.8454420492476149,0.9215564246610457,0.0,4.0,0.0,1.0,1.0
18.285133293805803,2.0,10.160733986013987,28.44586727981979,True,2549,4577,2029,0.23994103551225643,legacy,computed,False,,2029.0,2029.0,1.3369110211089101,1.3995390297600332,0.565666457158817,0.15348703852127477,138.08899937674613,0.5571378446642091,0.5648949585454488,0.218328903828859,4.0,4.0,0.2717860055127601,0.8824092614118497,1.041191959018933
18.285133293805803,2.0,10.160733986013987,28.44586727981979,True,2549,4577,2029,0.23994103551225643,ellipse_constrained,computed,False,,2029.0,2029.0,1.2952619689227243,1.4186636808948867,0.29936441331787705,0.27970242878963514,147.8731231689453,0.8045895844379127,0.7944205864122518,0.052956131864464316,4.0,4.0,0.08044558148926233,0.9820795465147737,1.0147922828114595
18.285133293805803,2.0,10.160733986013987,28.44586727981979,True,2549,4577,2029,0.23994103551225643,geometric_ellipse,computed,False,True,2029.0,2029.0,1.2865297370184061,1.4381585260470362,0.5866615963755231,0.11653806678184866,177.40613185646984,0.6623654597360713,0.6741445569505385,0.46503419891752007,3.0,4.0,0.8280695052257545,0.8150080082844509,1.0142941699898709
18.785954952566964,0.25,1.2700917482517484,20.05604670081871,True,2649,2902,254,0.23435710553813993,legacy,computed,False,,254.0,254.0,1.2669249709269486,1.510836923042224,0.3623363488568787,0.16781198507760292,145.62585822419032,0.5503796993415001,0.5741259401026868,0.1110249003297419,4.0,4.0,0.28542728321859145,0.5843367333930494,1.1249213990073867
18.785954952566964,0.25,1.2700917482517484,20.05604670081871,True,2649,2902,254,0.23435710553813993,ellipse_constrained,computed,False,,254.0,254.0,1.2394446887534774,1.515736789755367,0.22531017124827282,0.19937141826044694,22.274398803710938,0.5437733436560459,0.5940411560799508,0.11824627784161398,4.0,4.0,0.44136005797917005,0.7388775869690009,0.7370084304139646
18.785954952566964,0.25,1.2700917482517484,20.05604670081871,True,2649,2902,254,0.23435710553813993,geometric_ellipse,computed,False,True,254.0,254.0,1.2831649863736794,1.4572061796433025,0.5230591854377431,0.11549803775560662,176.06079628745977,0.6117615924604866,0.728753262151872,0.9941859745211955,2.0,4.0,0.6184153027300693,0.7439631990360841,1.0149489346351828
18.785954952566964,0.5,2.540183496503497,21.326138449070463,True,2649,3156,508,0.23435710553813993,legacy,computed,False,,508.0,508.0,1.3123269729800462,1.4546767049456777,0.5120312753547221,0.151517664541624,137.29167336994766,0.5674241601247731,0.6174881251106489,0.39153909432992473,4.0,4.0,0.05499538552834255,0.8257484621120292,1.0156930274775955
18.785954952566964,0.5,2.540183496503497,21.326138449070463,True,2649,3156,508,0.23435710553813993,ellipse_constrained,computed,False,,508.0,508.0,1.2974852229109433,1.4535781125659937,0.32105107034408964,0.24883900087288277,141.44202423095703,0.801606091754552,0.8614878703004173,0.24686285057060267,4.0,4.0,0.09002576752342602,1.0528483416235226,0.9198732850439189
18.785954952566964,0.5,2.540183496503497,21.326138449070463,True,2649,3156,508,0.23435710553813993,geometric_ellipse,boundary,True,True,508.0,508.0,1.5075262122729491,1.4140698258535789,0.7477595234274707,0.1176349165767637,173.1688982751214,0.6439704324904155,0.6887945564506545,0.8585504896552287,0.0,4.0,1.2757929803808439,1.0635614145524126,1.033726940955663
18.785954952566964,1.0,5.080366993006994,23.866321945573958,True,2649,3663,1015,0.23435710553813993,legacy,computed,False,,1015.0,1015.0,1.2996264209153394,1.4524833194584932,0.6200814156469538,0.14917663156348313,129.8752816550976,0.616639472049427,0.6626790469425592,0.3881620345069277,4.0,4.0,0.0,1.0,1.0
18.785954952566964,1.0,5.080366993006994,23.866321945573958,True,2649,3663,1015,0.23435710553813993,ellipse_constrained,computed,False,,1015.0,1015.0,1.3012890381643645,1.432825664105067,0.3049357230776653,0.27051443380161005,112.19942855834961,0.9357792572128261,0.9297058470465467,0.18031233993936766,4.0,4.0,0.0,1.0,1.0
18.785954952566964,1.0,5.080366993006994,23.866321945573958,True,2649,3663,1015,0.23435710553813993,geometric_ellipse,boundary,True,True,1015.0,1015.0,1.2748989855759811,1.6019002846882961,0.7030713160482195,0.11379689540451776,89.05767054519433,0.7800893227727451,0.8638858093306836,0.9410647957515051,0.0,4.0,0.0,1.0,1.0
18.785954952566964,2.0,10.160733986013987,28.94668893858095,True,2649,4677,2029,0.23435710553813993,legacy,computed,False,,2029.0,2029.0,1.3344451240438875,1.399698916574739,0.5724244415483088,0.15477831618696333,137.69476866625652,0.5656247353555988,0.5812609507402406,0.20378488628103902,4.0,4.0,0.269818883164645,0.9231440051320959,1.0375506844789988
18.785954952566964,2.0,10.160733986013987,28.94668893858095,True,2649,4677,2029,0.23435710553813993,ellipse_constrained,computed,False,,2029.0,2029.0,1.2984444496462355,1.4146079720385438,0.2974434736838366,0.27954099007878536,144.18925857543948,0.8181822755309434,0.8082016217895311,0.04065539146983146,4.0,4.0,0.07867667483701271,0.9754300699235541,1.0333681133029493
18.785954952566964,2.0,10.160733986013987,28.94668893858095,True,2649,4677,2029,0.23435710553813993,geometric_ellipse,computed,False,True,2029.0,2029.0,1.2948047896693085,1.4356678064085906,0.5242047366441285,0.11763998024290111,178.08551609914383,0.6800977697600149,0.6918817247007967,0.38073468926413373,3.0,4.0,0.7143801496462006,0.7455925518204136,1.0337714383571028
19.28677661132813,0.25,1.2700917482517484,20.556868359579877,True,2749,3002,254,0.23314804553264612,legacy,computed,False,,254.0,254.0,1.3111798083076214,1.4761025258834666,0.31102715347852533,0.16147397255659546,117.64403953648574,0.5909976655968988,0.7403961915616131,0.23511394702551705,4.0,4.0,0.1847911509013326,0.5271266226891905,1.0732992886794257
19.28677661132813,0.25,1.2700917482517484,20.556868359579877,True,2749,3002,254,0.23314804553264612,ellipse_constrained,computed,False,,254.0,254.0,1.309178760787292,1.4708703029187598,0.2201412222433476,0.15905967044899558,63.4735107421875,0.589227150996441,0.7492491205412812,0.2225842752456694,4.0,4.0,0.3189939308622052,0.7021372603212032,0.5916450455441319
19.28677661132813,0.25,1.2700917482517484,20.556868359579877,True,2749,3002,254,0.23314804553264612,geometric_ellipse,boundary,True,True,254.0,254.0,1.3021473992603398,1.638273356362011,0.5615166276071454,0.11357468341802468,81.34906417107318,0.5281251714058112,0.7917919477339087,0.9018843791883757,1.0,4.0,1.061502100842062,0.8028041100831834,1.0484369666382365
19.28677661132813,0.5,2.540183496503497,21.826960107831624,True,2749,3256,508,0.23314804553264612,legacy,computed,False,,508.0,508.0,1.3273472676750238,1.4098221357478251,0.4422318485286475,0.14628208771205184,125.2356950927618,0.6614452199505922,0.7492787042125301,0.34613239171505605,4.0,4.0,0.22153410135138543,0.7494914130595312,0.9723205430699221
19.28677661132813,0.5,2.540183496503497,21.826960107831624,True,2749,3256,508,0.23314804553264612,ellipse_constrained,computed,False,,508.0,508.0,1.33215179437677,1.3960820814979482,0.305699506103692,0.24408009224772237,89.70704650878906,1.0179125656615107,0.867333923608825,0.20470554176307335,4.0,4.0,0.10176812618024698,0.9750241754355368,0.9078905852544568
19.28677661132813,0.5,2.540183496503497,21.826960107831624,True,2749,3256,508,0.23314804553264612,geometric_ellipse,boundary,True,True,508.0,508.0,1.2732760912091998,1.3437281611419736,0.6442162837498718,0.10267274647671185,88.12289889515344,0.8392298552154684,0.9471708945576869,1.3602641814377667,0.0,4.0,0.2099460910264313,0.9210403663037141,0.9477983969038005
19.28677661132813,1.0,5.080366993006994,24.367143604335123,True,2749,3763,1015,0.23314804553264612,legacy,computed,False,,1015.0,1015.0,1.2861793695063284,1.4410143100290917,0.5900425819735463,0.1504463612896558,131.16671611637813,0.6613639381274914,0.7040687978651152,0.16094112601657742,4.0,4.0,0.0,1.0,1.0
19.28677661132813,1.0,5.080366993006994,24.367143604335123,True,2749,3763,1015,0.23314804553264612,ellipse_constrained,computed,False,,1015.0,1015.0,1.3084284579856176,1.3965012761758104,0.31353018089745116,0.2688430700923211,82.52503967285155,0.9533775580917271,0.9488715968829083,0.12089562053940146,4.0,4.0,0.0,1.0,1.0
19.28677661132813,1.0,5.080366993006994,24.367143604335123,True,2749,3763,1015,0.23314804553264612,geometric_ellipse,boundary,True,True,1015.0,1015.0,1.2717965820734147,1.3926543171349521,0.6994441365639785,0.10832762200497044,87.59981323828721,0.7943163411818311,0.8180479562164747,0.7933440886301818,0.0,4.0,0.0,1.0,1.0
19.28677661132813,2.0,10.160733986013987,29.447510597342117,True,2749,4777,2029,0.23314804553264612,legacy,computed,False,,2029.0,2029.0,1.3318371205084445,1.3959937063027372,0.5780343288089409,0.15400233218192266,138.01034762369255,0.5720378535952718,0.584221169550035,0.2896849170089991,4.0,4.0,0.2750220881651295,0.9796484973602401,1.0236361375694591
19.28677661132813,2.0,10.160733986013987,29.447510597342117,True,2749,4777,2029,0.23314804553264612,ellipse_constrained,computed,False,,2029.0,2029.0,1.3004337297209172,1.4073384689336237,0.28901977321943345,0.28231058616191806,167.7020263671875,0.8213003717651348,0.814477202542921,0.05149570048515611,4.0,4.0,0.05776163602219139,0.9218244074370802,1.0500943396642963
19.28677661132813,2.0,10.160733986013987,29.447510597342117,True,2749,4777,2029,0.23314804553264612,geometric_ellipse,computed,False,True,2029.0,2029.0,1.3018553502370172,1.4328875984809264,0.5128036510287335,0.11661233586283647,178.5567262942223,0.6786534510167027,0.7264854055782869,0.37915438005106344,2.0,4.0,0.21540807637207304,0.7331588388858087,1.0764783136981064
19.787598270089283,0.25,1.2700917482517484,21.05769001834103,True,2849,3102,254,0.24294371212121213,legacy,computed,False,,254.0,254.0,1.3587733069909966,1.4187410839446308,0.42585615730052184,0.1641078116742616,118.11754894986919,0.6220212829636768,0.6689314835989812,0.3539690424212457,4.0,4.0,0.19480879752884986,0.8405298680665034,1.0698513450139635
19.787598270089283,0.25,1.2700917482517484,21.05769001834103,True,2849,3102,254,0.24294371212121213,ellipse_constrained,computed,False,,254.0,254.0,1.362117769853897,1.4189644672435902,0.2332358060163815,0.20073277801500775,91.02200877666473,0.7100989716041411,0.834530726571504,0.25418589177153167,4.0,4.0,0.2526069151417826,0.7441014713700255,0.7240430824890883
19.787598270089283,0.25,1.2700917482517484,21.05769001834103,True,2849,3102,254,0.24294371212121213,geometric_ellipse,boundary,True,True,254.0,254.0,1.5677032145423246,1.401311804493414,0.6132679259297048,0.13396032362130045,174.4943332761113,0.6997276938950253,0.9208158720815326,0.9941961796704237,3.0,4.0,1.2215430010398252,0.8414403492549561,1.2030719164412065
19.787598270089283,0.5,2.540183496503497,22.32778176659278,True,2849,3356,508,0.24294371212121213,legacy,computed,False,,508.0,508.0,1.3250385333884014,1.4461888124819753,0.46362676880166315,0.1673845682496454,123.16204882163112,0.5968444612094481,0.6243755916344075,0.17913177263427568,4.0,4.0,0.1466599335649893,0.915079282364256,1.091213170473047
19.787598270089283,0.5,2.540183496503497,22.32778176659278,True,2849,3356,508,0.24294371212121213,ellipse_constrained,computed,False,,508.0,508.0,1.3359517136775978,1.4246786954136383,0.3341026089815154,0.2655289903807645,88.21969604492186,0.8503164525316339,0.6899396712905078,0.1259677918520517,4.0,4.0,0.15800627356864358,1.0659008459200678,0.957763005059046
19.787598270089283,0.5,2.540183496503497,22.32778176659278,True,2849,3356,508,0.24294371212121213,geometric_ellipse,boundary,True,True,508.0,508.0,1.3083468315080562,1.6325289744508895,0.8329879830090429,0.11478680305101581,83.38824956937823,0.6385328427016902,0.705988582222237,0.9056815937769163,1.0,4.0,0.8570961187154504,1.1429094360115803,1.0308782137548282
19.787598270089283,1.0,5.080366993006994,24.867965263096277,True,2849,3863,1015,0.24294371212121213,legacy,computed,False,,1015.0,1015.0,1.311781086381107,1.4131170005664169,0.5066520221109236,0.15339309749815727,131.42872643101092,0.6249245102805119,0.6569927384911382,0.11178949910615979,4.0,4.0,0.0,1.0,1.0
19.787598270089283,1.0,5.080366993006994,24.867965263096277,True,2849,3863,1015,0.24294371212121213,ellipse_constrained,computed,False,,1015.0,1015.0,1.3019558259485426,1.4068513840811825,0.3134462368243301,0.27723872082989326,88.41917419433594,0.9194038352531134,0.9245356906804634,0.11689292266792559,4.0,4.0,0.0,1.0,1.0
19.787598270089283,1.0,5.080366993006994,24.867965263096277,True,2849,3863,1015,0.24294371212121213,geometric_ellipse,boundary,True,True,1015.0,1015.0,1.2720932799927904,1.4274831404935349,0.7288311363636364,0.11134855846154815,91.6717773183872,0.7502487693998697,0.8249682310865388,0.2844638685124724,1.0,4.0,0.0,1.0,1.0
19.787598270089283,2.0,10.160733986013987,29.94833225610327,True,2849,4877,2029,0.24294371212121213,legacy,computed,False,,2029.0,2029.0,1.3200777754569533,1.4081235047430585,0.5595083997827089,0.1564796001763846,137.01145373793452,0.5676949118459442,0.5728662649570573,0.17886248195684606,4.0,4.0,0.0398590011298629,1.1043248134124948,1.0201215226015266
19.787598270089283,2.0,10.160733986013987,29.94833225610327,True,2849,4877,2029,0.24294371212121213,ellipse_constrained,computed,False,,2029.0,2029.0,1.2948604837685365,1.41708063824147,0.29873700833723515,0.28430338874178074,131.82428359985352,0.8048339031155297,0.8007106330927364,0.06145224964985162,4.0,4.0,0.0512429704222879,0.9530725631415423,1.0254822554754974
19.787598270089283,2.0,10.160733986013987,29.94833225610327,True,2849,4877,2029,0.24294371212121213,geometric_ellipse,computed,False,True,2029.0,2029.0,1.2797379564738518,1.434318646697819,0.5014738932480465,0.12040762311834842,177.9912753558202,0.6789727584897431,0.6883340744388922,0.3473785254641732,4.0,4.0,0.04221146368441102,0.6880522362835026,1.081357718339287
20.288419928850445,0.25,1.2700917482517484,21.558511677102192,True,2949,3202,254,0.2490052188074734,legacy,computed,False,,254.0,254.0,1.3768913980739586,1.3484463754859135,0.3321076949311263,0.13206175579850946,137.37220741040574,0.610996147786739,0.6140228747524127,0.16725663175914673,4.0,4.0,0.12732176986117175,0.5287206692126656,0.855955860426783
20.288419928850445,0.25,1.2700917482517484,21.558511677102192,True,2949,3202,254,0.2490052188074734,ellipse_constrained,computed,False,,254.0,254.0,1.3603790291831768,1.3641365758056294,0.19280477386253198,0.17483598422424285,151.48448181152344,0.7668148603955565,0.7921693558613006,0.23299180689527174,4.0,4.0,0.23512465504028518,0.6368773766312235,0.598103706182947
20.288419928850445,0.25,1.2700917482517484,21.558511677102192,True,2949,3202,254,0.2490052188074734,geometric_ellipse,boundary,True,True,254.0,254.0,1.3611334132174049,1.3923697466786422,0.624230870919629,0.0940586439124045,160.15932813177918,0.6739712258574928,0.7639362839375204,0.8481203601579849,3.0,4.0,0.214128745643923,0.8356329155257243,0.8396187898739939
20.288419928850445,0.5,2.540183496503497,22.82860342535394,True,2949,3456,508,0.2490052188074734,legacy,computed,False,,508.0,508.0,1.3396258830928205,1.3919557275419472,0.5906977647463392,0.14920433368581779,124.20574832214075,0.7037584706762767,0.7731845290159183,0.6238901019921361,4.0,4.0,0.3507450194816358,0.9404001239534031,0.9670651661962112
20.288419928850445,0.5,2.540183496503497,22.82860342535394,True,2949,3456,508,0.2490052188074734,ellipse_constrained,computed,False,,508.0,508.0,1.3330054801730016,1.399416272127966,0.3300301843634933,0.2608220587036175,85.01803588867188,1.0394259458701824,0.8636408991414025,0.1890886049285777,4.0,4.0,0.07266248184313354,1.0901636604517027,0.8922570525574274
20.288419928850445,0.5,2.540183496503497,22.82860342535394,True,2949,3456,508,0.2490052188074734,geometric_ellipse,boundary,True,True,508.0,508.0,1.2790969036675504,1.3650168591445255,0.6749701631783084,0.10316003951272829,90.39321363353109,0.8260747610807659,1.0028219514037378,1.2692791838336521,1.0,4.0,0.5586841558202177,0.9035555779524773,0.9208628142639793
20.288419928850445,1.0,5.080366993006994,25.36878692185744,True,2949,3963,1015,0.2490052188074734,legacy,computed,False,,1015.0,1015.0,1.4053112231704534,1.334394915235774,0.6281345032825711,0.1542857078315498,138.76634405390521,0.6331019027240639,0.6673441644684143,0.914761944513443,4.0,4.0,0.0,1.0,1.0
20.288419928850445,1.0,5.080366993006994,25.36878692185744,True,2949,3963,1015,0.2490052188074734,ellipse_constrained,computed,False,,1015.0,1015.0,1.3149926443296696,1.4011211461902533,0.30273453091139296,0.2923171724516355,84.76544189453124,0.9517109146654507,0.9653141613840285,0.04514633049954215,4.0,4.0,0.0,1.0,1.0
20.288419928850445,1.0,5.080366993006994,25.36878692185744,True,2949,3963,1015,0.2490052188074734,geometric_ellipse,boundary,True,True,1015.0,1015.0,1.4072706701976105,1.4190959128515563,0.7470156564224194,0.11202541563716123,175.18581145979303,0.7258110060722007,0.8355154666980098,0.8234053010740345,0.0,4.0,0.0,1.0,1.0
20.288419928850445,2.0,10.160733986013987,30.449153914864432,True,2949,4977,2029,0.2490052188074734,legacy,computed,False,,2029.0,2029.0,1.2984784478806504,1.4303905347013348,0.6013194938523104,0.1556350151026947,135.98614228403153,0.5707349251264774,0.578327283181702,0.3803460652682447,4.0,4.0,0.5767987777242135,0.9573100836045019,1.008745510456601
20.288419928850445,2.0,10.160733986013987,30.449153914864432,True,2949,4977,2029,0.2490052188074734,ellipse_constrained,computed,False,,2029.0,2029.0,1.295019473963686,1.4185860015687752,0.2997553358557168,0.28432546177011225,125.16700363159181,0.803116514618557,0.8009040714029905,0.08116178886169316,4.0,4.0,0.10655211107500609,0.9901590510778298,0.9726608238082711
20.288419928850445,2.0,10.160733986013987,30.449153914864432,True,2949,4977,2029,0.2490052188074734,geometric_ellipse,computed,False,True,2029.0,2029.0,1.2893061551981289,1.4354139937444652,0.5026358754261094,0.11974607083943825,178.16504708725387,0.6924793890077234,0.6967953128795836,0.21752636074138723,4.0,4.0,0.47825427464815595,0.6728585553793011,1.0689187820314225
20.78924158761161,0.25,1.2700917482517484,22.059333335863357,True,3049,3302,254,0.2559446132980945,legacy,computed,False,,254.0,254.0,1.2068556306498066,1.5489294031881882,0.7387288862536714,0.14592095700698182,122.44909285390884,0.5912157078605644,0.7140651824052732,0.9985591633697474,4.0,4.0,1.39254087732994,0.9789673864738148,0.9356975182267938
20.78924158761161,0.25,1.2700917482517484,22.059333335863357,True,3049,3302,254,0.2559446132980945,ellipse_constrained,computed,False,,254.0,254.0,1.2944264782290265,1.4087082989807138,0.23210245116869985,0.18727123548512473,91.41509175300598,0.6875758497155127,0.8689605363112544,0.2665524221778664,4.0,4.0,0.04931327044084795,0.7576897138704385,0.6448043961678017
20.78924158761161,0.25,1.2700917482517484,22.059333335863357,True,3049,3302,254,0.2559446132980945,geometric_ellipse,boundary,True,True,254.0,254.0,1.2619287313826726,1.3542522998291382,0.751543257545259,0.10254302453061977,89.79677474963358,0.727975865388664,0.7836964238784367,1.0213642574783734,0.0,4.0,0.5399227209565305,0.9787837140230053,0.8802015625266332
20.78924158761161,0.5,2.540183496503497,23.32942508411511,True,3049,3556,508,0.2559446132980945,legacy,computed,False,,508.0,508.0,1.3197912492703163,1.4131613689888967,0.6422733249273824,0.147049767561865,124.60464245540604,0.6910538033328261,0.7402735800693334,0.8364400155634342,4.0,4.0,0.7052713379867417,0.851143971768414,0.9429358564094433
20.78924158761161,0.5,2.540183496503497,23.32942508411511,True,3049,3556,508,0.2559446132980945,ellipse_constrained,computed,False,,508.0,508.0,1.3162069537302425,1.4109969259116357,0.325934886006509,0.2521066580582383,78.01261901855469,0.9433878097288833,0.8245331120218725,0.11728722197065639,4.0,4.0,0.051254360557912264,1.0640021648852331,0.8680429805357758
20.78924158761161,0.5,2.540183496503497,23.32942508411511,True,3049,3556,508,0.2559446132980945,geometric_ellipse,boundary,True,True,508.0,508.0,1.2746923007140483,1.4683926608089624,0.6866584931003537,0.1031778197335181,87.89427456444156,0.76254570926588,0.87886966525604,0.4393156498392543,1.0,4.0,0.09407449351397469,0.8942800609208181,0.8856504726990523
20.78924158761161,1.0,5.080366993006994,25.869608580618603,True,3049,4063,1015,0.2559446132980945,legacy,computed,False,,1015.0,1015.0,1.4516230787661302,1.2898553545635496,0.7546000984920765,0.15594885544156545,138.5990141662025,0.6133019910281421,0.6502526044572293,0.8534743858621621,4.0,4.0,0.0,1.0,1.0
20.78924158761161,1.0,5.080366993006994,25.869608580618603,True,3049,4063,1015,0.2559446132980945,ellipse_constrained,computed,False,,1015.0,1015.0,1.3057328363174585,1.4030986939067969,0.3063291568036099,0.29043107739046786,77.55006408691405,0.9016563557634938,0.9056586656270355,0.0991820418175376,4.0,4.0,0.0,1.0,1.0
20.78924158761161,1.0,5.080366993006994,25.869608580618603,True,3049,4063,1015,0.2559446132980945,geometric_ellipse,boundary,True,True,1015.0,1015.0,1.2708163894160764,1.4921565125006335,0.7678338398748579,0.11649948022844712,91.85422864969796,0.743658900054054,0.8016666910603627,0.7200531634134227,1.0,4.0,0.0,1.0,1.0
20.78924158761161,2.0,10.160733986013987,30.949975573625597,True,3049,5077,2029,0.2559446132980945,legacy,computed,False,,2029.0,2029.0,1.3100842490417561,1.4129461588599743,0.6485262083553449,0.15752932014687798,135.148154599911,0.5783779972615068,0.5857692064447168,0.294684357585747,4.0,4.0,0.7328755473885754,0.8594303256139246,1.0101345066037035
20.78924158761161,2.0,10.160733986013987,30.949975573625597,True,3049,5077,2029,0.2559446132980945,ellipse_constrained,computed,False,,2029.0,2029.0,1.2908198217931093,1.4134470222335742,0.30530174183487446,0.28904851320557895,97.08790636062622,0.8136475896872021,0.8115610445280548,0.0454946005978222,4.0,4.0,0.07092060378246624,0.9966460425136935,0.9952396134831324
20.78924158761161,2.0,10.160733986013987,30.949975573625597,True,3049,5077,2029,0.2559446132980945,geometric_ellipse,computed,False,True,2029.0,2029.0,1.2792038481899284,1.4356347305165604,0.49140415441710733,0.1210064342984289,178.9219737480731,0.7033006466148208,0.7461909909314541,0.5307462892619351,3.0,4.0,0.22325421972812676,0.6399876234905155,1.0386864736318477
21.290063246372767,0.25,1.2700917482517484,22.560154994624515,True,3149,3402,254,0.26785131512843363,legacy,computed,False,,254.0,254.0,1.3023110471359394,1.4510853639823609,0.5481510794207052,0.17160980337165202,120.72217338093242,0.5999147761598207,0.8498383399978912,0.5448495616300527,4.0,4.0,0.5763167764043907,0.7749459031603533,1.1066394476492714
21.290063246372767,0.25,1.2700917482517484,22.560154994624515,True,3149,3402,254,0.26785131512843363,ellipse_constrained,computed,False,,254.0,254.0,1.3144986795078095,1.4211338415522798,0.2552917889903369,0.2059636669656871,76.83499145507812,0.6320805261396062,0.7887841948912633,0.33858070204845725,4.0,4.0,0.0672875297242087,0.8314707098364813,0.7030182537158044
21.290063246372767,0.25,1.2700917482517484,22.560154994624515,True,3149,3402,254,0.26785131512843363,geometric_ellipse,boundary,True,True,254.0,254.0,1.3331725159929675,1.6561627824068168,0.7383365844603567,0.12623828265947437,78.44421869434207,0.6100293061065267,0.7672435029823808,1.7451068468982691,1.0,4.0,0.848560150995568,1.2738742474501183,1.109219526649845
21.290063246372767,0.5,2.540183496503497,23.830246742876263,True,3149,3656,508,0.26785131512843363,legacy,computed,False,,508.0,508.0,1.3143054857121443,1.4186949233504376,0.5703901836590431,0.1467170635379964,124.48669825575743,0.6608326735380283,0.7608597225880881,0.24049955003510495,4.0,4.0,0.45756770759263904,0.806386327828803,0.9461166376537664
21.290063246372767,0.5,2.540183496503497,23.830246742876263,True,3149,3656,508,0.26785131512843363,ellipse_constrained,computed,False,,508.0,508.0,1.3118374756536009,1.4130803150020534,0.3245476716978911,0.2465996075225172,77.96432495117188,0.9072878945440266,0.8255627520616015,0.22953356385954138,4.0,4.0,0.037396457639211816,1.05703314638387,0.8417213967955071
21.290063246372767,0.5,2.540183496503497,23.830246742876263,True,3149,3656,508,0.26785131512843363,geometric_ellipse,boundary,True,True,508.0,508.0,1.2810538111103549,1.477167495305795,0.6913674596990693,0.10813903746556534,85.97400532949253,0.7223346630300531,0.8289036499138075,0.7488409910669364,1.0,4.0,0.1804467130226443,1.192837008177454,0.950186658301485
21.290063246372767,1.0,5.080366993006994,26.37043023937976,True,3149,4163,1015,0.26785131512843363,legacy,computed,False,,1015.0,1015.0,1.4028125042227235,1.3339158646955902,0.7073410894686422,0.15507291352769537,139.10146539056586,0.5756738139657513,0.618686005253539,0.9929048514015194,4.0,4.0,0.0,1.0,1.0
21.290063246372767,1.0,5.080366993006994,26.37043023937976,True,3149,4163,1015,0.26785131512843363,ellipse_constrained,computed,False,,1015.0,1015.0,1.3048273868121028,1.4059254047860852,0.30703641868580445,0.29297058202552456,75.40109252929686,0.8558203813318336,0.856538702623302,0.08233364344509225,4.0,4.0,0.0,1.0,1.0
21.290063246372767,1.0,5.080366993006994,26.37043023937976,True,3149,4163,1015,0.26785131512843363,geometric_ellipse,computed,False,True,1015.0,1015.0,1.2974479839433033,1.4316999322056152,0.5795992704446818,0.11380820444150447,176.2185819267873,0.6924014714397116,0.796477065516507,0.13803964793017529,3.0,4.0,0.0,1.0,1.0
21.290063246372767,2.0,10.160733986013987,31.450797232386755,True,3149,5177,2029,0.26785131512843363,legacy,computed,False,,2029.0,2029.0,1.3140442986145742,1.4045918162663873,0.6202375230912478,0.16048672370063313,135.29711120022014,0.5818107335573264,0.5928808429052008,0.22254333975361557,4.0,4.0,0.4236213960036334,0.8768577597509188,1.0349113849077898
21.290063246372767,2.0,10.160733986013987,31.450797232386755,True,3149,5177,2029,0.26785131512843363,ellipse_constrained,computed,False,,2029.0,2029.0,1.288484810646785,1.4104776886832568,0.30551839347513743,0.2909852741421946,91.56573629379272,0.8089450625492233,0.8052895975120697,0.042240523375058285,4.0,4.0,0.06333648228229628,0.9950558789828107,0.9932235248003263
21.290063246372767,2.0,10.160733986013987,31.450797232386755,True,3149,5177,2029,0.26785131512843363,geometric_ellipse,computed,False,True,2029.0,2029.0,1.2707204313423888,1.4614436260418318,0.5958153319318659,0.12401988493860407,92.98717572793676,0.6748488350827035,0.7405239337833652,0.34147509612217136,3.0,4.0,0.14929221312040625,1.0279780571061496,1.0897271031312004
21.79088490513393,0.25,1.2700917482517484,23.060976653385676,True,3249,3502,254,0.26550655223329644,legacy,computed,False,,254.0,254.0,1.3088004268987536,1.4791820537773763,0.6831095912033669,0.16590273814466333,120.87175478199711,0.6030303447977403,0.8415373778400002,31.855138249001268,4.0,4.0,0.9120647514128742,0.8380042138687903,1.0640641638190282
21.79088490513393,0.25,1.2700917482517484,23.060976653385676,True,3249,3502,254,0.26550655223329644,ellipse_constrained,computed,False,,254.0,254.0,1.3219857673441993,1.4518932281606387,0.2476988687381147,0.19597950139045706,71.05409240722656,0.6189764990858396,0.8668135817469782,0.34526614681520446,4.0,4.0,0.16613339552865408,0.8286215322648847,0.6761486192968346
21.79088490513393,0.25,1.2700917482517484,23.060976653385676,True,3249,3502,254,0.26550655223329644,geometric_ellipse,boundary,True,True,254.0,254.0,1.3199292765526356,1.6396508236843241,0.6394633326935264,0.12224556754068121,79.89484147398566,0.569770604298992,0.7205809362610694,1.03216826059246,1.0,4.0,0.7890669732957563,1.3001070679706435,1.0552024972284246
21.79088490513393,0.5,2.540183496503497,24.331068401637424,True,3249,3756,508,0.26550655223329644,legacy,computed,False,,508.0,508.0,1.2370571745460615,1.4785659212296742,0.8461572991055503,0.1539282745759864,133.65661187697273,0.6310158938428526,0.7649625129693378,0.43584764240430285,4.0,4.0,1.0997123111758245,1.0380228756518601,0.9872625527854886
21.79088490513393,0.5,2.540183496503497,24.331068401637424,True,3249,3756,508,0.26550655223329644,ellipse_constrained,computed,False,,508.0,508.0,1.2877080003600638,1.3992612585365887,0.3297614098144702,0.2740910457683938,74.28562927246094,0.8502640698379177,0.8002236564585524,0.19899815536559665,4.0,4.0,0.0829208465141025,1.1031435309912212,0.945641155544593
21.79088490513393,0.5,2.540183496503497,24.331068401637424,True,3249,3756,508,0.26550655223329644,geometric_ellipse,boundary,True,True,508.0,508.0,1.274138359667071,1.4898308658311004,0.767978306897611,0.11558107721146191,86.31237601661765,0.7139988465513221,0.8514216673742184,0.5266227774371464,1.0,4.0,0.23908831162693586,1.5613937090654704,0.9976757747498641
21.79088490513393,1.0,5.080366993006994,26.871251898140923,True,3249,4263,1015,0.26550655223329644,legacy,computed,False,,1015.0,1015.0,1.4600156202157413,1.2900391772421613,0.8151624775843002,0.1559142237712644,138.97972420503052,0.5751017701547512,0.6046554487642428,1.1665755718984647,4.0,4.0,0.0,1.0,1.0
21.79088490513393,1.0,5.080366993006994,26.871251898140923,True,3249,4263,1015,0.26550655223329644,ellipse_constrained,computed,False,,1015.0,1015.0,1.3066092005062668,1.4105506396022633,0.2989288343269036,0.28984678190168794,67.85478210449219,0.8355185950734986,0.8359972205980633,0.1001932455555942,4.0,4.0,0.0,1.0,1.0
21.79088490513393,1.0,5.080366993006994,26.871251898140923,True,3249,4263,1015,0.26550655223329644,geometric_ellipse,computed,False,True,1015.0,1015.0,1.2985676611392412,1.431240270695841,0.49185436218854983,0.11585033949575475,177.24888117535886,0.6778393445279779,0.737520882123765,0.6802104042350411,3.0,4.0,0.0,1.0,1.0
21.79088490513393,2.0,10.160733986013987,31.951618891147916,True,3249,5277,2029,0.26550655223329644,legacy,computed,False,,2029.0,2029.0,1.320014178902328,1.4038161881119098,0.6059718285940259,0.16157603404149798,136.16528355108042,0.5716321443612228,0.5783299350778359,0.23378122330082612,4.0,4.0,0.6794710797032286,0.743375517467141,1.0363136225373497
21.79088490513393,2.0,10.160733986013987,31.951618891147916,True,3249,5277,2029,0.26550655223329644,ellipse_constrained,computed,False,,2029.0,2029.0,1.288569705247634,1.415409046310507,0.30317371186990877,0.29151839133521334,84.62843322753905,0.7817315434618072,0.7795410411128908,0.04424053805064162,4.0,4.0,0.0703646583226149,1.0142002947041338,1.0057672175021504
21.79088490513393,2.0,10.160733986013987,31.951618891147916,True,3249,5277,2029,0.26550655223329644,geometric_ellipse,computed,False,True,2029.0,2029.0,1.2618162028819742,1.4362175790724028,0.48659246170246845,0.12356944549244087,179.4423706693153,0.6837670997073061,0.7056403368120583,0.8337130809858205,3.0,4.0,0.13968381896684431,0.9893019135528898,1.066629981666726
22.29170656389509,0.25,1.2700917482517484,23.561798312146838,True,3349,3602,254,0.27131355842225413,legacy,computed,False,,254.0,254.0,1.3750005145808606,1.265312411375508,0.48445305880380085,0.13114309987234457,122.35329171690594,0.6071227402202485,0.6344991982224211,2.6360279947633414,4.0,4.0,0.25008886019908566,0.720128273474569,0.8497629827682224
22.29170656389509,0.25,1.2700917482517484,23.561798312146838,True,3349,3602,254,0.27131355842225413,ellipse_constrained,computed,False,,254.0,254.0,1.3005821018040689,1.3697941040905226,0.19410168719506793,0.16249616032829733,88.70675659179686,0.6155057394978511,0.6681488150523048,0.10560924749719258,4.0,4.0,0.08508796552064138,0.6412384642606506,0.6100394249951552
22.29170656389509,0.25,1.2700917482517484,23.561798312146838,True,3349,3602,254,0.27131355842225413,geometric_ellipse,computed,False,True,254.0,254.0,1.2793986207775372,1.3471316915695382,0.3575096073879089,0.10545844618114117,89.3167931724482,0.5778588063571911,0.7742528087446603,0.2784373454043473,4.0,4.0,0.2505880539505669,0.8357617623921236,0.8560505325455491
22.29170656389509,0.5,2.540183496503497,24.831890060398585,True,3349,3856,508,0.27131355842225413,legacy,computed,False,,508.0,508.0,1.3074591523825703,1.350514412557387,0.49865801222898176,0.14136054512011778,137.29873061311898,0.5372394089634279,0.5775065566787738,0.1233561924223417,4.0,4.0,0.4782343667670875,0.741243608384664,0.9159685761884653
22.29170656389509,0.5,2.540183496503497,24.831890060398585,True,3349,3856,508,0.27131355842225413,ellipse_constrained,computed,False,,508.0,508.0,1.2636433394259203,1.3732734114402334,0.2985870664292217,0.2470999111452049,130.4582405090332,0.7670769418938823,0.7721189000815158,0.09932841596691096,4.0,4.0,0.12648483823139045,0.9864185865254658,0.9276569206732482
22.29170656389509,0.5,2.540183496503497,24.831890060398585,True,3349,3856,508,0.27131355842225413,geometric_ellipse,computed,False,True,508.0,508.0,1.272537605161889,1.3391379774257244,0.47498708786640975,0.11721864530792869,98.75934720613334,0.679170434121028,0.7321502373551805,0.45555543482032307,4.0,4.0,0.2844532071368112,1.110392664882994,0.9515130117483621
22.29170656389509,1.0,5.080366993006994,27.372073556902084,True,3349,4363,1015,0.27131355842225413,legacy,computed,False,,1015.0,1015.0,1.429324185305979,1.3059682887220951,0.6727316183078723,0.15432903354430372,143.638072846138,0.5335645074553171,0.5678136922194235,1.0002615211021837,4.0,4.0,0.0,1.0,1.0
22.29170656389509,1.0,5.080366993006994,27.372073556902084,True,3349,4363,1015,0.27131355842225413,ellipse_constrained,computed,False,,1015.0,1015.0,1.2927201948952602,1.3914996700496152,0.3026981349580575,0.2663699322868974,166.23910522460938,0.7648445783391397,0.7620866400059738,0.11847351367848266,4.0,4.0,0.0,1.0,1.0
22.29170656389509,1.0,5.080366993006994,27.372073556902084,True,3349,4363,1015,0.27131355842225413,geometric_ellipse,computed,False,True,1015.0,1015.0,1.34406895836362,1.368110417978132,0.4277649725977439,0.12319184694336942,147.92226613377233,0.5779293836802265,0.712553299912383,0.3936348157085726,4.0,4.0,0.0,1.0,1.0
22.29170656389509,2.0,10.160733986013987,32.45244054990908,True,3349,5377,2029,0.27131355842225413,legacy,computed,False,,2029.0,2029.0,1.3220860513306867,1.3857401508334188,0.613351549235524,0.16025621274378807,136.22688608861242,0.5639220252182205,0.5731898731397338,0.15721577420800853,4.0,4.0,0.4926206337506233,0.9117328999316139,1.0384061188187432
22.29170656389509,2.0,10.160733986013987,32.45244054990908,True,3349,5377,2029,0.27131355842225413,ellipse_constrained,computed,False,,2029.0,2029.0,1.2820566190023228,1.4049040144368692,0.2989074758588947,0.28992096082314034,100.02027797698975,0.7735928023774764,0.7614954095616651,0.050121011245056864,4.0,4.0,0.06313205081170042,0.9874770979355786,1.0884147408607552
22.29170656389509,2.0,10.160733986013987,32.45244054990908,True,3349,5377,2029,0.27131355842225413,geometric_ellipse,computed,False,True,2029.0,2029.0,1.2437980142410547,1.4346590903997163,0.48637824009649255,0.1237902108355979,179.36818692831076,0.6821452895351015,0.72206191728002,0.11920820583985989,4.0,4.0,0.44356532501461376,1.137022129565215,1.0048571712095813
22.79252822265625,0.25,1.2700917482517484,24.062619970908,True,3449,3702,254,0.2720356012658227,legacy,computed,False,,254.0,254.0,1.2930228792804572,1.4146012084201993,0.4950328556409483,0.11855080364123392,142.83725603636896,0.5384580757890388,0.567393968093577,0.3126977764382528,4.0,4.0,0.6393576322772685,0.7127763961262906,0.7797536058937528
22.79252822265625,0.25,1.2700917482517484,24.062619970908,True,3449,3702,254,0.2720356012658227,ellipse_constrained,computed,False,,254.0,254.0,1.277415974691923,1.4160679566589152,0.20054614755322733,0.15236978572170526,151.2538414001465,0.5864988876444585,0.665444785213676,0.16846559645023804,4.0,4.0,0.09536628523514233,0.6538195627743626,0.5919533865970572
22.79252822265625,0.25,1.2700917482517484,24.062619970908,True,3449,3702,254,0.2720356012658227,geometric_ellipse,computed,False,True,254.0,254.0,1.241490678621404,1.4356545694536407,0.31130283765995204,0.10421473886215814,166.37662727881684,0.6256066398585938,0.6268231521013289,0.24292845773381025,4.0,4.0,0.36197862099527633,0.7775581620794787,0.8418912133411743
22.79252822265625,0.5,2.540183496503497,25.332711719159747,True,3449,3956,508,0.2720356012658227,legacy,nonellipse,False,,508.0,508.0,-25.021327427779234,17.423768323331938,,,,,,,0.0,0.0,113.8644004197562,,
22.79252822265625,0.5,2.540183496503497,25.332711719159747,True,3449,3956,508,0.2720356012658227,ellipse_constrained,computed,False,,508.0,508.0,1.3055506148418763,1.3994429661194352,0.31186603555518183,0.2769160393310006,164.86135864257812,0.7888937648946566,0.8065920348104799,0.18753066465048007,4.0,4.0,0.04702751953092346,1.0167441135050685,1.0758129409227024
22.79252822265625,0.5,2.540183496503497,25.332711719159747,True,3449,3956,508,0.2720356012658227,geometric_ellipse,boundary,True,True,508.0,508.0,1.28797510897268,1.4329040234948054,0.8327372906698562,0.11023115043301776,175.58035919956322,0.6296582215350645,0.8121548435718624,0.39040995718669874,2.0,4.0,0.21082359444566115,2.079973578447071,0.8904943580849369
22.79252822265625,1.0,5.080366993006994,27.872895215663245,True,3449,4463,1015,0.2720356012658227,legacy,computed,False,,1015.0,1015.0,1.4355113926728553,1.3148616178551773,0.694513536547074,0.15203623650492917,145.37137410158448,0.5194932762540032,0.5504101125039235,1.6513881600990314,4.0,4.0,0.0,1.0,1.0
22.79252822265625,1.0,5.080366993006994,27.872895215663245,True,3449,4463,1015,0.2720356012658227,ellipse_constrained,computed,False,,1015.0,1015.0,1.2933499319683381,1.3955948147797732,0.30673011174864023,0.25740166231268374,165.0623321533203,0.742396433522921,0.76281490056169,0.048832868745025536,4.0,4.0,0.0,1.0,1.0
22.79252822265625,1.0,5.080366993006994,27.872895215663245,True,3449,4463,1015,0.2720356012658227,geometric_ellipse,computed,False,True,1015.0,1015.0,1.3313507736968708,1.395384043060141,0.40035955230334525,0.12378646695760842,154.2561201149998,0.5289165122405037,0.6226789472166973,0.3565532100943282,4.0,4.0,0.0,1.0,1.0
22.79252822265625,2.0,10.160733986013987,32.95326220867024,True,3449,5477,2029,0.2720356012658227,legacy,computed,False,,2029.0,2029.0,1.3121246538315794,1.3971446322417846,0.6119442464560234,0.16011028230584642,137.37547373341553,0.5531435909683055,0.5683938057096962,0.4235588832105048,4.0,4.0,0.5451726810288494,0.8811120507433708,1.0531060619923691
22.79252822265625,2.0,10.160733986013987,32.95326220867024,True,3449,5477,2029,0.2720356012658227,ellipse_constrained,computed,False,,2029.0,2029.0,1.2803820485567503,1.4060343051028568,0.298226905844703,0.2910244127375084,102.4197826385498,0.7606575661760065,0.7511215200037636,0.08926429027290612,4.0,4.0,0.06119710552244877,0.9722778899813219,1.1306236724453658
22.79252822265625,2.0,10.160733986013987,32.95326220867024,True,3449,5477,2029,0.2720356012658227,geometric_ellipse,computed,False,True,2029.0,2029.0,1.25596337887739,1.4345780158523027,0.46791136207052425,0.12307862925658043,179.617907043843,0.6729548020893046,0.7004321235667571,0.08625278259264196,4.0,4.0,0.3123385680255413,1.1687278581928182,0.9942817844436065
23.29334988141741,0.25,1.2700917482517484,24.563441629669157,True,3549,3802,254,0.28658428470754055,legacy,computed,False,,254.0,254.0,1.2687190225255287,1.3786688414940778,0.5437550076513972,0.15092159672492217,141.45040044303872,0.5168688207278646,0.6812494230884009,0.22753922262115958,4.0,4.0,0.2398748093250843,0.9806165805840399,0.947314105201923
23.29334988141741,0.25,1.2700917482517484,24.563441629669157,True,3549,3802,254,0.28658428470754055,ellipse_constrained,computed,False,,254.0,254.0,1.265246468259646,1.3520820706537031,0.23977504109227088,0.20544578789049667,135.99317169189453,0.560002933681994,0.7480858714783014,0.2568398374441819,4.0,4.0,0.20198424116602967,0.7865719338608027,0.7628788676582289
23.29334988141741,0.25,1.2700917482517484,24.563441629669157,True,3549,3802,254,0.28658428470754055,geometric_ellipse,computed,False,True,254.0,254.0,1.2759012713154922,1.1830861846280323,0.5402432259834782,0.14196484791352096,95.56560084245575,0.6214425773541722,0.7411732354686115,0.6178854575563417,4.0,4.0,0.8857795255585537,1.1900046573604377,1.1228465379172456
23.29334988141741,0.5,2.540183496503497,25.833533377920908,True,3549,4056,508,0.28658428470754055,legacy,computed,False,,508.0,508.0,1.754404118116756,1.1152228655178051,1.1017077182348909,0.17097218104146003,147.1851685851839,0.5207720721652367,0.5766041082649518,2.399636700528207,4.0,4.0,1.7441561353969162,1.986837528402425,1.0731688652414462
23.29334988141741,0.5,2.540183496503497,25.833533377920908,True,3549,4056,508,0.28658428470754055,ellipse_constrained,computed,False,,508.0,508.0,1.3007975456348428,1.3925716807583497,0.3153853316149108,0.2853914976012279,160.50648498535156,0.777191072742989,0.76149757168146,0.14775833371620142,4.0,4.0,0.042598247674213115,1.034608310646506,1.0597401132670383
23.29334988141741,0.5,2.540183496503497,25.833533377920908,True,3549,4056,508,0.28658428470754055,geometric_ellipse,boundary,True,True,508.0,508.0,1.3387980366064154,1.427944528701622,0.8632176759130343,0.113431857444758,174.92750437720107,0.6157638778616721,0.6559374270408075,0.8193595837833564,2.0,4.0,0.22290195224352463,1.9014269966686799,0.8971697592276888
23.29334988141741,1.0,5.080366993006994,28.373716874424403,True,3549,4563,1015,0.28658428470754055,legacy,computed,False,,1015.0,1015.0,1.336589839097157,1.3895930350186023,0.5545031752650411,0.15931526396173817,143.33952618571993,0.5055923824475959,0.5317250485021988,0.7207246796926389,4.0,4.0,0.0,1.0,1.0
23.29334988141741,1.0,5.080366993006994,28.373716874424403,True,3549,4563,1015,0.28658428470754055,ellipse_constrained,computed,False,,1015.0,1015.0,1.2936900237244704,1.4024973097858302,0.30483549027151424,0.2693032886349878,163.27120208740234,0.7072477661243468,0.6925238975840828,0.05455404485259283,4.0,4.0,0.0,1.0,1.0
23.29334988141741,1.0,5.080366993006994,28.373716874424403,True,3549,4563,1015,0.28658428470754055,geometric_ellipse,computed,False,True,1015.0,1015.0,1.2755538663933588,1.4369364386496843,0.4539841274082049,0.126432992505681,179.25905730761005,0.5883826217746861,0.5977839383867684,0.07151357518410995,4.0,4.0,0.0,1.0,1.0
23.29334988141741,2.0,10.160733986013987,33.45408386743139,True,3549,5577,2029,0.28658428470754055,legacy,computed,False,,2029.0,2029.0,1.305435496138013,1.4029503161021954,0.5985163089695552,0.1621292719303942,137.63901857236928,0.5543219087555421,0.5523329341153983,0.18838295356114332,4.0,4.0,0.1182795165840825,1.079373997603308,1.0176631409864898
23.29334988141741,2.0,10.160733986013987,33.45408386743139,True,3549,5577,2029,0.28658428470754055,ellipse_constrained,computed,False,,2029.0,2029.0,1.2781012438903967,1.4089377342394744,0.3016908215962697,0.29234251632801156,111.44664192199708,0.7556286773415882,0.7567760321813237,0.03545266090870827,4.0,4.0,0.05885460677340175,0.9896840467215822,1.0855512303982704
23.29334988141741,2.0,10.160733986013987,33.45408386743139,True,3549,5577,2029,0.28658428470754055,geometric_ellipse,computed,False,True,2029.0,2029.0,1.2498109821478633,1.4351663665255359,0.4672071707334526,0.12512861717300838,179.65948893115015,0.6655978462736588,0.6928431464369446,0.44441376063552923,3.0,4.0,0.09003866801955174,1.0291266644072736,0.9896832677387273
23.79417154017857,0.25,1.2700917482517484,25.06426328843032,True,3649,3902,254,0.2864998541955239,legacy,computed,False,,254.0,254.0,1.2648735663083817,1.3656612283066167,0.44900191022978037,0.14942297334708748,137.88606132363222,0.5225935731612598,0.5679527230250493,0.21364116244605946,4.0,4.0,0.24977913240507382,0.8263382448933578,0.9318375697622892
23.79417154017857,0.25,1.2700917482517484,25.06426328843032,True,3649,3902,254,0.2864998541955239,ellipse_constrained,computed,False,,254.0,254.0,1.2461090836459454,1.365645638091074,0.25897335088067647,0.19805004550081395,130.21907806396484,0.569577236475264,0.7038571880826585,0.27253882737312257,4.0,4.0,0.2045964823647639,0.8486368438094807,0.7346822530959918
23.79417154017857,0.25,1.2700917482517484,25.06426328843032,True,3649,3902,254,0.2864998541955239,geometric_ellipse,computed,False,True,254.0,254.0,1.2830535160051564,1.3532892449441778,0.4005302350661866,0.11856507074965535,134.68107243211284,0.5697995278871515,0.7322172831089255,0.3683334843668082,4.0,4.0,0.28430200921900634,0.901042734004652,0.9189386848793314
23.79417154017857,0.5,2.540183496503497,26.33435503668207,True,3649,4156,508,0.2864998541955239,legacy,computed,False,,508.0,508.0,1.4868297049142487,1.2863056061534268,0.7614370417594791,0.16059908843213114,146.40718548506706,0.5115312835405545,0.5925570592741447,0.6461781190381967,4.0,4.0,0.6503969553258727,1.401340471719414,1.0015345091749444
23.79417154017857,0.5,2.540183496503497,26.33435503668207,True,3649,4156,508,0.2864998541955239,ellipse_constrained,computed,False,,508.0,508.0,1.3013585009080797,1.3968398149718013,0.31746323186903536,0.293337232692602,163.17080688476565,0.7645031901915978,0.6938764420151571,0.1402263252488114,4.0,4.0,0.032604349719828424,1.040303931669897,1.0881575840418494
23.79417154017857,0.5,2.540183496503497,26.33435503668207,True,3649,4156,508,0.2864998541955239,geometric_ellipse,computed,False,True,508.0,508.0,1.2902847896580099,1.4350668665655797,0.5008012741090074,0.12223013125163719,175.75788703215096,0.6062073923014111,0.6602589786033908,0.33951931625904197,3.0,4.0,0.05125142239170761,1.1266149461641175,0.9473447395158244
23.79417154017857,1.0,5.080366993006994,28.874538533185564,True,3649,4663,1015,0.2864998541955239,legacy,computed,False,,1015.0,1015.0,1.3321127957990087,1.3901553251406018,0.5433633418331325,0.16035302524366465,142.91892101169088,0.5131838144885851,0.5327128156618828,0.3402438943627612,4.0,4.0,0.0,1.0,1.0
23.79417154017857,1.0,5.080366993006994,28.874538533185564,True,3649,4663,1015,0.2864998541955239,ellipse_constrained,computed,False,,1015.0,1015.0,1.292943312951973,1.4008946312539217,0.3051639258533254,0.26957238270860645,163.79236602783206,0.7078905370876714,0.6971149310207879,0.07699956992123876,4.0,4.0,0.0,1.0,1.0
23.79417154017857,1.0,5.080366993006994,28.874538533185564,True,3649,4663,1015,0.2864998541955239,geometric_ellipse,computed,False,True,1015.0,1015.0,1.2756163481281755,1.4344014864030754,0.4445185782543792,0.12902391933279475,179.36521295250327,0.5949237075371508,0.6243562345127641,0.20038102919661444,4.0,4.0,0.0,1.0,1.0
23.79417154017857,2.0,10.160733986013987,33.95490552619256,True,3649,5677,2029,0.2864998541955239,legacy,computed,False,,2029.0,2029.0,1.303730992570116,1.4045068260458848,0.5988554587211329,0.16213075317955,137.5967201682475,0.5554212093319643,0.5573135055668874,0.1934045280989248,4.0,4.0,0.11100866818249551,1.1021270899519793,1.011086338615589
23.79417154017857,2.0,10.160733986013987,33.95490552619256,True,3649,5677,2029,0.2864998541955239,ellipse_constrained,computed,False,,2029.0,2029.0,1.2777390120966798,1.4096571257883863,0.30118707834953684,0.29263057692253003,111.57606506347656,0.7593173109610718,0.7614558181445552,0.04410693074841014,4.0,4.0,0.0612515611213196,0.9869681598417369,1.0855361887677057
23.79417154017857,2.0,10.160733986013987,33.95490552619256,True,3649,5677,2029,0.2864998541955239,geometric_ellipse,computed,False,True,2029.0,2029.0,1.253482196774618,1.4343637141990881,0.4573945976176167,0.12645246160809973,179.7151053077747,0.6630197995557664,0.689348578622922,0.07021119174430547,4.0,4.0,0.07725722459808272,1.0289662119720655,0.9800699146484428
24.294993198939732,0.25,1.2700917482517484,25.56508494719148,True,3749,4002,254,0.27087290625918314,legacy,computed,False,,254.0,254.0,1.5600662956196563,1.2525054324403848,0.667290965258527,0.17931754022743687,141.03634655323424,0.5878177208816447,0.648448387429784,0.40768533477275304,4.0,4.0,0.9511823313623823,1.2952114200381386,1.140767984816787
24.294993198939732,0.25,1.2700917482517484,25.56508494719148,True,3749,4002,254,0.27087290625918314,ellipse_constrained,computed,False,,254.0,254.0,1.344215841585947,1.4201532785532014,0.26044982450542625,0.216798105559754,145.65468215942383,0.6358972883908529,0.712545002459674,0.15017944229922123,4.0,4.0,0.17711593410484716,0.8793504846732769,0.8413211273660939
24.294993198939732,0.25,1.2700917482517484,25.56508494719148,True,3749,4002,254,0.27087290625918314,geometric_ellipse,computed,False,True,254.0,254.0,1.334245604926427,1.4416651620409349,0.4592517014067899,0.1269963050802091,175.419351030903,0.7027646219993879,0.8423592681361346,0.2937390162792156,4.0,4.0,0.15861811965110373,1.091968156876755,1.0007792204711548
24.294993198939732,0.5,2.540183496503497,26.83517669544323,True,3749,4256,508,0.27087290625918314,legacy,computed,False,,508.0,508.0,1.5490582288666694,1.2465801769835014,0.7724893355493967,0.15787522858427558,141.9984499264524,0.5387335334441062,0.5810274036974304,2.643093906732081,4.0,4.0,0.929398005987206,1.499401402615449,1.0043580016553073
24.294993198939732,0.5,2.540183496503497,26.83517669544323,True,3749,4256,508,0.27087290625918314,ellipse_constrained,computed,False,,508.0,508.0,1.322239042293139,1.4177467978491596,0.3021501512187306,0.26169597446287945,152.7272186279297,0.7531925175998023,0.7481640363400994,0.12992200146975139,4.0,4.0,0.09607851905975032,1.0201422958254254,1.0155547793824924
24.294993198939732,0.5,2.540183496503497,26.83517669544323,True,3749,4256,508,0.27087290625918314,geometric_ellipse,computed,False,True,508.0,508.0,1.329308183954519,1.4397678229898225,0.43673736079578385,0.12021650671260566,174.45148521474155,0.6450082652584322,0.7273941921237235,0.3207423682295718,4.0,4.0,0.13966041726948378,1.0384355451412153,0.9473518288553402
24.294993198939732,1.0,5.080366993006994,29.375360191946726,True,3749,4763,1015,0.27087290625918314,legacy,computed,False,,1015.0,1015.0,1.3423105231312642,1.3902214445137449,0.5151984880112299,0.15719019346097457,142.46338439504714,0.5282603240921145,0.55750299431089,0.4025721791631909,4.0,4.0,0.0,1.0,1.0
24.294993198939732,1.0,5.080366993006994,29.375360191946726,True,3749,4763,1015,0.27087290625918314,ellipse_constrained,computed,False,,1015.0,1015.0,1.2971662536743906,1.4107711674846894,0.2961843190456607,0.2576876991529729,171.07527923583987,0.7068814204129528,0.7118317080148253,0.06618867944479624,4.0,4.0,0.0,1.0,1.0
24.294993198939732,1.0,5.080366993006994,29.375360191946726,True,3749,4763,1015,0.27087290625918314,geometric_ellipse,computed,False,True,1015.0,1015.0,1.2917004883668632,1.4356706271769966,0.42057243017080337,0.12689742400968396,179.38423708098014,0.6089903453076126,0.6184705743579147,0.08540053978972602,4.0,4.0,0.0,1.0,1.0
24.294993198939732,2.0,10.160733986013987,34.455727184953716,True,3749,5777,2029,0.27087290625918314,legacy,computed,False,,2029.0,2029.0,1.3146461287638287,1.4000498828254453,0.5927923410900265,0.1605083631038105,137.13907817339214,0.5532360273421155,0.5649854288614901,0.2216126984889963,4.0,4.0,0.1083844890439152,1.150609628879783,1.021109266232055
24.294993198939732,2.0,10.160733986013987,34.455727184953716,True,3749,5777,2029,0.27087290625918314,ellipse_constrained,computed,False,,2029.0,2029.0,1.279931713205355,1.4153778788443883,0.29234102769791614,0.2907818492695524,112.5985221862793,0.7488363830480314,0.7582864446294424,0.05400142693319837,4.0,4.0,0.06585965331902419,0.9870239877650239,1.1284273569338426
24.294993198939732,2.0,10.160733986013987,34.455727184953716,True,3749,5777,2029,0.27087290625918314,geometric_ellipse,boundary,True,True,2029.0,2029.0,1.2675928197856576,1.4361916855517545,0.42964048763416124,0.1274553990642989,179.99999999235493,0.6549564611411265,0.685763523501082,0.22209131496366716,4.0,4.0,0.08902071190135312,1.0215612265874754,1.0043970558029007
24.79581485770089,0.25,1.2700917482517484,26.065906605952637,True,3849,4102,254,0.28064666650617087,legacy,computed,False,,254.0,254.0,1.7604908513416688,1.1143812971854976,1.0969244628005563,0.1706045869207827,143.01321127215434,0.5782404606823213,0.5841571399801259,1.6823644530875748,3.0,3.0,1.8541157083502253,2.1020494854798804,1.0795823877688677
24.79581485770089,0.25,1.2700917482517484,26.065906605952637,True,3849,4102,254,0.28064666650617087,ellipse_constrained,computed,False,,254.0,254.0,1.353479119843873,1.4111019457349467,0.23567439606954882,0.20405102085481605,170.3127899169922,0.6275108098458398,0.6896042176592233,0.12966269991004944,4.0,4.0,0.23673792293384457,0.7737474700105682,0.7920602269432933
24.79581485770089,0.25,1.2700917482517484,26.065906605952637,True,3849,4102,254,0.28064666650617087,geometric_ellipse,computed,False,True,254.0,254.0,1.3587911214831976,1.4385071469371251,0.415043038119411,0.11713445110297094,179.31011534765278,0.6511345488313571,0.6428519557629621,0.13278338213689472,4.0,4.0,0.2676841560499304,0.9595001539545752,0.9276879966435494
24.79581485770089,0.5,2.540183496503497,27.335998354204385,True,3849,4356,508,0.28064666650617087,legacy,computed,False,,508.0,508.0,1.4843082241551415,1.293803684313731,0.7507679340395507,0.16053549599680794,142.24973747212547,0.5582129342042994,0.6081802732653321,1.1507849792619844,4.0,4.0,0.680654347286922,1.438705583640148,1.015865383328571
24.79581485770089,0.5,2.540183496503497,27.335998354204385,True,3849,4356,508,0.28064666650617087,ellipse_constrained,computed,False,,508.0,508.0,1.3218996310219537,1.4064789671717575,0.3029164636155433,0.25521568409995266,164.20099639892578,0.7520834249811068,0.7290686776947015,0.1179982989727459,4.0,4.0,0.1288389795870839,0.9945112886930147,0.9906649416447908
24.79581485770089,0.5,2.540183496503497,27.335998354204385,True,3849,4356,508,0.28064666650617087,geometric_ellipse,computed,False,True,508.0,508.0,1.3362691761867473,1.4290840168358179,0.40568138143035337,0.12723438447855173,179.55338157285354,0.6295553924929957,0.7117144065430403,0.1675591184104656,4.0,4.0,0.18901036522735665,0.9378577935017386,1.0076780155594123
24.79581485770089,1.0,5.080366993006994,29.876181850707884,True,3849,4863,1015,0.28064666650617087,legacy,computed,False,,1015.0,1015.0,1.3259735001110404,1.4006682922381748,0.5218356991011264,0.1580283161837836,143.36964943805305,0.5100526388248572,0.5290239845523169,0.484367882626085,4.0,4.0,0.0,1.0,1.0
24.79581485770089,1.0,5.080366993006994,29.876181850707884,True,3849,4863,1015,0.28064666650617087,ellipse_constrained,computed,False,,1015.0,1015.0,1.2872999884067169,1.4169805069422177,0.3045882606457245,0.25762058731605125,164.00331115722656,0.6801502286650193,0.6852792627278423,0.09296003473407144,4.0,4.0,0.0,1.0,1.0
24.79581485770089,1.0,5.080366993006994,29.876181850707884,True,3849,4863,1015,0.28064666650617087,geometric_ellipse,computed,False,True,1015.0,1015.0,1.2837021925918324,1.4361902070659625,0.43256172123455444,0.12626492045469265,179.33664409086367,0.58913010095809,0.6293635854193766,0.09520636372002793,4.0,4.0,0.0,1.0,1.0
24.79581485770089,2.0,10.160733986013987,34.95654884371488,True,3849,5877,2029,0.28064666650617087,legacy,computed,False,,2029.0,2029.0,1.307019820511367,1.405612512864104,0.6303598962477055,0.1604947623509477,137.1745299268672,0.5618868578829807,0.5722053997824096,0.1895611332608165,4.0,4.0,0.06979572410894926,1.2079662187418654,1.0156076216384897
24.79581485770089,2.0,10.160733986013987,34.95654884371488,True,3849,5877,2029,0.28064666650617087,ellipse_constrained,computed,False,,2029.0,2029.0,1.2807268834513397,1.4141956908410689,0.29073415734508634,0.289415068085774,47.06439208984375,0.7615568382903972,0.7668094765115285,0.05378366929803535,4.0,4.0,0.025436578700015554,0.9545153077427622,1.1234159160219481
24.79581485770089,2.0,10.160733986013987,34.95654884371488,True,3849,5877,2029,0.28064666650617087,geometric_ellipse,computed,False,True,2029.0,2029.0,1.2744387697413007,1.4358513112071387,0.42650715550037904,0.1264027303439823,1.409261452582433,0.6596523068279071,0.6928340674156345,0.134886875827785,4.0,4.0,0.03302950299495096,0.9860030015672785,1.001091434491808
25.29663651646205,0.25,1.2700917482517484,26.5667282647138,True,3949,4202,254,0.2727967409705999,legacy,nonellipse,False,,254.0,254.0,1.1624446985042582,1.526730894459412,,,,,,,0.0,0.0,0.32364811276097993,,
25.29663651646205,0.25,1.2700917482517484,26.5667282647138,True,3949,4202,254,0.2727967409705999,ellipse_constrained,computed,False,,254.0,254.0,1.2976342200200714,1.3929751381411886,0.23283650448665502,0.1873145447526398,149.86148834228516,0.5814387636765894,0.6333315715470021,0.13443295753165063,4.0,4.0,0.17116017857996085,0.784675427097844,0.6925185298771019
25.29663651646205,0.25,1.2700917482517484,26.5667282647138,True,3949,4202,254,0.2727967409705999,geometric_ellipse,computed,False,True,254.0,254.0,1.271673981749957,1.4361910528203683,0.3783754186424084,0.11499563233389931,171.50876854970394,0.6270830580785609,0.6110718496324044,0.3057273465112807,4.0,4.0,0.031612618446151826,1.0659907549279888,0.8441323581008182
25.29663651646205,0.5,2.540183496503497,27.836820012965546,True,3949,4456,508,0.2727967409705999,legacy,computed,False,,508.0,508.0,1.2999939599767103,1.3982925611353156,0.4980463289923584,0.1505078933596308,140.403980274226,0.5217436968961338,0.5282408486500759,0.10057758075652269,4.0,4.0,0.388657717491312,0.9465858575618864,0.9214039872492358
25.29663651646205,0.5,2.540183496503497,27.836820012965546,True,3949,4456,508,0.2727967409705999,ellipse_constrained,computed,False,,508.0,508.0,1.2790594069017291,1.3922682872586776,0.29063444635562613,0.2432149614391619,160.63999938964844,0.7082210203060992,0.6819841712131324,0.0592552032132321,4.0,4.0,0.15277218932069764,0.9794585639663613,0.8991873416043991
25.29663651646205,0.5,2.540183496503497,27.836820012965546,True,3949,4456,508,0.2727967409705999,geometric_ellipse,computed,False,True,508.0,508.0,1.295662449747965,1.4106954357034933,0.36380585329528586,0.1301759429309271,141.87432630278894,0.5474098035840864,0.6029467945780047,0.16308860418746654,4.0,4.0,0.15720688406324398,1.0249441615232788,0.9555643413935823
25.29663651646205,1.0,5.080366993006994,30.377003509469045,True,3949,4963,1015,0.2727967409705999,legacy,computed,False,,1015.0,1015.0,1.2409681402906476,1.486367300162316,0.5261501901952902,0.16334625793074528,133.19829276351138,0.5583248812373937,0.5637564810109607,0.26034183625789276,4.0,4.0,0.0,1.0,1.0
25.29663651646205,1.0,5.080366993006994,30.377003509469045,True,3949,4963,1015,0.2727967409705999,ellipse_constrained,computed,False,,1015.0,1015.0,1.2748504518338242,1.433730960615148,0.29672970051809944,0.2704830797608862,123.2130355834961,0.7142246243591374,0.7108550203012297,0.12619119388142747,4.0,4.0,0.0,1.0,1.0
25.29663651646205,1.0,5.080366993006994,30.377003509469045,True,3949,4963,1015,0.2727967409705999,geometric_ellipse,computed,False,True,1015.0,1015.0,1.2635716847522274,1.4391445325362724,0.35495187635841075,0.13622938539238524,177.45794400572615,0.6625529355162298,0.6605010346401593,0.06426147388527562,4.0,4.0,0.0,1.0,1.0
25.29663651646205,2.0,10.160733986013987,35.45737050247604,True,3949,5977,2029,0.2727967409705999,legacy,computed,False,,2029.0,2029.0,1.27294399710726,1.4274185296756858,0.5763265550732968,0.15841438352798562,134.26961972984822,0.5591286282106246,0.5736398359099966,0.2813097761108122,4.0,4.0,0.24583414620094332,1.0953650988121524,0.9698072397541506
25.29663651646205,2.0,10.160733986013987,35.45737050247604,True,3949,5977,2029,0.2727967409705999,ellipse_constrained,computed,False,,2029.0,2029.0,1.2721414373562352,1.4106735230876633,0.2918111654839196,0.27779948853433617,103.32967853546143,0.7579386739301303,0.7593808696722701,0.08743212396817139,4.0,4.0,0.08510377668873911,0.9834241903469996,1.0270494138854003
25.29663651646205,2.0,10.160733986013987,35.45737050247604,True,3949,5977,2029,0.2727967409705999,geometric_ellipse,computed,False,True,2029.0,2029.0,1.270742654763169,1.4152697089973778,0.4792012508923122,0.12313175338518739,90.89237124241582,0.6764667582757661,0.6791895570373786,0.16224415718728633,4.0,4.0,0.09138121613424832,1.3500456901612243,0.9038560442046157
25.797458175223213,0.25,1.2700917482517484,27.06754992347496,True,4049,4302,254,0.2749802297165199,legacy,computed,False,,254.0,254.0,1.303369567756046,1.4152452252369956,0.6920182671278835,0.14313172890404322,140.168839987527,0.48655595162127685,0.5028237350693565,0.3905226768946075,3.0,3.0,0.32740040101439594,1.2478948718994731,0.8701629013570763
25.797458175223213,0.25,1.2700917482517484,27.06754992347496,True,4049,4302,254,0.2749802297165199,ellipse_constrained,computed,False,,254.0,254.0,1.2925377074048017,1.4134484068379618,0.23517636480175022,0.19297386785455858,158.8108901977539,0.5372574166267585,0.5787309317065782,0.09005667857126656,4.0,4.0,0.07426801393921681,0.7779622775491748,0.6886352387619247
25.797458175223213,0.25,1.2700917482517484,27.06754992347496,True,4049,4302,254,0.2749802297165199,geometric_ellipse,computed,False,True,254.0,254.0,1.277967657077048,1.4405035633112322,0.37166905232901004,0.12289745359819719,172.1133226481666,0.6070467606032185,0.6587503289928096,0.5342783182014151,3.0,4.0,0.04951834975974129,0.8832597629749351,0.9096386542271284
25.797458175223213,0.5,2.540183496503497,28.337641671726708,True,4049,4556,508,0.2749802297165199,legacy,computed,False,,508.0,508.0,1.261957459824646,1.44910631940805,0.4415028816355127,0.1678581451846369,140.94373277507145,0.5272536880984546,0.5589676155913085,0.230205828858548,4.0,4.0,0.1382130850883333,0.7961483216453623,1.0204860358265047
25.797458175223213,0.5,2.540183496503497,28.337641671726708,True,4049,4556,508,0.2749802297165199,ellipse_constrained,computed,False,,508.0,508.0,1.284129233102241,1.410220566759873,0.29044145678070293,0.2487207712954471,1.3733367919921875,0.640315405063641,0.6451248605370333,0.06011883407108969,4.0,4.0,0.06629292271400386,0.960778934576568,0.8875703722494683
25.797458175223213,0.5,2.540183496503497,28.337641671726708,True,4049,4556,508,0.2749802297165199,geometric_ellipse,computed,False,True,508.0,508.0,1.2692087715931266,1.424270578624431,0.3475714953094534,0.14606989305969945,3.516213291312283,0.5047414710773384,0.5526489298806812,0.17279669082140658,4.0,4.0,0.054081626162068644,0.8259926798858457,1.081151944615024
25.797458175223213,1.0,5.080366993006994,30.877825168230206,True,4049,5063,1015,0.2749802297165199,legacy,computed,False,,1015.0,1015.0,1.2430398533866833,1.482069480793312,0.5545485302576277,0.16448842932837043,133.654697212483,0.5617275443884893,0.5883737970548002,0.5494634692556319,4.0,4.0,0.0,1.0,1.0
25.797458175223213,1.0,5.080366993006994,30.877825168230206,True,4049,5063,1015,0.2749802297165199,ellipse_constrained,computed,False,,1015.0,1015.0,1.277407929651218,1.427165459339021,0.3022979025957782,0.28022653647742474,115.33057212829588,0.7416761501927902,0.7577496325715642,0.058870978146092524,4.0,4.0,0.0,1.0,1.0
25.797458175223213,1.0,5.080366993006994,30.877825168230206,True,4049,5063,1015,0.2749802297165199,geometric_ellipse,computed,False,True,1015.0,1015.0,1.2835794099628943,1.428097148371951,0.42079246435632905,0.13510579506168482,137.01432409991523,0.5937179473203978,0.7388630962627599,0.9152599237511939,2.0,4.0,0.0,1.0,1.0
25.797458175223213,2.0,10.160733986013987,35.9581921612372,True,4049,6077,2029,0.2749802297165199,legacy,computed,False,,2029.0,2029.0,1.2674167320673344,1.4324131687218828,0.5492664840316495,0.1597195330353609,134.79556102447128,0.5563808070151963,0.5661285128753721,0.10978627496549602,4.0,4.0,0.20116755291709182,0.9904750514377445,0.9710077097065027
25.797458175223213,2.0,10.160733986013987,35.9581921612372,True,4049,6077,2029,0.2749802297165199,ellipse_constrained,computed,False,,2029.0,2029.0,1.273834587879297,1.4113157136494547,0.28821543778210285,0.2793235380262941,101.98943901062013,0.7470569930039476,0.7435972366427167,0.04540668444512124,4.0,4.0,0.05908628462649102,0.9534152744933003,0.9967776126326874
25.797458175223213,2.0,10.160733986013987,35.9581921612372,True,4049,6077,2029,0.2749802297165199,geometric_ellipse,computed,False,True,2029.0,2029.0,1.2732458148679378,1.412451698830893,0.4407343710155209,0.12587170783968715,91.84382365268208,0.6656925058380849,0.695661539526838,0.08309728393009343,4.0,4.0,0.06818679579524448,1.0473913112719264,0.9316529152744211
26.298279833984378,0.25,1.2700917482517484,27.568371582236125,True,4149,4402,254,0.2749188953488372,legacy,computed,False,,254.0,254.0,1.2716262151207882,1.4037646655458538,0.3698365313801426,0.1692121812799639,145.44643344819013,0.5227715308246234,0.594670484353894,0.10802986768448587,4.0,4.0,0.15979216531031146,0.6697610899151089,1.0035167857693281
26.298279833984378,0.25,1.2700917482517484,27.568371582236125,True,4149,4402,254,0.2749188953488372,ellipse_constrained,computed,False,,254.0,254.0,1.2424821540885038,1.3952216364822463,0.2285011009263381,0.20987613573762287,178.87715148925784,0.53007467713273,0.5850851289233475,0.09762901542524206,4.0,4.0,0.12047880214320285,0.7391238816187216,0.7433892515808287
26.298279833984378,0.25,1.2700917482517484,27.568371582236125,True,4149,4402,254,0.2749188953488372,geometric_ellipse,computed,False,True,254.0,254.0,1.2726487229023355,1.3808208690406207,0.21722259320291173,0.17955792013940094,74.90008510131625,0.6059050170595689,0.5909894338241342,0.2751708858069769,4.0,4.0,0.48600394877731773,0.3568412583214115,1.4143380439264126
26.298279833984378,0.5,2.540183496503497,28.838463330487876,True,4149,4656,508,0.2749188953488372,legacy,computed,False,,508.0,508.0,1.262520254142134,1.4429462355362581,0.4344987875654266,0.16735328342033848,138.947668463457,0.5434443316114017,0.5700524131063186,0.6140244845965399,4.0,4.0,0.0144449870950507,0.786862185951808,0.9924925486780374
26.298279833984378,0.5,2.540183496503497,28.838463330487876,True,4149,4656,508,0.2749188953488372,ellipse_constrained,computed,False,,508.0,508.0,1.2744800058649992,1.4092286549638375,0.2800596848603901,0.25264843369562057,173.56240844726562,0.6554978910571809,0.6588503949898051,0.09389591282887401,4.0,4.0,0.03542976623467294,0.9058984859143311,0.8948903570096924
26.298279833984378,0.5,2.540183496503497,28.838463330487876,True,4149,4656,508,0.2749188953488372,geometric_ellipse,computed,False,True,508.0,508.0,1.253378438385447,1.378481966346774,0.3562328533591389,0.15013763461681234,26.01862411002719,0.5338943456574146,0.5495251085557753,0.16737382942200815,4.0,4.0,0.49345336506885346,0.5851996229939034,1.182600958503112
26.298279833984378,1.0,5.080366993006994,31.37864682699137,True,4149,5163,1015,0.2749188953488372,legacy,computed,False,,1015.0,1015.0,1.26314475034857,1.4468680250637778,0.5521917247044298,0.16861918373417184,131.81006764349007,0.5840998869061095,0.5888774977459196,0.2920894144142636,4.0,4.0,0.0,1.0,1.0
26.298279833984378,1.0,5.080366993006994,31.37864682699137,True,4149,5163,1015,0.2749188953488372,ellipse_constrained,computed,False,,1015.0,1015.0,1.2679226651180795,1.4164310826100248,0.309151289261427,0.2823233390734639,98.5615062713623,0.7571368194617413,0.7621106067125252,0.1396763682489501,4.0,4.0,0.0,1.0,1.0
26.298279833984378,1.0,5.080366993006994,31.37864682699137,True,4149,5163,1015,0.2749188953488372,geometric_ellipse,computed,False,True,1015.0,1015.0,1.2610248595559532,1.5139259546779862,0.6087373254559498,0.1269554481055473,93.05420568107962,0.6539398024618432,0.7600634222166597,0.618602365287741,3.0,4.0,0.0,1.0,1.0
26.298279833984378,2.0,10.160733986013987,36.45901381999836,True,4149,6177,2029,0.2749188953488372,legacy,computed,False,,2029.0,2029.0,1.2694353255294302,1.4327458874504073,0.5403627053892607,0.1601093168889555,134.17457937256464,0.562841981739425,0.568410777904044,0.053172534869009004,4.0,4.0,0.05623412069723456,0.9785780576094276,0.9495320362917178
26.298279833984378,2.0,10.160733986013987,36.45901381999836,True,4149,6177,2029,0.2749188953488372,ellipse_constrained,computed,False,,2029.0,2029.0,1.2720087648421785,1.413909965714045,0.29126996419049517,0.27637095540952267,92.65093803405762,0.7468559744799022,0.7445726979837661,0.02770043297338558,4.0,4.0,0.017464332402788243,0.942159953097233,0.9789164307723338
26.298279833984378,2.0,10.160733986013987,36.45901381999836,True,4149,6177,2029,0.2749188953488372,geometric_ellipse,computed,False,True,2029.0,2029.0,1.2691850486979146,1.4243525327870856,0.484485110904872,0.12299933404124919,90.2955786146425,0.6748417840127694,0.6968351466599235,0.12467327480053648,4.0,4.0,0.3271668637423885,0.7958853361620108,0.968838564052729
26.799101492745535,0.25,1.2700917482517484,28.069193240997283,True,4249,4502,254,0.2776308596544215,legacy,computed,False,,254.0,254.0,1.2715242998700387,1.449131716527318,0.4052303469161194,0.17751720267548368,142.97437884885932,0.5482589957078522,0.664901239063857,0.5759992929190969,4.0,4.0,0.04773945806893633,0.7869228670693867,1.039993059247756
26.799101492745535,0.25,1.2700917482517484,28.069193240997283,True,4249,4502,254,0.2776308596544215,ellipse_constrained,computed,False,,254.0,254.0,1.253308926756707,1.4189936440468731,0.23833717862214163,0.20806858048209184,37.00199890136719,0.5368816474168143,0.6296671447671212,0.22920894155214458,4.0,4.0,0.07081637109080938,0.7695788895307869,0.7317729535805668
26.799101492745535,0.25,1.2700917482517484,28.069193240997283,True,4249,4502,254,0.2776308596544215,geometric_ellipse,computed,False,True,254.0,254.0,1.2035751568828066,1.3780298835371998,0.36866017476854424,0.1560784628565751,26.963466327554812,0.5569434861331505,0.7121287443554588,0.36819309113552223,4.0,4.0,0.2601387037468219,0.9059589969250953,1.1515817153938745
26.799101492745535,0.5,2.540183496503497,29.33928498924903,True,4249,4756,508,0.2776308596544215,legacy,computed,False,,508.0,508.0,1.2756198065371254,1.4286390197372207,0.3936913678779501,0.16814269711397892,138.97329123463652,0.55871837828305,0.5842302702072372,0.1370958127201086,4.0,4.0,0.03395962226227234,0.7645151512187046,0.9850720680936356
26.799101492745535,0.5,2.540183496503497,29.33928498924903,True,4249,4756,508,0.2776308596544215,ellipse_constrained,computed,False,,508.0,508.0,1.2765667517914492,1.40848258193155,0.2774751351461496,0.2511222859060739,1.4611282348632812,0.7057037718423141,0.701121042595811,0.09405983494910163,4.0,4.0,0.04319733380694416,0.8959534035465038,0.8831919573902585
26.799101492745535,0.5,2.540183496503497,29.33928498924903,True,4249,4756,508,0.2776308596544215,geometric_ellipse,computed,False,True,508.0,508.0,1.2524819763275434,1.38334484242588,0.36134811162362107,0.14502896541757632,25.31306333007987,0.5450803408334798,0.6079910738537272,0.24132049418709886,4.0,4.0,0.19471042402559355,0.8879900655199426,1.070056058476461
26.799101492745535,1.0,5.080366993006994,31.87946848575253,True,4249,5263,1015,0.2776308596544215,legacy,computed,False,,1015.0,1015.0,1.2782293901421948,1.437698918542053,0.5149556123909007,0.17069075711321072,132.21357764287515,0.5781195759115847,0.6006850368655741,0.24713776545005003,4.0,4.0,0.0,1.0,1.0
26.799101492745535,1.0,5.080366993006994,31.87946848575253,True,4249,5263,1015,0.2776308596544215,ellipse_constrained,computed,False,,1015.0,1015.0,1.272948064699941,1.4199165254345976,0.309698176320112,0.284334887568626,97.021559715271,0.7492826011421009,0.7633638848873907,0.13145621897819076,4.0,4.0,0.0,1.0,1.0
26.799101492745535,1.0,5.080366993006994,31.87946848575253,True,4249,5263,1015,0.2776308596544215,geometric_ellipse,computed,False,True,1015.0,1015.0,1.2453675487353704,1.4369322612871656,0.40692810162469756,0.13553398840063355,2.978936443125434,0.6660142228371915,0.6983771527665429,0.8633921096148686,3.0,4.0,0.0,1.0,1.0
26.799101492745535,2.0,10.160733986013987,36.95983547875952,True,4249,6277,2029,0.2776308596544215,legacy,computed,False,,2029.0,2029.0,1.2748255604083158,1.4287060491569694,0.5253637875038543,0.16166351776339227,133.70011863706966,0.5662243543333528,0.5696034126133948,0.041284050237220864,4.0,4.0,0.03463410250578569,1.0202117908078119,0.9471134846286309
26.799101492745535,2.0,10.160733986013987,36.95983547875952,True,4249,6277,2029,0.2776308596544215,ellipse_constrained,computed,False,,2029.0,2029.0,1.271781347906049,1.416275843035734,0.29610827154127395,0.2767099234464051,92.09460973739624,0.7472465217453526,0.7465411077665628,0.030990182069525325,4.0,4.0,0.013770303254935317,0.9561188737359849,0.9731831567085464
26.799101492745535,2.0,10.160733986013987,36.95983547875952,True,4249,6277,2029,0.2776308596544215,geometric_ellipse,computed,False,True,2029.0,2029.0,1.2709746444705279,1.4047062784217375,0.4973400853849042,0.12393569788692002,90.7843678362942,0.6701598272955693,0.6782561876287717,0.13816303574416186,4.0,4.0,0.14825842584218316,1.2221817156377959,0.9144252253580157
27.299923151506697,0.25,1.2700917482517484,28.570014899758444,True,4349,4602,254,0.2789813995215311,legacy,computed,False,,254.0,254.0,1.24431561907493,1.4541046044705435,0.3862093508512912,0.18625031045020443,141.96094661201178,0.5541316084783627,0.5855104479429646,0.27233717390177353,4.0,4.0,0.14337257364481676,0.6885935147585176,1.090790933631153
27.299923151506697,0.25,1.2700917482517484,28.570014899758444,True,4349,4602,254,0.2789813995215311,ellipse_constrained,computed,False,,254.0,254.0,1.273311362702262,1.4160228497071474,0.25104174356320946,0.21179410770049564,21.03368377685547,0.5178779776759607,0.5492358203819169,0.16014766003605266,4.0,4.0,0.020007929130493343,0.7875517115041181,0.7435485337549999
27.299923151506697,0.25,1.2700917482517484,28.570014899758444,True,4349,4602,254,0.2789813995215311,geometric_ellipse,computed,False,True,254.0,254.0,1.2459704962086235,1.396700122021427,0.36396916368791005,0.15967715477984432,21.46472818725846,0.49022713192334305,0.5281250279675588,0.14911328438427168,4.0,4.0,0.1240220292132098,0.5882292339530525,1.2592436434147807
27.299923151506697,0.5,2.540183496503497,29.84010664801019,True,4349,4856,508,0.2789813995215311,legacy,computed,False,,508.0,508.0,1.2610959538250563,1.4291260789697227,0.3977176494846925,0.16793357141192405,140.31758579573517,0.5196935966677092,0.5469059054114802,0.07645248631017046,4.0,4.0,0.04768980616109963,0.70911228207318,0.9835173788738534
27.299923151506697,0.5,2.540183496503497,29.84010664801019,True,4349,4856,508,0.2789813995215311,ellipse_constrained,computed,False,,508.0,508.0,1.2537659984825917,1.4235071686555743,0.29112431309228154,0.2586249302279363,157.90152740478516,0.6580900633489836,0.654993099496815,0.11254136124688743,4.0,4.0,0.06490172542052974,0.9132961227165716,0.9079581568690693
27.299923151506697,0.5,2.540183496503497,29.84010664801019,True,4349,4856,508,0.2789813995215311,geometric_ellipse,computed,False,True,508.0,508.0,1.223984042487741,1.43684438647966,0.36928151569691614,0.13805976877398546,178.73113774182417,0.5309721492421904,0.6349463996715267,0.19981125237035402,4.0,4.0,0.16356455626788693,0.5968147985132032,1.088764929959163
27.299923151506697,1.0,5.080366993006994,32.380290144513694,True,4349,5363,1015,0.2789813995215311,legacy,computed,False,,1015.0,1015.0,1.2743187483502907,1.4276532389762087,0.5608669593508018,0.17074794509905994,131.18625259213488,0.5876844950932052,0.6114366419391437,0.16512511863065607,4.0,4.0,0.0,1.0,1.0
27.299923151506697,1.0,5.080366993006994,32.380290144513694,True,4349,5363,1015,0.2789813995215311,ellipse_constrained,computed,False,,1015.0,1015.0,1.2685684116282467,1.4130798319225442,0.3187622347791657,0.2848423446293582,85.32836914062499,0.7690120236035001,0.7654491368466414,0.052724572209376444,4.0,4.0,0.0,1.0,1.0
27.299923151506697,1.0,5.080366993006994,32.380290144513694,True,4349,5363,1015,0.2789813995215311,geometric_ellipse,computed,False,True,1015.0,1015.0,1.2676669491160502,1.42365216850281,0.6187539528458034,0.12680401891633647,90.97961349508792,0.6579917013063918,0.7525024447557652,0.7721457694880302,1.0,4.0,0.0,1.0,1.0
27.299923151506697,2.0,10.160733986013987,37.460657137520684,True,4349,6377,2029,0.2789813995215311,legacy,computed,False,,2029.0,2029.0,1.2746746368562838,1.4276528911665245,0.5444361813500297,0.16002136900548367,133.51901446741263,0.5658360324667461,0.5735944424144421,0.029782315808868122,4.0,4.0,0.001275671699118878,0.9707046783076854,0.937178886180134
27.299923151506697,2.0,10.160733986013987,37.460657137520684,True,4349,6377,2029,0.2789813995215311,ellipse_constrained,computed,False,,2029.0,2029.0,1.2724091026269262,1.4168300329805081,0.2968758058287695,0.27588216361515594,87.11036682128905,0.753026949293256,0.7532899858807798,0.02644550273727622,4.0,4.0,0.019241256329111348,0.9313393289341227,0.9685433672937168
27.299923151506697,2.0,10.160733986013987,37.460657137520684,True,4349,6377,2029,0.2789813995215311,geometric_ellipse,computed,False,True,2029.0,2029.0,1.270180944357214,1.396302127851752,0.49792264422056226,0.12325073167228452,90.31530348082732,0.676803581296321,0.7048179580469452,0.16043833138699107,4.0,4.0,0.09844864189741513,0.8047183245141176,0.9719781180879105
27.800744810267854,0.25,1.2700917482517484,29.070836558519602,True,4449,4702,254,0.2826695524926015,legacy,computed,False,,254.0,254.0,1.2640776798363145,1.4533511947932187,0.4967026729688733,0.17178116008263122,132.97364358334363,0.6064151822742715,0.6907114099974077,0.4393644560684636,4.0,4.0,0.040726402318277344,0.843017393716941,1.0095075651272705
27.800744810267854,0.25,1.2700917482517484,29.070836558519602,True,4449,4702,254,0.2826695524926015,ellipse_constrained,computed,False,,254.0,254.0,1.2984214490747543,1.410161780417275,0.22867947766966293,0.21618528380558186,36.705177307128906,0.5605652461860927,0.6353105802030438,0.13613807297407554,4.0,4.0,0.10268827444239752,0.7113424309384875,0.761579482683456
27.800744810267854,0.25,1.2700917482517484,29.070836558519602,True,4449,4702,254,0.2826695524926015,geometric_ellipse,computed,False,True,254.0,254.0,1.3003808279190714,1.4005177378262736,0.33521445093460656,0.14750621008604595,24.919656137087344,0.5839050282241626,0.6681599981327221,0.1679941513053346,4.0,4.0,0.14394069808642396,0.5967260149261966,1.144954425733432
27.800744810267854,0.5,2.540183496503497,30.340928306771353,True,4449,4956,508,0.2826695524926015,legacy,computed,False,,508.0,508.0,1.2446773902117716,1.5022413689621281,0.44095311635914924,0.1786252440110277,130.66656623288523,0.5460934246214204,0.603387112922172,0.23134300500874383,4.0,4.0,0.22369157426120176,0.7483977178591671,1.0497282418228913
27.800744810267854,0.5,2.540183496503497,30.340928306771353,True,4449,4956,508,0.2826695524926015,ellipse_constrained,computed,False,,508.0,508.0,1.2699673472238733,1.4628690405822031,0.3011313030440459,0.27587149212124645,115.59114456176759,0.6994388709637666,0.7113255990449846,0.10898446974544305,4.0,4.0,0.17293136060144448,0.9367148959840533,0.971842599821715
27.800744810267854,0.5,2.540183496503497,30.340928306771353,True,4449,4956,508,0.2826695524926015,geometric_ellipse,computed,False,True,508.0,508.0,1.2570144695907475,1.5229691271896297,0.4364512328001503,0.14485520221670994,95.33194960481295,0.5733991183915265,0.725245486186898,0.6444603911929191,3.0,4.0,0.3640828059439905,0.7769408631767675,1.1243771009490735
27.800744810267854,1.0,5.080366993006994,32.88111180327485,True,4449,5463,1015,0.2826695524926015,legacy,computed,False,,1015.0,1015.0,1.2634354042559228,1.4418570115278238,0.5891962332815764,0.17016332122382308,131.00216382120593,0.5778557035263128,0.596362153775157,0.3168950548069309,4.0,4.0,0.0,1.0,1.0
27.800744810267854,1.0,5.080366993006994,32.88111180327485,True,4449,5463,1015,0.2826695524926015,ellipse_constrained,computed,False,,1015.0,1015.0,1.2696478391802615,1.4139876544732788,0.3214759414364778,0.28386437492229216,86.23561096191405,0.7589742768132673,0.7693881417219767,0.14273964238101833,4.0,4.0,0.0,1.0,1.0
27.800744810267854,1.0,5.080366993006994,32.88111180327485,True,4449,5463,1015,0.2826695524926015,geometric_ellipse,computed,False,True,1015.0,1015.0,1.2648556028412048,1.4203531472373838,0.5617560531126937,0.1288315122163546,87.87993137673263,0.6545347189485312,0.7154756899991206,0.6649339467807587,3.0,4.0,0.0,1.0,1.0
27.800744810267854,2.0,10.160733986013987,37.96147879628184,True,4449,6477,2029,0.2826695524926015,legacy,computed,False,,2029.0,2029.0,1.2739886972811347,1.432671567565655,0.5521639505484267,0.15887847484388987,133.33202922640487,0.5687238059573719,0.5800546165537009,0.2596237566925126,4.0,4.0,0.04949548833381993,0.9371477945015103,0.9336822630237114
27.800744810267854,2.0,10.160733986013987,37.96147879628184,True,4449,6477,2029,0.2826695524926015,ellipse_constrained,computed,False,,2029.0,2029.0,1.2745782148344678,1.419532234528013,0.2978287958365219,0.27496341111843386,84.69967651367188,0.7503626320369925,0.7587057917404464,0.08634373803760201,4.0,4.0,0.02624843801680764,0.9264419430757668,0.9686436038115211
27.800744810267854,2.0,10.160733986013987,37.96147879628184,True,4449,6477,2029,0.2826695524926015,geometric_ellipse,computed,False,True,2029.0,2029.0,1.269419996748644,1.4062195390109942,0.5034413513284779,0.1225603568751168,89.4952793242575,0.6835749416368843,0.6838849281025402,0.1457709305325944,4.0,4.0,0.0525431870888114,0.8961921256369314,0.9513228150989466
28.30156646902902,0.25,1.2700917482517484,29.571658217280767,True,4549,4802,254,0.27779710827790094,legacy,computed,False,,254.0,254.0,1.2584189234839909,1.3955716230822912,0.44547588647074926,0.1434312654106356,138.09613809427447,0.5071959770995463,0.5282434991703329,0.19212416202475918,4.0,4.0,0.14849013715909837,0.748948007661312,0.8731433735694375
28.30156646902902,0.25,1.2700917482517484,29.571658217280767,True,4549,4802,254,0.27779710827790094,ellipse_constrained,computed,False,,254.0,254.0,1.2214130330929978,1.4204236114310254,0.24025712500310756,0.18841219917497062,135.0579299926758,0.5694572875272225,0.6438683110919059,0.19060415334964917,4.0,4.0,0.13763054557940932,0.7386181908834589,0.6682286723454945
28.30156646902902,0.25,1.2700917482517484,29.571658217280767,True,4549,4802,254,0.27779710827790094,geometric_ellipse,computed,False,True,254.0,254.0,1.2537699020543724,1.4114842361858697,0.412679574827309,0.11786947035169884,136.04290692801487,0.5245640762537102,0.6922640149791645,0.2594700435325604,4.0,4.0,0.636384594822091,0.4951810305183407,0.9501537669888958
28.30156646902902,0.5,2.540183496503497,30.841749965532514,True,4549,5055,507,0.27779710827790094,legacy,computed,False,,507.0,507.0,1.2091223483908824,1.5300331001830698,0.5268840260613299,0.16376135986632803,125.66151758622408,0.542341755935215,0.6943961373273932,0.7494711400688976,4.0,4.0,0.3828936268257058,0.8858139207342135,0.9969036095766165
28.30156646902902,0.5,2.540183496503497,30.841749965532514,True,4549,5055,507,0.27779710827790094,ellipse_constrained,computed,False,,507.0,507.0,1.2539876334430762,1.4473644933012484,0.3363286954131866,0.26550601668516044,95.08645868301392,0.7264302617022674,0.7064669255344747,0.18984442189550546,4.0,4.0,0.1077337683473839,1.033969304948058,0.941652046980801
28.30156646902902,0.5,2.540183496503497,30.841749965532514,True,4549,5055,507,0.27779710827790094,geometric_ellipse,boundary,True,True,507.0,507.0,1.256665616173615,1.696951456061687,0.8677218367174407,0.1272737428826678,89.43966262792779,0.5984386895279201,0.766476254973488,1.1564581686752038,1.0,4.0,0.3967338177391055,1.0411937481733,1.0259622434707922
28.30156646902902,1.0,5.080366993006994,33.38193346203602,True,4549,5563,1015,0.27779710827790094,legacy,computed,False,,1015.0,1015.0,1.2602853372001448,1.4367795080496202,0.5948021517031682,0.16427000393335645,131.76929307882511,0.5857311859566707,0.6260517886905067,0.44592661162474706,4.0,4.0,0.0,1.0,1.0
28.30156646902902,1.0,5.080366993006994,33.38193346203602,True,4549,5563,1015,0.27779710827790094,ellipse_constrained,computed,False,,1015.0,1015.0,1.2595670119807656,1.4179610333147739,0.32527918749975104,0.2819576695409379,85.88203430175781,0.7948916060393684,0.7916092549505201,0.08175119038680087,4.0,4.0,0.0,1.0,1.0
28.30156646902902,1.0,5.080366993006994,33.38193346203602,True,4549,5563,1015,0.27779710827790094,geometric_ellipse,boundary,True,True,1015.0,1015.0,1.269877394792425,1.5875347057336398,0.8333913243714695,0.12405304746118673,87.61337395687961,0.661745294555549,0.7335795452492131,0.6374841418981055,2.0,4.0,0.0,1.0,1.0
28.30156646902902,2.0,10.160733986013987,38.46230045504301,True,4549,6577,2029,0.27779710827790094,legacy,computed,False,,2029.0,2029.0,1.272964774705174,1.4294388041024735,0.5520521182368007,0.1555400447385846,133.24596617875565,0.5686757089005096,0.5749747733880692,0.17300855493837836,4.0,4.0,0.052740208570327,0.9281273052830151,0.9468560358815505
28.30156646902902,2.0,10.160733986013987,38.46230045504301,True,4549,6577,2029,0.27779710827790094,ellipse_constrained,computed,False,,2029.0,2029.0,1.2699687530435213,1.4197803241863247,0.2980519412441566,0.2712520535666862,84.01960754394531,0.7526128598609727,0.7550202428562538,0.05047455975846784,4.0,4.0,0.038012065478119805,0.9162957628341492,0.9620311233537935
28.30156646902902,2.0,10.160733986013987,38.46230045504301,True,4549,6577,2029,0.27779710827790094,geometric_ellipse,computed,False,True,2029.0,2029.0,1.2664071425534489,1.4209718249830112,0.5300729154491696,0.11944211640833667,88.27380386375958,0.6874095916384241,0.6881330367726353,0.15940826349497061,4.0,4.0,0.599714764219459,0.6360432367698838,0.9628309731424155
28.80238812779018,0.25,1.2700917482517484,30.07247987604193,True,4649,4902,254,0.27549447632711627,legacy,computed,False,,254.0,254.0,1.22314464127721,1.5357505492193408,0.3723090955876528,0.18598041667799803,121.80056080775277,0.5485117108957477,0.8384235841808246,0.4396415802735617,4.0,4.0,0.40519328854956227,0.6172606179641845,1.1471536226500825
28.80238812779018,0.25,1.2700917482517484,30.07247987604193,True,4649,4902,254,0.27549447632711627,ellipse_constrained,computed,False,,254.0,254.0,1.231762344072953,1.4958134039560997,0.2575686131811737,0.2114747242234941,84.43174743652344,0.5726688339491662,0.7200546991842595,0.25042767918717457,4.0,4.0,0.2988048141546454,0.7974695010379111,0.7514902002364467
28.80238812779018,0.25,1.2700917482517484,30.07247987604193,True,4649,4902,254,0.27549447632711627,geometric_ellipse,boundary,True,True,254.0,254.0,1.2363030310547987,1.7710779372675969,0.7437545210274992,0.1447085352000647,90.26107172300749,0.47123400780769187,0.8319907516007536,1.123280491052252,1.0,4.0,0.7244111758416669,0.8999025213898431,1.1965875865903486
28.80238812779018,0.5,2.540183496503497,31.342571624293676,True,4649,5155,507,0.27549447632711627,legacy,computed,False,,507.0,507.0,1.2630802671136243,1.4484488858154163,0.6006116466995293,0.17134021503272123,127.40947187713584,0.5655164981780663,0.7712204602727404,0.8968022023290114,4.0,4.0,0.05905577938507904,0.995769162214722,1.0568507797288051
28.80238812779018,0.5,2.540183496503497,31.342571624293676,True,4649,5155,507,0.27549447632711627,ellipse_constrained,computed,False,,507.0,507.0,1.2607680238035706,1.4245700495046547,0.34717217257859845,0.28774351126549147,91.09593439102173,0.7732968947778573,0.765056141131106,0.2630794238314,4.0,4.0,0.022515969369971512,1.0748950185392339,1.0225166609940393
28.80238812779018,0.5,2.540183496503497,31.342571624293676,True,4649,5155,507,0.27549447632711627,geometric_ellipse,boundary,True,True,507.0,507.0,1.2578636027036751,1.6854273501389136,0.8861809344045333,0.12765232734887663,88.93316581622429,0.6393318614668988,0.7368444220659295,1.1495387338747973,1.0,4.0,0.40499123012775007,1.072230735722494,1.0555506632269827
28.80238812779018,1.0,5.080366993006994,33.88275512079717,True,4649,5663,1015,0.27549447632711627,legacy,computed,False,,1015.0,1015.0,1.2650953859240357,1.432304621786228,0.6031635337689005,0.16212337476506217,132.1389763542054,0.5973962616163726,0.6332554513550632,0.658755797507627,4.0,4.0,0.0,1.0,1.0
28.80238812779018,1.0,5.080366993006994,33.88275512079717,True,4649,5663,1015,0.27549447632711627,ellipse_constrained,computed,False,,1015.0,1015.0,1.2598518644088577,1.4184350537036439,0.32298239976067633,0.2814071616063074,82.84129333496092,0.7949927190175159,0.8048293325416023,0.1390805609881216,4.0,4.0,0.0,1.0,1.0
28.80238812779018,1.0,5.080366993006994,33.88275512079717,True,4649,5663,1015,0.27549447632711627,geometric_ellipse,boundary,True,True,1015.0,1015.0,1.2725382662336624,1.5748237588456089,0.826483428314899,0.12093434431524452,86.94432940183889,0.6730880504335174,0.7056635594246641,0.41835813767420765,2.0,4.0,0.0,1.0,1.0
28.80238812779018,2.0,10.160733986013987,38.96312211380417,True,4649,6677,2029,0.27549447632711627,legacy,computed,False,,2029.0,2029.0,1.270172870790499,1.435654712419727,0.5352854269807652,0.15806788188620632,133.21900315305547,0.5753577952858759,0.575163114920848,0.06015271577834558,4.0,4.0,0.022080616998344075,0.88746317874359,0.9749851439699379
28.80238812779018,2.0,10.160733986013987,38.96312211380417,True,4649,6677,2029,0.27549447632711627,ellipse_constrained,computed,False,,2029.0,2029.0,1.2693567395309713,1.4237293117908958,0.29905535061737004,0.27267161891659514,80.95904541015625,0.7503273117071123,0.7523524547170866,0.0327944871451743,4.0,4.0,0.03949219442865775,0.9259184117740292,0.9689576390314706
28.80238812779018,2.0,10.160733986013987,38.96312211380417,True,4649,6677,2029,0.27549447632711627,geometric_ellipse,computed,False,True,2029.0,2029.0,1.2657470949376386,1.4200356923473534,0.5294974658950762,0.11965574952853958,88.51696976082502,0.6879326811951503,0.6881340105561646,0.1118262864645466,4.0,4.0,0.5623959320610136,0.6406631370391277,0.9894273641293165
29.30320978655134,0.25,1.2700917482517484,30.573301534803086,True,4749,5002,254,0.27668418972055464,legacy,computed,False,,254.0,254.0,1.2406390621487688,1.525593436442677,0.37477112539535196,0.19551561653042776,129.63143542069272,0.5238694345717254,0.6136396448181282,0.15490513306195638,4.0,4.0,0.3230691572634563,0.641551382622511,1.1859792504126698
29.30320978655134,0.25,1.2700917482517484,30.573301534803086,True,4749,5002,254,0.27668418972055464,ellipse_constrained,computed,False,,254.0,254.0,1.2489012988955293,1.5004659106019917,0.2521633777543971,0.23003528686340552,90.73936319351196,0.52922063894877,0.5776090090962287,0.12417974383637977,4.0,4.0,0.29376946007463534,0.7849694166473526,0.8150749937705062
29.30320978655134,0.25,1.2700917482517484,30.573301534803086,True,4749,5002,254,0.27668418972055464,geometric_ellipse,boundary,True,True,254.0,254.0,1.2336497794858072,1.7219429552089056,0.5989194998294488,0.15753147273723983,92.15470475521698,0.49014769054954826,0.7583957485729234,0.8768461282642687,3.0,4.0,0.7113315289523024,0.7985796626380821,1.2893359137464728
29.30320978655134,0.5,2.540183496503497,31.843393283054837,True,4749,5255,507,0.27668418972055464,legacy,computed,False,,507.0,507.0,1.2841573752171038,1.441118403110595,0.5512488875649254,0.17858373893934382,129.17752494915652,0.5680167343873063,0.6487865014363807,0.37026273046970215,4.0,4.0,0.08173844708113852,0.9436545721427266,1.083272081287754
29.30320978655134,0.5,2.540183496503497,31.843393283054837,True,4749,5255,507,0.27668418972055464,ellipse_constrained,computed,False,,507.0,507.0,1.272078788206805,1.4320684133671817,0.34692054583708787,0.2929519700071525,90.51739710569382,0.7764608380264938,0.7053827367318439,0.17671443038750753,4.0,4.0,0.061113321232877466,1.0799427772337231,1.0380052051336939
29.30320978655134,0.5,2.540183496503497,31.843393283054837,True,4749,5255,507,0.27668418972055464,geometric_ellipse,boundary,True,True,507.0,507.0,1.2620323553603798,1.6967599405116658,0.8696012139161228,0.13630967538978556,89.23245143192273,0.6421665031197442,0.8368195056042524,1.1962849412223702,3.0,4.0,0.6089194031693047,1.1594978026872689,1.1156434762996277
29.30320978655134,1.0,5.080366993006994,34.38357677955833,True,4749,5763,1015,0.27668418972055464,legacy,computed,False,,1015.0,1015.0,1.2616697601408033,1.4387145139728608,0.5841638496099499,0.16485584925907998,132.51065765435555,0.5851393907970645,0.6158960134637835,0.4674241821597944,4.0,4.0,0.0,1.0,1.0
29.30320978655134,1.0,5.080366993006994,34.38357677955833,True,4749,5763,1015,0.27668418972055464,ellipse_constrained,computed,False,,1015.0,1015.0,1.260254266075673,1.4199813130904297,0.32123974820751705,0.28222591616910114,84.43357849121092,0.7911892142214315,0.796020668780652,0.13567232925238312,4.0,4.0,0.0,1.0,1.0
29.30320978655134,1.0,5.080366993006994,34.38357677955833,True,4749,5763,1015,0.27668418972055464,geometric_ellipse,computed,False,True,1015.0,1015.0,1.2696827216420918,1.5284553546660182,0.7499809071657768,0.12218031861029496,87.47206628484435,0.6654719721175179,0.6869836179531573,0.6235004286866017,3.0,4.0,0.0,1.0,1.0
29.30320978655134,2.0,10.160733986013987,39.46394377256533,True,4749,6777,2029,0.27668418972055464,legacy,computed,False,,2029.0,2029.0,1.2711186893179331,1.4387004803448982,0.5720425252320976,0.15770648385768007,134.10983995863853,0.574350355150645,0.5827151646307136,0.04970101983413408,4.0,4.0,0.034150630753775994,0.979250129247221,0.9566326252084372
29.30320978655134,2.0,10.160733986013987,39.46394377256533,True,4749,6777,2029,0.27668418972055464,ellipse_constrained,computed,False,,2029.0,2029.0,1.2729729904216083,1.425106373861021,0.2971343313328488,0.2777512829102195,80.13699340820311,0.7568741104954785,0.758370318350928,0.04142866838138985,4.0,4.0,0.04956005351864605,0.9249612882304451,0.9841452077838218
29.30320978655134,2.0,10.160733986013987,39.46394377256533,True,4749,6777,2029,0.27668418972055464,geometric_ellipse,computed,False,True,2029.0,2029.0,1.2665227716014644,1.4236125389824503,0.5084833699593396,0.12033084194351631,88.30753280022883,0.6939849294465122,0.6910476453420666,0.09718579642429262,4.0,4.0,0.3790980078752865,0.6779950864095048,0.9848627284016362
29.8040314453125,0.25,1.2700917482517484,31.074123193564247,True,4849,5102,254,0.26753113695090425,legacy,computed,False,,254.0,254.0,1.1919682432073992,1.616834253804337,0.8257842810110538,0.1777683242310177,120.04050807948036,0.5128352981901748,0.755667092742905,1.4444953664695523,4.0,4.0,0.6507943112762721,1.1875059946227937,1.0940052031475598
29.8040314453125,0.25,1.2700917482517484,31.074123193564247,True,4849,5102,254,0.26753113695090425,ellipse_constrained,computed,False,,254.0,254.0,1.295464579227396,1.4245371696150433,0.2707271351563261,0.20848524586218667,83.47230529785156,0.5833912666468234,0.8116989257601186,0.3049783005281081,4.0,4.0,0.10379505810560628,0.8546378696293864,0.7587029858589261
29.8040314453125,0.25,1.2700917482517484,31.074123193564247,True,4849,5102,254,0.26753113695090425,geometric_ellipse,boundary,True,True,254.0,254.0,1.2706193672732715,1.5455727471685323,0.9424676021155661,0.1162366845575135,86.89330785616652,0.6084603211018954,0.6600651348739534,1.282736499855466,2.0,4.0,0.5426498313777848,1.4519830418216513,1.004472222291052
29.8040314453125,0.5,2.540183496503497,32.344214941816,True,4849,5355,507,0.26753113695090425,legacy,computed,False,,507.0,507.0,1.2625199053274714,1.4529401216245497,0.70223501530331,0.17641573379145845,126.91983435519361,0.5565452881327542,0.6882558972754962,0.9452365161139906,4.0,4.0,0.044356333008883524,1.0098379316275063,1.0856812175049741
29.8040314453125,0.5,2.540183496503497,32.344214941816,True,4849,5355,507,0.26753113695090425,ellipse_constrained,computed,False,,507.0,507.0,1.2802429104168858,1.4042605085501323,0.3557770707158122,0.28294068408571105,77.7798614501953,0.7308650400240508,0.652311898175665,0.17012557504928233,4.0,4.0,0.04178116355450623,1.1231255322964633,1.0296553166102524
29.8040314453125,0.5,2.540183496503497,32.344214941816,True,4849,5355,507,0.26753113695090425,geometric_ellipse,computed,False,True,507.0,507.0,1.2913006923016863,1.416100558623137,0.5483625477184414,0.12722343307489678,57.31206423670375,0.6443869574738195,0.628796492025153,0.32783943788914616,3.0,4.0,0.11008669269834474,0.8448174963999034,1.0994154301175656
29.8040314453125,1.0,5.080366993006994,34.884398438319494,True,4849,5863,1015,0.26753113695090425,legacy,computed,False,,1015.0,1015.0,1.2506532320814872,1.4529148287471487,0.6953937788527633,0.16249312500485455,131.51564728450478,0.5956391899242248,0.6270147874351052,0.39276816293726147,4.0,4.0,0.0,1.0,1.0
29.8040314453125,1.0,5.080366993006994,34.884398438319494,True,4849,5863,1015,0.26753113695090425,ellipse_constrained,computed,False,,1015.0,1015.0,1.271264781989966,1.410919005189813,0.3167740920183269,0.27479165068285705,77.29266357421875,0.7879964508918509,0.7928005518254934,0.05806931261544487,4.0,4.0,0.0,1.0,1.0
29.8040314453125,1.0,5.080366993006994,34.884398438319494,True,4849,5863,1015,0.26753113695090425,geometric_ellipse,computed,False,True,1015.0,1015.0,1.2663453496709065,1.4004599486421658,0.6490899514454044,0.11571916273841289,85.98996568078829,0.7021164072563143,0.7117085390627276,0.230237753515806,3.0,4.0,0.0,1.0,1.0
29.8040314453125,2.0,10.160733986013987,39.964765431326484,True,4849,6877,2029,0.26753113695090425,legacy,computed,False,,2029.0,2029.0,1.2740623727356095,1.433054657193769,0.6250773166303122,0.15715923042391047,132.87417193829017,0.5801520171011992,0.5843303822181395,0.07831377148560316,4.0,4.0,0.11474838818817024,0.8988825261875986,0.9671746445839803
29.8040314453125,2.0,10.160733986013987,39.964765431326484,True,4849,6877,2029,0.26753113695090425,ellipse_constrained,computed,False,,2029.0,2029.0,1.2768231866323385,1.4172940274449701,0.3029895468455807,0.2713870237937299,67.83253479003906,0.7645064879550061,0.7662832744572031,0.024223216818667872,4.0,4.0,0.031614792168742134,0.9564846194178384,0.9876101516160821
29.8040314453125,2.0,10.160733986013987,39.964765431326484,True,4849,6877,2029,0.26753113695090425,geometric_ellipse,computed,False,True,2029.0,2029.0,1.2662372366947643,1.3910226720233465,0.504177152447128,0.11867063564831555,87.80672693964758,0.6998932420260793,0.7048098470232491,0.07257627588142399,4.0,4.0,0.03527774738496922,0.7767446581547255,1.0255054810288817
30.30485310407366,0.25,1.2700917482517484,31.57494485232541,True,4949,5202,254,0.2584935669175735,legacy,computed,False,,254.0,254.0,1.419843303949457,1.2574885318362898,0.5974799640330168,0.17958431592477767,139.5611165308154,0.7082916246954379,0.720965977637438,1.3064277213759516,4.0,4.0,0.4113413585462149,0.8946589107523485,1.157519454719344
30.30485310407366,0.25,1.2700917482517484,31.57494485232541,True,4949,5202,254,0.2584935669175735,ellipse_constrained,computed,False,,254.0,254.0,1.2923444208301995,1.3384830010796152,0.24193544545361412,0.21586406529291993,52.82331848144531,0.7275828030051389,0.7942384807599367,0.15066445806290701,4.0,4.0,0.2095030431888372,0.8501957689188715,0.7802597756280528
30.30485310407366,0.25,1.2700917482517484,31.57494485232541,True,4949,5202,254,0.2584935669175735,geometric_ellipse,computed,False,True,254.0,254.0,1.26642776166609,1.3119101128972193,0.5993950872216228,0.11708101132567232,84.4194843787749,0.7987282866962443,0.9195482299692889,0.3861596074722977,3.0,4.0,0.20627454463206388,1.2093674592837973,1.0160764023716584
30.30485310407366,0.5,2.540183496503497,32.84503660057716,True,4949,5455,507,0.2584935669175735,legacy,computed,False,,507.0,507.0,1.3619610973871492,1.3041004893489416,0.5914493433961483,0.16981235741222575,139.22844009169492,0.5810056987773097,0.5885405800968782,0.20287729277006136,4.0,4.0,0.12906235306475508,0.8856287359934786,1.0945338201958532
30.30485310407366,0.5,2.540183496503497,32.84503660057716,True,4949,5455,507,0.2584935669175735,ellipse_constrained,computed,False,,507.0,507.0,1.2662794655766363,1.3579940275542035,0.3092662796150532,0.28556788593320503,47.07276916503906,0.8052350385779558,0.646946067476005,0.0753156131008924,4.0,4.0,0.10809962879580103,1.0868059531541912,1.032210406592987
30.30485310407366,0.5,2.540183496503497,32.84503660057716,True,4949,5455,507,0.2584935669175735,geometric_ellipse,computed,False,True,507.0,507.0,1.2181548903023194,1.3463199683382612,0.4199945533662051,0.13502270809886363,33.416215665254896,0.58340181812262,0.6830056722838878,0.22381157712489622,4.0,4.0,0.1949067597537444,0.8474005822635604,1.1717817084954543
30.30485310407366,1.0,5.080366993006994,35.385220097080655,True,4949,5963,1015,0.2584935669175735,legacy,computed,False,,1015.0,1015.0,1.3445281255034363,1.332545179358809,0.6678298923224003,0.1551458294654065,137.62932085862985,0.5843259387884611,0.5912519351434157,0.41151723032923015,4.0,4.0,0.0,1.0,1.0
30.30485310407366,1.0,5.080366993006994,35.385220097080655,True,4949,5963,1015,0.2584935669175735,ellipse_constrained,computed,False,,1015.0,1015.0,1.2662504421428575,1.3859370711113017,0.2845643959876027,0.27665666235218256,61.380310058593764,0.8071633629495385,0.8275984359191714,0.08848191004614772,4.0,4.0,0.0,1.0,1.0
30.30485310407366,1.0,5.080366993006994,35.385220097080655,True,4949,5963,1015,0.2584935669175735,geometric_ellipse,computed,False,True,1015.0,1015.0,1.2648626089838397,1.365207779322232,0.49562693507281247,0.11522855077865164,87.46443781133489,0.7290760123389723,0.7433254231416845,0.17583417046514258,4.0,4.0,0.0,1.0,1.0
30.30485310407366,2.0,10.160733986013987,40.46558709008765,True,4949,6977,2029,0.2584935669175735,legacy,computed,False,,2029.0,2029.0,1.297829193755844,1.3997159834313067,0.6488015161444273,0.15388748731264354,135.0945200777607,0.5745193326444927,0.5835815168723189,0.2008868084118149,4.0,4.0,0.3164835719889642,0.9715071511522174,0.9918892943684088
30.30485310407366,2.0,10.160733986013987,40.46558709008765,True,4949,6977,2029,0.2584935669175735,ellipse_constrained,computed,False,,2029.0,2029.0,1.274808631356713,1.4093870713785646,0.2957061065446763,0.2711744329248156,63.88336181640625,0.773903104865191,0.7763803156266856,0.07951185656733453,4.0,4.0,0.09657058407706184,1.039153564937052,0.980183996363015
30.30485310407366,2.0,10.160733986013987,40.46558709008765,True,4949,6977,2029,0.2584935669175735,geometric_ellipse,computed,False,True,2029.0,2029.0,1.2676606287281642,1.3754667660298296,0.4633344379117986,0.11997321253480865,88.97431090187342,0.714571387396263,0.716647666075116,0.1470001201545842,4.0,4.0,0.041137220712704196,0.9348451529248107,1.0411760950224156
30.80567476283482,0.25,1.2700917482517484,32.07576651108657,True,5049,5302,254,0.2714025840160398,legacy,computed,False,,254.0,254.0,1.3650059386979543,1.3143708575503648,0.5042969928893744,0.1948117742319892,141.90680575721342,0.6312503729727347,0.6258343638190865,0.21622893746372193,4.0,4.0,0.2721243712390139,0.8548716683321291,1.2435410933652529
30.80567476283482,0.25,1.2700917482517484,32.07576651108657,True,5049,5302,254,0.2714025840160398,ellipse_constrained,computed,False,,254.0,254.0,1.267975846499504,1.3723926741462253,0.25967732249781367,0.22914025973122287,35.7255859375,0.5792060478047756,0.6132003333817406,0.059195569718259136,4.0,4.0,0.07172310500031231,0.9193681086893567,0.8444339955969941
30.80567476283482,0.25,1.2700917482517484,32.07576651108657,True,5049,5302,254,0.2714025840160398,geometric_ellipse,computed,False,True,254.0,254.0,1.2377145885367464,1.3760197820429128,0.43521365212191615,0.1446144471762514,41.599949621072284,0.5630815768833014,0.5610434311525527,0.9460114957977417,3.0,4.0,0.11962349393949065,1.0315291044658463,1.181382767430863
30.80567476283482,0.5,2.540183496503497,33.345858259338314,True,5049,5555,507,0.2714025840160398,legacy,computed,False,,507.0,507.0,1.3415498045245209,1.3332267069739527,0.7091167000738121,0.17002353329711048,139.39754760857122,0.5733322066694344,0.5800556753864078,0.5557042504754263,4.0,4.0,0.16194739545557527,1.2020769209053253,1.0853104301710836
30.80567476283482,0.5,2.540183496503497,33.345858259338314,True,5049,5555,507,0.2714025840160398,ellipse_constrained,computed,False,,507.0,507.0,1.2566721456771615,1.388313515174987,0.3116297676240326,0.2919705219740527,57.8008575439453,0.7937300101397265,0.6402855343768289,0.07859507245427107,4.0,4.0,0.044972177018325815,1.1033018490639388,1.0759778083357656
30.80567476283482,0.5,2.540183496503497,33.345858259338314,True,5049,5555,507,0.2714025840160398,geometric_ellipse,computed,False,True,507.0,507.0,1.275153761713458,1.4251480882496461,0.5558754911797676,0.1269093974390583,84.30859487622894,0.6734065825218857,0.6908082614534108,0.9867867641028248,3.0,4.0,0.22275126842083393,1.3175178324841508,1.0367468678755856
30.80567476283482,1.0,5.080366993006994,35.886041755841816,True,5049,6063,1015,0.2714025840160398,legacy,computed,False,,1015.0,1015.0,1.311698345594724,1.3654873869911326,0.5899095871000934,0.15665889552937282,139.03768801440052,0.5492122222242496,0.5631673013829545,0.2989355206908734,4.0,4.0,0.0,1.0,1.0
30.80567476283482,1.0,5.080366993006994,35.886041755841816,True,5049,6063,1015,0.2714025840160398,ellipse_constrained,computed,False,,1015.0,1015.0,1.2683526712371282,1.3918548624993554,0.28245195808239143,0.27135366520769494,18.540672302246065,0.7486159964580137,0.7550382600054886,0.03544702659296673,4.0,4.0,0.0,1.0,1.0
30.80567476283482,1.0,5.080366993006994,35.886041755841816,True,5049,6063,1015,0.2714025840160398,geometric_ellipse,computed,False,True,1015.0,1015.0,1.2682836529146637,1.3650844448637027,0.42191117074421425,0.12241117033621751,88.64173875268011,0.6834070827824549,0.6749433893306797,0.3143481884243387,4.0,4.0,0.0,1.0,1.0
30.80567476283482,2.0,10.160733986013987,40.96640874884881,True,5049,7077,2029,0.2714025840160398,legacy,computed,False,,2029.0,2029.0,1.285872064958825,1.4124784838790139,0.6335352521228332,0.15405583282560895,136.01243590884883,0.5649474946756307,0.5716590123632735,0.12702550659447936,4.0,4.0,0.19756819289497213,1.0739531378650702,0.9833838819368173
30.80567476283482,2.0,10.160733986013987,40.96640874884881,True,5049,7077,2029,0.2714025840160398,ellipse_constrained,computed,False,,2029.0,2029.0,1.271821422165906,1.4149825229273727,0.29165489811758555,0.2687946001435771,53.04939270019531,0.7413192751088312,0.7513115564377213,0.05407003145413925,4.0,4.0,0.08616845092333114,1.0325823198312174,0.9905692629500356
30.80567476283482,2.0,10.160733986013987,40.96640874884881,True,5049,7077,2029,0.2714025840160398,geometric_ellipse,computed,False,True,2029.0,2029.0,1.2659820241358481,1.3820880136002047,0.43604682120755706,0.12079026300985322,88.55206541892866,0.6998984252302731,0.7012115791469696,0.10467303570715542,4.0,4.0,0.06322208639790826,1.0335038544687232,0.9867585015165506
31.30649642159598,0.25,1.2700917482517484,32.57658816984773,True,5149,5402,254,0.25966180362525937,legacy,computed,False,,254.0,254.0,1.3061328941194927,1.351882860742188,0.5080645278914558,0.16643406277383632,138.63866658458957,0.5578837186975848,0.6340890391074937,0.2146081148330588,4.0,4.0,0.24336340151807132,0.9852675735920117,1.1126676074509865
31.30649642159598,0.25,1.2700917482517484,32.57658816984773,True,5149,5402,254,0.25966180362525937,ellipse_constrained,computed,False,,254.0,254.0,1.2457190153114723,1.384722676300565,0.236703517627716,0.21545819002389902,30.97405242919922,0.5656151288958573,0.6228038047195646,0.13571568019043131,4.0,4.0,0.1452967739652636,0.8755275668738842,0.812269885813404
31.30649642159598,0.25,1.2700917482517484,32.57658816984773,True,5149,5402,254,0.25966180362525937,geometric_ellipse,computed,False,True,254.0,254.0,1.1709598587021637,1.4102181221256438,0.4906680711737211,0.1265873938608395,8.457272240063304,0.5774678250672631,0.6396432595683541,0.6062236357517433,3.0,4.0,0.41576908399078516,1.9611633638406818,0.8893804365674625
31.30649642159598,0.5,2.540183496503497,33.846679918099476,True,5149,5655,507,0.25966180362525937,legacy,computed,False,,507.0,507.0,1.2763252307284985,1.4034952852294074,0.634307957820766,0.15042308556531495,139.49595678723443,0.548469321887986,0.6305595900814582,0.6346670033076152,4.0,4.0,0.027344698066774253,1.2300859993234734,1.0056288474360606
31.30649642159598,0.5,2.540183496503497,33.846679918099476,True,5149,5655,507,0.25966180362525937,ellipse_constrained,computed,False,,507.0,507.0,1.2573737019827909,1.4080523990253133,0.2895845700064852,0.27225543044237527,57.21681213378906,0.7517604893781977,0.6047707220719281,0.15351869419006753,4.0,4.0,0.06651999473012062,1.0711259237843733,1.0263935075894655
31.30649642159598,0.5,2.540183496503497,33.846679918099476,True,5149,5655,507,0.25966180362525937,geometric_ellipse,computed,False,True,507.0,507.0,1.2323758423629618,1.4278973890463944,0.3830254394435869,0.12364390123849758,179.48205612397942,0.6308745375648093,0.7146351337735983,0.42372192400202907,3.0,4.0,0.20673283703783216,1.530923863578208,0.8686999827430519
31.30649642159598,1.0,5.080366993006994,36.38686341460297,True,5149,6163,1015,0.25966180362525937,legacy,computed,False,,1015.0,1015.0,1.2801420118712008,1.4094825623439828,0.5156614725877904,0.14958111628244541,137.56961744170925,0.5407684642289498,0.5468515346401498,0.08673877222871902,4.0,4.0,0.0,1.0,1.0
31.30649642159598,1.0,5.080366993006994,36.38686341460297,True,5149,6163,1015,0.25966180362525937,ellipse_constrained,computed,False,,1015.0,1015.0,1.2746219102777818,1.4089719306382276,0.27035529957426463,0.26525443548623007,36.068641662597685,0.7370079654174615,0.7306422871253457,0.06542866815031659,4.0,4.0,0.0,1.0,1.0
31.30649642159598,1.0,5.080366993006994,36.38686341460297,True,5149,6163,1015,0.25966180362525937,geometric_ellipse,computed,False,True,1015.0,1015.0,1.278470540006073,1.400385792292042,0.25019235022461966,0.1423321096980723,98.19783426789212,0.6473295150353624,0.6867648143329526,0.15703508813044736,4.0,4.0,0.0,1.0,1.0
31.30649642159598,2.0,10.160733986013987,41.46723040760997,True,5149,7177,2029,0.25966180362525937,legacy,computed,False,,2029.0,2029.0,1.264377854385496,1.4389432047813888,0.5687519087807775,0.15106984968362985,136.35178549086305,0.5559794807785392,0.5557214567933471,0.08191579709419336,4.0,4.0,0.1286794683226629,1.1029559876299437,1.0099526827863308
31.30649642159598,2.0,10.160733986013987,41.46723040760997,True,5149,7177,2029,0.25966180362525937,ellipse_constrained,computed,False,,2029.0,2029.0,1.270077912559819,1.4234493720758643,0.2819623379617622,0.26582279412610665,48.178924560546875,0.7201102725516859,0.717260888833771,0.038683318329644965,4.0,4.0,0.0584367836449026,1.0429325350965024,1.002142692312891
31.30649642159598,2.0,10.160733986013987,41.46723040760997,True,5149,7177,2029,0.25966180362525937,geometric_ellipse,computed,False,True,2029.0,2029.0,1.266542100634632,1.4024744629643824,0.3928484034104992,0.12290578686806104,89.84939179254609,0.6900699529127715,0.6826530689676459,0.044146256692504084,4.0,4.0,0.046637286801248165,1.5701855114986716,0.8635141229114068
31.807318080357145,0.25,1.2700917482517484,33.07740982860889,True,5249,5502,254,0.2636113432493816,legacy,computed,False,,254.0,254.0,1.2525893516111006,1.374089326404814,0.5611028597369931,0.16204647656841834,140.28037739105372,0.5439649211388379,0.5798029204068371,0.12073022820377068,4.0,4.0,0.1818712050970237,0.9288055275711147,1.0765489977700007
31.807318080357145,0.25,1.2700917482517484,33.07740982860889,True,5249,5502,254,0.2636113432493816,ellipse_constrained,computed,False,,254.0,254.0,1.2406912158934809,1.361065653578848,0.23139675649847963,0.21062530192795734,17.900245666503906,0.6276220089708149,0.6347088077936541,0.08113088807261545,4.0,4.0,0.21515361459780194,0.8262326257403811,0.7864979952617116
31.807318080357145,0.25,1.2700917482517484,33.07740982860889,True,5249,5502,254,0.2636113432493816,geometric_ellipse,computed,False,True,254.0,254.0,1.1386261817617904,1.3740649072064588,0.4770504635293896,0.12874057967057329,11.57326398926287,0.525136867860465,0.6865102577881733,0.5356739657398206,4.0,4.0,0.5063251254704031,1.1183756431591396,1.0507717137259698
31.807318080357145,0.5,2.540183496503497,34.347501576860644,True,5249,5755,507,0.2636113432493816,legacy,computed,False,,507.0,507.0,1.2141048437660344,1.442195362508053,0.7259247170063067,0.1514035622913603,138.43424051049757,0.5280502528571588,0.550697638927283,0.3343575978886817,4.0,4.0,0.20638094823994457,1.2016386622445554,1.0058432413663352
31.807318080357145,0.5,2.540183496503497,34.347501576860644,True,5249,5755,507,0.2636113432493816,ellipse_constrained,computed,False,,507.0,507.0,1.248689660126914,1.3994654793185806,0.27990588045063863,0.2703229130235756,94.83315086364746,0.7616476979789187,0.6131479960327234,0.09687729529383375,4.0,4.0,0.0911569253866089,0.9994408481106947,1.0094154273975555
31.807318080357145,0.5,2.540183496503497,34.347501576860644,True,5249,5755,507,0.2636113432493816,geometric_ellipse,computed,False,True,507.0,507.0,1.269141033119014,1.3758299125633178,0.4897834670063753,0.11866883284093815,87.02439753300227,0.6855060450543136,0.7223154799136271,0.9395219693532288,3.0,4.0,0.015930171717093017,1.1482263236250314,0.9685668121831128
31.807318080357145,1.0,5.080366993006994,36.88768507336414,True,5249,6263,1015,0.2636113432493816,legacy,computed,False,,1015.0,1015.0,1.2640572166835362,1.4206409031862541,0.6041123174668358,0.15052401414527977,135.9196941134968,0.5431426488993669,0.551152793980028,0.09320221683327995,4.0,4.0,0.0,1.0,1.0
31.807318080357145,1.0,5.080366993006994,36.88768507336414,True,5249,6263,1015,0.2636113432493816,ellipse_constrained,computed,False,,1015.0,1015.0,1.2706482499208227,1.409225664384592,0.28006247791428796,0.26780144793359656,96.52981853485107,0.7371900957506231,0.7370802593848544,0.07760827053694203,4.0,4.0,0.0,1.0,1.0
31.807318080357145,1.0,5.080366993006994,36.88768507336414,True,5249,6263,1015,0.2636113432493816,geometric_ellipse,computed,False,True,1015.0,1015.0,1.2720936423512117,1.372843804659044,0.4265565567771468,0.12252002788890021,90.45661928187236,0.6813674827148704,0.6731701297129306,0.2538789778286896,4.0,4.0,0.0,1.0,1.0
31.807318080357145,2.0,10.160733986013987,41.96805206637113,True,5249,7277,2029,0.2636113432493816,legacy,computed,False,,2029.0,2029.0,1.2542836391252106,1.444904153875327,0.5553653538278446,0.15191033639567886,137.22947695047338,0.5452648037497664,0.549389280558169,0.055089410763121675,4.0,4.0,0.09922848837062669,0.9193081117044641,1.009209973958448
31.807318080357145,2.0,10.160733986013987,41.96805206637113,True,5249,7277,2029,0.2636113432493816,ellipse_constrained,computed,False,,2029.0,2029.0,1.2654947485721593,1.4250997216654038,0.282172811230093,0.2682249263483033,48.899795532226534,0.7128194447767935,0.7112156512778499,0.03987823605272631,4.0,4.0,0.06331156090555534,1.0075352233241717,1.001581314880761
31.807318080357145,2.0,10.160733986013987,41.96805206637113,True,5249,7277,2029,0.2636113432493816,geometric_ellipse,computed,False,True,2029.0,2029.0,1.2644181573705915,1.4078769459501872,0.38430050981960556,0.12478998418213606,91.46960637229256,0.6708395654589171,0.67354503451148,0.12492643498591299,4.0,4.0,0.13604917371756503,0.900936824704308,1.018527226383708
32.3081397391183,0.25,1.2700917482517484,33.578231487370054,True,5349,5602,254,0.24850266010554833,legacy,computed,False,,254.0,254.0,1.1132443776605379,1.540355743147535,0.7548547020336285,0.15545056659264822,141.2215259920673,0.5107181361438996,0.5269711296952903,1.1194373828403181,4.0,4.0,0.7592775962237994,1.4671944047271837,1.0450863202184455
32.3081397391183,0.25,1.2700917482517484,33.578231487370054,True,5349,5602,254,0.24850266010554833,ellipse_constrained,computed,False,,254.0,254.0,1.2470297921392113,1.4242265667819045,0.22833570195595768,0.2086168826141545,143.30570602416992,0.5409344608270905,0.5696085957989645,0.09581654240392369,4.0,4.0,0.1172518362013469,0.8390352166591682,0.8046588986502818
32.3081397391183,0.25,1.2700917482517484,33.578231487370054,True,5349,5602,254,0.24850266010554833,geometric_ellipse,boundary,True,True,254.0,254.0,1.0291505936496363,1.579748226273566,0.844234022959208,0.12925465602418443,144.60415533929822,0.5575690688474554,0.7329190775178619,1.030328353032135,3.0,4.0,1.1593081589459806,2.457719309740698,1.0388560266137226
32.3081397391183,0.5,2.540183496503497,34.8483232356218,True,5349,5855,507,0.24850266010554833,legacy,computed,False,,507.0,507.0,1.2321672047372096,1.4485327162864825,0.5223254418987364,0.14916424130348196,139.7197460858877,0.5596647989720696,0.5624986904465992,0.24841112302172544,4.0,4.0,0.158284384624325,1.0152324198761353,1.0028236723030688
32.3081397391183,0.5,2.540183496503497,34.8483232356218,True,5349,5855,507,0.24850266010554833,ellipse_constrained,computed,False,,507.0,507.0,1.256366980080472,1.4187541972731543,0.2674466805184061,0.24740419931210866,152.9006004333496,0.729935851798559,0.7091508580098415,0.06655587298985098,4.0,4.0,0.07985677103222981,0.9827511931393841,0.9542659637385887
32.3081397391183,0.5,2.540183496503497,34.8483232356218,True,5349,5855,507,0.24850266010554833,geometric_ellipse,computed,False,True,507.0,507.0,1.266135573930597,1.4157890575882939,0.38515580939068284,0.11440537414230391,88.20988898138891,0.7212545683569593,0.7193153982122512,0.1485513017697636,4.0,4.0,0.03715766964990347,1.1212588503366054,0.9195081713922351
32.3081397391183,1.0,5.080366993006994,37.38850673212529,True,5349,6363,1015,0.24850266010554833,legacy,computed,False,,1015.0,1015.0,1.2681285644116045,1.4325968668820754,0.5144885364894705,0.14874423632313521,136.91565250692523,0.5627774091450738,0.5748637947082953,0.1460689718804431,4.0,4.0,0.0,1.0,1.0
32.3081397391183,1.0,5.080366993006994,37.38850673212529,True,5349,6363,1015,0.24850266010554833,ellipse_constrained,computed,False,,1015.0,1015.0,1.2760317150997538,1.421420119386568,0.2721407843464953,0.2592612633304424,128.18409729003906,0.7414969356055737,0.743400736638776,0.059608224324033524,4.0,4.0,0.0,1.0,1.0
32.3081397391183,1.0,5.080366993006994,37.38850673212529,True,5349,6363,1015,0.24850266010554833,geometric_ellipse,computed,False,True,1015.0,1015.0,1.271197453668417,1.4235117554339831,0.3435030272225346,0.12442018211657845,93.32262133236492,0.6750466374346115,0.7180959347218929,0.1123893736327128,4.0,4.0,0.0,1.0,1.0
32.3081397391183,2.0,10.160733986013987,42.46887372513229,True,5349,7377,2029,0.24850266010554833,legacy,computed,False,,2029.0,2029.0,1.2576547371953868,1.4458172055081822,0.6037832451482357,0.15412294976938798,135.39964406142542,0.5570255842941206,0.5607181119857808,0.08365492781625324,4.0,4.0,0.06787246370000388,1.1735601521232197,1.0361608192640683
32.3081397391183,2.0,10.160733986013987,42.46887372513229,True,5349,7377,2029,0.24850266010554833,ellipse_constrained,computed,False,,2029.0,2029.0,1.2648290225633858,1.4284505218850998,0.2899524190621782,0.27066650416150406,68.52665710449217,0.7175226073668346,0.7320370480607514,0.04761237688002934,4.0,4.0,0.05322274039391547,1.065450074888462,1.0439913031532406
32.3081397391183,2.0,10.160733986013987,42.46887372513229,True,5349,7377,2029,0.24850266010554833,geometric_ellipse,computed,False,True,2029.0,2029.0,1.262651219248439,1.4005063770556267,0.4611123027108322,0.12234624213102467,90.15610166189664,0.6726492252870907,0.6847557874352466,0.10349275413784804,4.0,4.0,0.09875752159571048,1.3423820641094546,0.9833311609879292
32.808961397879465,0.25,1.2700917482517484,34.079053146131216,True,5449,5702,254,0.24180106316447758,legacy,computed,False,,254.0,254.0,1.1904919363647646,1.4946089383078776,0.6949856752304282,0.14561296654057712,141.64511569346638,0.5444561009033053,0.5480446394511121,0.5301718871104745,4.0,4.0,0.4431702075436105,1.4810422292575816,0.9808532080038375
32.808961397879465,0.25,1.2700917482517484,34.079053146131216,True,5449,5702,254,0.24180106316447758,ellipse_constrained,computed,False,,254.0,254.0,1.2623542476551657,1.4367904090857637,0.21995694497647164,0.19501169396514823,138.9906005859375,0.5651392005663889,0.6850938694954324,0.1557528349323128,4.0,4.0,0.08267938313626752,0.823629903020191,0.7468843651100157
32.808961397879465,0.25,1.2700917482517484,34.079053146131216,True,5449,5702,254,0.24180106316447758,geometric_ellipse,computed,False,True,254.0,254.0,1.2781812284014615,1.4724267423674058,0.32759168768870317,0.12339037899088098,94.26643116431872,0.6853082749295514,0.7384269985350678,0.30304301137075856,4.0,4.0,0.19145244960738925,0.9398742775514274,1.009963674162152
32.808961397879465,0.5,2.540183496503497,35.34914489438296,True,5449,5955,507,0.24180106316447758,legacy,computed,False,,507.0,507.0,1.2629543426032208,1.4279093573746795,0.45178088628729635,0.14384439676610328,138.16039671115206,0.5949424658077743,0.6025995970726792,0.12304868689209586,4.0,4.0,0.06551932194298542,0.9627631112555746,0.9689400701969246
32.808961397879465,0.5,2.540183496503497,35.34914489438296,True,5449,5955,507,0.24180106316447758,ellipse_constrained,computed,False,,507.0,507.0,1.261942933985529,1.4235923801295252,0.2584910902507689,0.2375526897798494,147.70194625854492,0.7378298004356271,0.75466121253267,0.06801656136677804,4.0,4.0,0.07724811311022453,0.9679212066597753,0.909814105394664
32.808961397879465,0.5,2.540183496503497,35.34914489438296,True,5449,5955,507,0.24180106316447758,geometric_ellipse,computed,False,True,507.0,507.0,1.2644012198203933,1.4373042743393551,0.3669650531074382,0.11090142081599295,89.28370230318362,0.7271065937630171,0.7496422192339829,0.16421926462760963,4.0,4.0,0.0502359993170197,1.0528381126193893,0.9077401929805313
32.808961397879465,1.0,5.080366993006994,37.88932839088646,True,5449,6463,1015,0.24180106316447758,legacy,computed,False,,1015.0,1015.0,1.2780249904125414,1.4327945258218269,0.46925446250024305,0.1484554114238136,137.20053497199774,0.5762957741013356,0.5850831066323448,0.09381933972962109,4.0,4.0,0.0,1.0,1.0
32.808961397879465,1.0,5.080366993006994,37.88932839088646,True,5449,6463,1015,0.24180106316447758,ellipse_constrained,computed,False,,1015.0,1015.0,1.280163008586097,1.4277059933936171,0.267057988266217,0.2611002493490717,129.42052459716797,0.7530435199732469,0.7587828942227133,0.058209021066707764,4.0,4.0,0.0,1.0,1.0
32.808961397879465,1.0,5.080366993006994,37.88932839088646,True,5449,6463,1015,0.24180106316447758,geometric_ellipse,computed,False,True,1015.0,1015.0,1.2704677083652178,1.4267804825554957,0.34854841281766885,0.12217308616890946,92.89917061674049,0.7032157478201438,0.7569839138952531,0.10917748710975833,4.0,4.0,0.0,1.0,1.0
32.808961397879465,2.0,10.160733986013987,42.96969538389345,True,5449,7477,2029,0.24180106316447758,legacy,computed,False,,2029.0,2029.0,1.3023593626305054,1.4040829302240116,0.9194121494121283,0.15287191868001407,132.96107625892287,0.5629064576163652,0.5665498090690814,0.8792676394768287,4.0,4.0,0.15565129907263173,1.959304008561564,1.0297497222488718
32.808961397879465,2.0,10.160733986013987,42.96969538389345,True,5449,7477,2029,0.24180106316447758,ellipse_constrained,computed,False,,2029.0,2029.0,1.268865835547119,1.424082010829749,0.3065003378883855,0.269441798958047,81.91308593749999,0.7434267147010629,0.7530736807861949,0.041371507280157364,4.0,4.0,0.04906597672674563,1.1476920794552317,1.031947689172151
32.808961397879465,2.0,10.160733986013987,42.96969538389345,True,5449,7477,2029,0.24180106316447758,geometric_ellipse,computed,False,True,2029.0,2029.0,1.2634844691597396,1.4032241884181476,0.4805275798507625,0.12197415271634637,90.29379505267413,0.6830013661984599,0.6945004017223194,0.04274546987806731,4.0,4.0,0.1016107499423348,1.3786537599358801,0.9983717080512475
33.309783056640626,0.25,1.2700917482517484,34.57987480489238,True,5549,5802,254,0.23849574240479232,legacy,computed,False,,254.0,254.0,1.2695565471979537,1.426414810640099,0.3533399570121198,0.15259163317970995,135.10730166946124,0.5706365042588288,0.5935688684757695,0.09396087627845955,4.0,4.0,0.04996275580869682,0.7978082007571103,1.0292761888679856
33.309783056640626,0.25,1.2700917482517484,34.57987480489238,True,5549,5802,254,0.23849574240479232,ellipse_constrained,computed,False,,254.0,254.0,1.2666588361818036,1.420834229064236,0.20208742911008495,0.1882238759735881,70.90451049804688,0.5344763797921773,0.5620066947711534,0.05762890997738337,4.0,4.0,0.07240152884843921,0.7700590831282756,0.7378188572733774
33.309783056640626,0.25,1.2700917482517484,34.57987480489238,True,5549,5802,254,0.23849574240479232,geometric_ellipse,computed,False,True,254.0,254.0,1.2624927929085075,1.406285040384206,0.33284155761259454,0.11638547857845477,85.44452382710891,0.6447049927450119,0.6640059279972498,0.20463053760439195,4.0,4.0,0.06313729261589893,0.9732471648018107,0.9505871540890237
33.309783056640626,0.5,2.540183496503497,35.84996655314412,True,5549,6055,507,0.23849574240479232,legacy,computed,False,,507.0,507.0,1.281733436631475,1.4059687760720407,0.3793781163349338,0.14698017117388082,137.71677042086358,0.5845627719927744,0.6013805405558551,0.06339690906117584,4.0,4.0,0.10714956567946184,0.8565999015769774,0.9914251998787327
33.309783056640626,0.5,2.540183496503497,35.84996655314412,True,5549,6055,507,0.23849574240479232,ellipse_constrained,computed,False,,507.0,507.0,1.2803727947661037,1.4055371309518774,0.25092291053226684,0.22688340493852754,158.6944808959961,0.7350821046332392,0.7307842519542527,0.0835506569638647,4.0,4.0,0.08816774826598302,0.9561478775362036,0.8893603624947508
33.309783056640626,0.5,2.540183496503497,35.84996655314412,True,5549,6055,507,0.23849574240479232,geometric_ellipse,computed,False,True,507.0,507.0,1.2694111958126044,1.399320278615762,0.23428305647220082,0.13602601850796664,89.62536123272314,0.6840291482754759,0.7646293076353498,0.07948337101698333,4.0,4.0,0.08826768653990714,0.6850566440927026,1.1110027418788797
33.309783056640626,1.0,5.080366993006994,38.390150049647616,True,5549,6563,1015,0.23849574240479232,legacy,computed,False,,1015.0,1015.0,1.2803397429294157,1.4314854586069705,0.4428883492007282,0.14825139727319708,135.45258673540707,0.5821157984696966,0.5919646290701557,0.08508569675401248,4.0,4.0,0.0,1.0,1.0
33.309783056640626,1.0,5.080366993006994,38.390150049647616,True,5549,6563,1015,0.23849574240479232,ellipse_constrained,computed,False,,1015.0,1015.0,1.2830049116359388,1.4263993765801608,0.26243106995002025,0.255108519005834,75.61607360839842,0.7345200183128616,0.7501006011526159,0.05226253720731955,4.0,4.0,0.0,1.0,1.0
33.309783056640626,1.0,5.080366993006994,38.390150049647616,True,5549,6563,1015,0.23849574240479232,geometric_ellipse,computed,False,True,1015.0,1015.0,1.2679464322862093,1.4203207250119505,0.34199078060543175,0.12243535806034585,90.71700864866312,0.7119313219391518,0.729114165269532,0.11196253393002228,4.0,4.0,0.0,1.0,1.0
33.309783056640626,2.0,10.160733986013987,43.47051704265461,True,5549,7577,2029,0.23849574240479232,legacy,computed,False,,2029.0,2029.0,1.407299304720778,1.2720462847409886,1.165030193710796,0.15524399640994088,130.16327790099515,0.5697544473912226,0.5760563941740509,1.0727004206700155,4.0,4.0,0.8545754702679098,2.6305279780181685,1.0471671718807336
33.309783056640626,2.0,10.160733986013987,43.47051704265461,True,5549,7577,2029,0.23849574240479232,ellipse_constrained,computed,False,,2029.0,2029.0,1.2716906065328635,1.410165360511907,0.31825265568115046,0.27073744862084903,88.99165344238281,0.7565840219164316,0.7806657128479877,0.07312608265268124,4.0,4.0,0.08296916940270249,1.2127095154615701,1.061263848325887
33.309783056640626,2.0,10.160733986013987,43.47051704265461,True,5549,7577,2029,0.23849574240479232,geometric_ellipse,computed,False,True,2029.0,2029.0,1.261438427803094,1.3891061006861956,0.49075831383742374,0.12303487365043402,89.89101669795298,0.6799554837210637,0.6964148238831402,0.08298157955774099,4.0,4.0,0.13369564283359417,1.4350045137726415,1.004896588694523
33.81060471540178,0.25,1.2700917482517484,35.08069646365353,True,5649,5902,254,0.24498417832167851,legacy,computed,False,,254.0,254.0,1.270588457982095,1.406413076132511,0.3190541998750636,0.15508925931167566,131.65035455063366,0.5795498980842614,0.584186078769651,0.11022247661703817,4.0,4.0,0.1415113457839961,0.7472060553853187,1.0080306778393746
33.81060471540178,0.25,1.2700917482517484,35.08069646365353,True,5649,5902,254,0.24498417832167851,ellipse_constrained,computed,False,,254.0,254.0,1.2571752933882692,1.4115626511494945,0.20255298260677942,0.17829389383670105,58.25782775878908,0.5124579085652116,0.5327275179970297,0.04215212755071243,4.0,4.0,0.12162269891945054,0.7590186883340265,0.6864642398835906
33.81060471540178,0.25,1.2700917482517484,35.08069646365353,True,5649,5902,254,0.24498417832167851,geometric_ellipse,computed,False,True,254.0,254.0,1.250747807817013,1.3974391643320327,0.2966137434226242,0.11801696910480251,84.6759105753672,0.5588211746025072,0.5751729730664775,0.07664654993384673,4.0,4.0,0.09989273994351616,0.8382272510252172,0.9477046124737464
33.81060471540178,0.5,2.540183496503497,36.350788211905275,True,5649,6155,507,0.24498417832167851,legacy,computed,False,,507.0,507.0,1.2944498675205713,1.4065985478240985,0.41282230452932867,0.149105993701237,135.03915862187603,0.5667563922336905,0.5840105792600219,0.08097242790812618,4.0,4.0,0.1650043340418917,0.9668054075552857,0.9691413613531656
33.81060471540178,0.5,2.540183496503497,36.350788211905275,True,5649,6155,507,0.24498417832167851,ellipse_constrained,computed,False,,507.0,507.0,1.2945091661236954,1.410652421095378,0.25258335338206167,0.2480233293559885,17.464271545410156,0.7560311615236395,0.7620145503158243,0.0896107673940201,4.0,4.0,0.10043750961853244,0.9464954952119558,0.9549353743751653
33.81060471540178,0.5,2.540183496503497,36.350788211905275,True,5649,6155,507,0.24498417832167851,geometric_ellipse,computed,False,True,507.0,507.0,1.2894043158281159,1.393512609937597,0.227185528089022,0.15462405766782197,115.37810513056776,0.57152632278786,0.68941623053456,0.14498640852242867,4.0,4.0,0.13253538046488894,0.6420238606794371,1.2416683275527223
33.81060471540178,1.0,5.080366993006994,38.89097170840877,True,5649,6663,1015,0.24498417832167851,legacy,computed,False,,1015.0,1015.0,1.2731950816664444,1.4409829844894133,0.4269962717453273,0.15385370973440599,135.4246036526358,0.5766116378438647,0.5847961656906109,0.14320295647154008,4.0,4.0,0.0,1.0,1.0
33.81060471540178,1.0,5.080366993006994,38.89097170840877,True,5649,6663,1015,0.24498417832167851,ellipse_constrained,computed,False,,1015.0,1015.0,1.2800987353359117,1.4305967203709709,0.266861654027734,0.25972786851495105,59.98284912109375,0.7167580589284606,0.7314220565479385,0.07102818739888589,4.0,4.0,0.0,1.0,1.0
33.81060471540178,1.0,5.080366993006994,38.89097170840877,True,5649,6663,1015,0.24498417832167851,geometric_ellipse,computed,False,True,1015.0,1015.0,1.266304594035086,1.4163302224985872,0.35385838751942567,0.12452927584339668,91.8300385473057,0.6881578211256183,0.7160673862243353,0.13700901704842153,4.0,4.0,0.0,1.0,1.0
33.81060471540178,2.0,10.160733986013987,43.97133870141577,True,5649,7677,2029,0.24498417832167851,legacy,computed,False,,2029.0,2029.0,1.6292918585653524,1.0200140561967195,2.4275325328741038,0.15848023457106433,131.28087214179982,0.529205859766435,0.60427722148808,1.9658098572838514,2.0,2.0,2.2506753970043913,5.685137537505136,1.0300709345562418
33.81060471540178,2.0,10.160733986013987,43.97133870141577,True,5649,7677,2029,0.24498417832167851,ellipse_constrained,computed,False,,2029.0,2029.0,1.2567256333476617,1.4150500805006119,0.32047064019770105,0.28187857277391765,101.39559745788574,0.7280788218042349,0.7484651261067282,0.07839381198809514,4.0,4.0,0.1145842815054863,1.2008868091793947,1.0852842799874265
33.81060471540178,2.0,10.160733986013987,43.97133870141577,True,5649,7677,2029,0.24498417832167851,geometric_ellipse,computed,False,True,2029.0,2029.0,1.2568366726728872,1.3999097005442829,0.4715033350450203,0.12884884402220154,92.36781773920657,0.6582804334612815,0.684572312426165,0.1329706579863235,4.0,4.0,0.0773705185531993,1.3324633573059965,1.0346871701417182
34.31142637416295,0.25,1.2700917482517484,35.5815181224147,True,5749,6002,254,0.24736478321067124,legacy,computed,False,,254.0,254.0,1.281162300025784,1.392738157025837,0.3580851838624381,0.15032261255963086,136.51073839380675,0.5721553726258655,0.6140305942130382,0.08186022778804644,4.0,4.0,0.19933369401301887,0.7505485081278296,0.9872980146591875
34.31142637416295,0.25,1.2700917482517484,35.5815181224147,True,5749,6002,254,0.24736478321067124,ellipse_constrained,computed,False,,254.0,254.0,1.2828742298957803,1.3911243488731488,0.20573454005302746,0.1881575813141521,161.19384765625,0.5936662353835682,0.6981999282323725,0.0983452967321383,4.0,4.0,0.17211079422129547,0.7598998982501319,0.7110010081906504
34.31142637416295,0.25,1.2700917482517484,35.5815181224147,True,5749,6002,254,0.24736478321067124,geometric_ellipse,computed,False,True,254.0,254.0,1.2639140859404214,1.3918623521643718,0.2408210356602476,0.13552491517420565,91.5970001223255,0.7300234400068524,0.8284485705964115,0.25521663117589627,4.0,4.0,0.24933330249452867,0.6202160574528337,1.0692765978414533
34.31142637416295,0.5,2.540183496503497,36.851609870666444,True,5749,6255,507,0.24736478321067124,legacy,computed,False,,507.0,507.0,1.3038217669993784,1.4039952386576366,0.47654204863998545,0.15182173663255588,132.38080953297944,0.5672665962121493,0.6012473662584689,0.08696216090482323,4.0,4.0,0.17967953261717123,0.998834745992513,0.9971440530942868
34.31142637416295,0.5,2.540183496503497,36.851609870666444,True,5749,6255,507,0.24736478321067124,ellipse_constrained,computed,False,,507.0,507.0,1.2930091531576973,1.417936555275075,0.28222602854608514,0.25543149204346216,101.09712219238281,0.7640185494322066,0.7986478211004795,0.1102636296828242,4.0,4.0,0.06402837944897595,1.042428414404463,0.9652124942195135
34.31142637416295,0.5,2.540183496503497,36.851609870666444,True,5749,6255,507,0.24736478321067124,geometric_ellipse,computed,False,True,507.0,507.0,1.3213352555383613,1.3828657844714156,0.278889589931461,0.14923338176634968,133.25505299365935,0.5898078863084386,0.6950542334786787,0.22234710376542252,4.0,4.0,0.27538415461044796,0.7182586913875679,1.1774348837214275
34.31142637416295,1.0,5.080366993006994,39.39179336716994,True,5749,6763,1015,0.24736478321067124,legacy,computed,False,,1015.0,1015.0,1.2808506179070653,1.4420453079337345,0.4770979889836126,0.15225657332200937,136.3400885273026,0.5773910666527515,0.5779197913133298,0.09051576439907859,4.0,4.0,0.0,1.0,1.0
34.31142637416295,1.0,5.080366993006994,39.39179336716994,True,5749,6763,1015,0.24736478321067124,ellipse_constrained,computed,False,,1015.0,1015.0,1.2889911252386388,1.4332567803250427,0.27073900197484563,0.2646375731491211,19.733795166015625,0.7437429300758902,0.764939112860508,0.048717503898405255,4.0,4.0,0.0,1.0,1.0
34.31142637416295,1.0,5.080366993006994,39.39179336716994,True,5749,6763,1015,0.24736478321067124,geometric_ellipse,computed,False,True,1015.0,1015.0,1.2944426938163858,1.4454530921145603,0.38828571554447633,0.1267444882341852,179.60468592344589,0.6667041386572138,0.6863071436401503,0.15044312320027797,4.0,4.0,0.0,1.0,1.0
34.31142637416295,2.0,10.160733986013987,44.472160360176936,True,5749,7777,2029,0.24736478321067124,legacy,computed,False,,2029.0,2029.0,1.7292024695503476,0.9040551941724471,3.1551849077527625,0.16049497113429032,130.98004277681937,0.5337900070381233,0.6213544207609857,2.502315840971604,2.0,2.0,2.8311358868427323,6.613284860987198,1.0541086511572637
34.31142637416295,2.0,10.160733986013987,44.472160360176936,True,5749,7777,2029,0.24736478321067124,ellipse_constrained,computed,False,,2029.0,2029.0,1.2583218692357199,1.4180191907813589,0.32705683724224427,0.28475109958052375,99.12539005279541,0.7321828246223376,0.7508513759842232,0.06989944071418475,4.0,4.0,0.13844324663030855,1.208015228159226,1.0760040465609502
34.31142637416295,2.0,10.160733986013987,44.472160360176936,True,5749,7777,2029,0.24736478321067124,geometric_ellipse,computed,False,True,2029.0,2029.0,1.256472527961143,1.401792654434325,0.47338816058071326,0.13038911403860418,92.38259866834589,0.6518337214368152,0.6761240939073698,0.36386800325317636,3.0,4.0,0.23391212508753736,1.219174802546886,1.0287556946672491
34.8122480329241,0.25,1.2700917482517484,36.082339781175854,True,5849,6102,254,0.24599627192982465,legacy,computed,False,,254.0,254.0,1.3060987150222674,1.3705553334466056,0.35414146057122486,0.1445457351531927,143.89555175715216,0.5052213717849345,0.5494181673613405,0.13531647675176445,4.0,4.0,0.3137526716831024,0.7356108986724343,0.9623486387091146
34.8122480329241,0.25,1.2700917482517484,36.082339781175854,True,5849,6102,254,0.24599627192982465,ellipse_constrained,computed,False,,254.0,254.0,1.2984983010880937,1.3785397109651356,0.22374683192116498,0.17714112921817188,161.83113861083984,0.5337713273808898,0.5610436992741638,0.06478387191582337,4.0,4.0,0.22793353492890872,0.8260209976872154,0.6705606854435929
34.8122480329241,0.25,1.2700917482517484,36.082339781175854,True,5849,6102,254,0.24599627192982465,geometric_ellipse,computed,False,True,254.0,254.0,1.3020601692755465,1.3898319587981285,0.29497200451829564,0.13098721788909468,151.67398286539986,0.49224501507886703,0.5703579175750665,0.12549478540404294,4.0,4.0,0.22246063477715608,0.7930272347148183,1.0265962303140308
34.8122480329241,0.5,2.540183496503497,37.3524315294276,True,5849,6355,507,0.24599627192982465,legacy,computed,False,,507.0,507.0,1.2978077996706345,1.4188082059008216,0.48962675611961104,0.14956590882579412,133.91539377487743,0.5464854925018086,0.5601558214748604,0.17565503564940746,4.0,4.0,0.11980498002175523,1.0170364619332044,0.9957716746415907
34.8122480329241,0.5,2.540183496503497,37.3524315294276,True,5849,6355,507,0.24599627192982465,ellipse_constrained,computed,False,,507.0,507.0,1.293201228738839,1.4241789306746888,0.2861954719977576,0.2589867517667118,97.87212371826173,0.745928736567054,0.7515133612463079,0.07725042172741828,4.0,4.0,0.04171316133866296,1.0565667781005528,0.980384027989365
34.8122480329241,0.5,2.540183496503497,37.3524315294276,True,5849,6355,507,0.24599627192982465,geometric_ellipse,computed,False,True,507.0,507.0,1.2746008312585433,1.442358134773473,0.3136242053142096,0.1289485214457102,168.9809587400543,0.6495241155091962,0.6872225966604156,0.20309010592209875,4.0,4.0,0.10000735449762899,0.8431733604215097,1.0106181973634785
34.8122480329241,1.0,5.080366993006994,39.89261502593109,True,5849,6863,1015,0.24599627192982465,legacy,computed,False,,1015.0,1015.0,1.2826718176266863,1.4440960682767694,0.48142497781143284,0.15020100755489713,136.3972431104989,0.5711355087858516,0.5700118232042042,0.057311091264675075,4.0,4.0,0.0,1.0,1.0
34.8122480329241,1.0,5.080366993006994,39.89261502593109,True,5849,6863,1015,0.24599627192982465,ellipse_constrained,computed,False,,1015.0,1015.0,1.2902099440391486,1.4339945370144522,0.27087305594850014,0.2641686771436481,16.97771453857422,0.7354315591637267,0.7453315908682879,0.05795780792593686,4.0,4.0,0.0,1.0,1.0
34.8122480329241,1.0,5.080366993006994,39.89261502593109,True,5849,6863,1015,0.24599627192982465,geometric_ellipse,computed,False,True,1015.0,1015.0,1.2991108588029492,1.4444769130386768,0.3719569664267217,0.12759370628998543,177.84379333746298,0.6610875150427394,0.7079266101377224,0.14711516818827078,4.0,4.0,0.0,1.0,1.0
34.8122480329241,2.0,10.160733986013987,44.97298201893809,True,5849,7877,2029,0.24599627192982465,legacy,computed,False,,2029.0,2029.0,1.3963771324974785,1.2926944401718843,1.6937342682424397,0.16038127411097705,131.19832723055322,0.5387502305816975,0.5541945284262698,1.1310231783916844,3.0,3.0,0.7697048823172752,3.518168658265693,1.0677776182850114
34.8122480329241,2.0,10.160733986013987,44.97298201893809,True,5849,7877,2029,0.24599627192982465,ellipse_constrained,computed,False,,2029.0,2029.0,1.2606543468708977,1.418560554749071,0.3301244398603302,0.28933887975562717,93.3446342945099,0.7340894441790815,0.7500487339537696,0.047336634545572326,4.0,4.0,0.13554181961354975,1.218742258082307,1.095280798935493
34.8122480329241,2.0,10.160733986013987,44.97298201893809,True,5849,7877,2029,0.24599627192982465,geometric_ellipse,computed,False,True,2029.0,2029.0,1.2581211271561819,1.4023459136668857,0.4629447214471917,0.13376666543827187,92.73559711232693,0.6435481794028157,0.6719440684394713,0.5118747392310296,3.0,4.0,0.23894985065420232,1.2446190372358443,1.0483798090656369
35.31306969168527,0.25,1.2700917482517484,36.58316143993702,True,5949,6202,254,0.2596575707193345,legacy,computed,False,,254.0,254.0,1.296497874021005,1.4146775920512487,0.4713725315088882,0.1587987753581026,134.89010203741094,0.5079903513384135,0.5576189097325643,0.13230534170221706,4.0,4.0,0.11419536035455184,0.8999009097085034,1.0265883905961817
35.31306969168527,0.25,1.2700917482517484,36.58316143993702,True,5949,6202,254,0.2596575707193345,ellipse_constrained,computed,False,,254.0,254.0,1.2968237833651017,1.4063240029545825,0.2323465238001074,0.21700383589817707,134.4207878112793,0.5974307012105561,0.6426371369776944,0.09365889462391756,4.0,4.0,0.09859983582277032,0.8020286613988395,0.806417074540353
35.31306969168527,0.25,1.2700917482517484,36.58316143993702,True,5949,6202,254,0.2596575707193345,geometric_ellipse,computed,False,True,254.0,254.0,1.2856304083292185,1.4046718469596262,0.3416453235088414,0.13533644286578544,149.52247001796158,0.48432363445421756,0.6348689357338054,0.18503970321540553,4.0,4.0,0.15816586774179764,0.894545197278576,1.051289716558174
35.31306969168527,0.5,2.540183496503497,37.853253188188766,True,5949,6455,507,0.2596575707193345,legacy,computed,False,,507.0,507.0,1.2831225056309314,1.4437440743171703,0.46084395524937005,0.15357689087969367,136.28143319812872,0.5419313983509124,0.5467606602094577,0.12544206401034827,4.0,4.0,0.024730437307276528,0.87980072414286,0.9928304099664181
35.31306969168527,0.5,2.540183496503497,37.853253188188766,True,5949,6455,507,0.2596575707193345,ellipse_constrained,computed,False,,507.0,507.0,1.2914201963738092,1.4301988589483665,0.2860188738865938,0.26739874465092156,80.99488830566406,0.7328899289094429,0.729174053170314,0.08035646630775979,4.0,4.0,0.036955072336360376,0.98729832840289,0.9936917128890738
35.31306969168527,0.5,2.540183496503497,37.853253188188766,True,5949,6455,507,0.2596575707193345,geometric_ellipse,computed,False,True,507.0,507.0,1.2894197384792867,1.448688008935067,0.35387045829562647,0.12608695260029368,175.00658425201578,0.6456725401672238,0.7069841455994466,0.16574599956430622,4.0,4.0,0.028850761068777195,0.9265548132665401,0.9794399339452254
35.31306969168527,1.0,5.080366993006994,40.39343668469226,True,5949,6963,1015,0.2596575707193345,legacy,computed,False,,1015.0,1015.0,1.2791327677075832,1.4387124790720802,0.5238049283243591,0.15468592554985128,136.03617560629942,0.5557267348458568,0.5582488237365992,0.07560086975093949,4.0,4.0,0.0,1.0,1.0
35.31306969168527,1.0,5.080366993006994,40.39343668469226,True,5949,6963,1015,0.2596575707193345,ellipse_constrained,computed,False,,1015.0,1015.0,1.282249952334203,1.4273733682338665,0.28969852947008856,0.2690962812535515,49.76185607910156,0.7323852329631327,0.741433679495061,0.059246219534765526,4.0,4.0,0.0,1.0,1.0
35.31306969168527,1.0,5.080366993006994,40.39343668469226,True,5949,6963,1015,0.2596575707193345,geometric_ellipse,computed,False,True,1015.0,1015.0,1.2956336955386036,1.4445039210989095,0.3819206950618142,0.12873372652104362,178.54992548527358,0.6404745228348188,0.6937677887035054,0.2067051205756112,4.0,4.0,0.0,1.0,1.0
35.31306969168527,2.0,10.160733986013987,45.47380367769926,True,5949,7977,2029,0.2596575707193345,legacy,computed,False,,2029.0,2029.0,1.307153883487285,1.3951949933291552,0.9971470297261302,0.164182328402769,131.31418599459806,0.5405677355860182,0.5532693781473249,0.23044857761391402,4.0,4.0,0.19933413629170044,1.9036610306741146,1.0613915119889643
35.31306969168527,2.0,10.160733986013987,45.47380367769926,True,5949,7977,2029,0.2596575707193345,ellipse_constrained,computed,False,,2029.0,2029.0,1.2624841292167823,1.4169492778410502,0.33177282713653594,0.2933994198313517,91.75337636470796,0.722854588515059,0.7431291903623782,0.05269823130846508,4.0,4.0,0.08605998915007715,1.1452347643718073,1.0903139146501284
35.31306969168527,2.0,10.160733986013987,45.47380367769926,True,5949,7977,2029,0.2596575707193345,geometric_ellipse,computed,False,True,2029.0,2029.0,1.2575642060653436,1.394677280522113,0.4557326821426822,0.13785449231426486,92.20069784472344,0.6368650810345863,0.6616058756983229,0.36224946830489396,3.0,4.0,0.24149306755407202,1.1932652198093676,1.0708498544997087
35.813891350446426,0.25,1.2700917482517484,37.08398309869818,True,6049,6302,254,0.2571169203128304,legacy,computed,False,,254.0,254.0,1.3056538702645606,1.4421769275152352,0.47455633860875795,0.1537407355009261,129.97655481446543,0.5266510058857877,0.520170458463254,0.19845695045574338,4.0,4.0,0.19384676296228862,0.7707077702193278,1.0058119290744074
35.813891350446426,0.25,1.2700917482517484,37.08398309869818,True,6049,6302,254,0.2571169203128304,ellipse_constrained,computed,False,,254.0,254.0,1.3025464187553093,1.445274414006632,0.23869509771574487,0.21145355501429916,102.88891792297365,0.5799817438450965,0.5882115384214138,0.14037603540395915,4.0,4.0,0.09549005096011738,0.8064792665811495,0.7987128071600395
35.813891350446426,0.25,1.2700917482517484,37.08398309869818,True,6049,6302,254,0.2571169203128304,geometric_ellipse,computed,False,True,254.0,254.0,1.2988688173360472,1.4590152840033224,0.3173256271458151,0.1326615487747387,170.00684429624388,0.6576045010914022,0.6998738407602726,0.26265528670020455,4.0,4.0,0.27703535472764657,0.7358247043587601,1.0904392586273828
35.813891350446426,0.5,2.540183496503497,38.35407484694992,True,6049,6555,507,0.2571169203128304,legacy,computed,False,,507.0,507.0,1.2768166825588727,1.4562586851337538,0.4618244856009983,0.15087568300723483,135.2615067152358,0.5581214037222383,0.5616335755219233,0.08765650112373538,4.0,4.0,0.06913988515554997,0.7500304823105038,0.98706800953877
35.813891350446426,0.5,2.540183496503497,38.35407484694992,True,6049,6555,507,0.2571169203128304,ellipse_constrained,computed,False,,507.0,507.0,1.288291834589117,1.4419603942181503,0.28892276518523685,0.25788433271608285,67.23216247558592,0.7335607733171962,0.7524029328488975,0.09490075886553834,4.0,4.0,0.04016498894403302,0.9761835161050214,0.974093432916403
35.813891350446426,0.5,2.540183496503497,38.35407484694992,True,6049,6555,507,0.2571169203128304,geometric_ellipse,computed,False,True,507.0,507.0,1.3010143015291642,1.45100548216029,0.3764093203209142,0.12258493522484451,176.69892167218526,0.6974262429708801,0.7196930272787653,0.20555182027513497,4.0,4.0,0.2541500938403742,0.8728298414919599,1.0076124326909621
35.813891350446426,1.0,5.080366993006994,40.894258343453416,True,6049,7063,1015,0.2571169203128304,legacy,computed,False,,1015.0,1015.0,1.2603405380706152,1.462933983838525,0.6157409551920163,0.15285236837706342,135.0276785792508,0.5647830810494837,0.5739482442140375,0.12723410759182377,4.0,4.0,0.0,1.0,1.0
35.813891350446426,1.0,5.080366993006994,40.894258343453416,True,6049,7063,1015,0.2571169203128304,ellipse_constrained,computed,False,,1015.0,1015.0,1.2797504464229692,1.436155771344805,0.295971772129528,0.26474291274501854,53.617919921875014,0.7338951881267771,0.7445404293524535,0.057053197368398305,4.0,4.0,0.0,1.0,1.0
35.813891350446426,1.0,5.080366993006994,40.894258343453416,True,6049,7063,1015,0.2571169203128304,geometric_ellipse,computed,False,True,1015.0,1015.0,1.2660878084071188,1.3957761636793338,0.4312516626121582,0.12165881567922425,89.72101220415911,0.7002140613075983,0.6850033406026907,0.27574433836076334,4.0,4.0,0.0,1.0,1.0
35.813891350446426,2.0,10.160733986013987,45.97462533646041,True,6049,8077,2029,0.2571169203128304,legacy,computed,False,,2029.0,2029.0,1.311301593599641,1.3931041947828247,0.8845073216363619,0.16501541311743523,131.27682900710624,0.540989141438418,0.5578229922811762,0.9940766083829025,4.0,4.0,0.3362199479633385,1.4364925934811854,1.0795738062125897
35.813891350446426,2.0,10.160733986013987,45.97462533646041,True,6049,8077,2029,0.2571169203128304,ellipse_constrained,computed,False,,2029.0,2029.0,1.258549158508624,1.4226920537877175,0.33388044311058157,0.2952594105677738,90.57293576002121,0.7241686916645657,0.7366865306141881,0.06731566869506532,4.0,4.0,0.09767953498148779,1.128082048866685,1.1152684221320273
35.813891350446426,2.0,10.160733986013987,45.97462533646041,True,6049,8077,2029,0.2571169203128304,geometric_ellipse,computed,False,True,2029.0,2029.0,1.2549111999596338,1.4070513279189063,0.46650715128093584,0.13769241348970793,91.80814085589762,0.6343680238869471,0.6934190189053434,0.16789144877669573,4.0,4.0,0.061746047881190654,1.0817515426032904,1.1317915000320173
36.314713009207594,0.25,1.2700917482517484,37.584804757459345,True,6149,6402,254,0.25719259259259275,legacy,computed,False,,254.0,254.0,1.2928014446410931,1.4442352776918934,0.5046461225418566,0.15833752498673895,133.49697268180844,0.5499638963848587,0.5811947712569071,0.1637083464487923,4.0,4.0,0.20556188023231176,0.8135911234404619,1.03131988258229
36.314713009207594,0.25,1.2700917482517484,37.584804757459345,True,6149,6402,254,0.25719259259259275,ellipse_constrained,computed,False,,254.0,254.0,1.2750262649358834,1.4443367628098729,0.23047265602482844,0.21251898728155166,79.73773193359374,0.5523174898960708,0.5843606342080874,0.052463215126713744,4.0,4.0,0.04213629213418491,0.7756533061501293,0.8087668211350438
36.314713009207594,0.25,1.2700917482517484,37.584804757459345,True,6149,6402,254,0.25719259259259275,geometric_ellipse,computed,False,True,254.0,254.0,1.2745433884447954,1.4011858997731108,0.4296061710427865,0.13099189862548935,90.29274690382066,0.6466666588044281,0.68760267660626,0.3137778379665795,4.0,4.0,0.05167743680987712,1.041256450772405,1.072629941137427
36.314713009207594,0.5,2.540183496503497,38.85489650571109,True,6149,6655,507,0.25719259259259275,legacy,computed,False,,507.0,507.0,1.268953829414486,1.466376192505302,0.4191711649465678,0.16320762150294862,135.99686006217132,0.5918683486453579,0.6037951208781626,0.06013869811981527,4.0,4.0,0.0841177022227676,0.6757882876122546,1.0630408998691425
36.314713009207594,0.5,2.540183496503497,38.85489650571109,True,6149,6655,507,0.25719259259259275,ellipse_constrained,computed,False,,507.0,507.0,1.2723654043972996,1.449728245475947,0.29275965938023596,0.2589255252464347,56.66200256347655,0.7246391572240986,0.7540830373746739,0.026911151730523282,4.0,4.0,0.05177101814428231,0.9852795625403943,0.9853725384398113
36.314713009207594,0.5,2.540183496503497,38.85489650571109,True,6149,6655,507,0.25719259259259275,geometric_ellipse,computed,False,True,507.0,507.0,1.267649584053965,1.4352202531103389,0.358743042617998,0.12885915485674979,87.73137909913821,0.6718714675445315,0.6950277008081942,0.07225044792657966,4.0,4.0,0.10944525154492747,0.8695021917143441,1.0551659235368822
36.314713009207594,1.0,5.080366993006994,41.395080002214584,True,6149,7163,1015,0.25719259259259275,legacy,computed,False,,1015.0,1015.0,1.2482779886079796,1.4727447896963148,0.6202699464171161,0.15352901428631677,135.82128908502614,0.565646354040362,0.5757834742589212,0.21856656247460943,4.0,4.0,0.0,1.0,1.0
36.314713009207594,1.0,5.080366993006994,41.395080002214584,True,6149,7163,1015,0.25719259259259275,ellipse_constrained,computed,False,,1015.0,1015.0,1.2663425859971376,1.4378531394784653,0.2971335958957674,0.26276917119732623,49.222137451171875,0.7238696998089785,0.7344227435386433,0.06426683662531747,4.0,4.0,0.0,1.0,1.0
36.314713009207594,1.0,5.080366993006994,41.395080002214584,True,6149,7163,1015,0.25719259259259275,geometric_ellipse,computed,False,True,1015.0,1015.0,1.2628401738528077,1.4074856524158854,0.4125844029336906,0.12212217243030182,90.33828592831885,0.7091866431246958,0.7164654629828789,0.14978887320145337,4.0,4.0,0.0,1.0,1.0
36.314713009207594,2.0,10.160733986013987,46.47544699522158,True,6149,8177,2029,0.25719259259259275,legacy,computed,False,,2029.0,2029.0,1.2936241597656286,1.4148824069901,0.9090938666515291,0.16896435701142704,130.7932937485324,0.5544979226583776,0.5739556825957907,0.24942454255109595,3.0,3.0,0.2858330850098216,1.4656422931705064,1.1005369753519347
36.314713009207594,2.0,10.160733986013987,46.47544699522158,True,6149,8177,2029,0.25719259259259275,ellipse_constrained,computed,False,,2029.0,2029.0,1.2557042962513134,1.4299507388152735,0.3499396409278122,0.29626315794051294,92.4603979587555,0.7406405917343661,0.7507853358747109,0.06415069713358057,4.0,4.0,0.05152641722262331,1.1777181906100207,1.1274654351215136
36.314713009207594,2.0,10.160733986013987,46.47544699522158,True,6149,8177,2029,0.25719259259259275,geometric_ellipse,computed,False,True,2029.0,2029.0,1.2519451611080472,1.4286231107076228,0.519396109975292,0.13680966972998984,91.20224934015843,0.6327898006075312,0.653131550601628,0.06501049326831014,4.0,4.0,0.09246030708823207,1.2588845004370364,1.1202688832617234
36.81553466796875,0.25,1.2700917482517484,38.0856264162205,True,6249,6502,254,0.2625560955043713,legacy,computed,False,,254.0,254.0,1.2504074751389538,1.470200208649947,0.37840194014433026,0.1538341537518089,140.59708208964864,0.5925033113338957,0.5995730245218721,0.2718355508144607,4.0,4.0,0.03687266287750005,0.7055329994082403,0.9969516002299321
36.81553466796875,0.25,1.2700917482517484,38.0856264162205,True,6249,6502,254,0.2625560955043713,ellipse_constrained,computed,False,,254.0,254.0,1.270501821272739,1.4407283963909758,0.21358021673638114,0.18669740933262233,36.59760284423825,0.5353280893528486,0.5554701436125777,0.059796407455613675,4.0,4.0,0.03131314707754767,0.7339402671965569,0.7265160872480706
36.81553466796875,0.25,1.2700917482517484,38.0856264162205,True,6249,6502,254,0.2625560955043713,geometric_ellipse,computed,False,True,254.0,254.0,1.2652984754689085,1.4463715097696805,0.33016701770816986,0.12308429222971157,85.20471130621213,0.7063362384171761,0.7125218192960742,0.062406708777375766,4.0,4.0,0.08978431852155595,0.7917158594974915,0.9784186536466358
36.81553466796875,0.5,2.540183496503497,39.35571816447224,True,6249,6755,507,0.2625560955043713,legacy,computed,False,,507.0,507.0,1.2706886084574005,1.4660414450439765,0.47505761644336386,0.15643842531892133,140.2285071741573,0.5696390854398042,0.5861789495088159,0.09176105587085481,4.0,4.0,0.11568122308543241,0.8857481673935805,1.013829079274377
36.81553466796875,0.5,2.540183496503497,39.35571816447224,True,6249,6755,507,0.2625560955043713,ellipse_constrained,computed,False,,507.0,507.0,1.2869884953269801,1.4472796526268472,0.2853732027811414,0.24893564838858304,15.234382629394531,0.7257061069826671,0.7302677298433575,0.07890038111617144,4.0,4.0,0.09868118376117802,0.9806474021816604,0.968710566956074
36.81553466796875,0.5,2.540183496503497,39.35571816447224,True,6249,6755,507,0.2625560955043713,geometric_ellipse,computed,False,True,507.0,507.0,1.32068786122479,1.4511648930532426,0.4484946475797366,0.127247295475243,2.6013350344029504,0.6408282827503389,0.6652701596946731,0.225769294026009,4.0,4.0,0.12212092935055835,1.0754566820555842,1.0115110975063097
36.81553466796875,1.0,5.080366993006994,41.89590166097574,True,6249,7263,1015,0.2625560955043713,legacy,computed,False,,1015.0,1015.0,1.2410547388941868,1.4727003772096208,0.5363348567135933,0.15430453566284394,139.26140693775417,0.5610640778348137,0.5620781396576403,0.06409440462553867,4.0,4.0,0.0,1.0,1.0
36.81553466796875,1.0,5.080366993006994,41.89590166097574,True,6249,7263,1015,0.2625560955043713,ellipse_constrained,computed,False,,1015.0,1015.0,1.2625183426356335,1.4387646157288403,0.29100490364453885,0.2569762908345264,35.98687744140625,0.6932669943911218,0.7034556978067643,0.056377631646495764,4.0,4.0,0.0,1.0,1.0
36.81553466796875,1.0,5.080366993006994,41.89590166097574,True,6249,7263,1015,0.2625560955043713,geometric_ellipse,computed,False,True,1015.0,1015.0,1.288670256028412,1.4494481977766382,0.41702716163565245,0.12579920851975548,0.9526770630754697,0.6063505987598742,0.6657133815223913,0.19464735849117124,4.0,4.0,0.0,1.0,1.0
36.81553466796875,2.0,10.160733986013987,46.976268653982736,True,6249,8277,2029,0.2625560955043713,legacy,computed,False,,2029.0,2029.0,1.2591524360969817,1.4633739683866949,0.8719841978268285,0.17273232991298731,130.04344000799892,0.5613144888538368,0.577132359316507,0.1451658274922019,3.0,3.0,0.0775433642121276,1.6258204867942685,1.1194248384921632
36.81553466796875,2.0,10.160733986013987,46.976268653982736,True,6249,8277,2029,0.2625560955043713,ellipse_constrained,computed,False,,2029.0,2029.0,1.256971509154425,1.4361436771147575,0.35796399754796693,0.29937393837088616,90.60536074638367,0.7480813634540996,0.7598026176938911,0.07076165859670454,4.0,4.0,0.0233659559201916,1.230096101697373,1.1649866117947072
36.81553466796875,2.0,10.160733986013987,46.976268653982736,True,6249,8277,2029,0.2625560955043713,geometric_ellipse,computed,False,True,2029.0,2029.0,1.249785424103255,1.4503101800566403,0.5571736163912119,0.13682472422730405,91.5757833255595,0.6310267349449626,0.6436580861435409,0.14000238872301757,4.0,4.0,0.1481374283228621,1.3360607357225387,1.0876437605393767
37.31635632672991,0.25,1.2700917482517484,38.58644807498166,True,6349,6602,254,0.2641087287712288,legacy,computed,False,,254.0,254.0,1.2633558380420529,1.4484345965254624,0.35205861916086245,0.15366210041565223,138.42538600161586,0.6183024356283728,0.6154333184765485,0.06332794424409804,4.0,4.0,0.041463036596364584,0.4753349961526591,0.9815539972963389
37.31635632672991,0.25,1.2700917482517484,38.58644807498166,True,6349,6602,254,0.2641087287712288,ellipse_constrained,computed,False,,254.0,254.0,1.2624464796250414,1.4364966877883016,0.20965245439702765,0.19131456332452035,48.634979248046875,0.5666966430419731,0.5869213441169934,0.06112374977676154,4.0,4.0,0.05015004845021283,0.6841328241856237,0.7078271557551005
37.31635632672991,0.25,1.2700917482517484,38.58644807498166,True,6349,6602,254,0.2641087287712288,geometric_ellipse,computed,False,True,254.0,254.0,1.2638017283166731,1.431097667675398,0.3533237673259677,0.11871689310666486,86.52122209424724,0.7009448857097217,0.7306162964517336,0.06682076579371782,4.0,4.0,0.17922676323245215,0.7077915182411769,0.9526925857808363
37.31635632672991,0.5,2.540183496503497,39.856539823233405,True,6349,6855,507,0.2641087287712288,legacy,computed,False,,507.0,507.0,1.2797023618636163,1.455737385091129,0.48415055695867537,0.15138832346255493,139.561216264253,0.5674436164297354,0.6023192093721819,0.07951181197577656,4.0,4.0,0.10913684046353318,0.6536800708864542,0.9670296946137913
37.31635632672991,0.5,2.540183496503497,39.856539823233405,True,6349,6855,507,0.2641087287712288,ellipse_constrained,computed,False,,507.0,507.0,1.2880328206927802,1.44227496031222,0.28325528190165306,0.24414847772297854,14.499244689941406,0.6997101560271343,0.7204657277666144,0.1181083471602506,4.0,4.0,0.14830657270113268,0.9243117927248089,0.9033024959812044
37.31635632672991,0.5,2.540183496503497,39.856539823233405,True,6349,6855,507,0.2641087287712288,geometric_ellipse,computed,False,True,507.0,507.0,1.2630543095248197,1.429697638547739,0.3403346057453442,0.11897915133288582,88.0003944609533,0.6757020459278278,0.7106507771697903,0.42708002018984875,4.0,4.0,0.17338435939820657,0.6817711390705119,0.9547971848917333
37.31635632672991,1.0,5.080366993006994,42.39672331973691,True,6349,7363,1015,0.2641087287712288,legacy,computed,False,,1015.0,1015.0,1.2529803780473188,1.4449319185537537,0.7406536905769818,0.15654981879642882,134.23532351214732,0.5761767253718116,0.5859119570209933,0.26030171823706544,4.0,4.0,0.0,1.0,1.0
37.31635632672991,1.0,5.080366993006994,42.39672331973691,True,6349,7363,1015,0.2641087287712288,ellipse_constrained,computed,False,,1015.0,1015.0,1.2507373323985362,1.430305756316147,0.3064499275365032,0.27028429436340085,66.06820678710938,0.733933154530099,0.7600390513120872,0.06971447964772472,4.0,4.0,0.0,1.0,1.0
37.31635632672991,1.0,5.080366993006994,42.39672331973691,True,6349,7363,1015,0.2641087287712288,geometric_ellipse,computed,False,True,1015.0,1015.0,1.2517127091055535,1.385332055910725,0.4991918640166216,0.12461196284986654,90.19693036410746,0.6771101525236619,0.693045260160794,0.045973528202161225,4.0,4.0,0.0,1.0,1.0
37.31635632672991,2.0,10.160733986013987,47.4770903127439,True,6349,8377,2029,0.2641087287712288,legacy,computed,False,,2029.0,2029.0,1.2641543858555528,1.4451563266227105,0.735189071066062,0.1776929711154307,130.07331669334917,0.5618314969602607,0.5873621319614971,1.7268568283500088,4.0,4.0,0.042316893619563686,0.9926218966023611,1.1350570219854141
37.31635632672991,2.0,10.160733986013987,47.4770903127439,True,6349,8377,2029,0.2641087287712288,ellipse_constrained,computed,False,,2029.0,2029.0,1.2510427389811019,1.4333623108792966,0.3631109553405829,0.3015307592705767,88.48577880859374,0.7411269043825632,0.7484223342051984,0.056065481522025146,4.0,4.0,0.011630719587694559,1.1848948970540398,1.1156059214641771
37.31635632672991,2.0,10.160733986013987,47.4770903127439,True,6349,8377,2029,0.2641087287712288,geometric_ellipse,computed,False,True,2029.0,2029.0,1.2454917699139663,1.4434609987263758,0.5603937195932575,0.13915506402340896,91.20172268860391,0.6144576355303758,0.6311403895444556,0.13533927877416316,4.0,4.0,0.22135154994307546,1.1226018691173982,1.1167071029212825
37.81717798549107,0.25,1.2700917482517484,39.08726973374282,True,6449,6702,254,0.27055160256410243,legacy,computed,False,,254.0,254.0,1.2652483810450266,1.477475691190604,0.4420306622582769,0.16672369992256747,141.3243071116177,0.6154850729218597,0.6368027856594719,0.12933402983392955,4.0,4.0,0.07930856881694158,0.6353583645943977,1.032506147573752
37.81717798549107,0.25,1.2700917482517484,39.08726973374282,True,6449,6702,254,0.27055160256410243,ellipse_constrained,computed,False,,254.0,254.0,1.2919323720072289,1.4604273083866852,0.23029859344331136,0.20787872668024296,9.511199951171875,0.5628921046593481,0.6439828315734764,0.12730019600093884,4.0,4.0,0.15335095059508505,0.7246914872065761,0.7644511388132851
37.81717798549107,0.25,1.2700917482517484,39.08726973374282,True,6449,6702,254,0.27055160256410243,geometric_ellipse,computed,False,True,254.0,254.0,1.3248949858166292,1.4553563090956976,0.43935491018142225,0.13468735828183603,3.7834853085210227,0.6024442155792493,0.7058265797319941,0.2621148914056228,4.0,4.0,0.32590889417782476,0.8398318829338484,1.0641131316122459
37.81717798549107,0.5,2.540183496503497,40.357361481994566,True,6449,6955,507,0.27055160256410243,legacy,computed,False,,507.0,507.0,1.275966658196696,1.4349569125196568,0.6236452341381861,0.15496568602158206,135.7853470536505,0.5717914485781315,0.6028348541745644,0.26448081128595946,4.0,4.0,0.15095129780547054,0.8964043671196898,0.959689735499983
37.81717798549107,0.5,2.540183496503497,40.357361481994566,True,6449,6955,507,0.27055160256410243,ellipse_constrained,computed,False,,507.0,507.0,1.275917410720162,1.422658721455705,0.30286202258745426,0.2561868163081975,39.27410888671875,0.7233132202437934,0.634509217340137,0.12224847289927222,4.0,4.0,0.08666488336329159,0.9530302651254352,0.9420988217663763
37.81717798549107,0.5,2.540183496503497,40.357361481994566,True,6449,6955,507,0.27055160256410243,geometric_ellipse,computed,False,True,507.0,507.0,1.2594032964516066,1.3740350248827684,0.4165245627503863,0.11955730157772193,87.83297473707466,0.6888001305094155,0.7001631028679902,0.2444456183776812,4.0,4.0,0.1109673476205474,0.796191415451367,0.9445763597409322
37.81717798549107,1.0,5.080366993006994,42.89754497849806,True,6449,7463,1015,0.27055160256410243,legacy,computed,False,,1015.0,1015.0,1.2479971735813917,1.4647163306404933,0.695718647759461,0.16147477699221968,133.59160811786134,0.574858958368594,0.5930991942524161,0.1556162101398295,4.0,4.0,0.0,1.0,1.0
37.81717798549107,1.0,5.080366993006994,42.89754497849806,True,6449,7463,1015,0.27055160256410243,ellipse_constrained,computed,False,,1015.0,1015.0,1.2575401703298568,1.4372207953208316,0.31778846241319775,0.2719319994773619,66.45237731933592,0.7307124374957542,0.7455505553682561,0.06379115721315892,4.0,4.0,0.0,1.0,1.0
37.81717798549107,1.0,5.080366993006994,42.89754497849806,True,6449,7463,1015,0.27055160256410243,geometric_ellipse,computed,False,True,1015.0,1015.0,1.253588372151943,1.4034889003617268,0.523146261900168,0.1265724050202916,88.37197868428231,0.6659737727093479,0.6851566830185425,0.14033669269978366,4.0,4.0,0.0,1.0,1.0
37.81717798549107,2.0,10.160733986013987,47.97791197150506,True,6449,8477,2029,0.27055160256410243,legacy,computed,False,,2029.0,2029.0,1.2624277186085988,1.4451824540795306,0.6901645630665006,0.1794990432400558,129.7360035452317,0.5641134285404306,0.5874412263864586,0.3256175056306163,4.0,4.0,0.08976500223139995,0.9920167661009991,1.111622796969118
37.81717798549107,2.0,10.160733986013987,47.97791197150506,True,6449,8477,2029,0.27055160256410243,ellipse_constrained,computed,False,,2029.0,2029.0,1.2513878090810941,1.4327448930958497,0.3618424194395295,0.30081351298941367,90.10364323109388,0.731014966713745,0.7361788073777684,0.06372825398873806,4.0,4.0,0.02812119970853875,1.1386266722580114,1.106208587321685
37.81717798549107,2.0,10.160733986013987,47.97791197150506,True,6449,8477,2029,0.27055160256410243,geometric_ellipse,computed,False,True,2029.0,2029.0,1.2441041659055618,1.439907594469551,0.5324516433839315,0.14211341608573785,92.19952302579077,0.6038651358827335,0.6200545285405129,0.12768438863009846,4.0,4.0,0.13909872182644825,1.0177873420139991,1.1227835645767714
38.31799964425223,0.25,1.2700917482517484,39.58809139250398,True,6549,6802,254,0.2887523045710608,legacy,computed,False,,254.0,254.0,1.3103113355027076,1.4405150378099614,0.5873355972290233,0.15609782013818363,139.55271086244548,0.5682926395614449,0.5895703654799282,2.638662424161255,4.0,4.0,2.547063094860013,0.26936074809486116,0.9024647521067015
38.31799964425223,0.25,1.2700917482517484,39.58809139250398,True,6549,6802,254,0.2887523045710608,ellipse_constrained,computed,False,,254.0,254.0,1.2969841712367551,1.4496114281732082,0.22310714307233515,0.20703544894698928,166.46051025390625,0.5751552097405784,0.6471272933542648,0.15112930390399587,4.0,4.0,0.20525462017503157,0.6434445194486312,0.7342753452482156
38.31799964425223,0.25,1.2700917482517484,39.58809139250398,True,6549,6802,254,0.2887523045710608,geometric_ellipse,computed,False,True,254.0,254.0,1.263118327260927,1.4514391681798207,0.3295819914334558,0.12439141184935486,92.81465206465163,0.696544916950045,0.7055218582366473,0.23308091552145585,4.0,4.0,0.2183323813227934,0.6435410230452047,0.9540600671150989
38.31799964425223,0.5,2.540183496503497,40.85818314075573,True,6549,7055,507,0.2887523045710608,legacy,computed,False,,507.0,507.0,1.188174886568313,1.5274694357100091,1.1511868575919344,0.155551195277154,134.78805669607115,0.5723085420801802,0.6047308231235117,0.6185924953597552,3.0,3.0,3.0424916973622995,0.5279512337084223,0.899304492282011
38.31799964425223,0.5,2.540183496503497,40.85818314075573,True,6549,7055,507,0.2887523045710608,ellipse_constrained,computed,False,,507.0,507.0,1.271087059615665,1.431328681422906,0.30324866738339473,0.269849497772604,43.494171142578125,0.7386759800343028,0.6979259531224749,0.12090013264568011,4.0,4.0,0.11333976986378667,0.8745739395474388,0.9570526890434615
38.31799964425223,0.5,2.540183496503497,40.85818314075573,True,6549,7055,507,0.2887523045710608,geometric_ellipse,computed,False,True,507.0,507.0,1.2586034362637224,1.3868532775191564,0.4671160368774335,0.11769426027143597,89.36458632171117,0.7125679125533693,0.718350431847971,0.2952452242829259,4.0,4.0,0.01877706701442834,0.9120896774289302,0.9026941023035787
38.31799964425223,1.0,5.080366993006994,43.39836663725923,True,6549,7563,1015,0.2887523045710608,legacy,computed,False,,1015.0,1015.0,1.7370526789212999,0.8415088235910638,2.180479529341745,0.172968328983255,128.4391076495089,0.5600214166192423,0.6817841355401997,2.733677429128323,3.0,3.0,0.0,1.0,1.0
38.31799964425223,1.0,5.080366993006994,43.39836663725923,True,6549,7563,1015,0.2887523045710608,ellipse_constrained,computed,False,,1015.0,1015.0,1.2661936308990878,1.3989694675514672,0.3467387417698671,0.28195887317584206,87.08421325683594,0.7326475646317607,0.7582830158250031,0.15053657492389041,4.0,4.0,0.0,1.0,1.0
38.31799964425223,1.0,5.080366993006994,43.39836663725923,True,6549,7563,1015,0.2887523045710608,geometric_ellipse,computed,False,True,1015.0,1015.0,1.2536720666516061,1.3891069024056732,0.512138278106794,0.13038111135443647,89.93472637081392,0.6435055519255075,0.738783582608847,0.21477574203897076,4.0,4.0,0.0,1.0,1.0
38.31799964425223,2.0,10.160733986013987,48.47873363026622,True,6549,8577,2029,0.2887523045710608,legacy,computed,False,,2029.0,2029.0,1.2675235988421083,1.4470060525644082,0.6527766440331205,0.18572976357948048,129.4568378758686,0.5657938066760553,0.5936667724902229,0.3084603156635963,4.0,4.0,2.6535350599710075,0.29937297518687744,1.0737790245835173
38.31799964425223,2.0,10.160733986013987,48.47873363026622,True,6549,8577,2029,0.2887523045710608,ellipse_constrained,computed,False,,2029.0,2029.0,1.2563133858594904,1.4337982632927255,0.3675164127062995,0.3068304023146391,88.66539001464842,0.726519082396752,0.732818148488322,0.0548926193206753,4.0,4.0,0.12537769131803586,1.0599231306844352,1.0882097763360192
38.31799964425223,2.0,10.160733986013987,48.47873363026622,True,6549,8577,2029,0.2887523045710608,geometric_ellipse,computed,False,True,2029.0,2029.0,1.2460288420197971,1.4380351636398518,0.5219377394700168,0.14652016801582382,92.17288377572353,0.5906770341063154,0.6138763384100944,0.10473220785780894,4.0,4.0,0.1715021743977049,1.019134405261501,1.1237837022075527
38.818821303013394,0.25,1.2700917482517484,40.088913051265145,True,6649,6902,254,0.29608209151802506,legacy,nonellipse,False,,254.0,254.0,0.8125944631363979,1.8782099480074517,,,,,,,0.0,0.0,1.0475949961000623,,
38.818821303013394,0.25,1.2700917482517484,40.088913051265145,True,6649,6902,254,0.29608209151802506,ellipse_constrained,computed,False,,254.0,254.0,1.2791375154407945,1.3962489717259245,0.2291688838973026,0.20525168346529732,46.68989562988281,0.6495120666770069,0.8432275408797666,0.26034764964605955,4.0,4.0,0.1224386496304462,0.654065776310056,0.6956081768361482
38.818821303013394,0.25,1.2700917482517484,40.088913051265145,True,6649,6902,254,0.29608209151802506,geometric_ellipse,computed,False,True,254.0,254.0,1.2556760347165834,1.3305912533679236,0.44147111028755753,0.11820783242346633,88.31478428952427,0.7071446766907866,0.8456328841067282,0.42646806417732164,4.0,4.0,0.15815242277053124,0.49701431124847234,0.920521638713147
38.818821303013394,0.5,2.540183496503497,41.35900479951689,True,6649,7155,507,0.29608209151802506,legacy,nonellipse,False,,507.0,507.0,1.3250469411514345,1.3799442511016542,,,,,,,0.0,0.0,1.372891772229309,,
38.818821303013394,0.5,2.540183496503497,41.35900479951689,True,6649,7155,507,0.29608209151802506,ellipse_constrained,computed,False,,507.0,507.0,1.2597303348153632,1.4217604204829881,0.30207827328367953,0.26240710752811464,40.22544860839844,0.7797383022345458,0.6806952354543055,0.13613735228535892,4.0,4.0,0.07994933940137662,0.8621548308025629,0.8893107553358527
38.818821303013394,0.5,2.540183496503497,41.35900479951689,True,6649,7155,507,0.29608209151802506,geometric_ellipse,computed,False,True,507.0,507.0,1.2560880647092652,1.3884665519587138,0.4681651892160035,0.1174944718441071,92.09523948173371,0.769013023702599,0.8124632512074251,0.36283102734143313,4.0,4.0,0.058440508154558216,0.5270668762835707,0.9149664750996844
38.818821303013394,1.0,5.080366993006994,43.899188296020384,True,6649,7663,1015,0.29608209151802506,legacy,nonellipse,False,,1015.0,1015.0,1.0522451430001314,1.6812949033475424,,,,,,,0.0,0.0,0.0,,
38.818821303013394,1.0,5.080366993006994,43.899188296020384,True,6649,7663,1015,0.29608209151802506,ellipse_constrained,computed,False,,1015.0,1015.0,1.2437833306835988,1.4042665308906916,0.3503758982623583,0.2950679567897672,97.06836128234865,0.7485907086578861,0.7671744554006096,0.08349199937599074,4.0,4.0,0.0,1.0,1.0
38.818821303013394,1.0,5.080366993006994,43.899188296020384,True,6649,7663,1015,0.29608209151802506,geometric_ellipse,boundary,True,True,1015.0,1015.0,1.2678762367429524,1.3758000879278365,0.8882462743952113,0.12841396383545772,127.60978277831043,0.6089644246005415,0.7018539035105985,0.459574745756755,1.0,4.0,0.0,1.0,1.0
38.818821303013394,2.0,10.160733986013987,48.97955528902738,True,6649,8677,2029,0.29608209151802506,legacy,computed,False,,2029.0,2029.0,1.271060536415601,1.4413860846762767,0.6605002635470328,0.1875549261938848,129.59030344476787,0.5619296158232209,0.5955587206542576,0.21081341562998795,4.0,4.0,1.0966882261032886,,
38.818821303013394,2.0,10.160733986013987,48.97955528902738,True,6649,8677,2029,0.29608209151802506,ellipse_constrained,computed,False,,2029.0,2029.0,1.256133270453872,1.4319633570973271,0.36918721609846417,0.30859598307223024,88.90036010742186,0.7196463035532976,0.7237743785544546,0.04369167097721255,4.0,4.0,0.10242256591663179,1.0536889607116187,1.0458471547695083
38.818821303013394,2.0,10.160733986013987,48.97955528902738,True,6649,8677,2029,0.29608209151802506,geometric_ellipse,computed,False,True,2029.0,2029.0,1.2449212349453977,1.4433892510280115,0.5172080324839536,0.14850929077203098,91.94757002676918,0.5781827172605203,0.5943031084898666,0.03435727147603917,4.0,4.0,0.24108469021528853,0.5822799908010985,1.1564886429510288
39.319642961774555,0.25,1.2700917482517484,40.589734710026306,True,6749,7002,254,0.2979423637159289,legacy,computed,False,,254.0,254.0,1.1721545386420493,1.5306311589827208,0.689268375957774,0.16138532059209434,128.05042884310654,0.6483450396127212,0.6542332568919212,0.6044467171095688,3.0,3.0,1.446317136180024,0.45513953729592693,0.9535319242825202
39.319642961774555,0.25,1.2700917482517484,40.589734710026306,True,6749,7002,254,0.2979423637159289,ellipse_constrained,computed,False,,254.0,254.0,1.2413678157344392,1.4093227887604254,0.2421453791865869,0.19751844891886947,69.21546936035156,0.6383497974903526,0.7379919031718313,0.17433984269446573,4.0,4.0,0.012265728329623169,0.674700257397593,0.6830571052348486
39.319642961774555,0.25,1.2700917482517484,40.589734710026306,True,6749,7002,254,0.2979423637159289,geometric_ellipse,computed,False,True,254.0,254.0,1.2245342962032895,1.256741170090205,0.622914875533633,0.12548439343629378,82.28466716349249,0.657889182821221,0.7533374346221485,0.6193514685155139,4.0,4.0,0.4919904710077214,0.6969075820862392,0.9439449178166764
39.319642961774555,0.5,2.540183496503497,41.85982645827805,True,6749,7255,507,0.2979423637159289,legacy,computed,False,,507.0,507.0,1.2021280338241065,1.4882492165152266,0.6251725701342997,0.15361484983816584,137.3040818143189,0.5363456011920813,0.5636345649972876,1.563006455596578,4.0,4.0,1.2725768408202163,0.4128156233856609,0.9076207354371485
39.319642961774555,0.5,2.540183496503497,41.85982645827805,True,6749,7255,507,0.2979423637159289,ellipse_constrained,computed,False,,507.0,507.0,1.243269180596383,1.4238211032550012,0.3002668831465066,0.2534142555039975,56.58354187011719,0.6795917586512786,0.7130356417578227,0.08520973306882236,4.0,4.0,0.0608200910455599,0.8366467451390582,0.8763556454460819
39.319642961774555,0.5,2.540183496503497,41.85982645827805,True,6749,7255,507,0.2979423637159289,geometric_ellipse,computed,False,True,507.0,507.0,1.2639268169977107,1.446684452785192,0.36828770153227147,0.12538568828124846,0.9614700612354267,0.5909791919470826,0.6777079637380471,0.21245146172295892,4.0,4.0,0.15979983766651598,0.41203461607347003,0.943202417280029
39.319642961774555,1.0,5.080366993006994,44.40000995478155,True,6749,7763,1015,0.2979423637159289,legacy,computed,False,,1015.0,1015.0,1.4450368699482397,1.1971247214827145,1.5144111189567322,0.16925004447389408,129.05219751506235,0.5477892833627431,0.5803893950511502,1.0321759372050492,3.0,3.0,0.0,1.0,1.0
39.319642961774555,1.0,5.080366993006994,44.40000995478155,True,6749,7763,1015,0.2979423637159289,ellipse_constrained,computed,False,,1015.0,1015.0,1.2397523264837256,1.4060447681354153,0.35889326635293317,0.2891682809608703,96.83677434921265,0.7415444160059029,0.752322064634763,0.05679981804478786,4.0,4.0,0.0,1.0,1.0
39.319642961774555,1.0,5.080366993006994,44.40000995478155,True,6749,7763,1015,0.2979423637159289,geometric_ellipse,boundary,True,True,1015.0,1015.0,1.250481495179339,1.4010112209923704,0.8938270891943748,0.13293613967066678,124.90070725248499,0.578591202246553,0.747969619180557,0.5388795697257545,2.0,4.0,0.0,1.0,1.0
39.319642961774555,2.0,10.160733986013987,49.48037694778854,True,6749,8777,2029,0.2979423637159289,legacy,computed,False,,2029.0,2029.0,1.2668641664024738,1.44320568043287,0.6251321631263602,0.18792299400256302,128.99483316051857,0.56261564047712,0.585732891822425,0.11799984565337018,4.0,4.0,1.0196984734758214,0.41278894172211944,1.110327590085503
39.319642961774555,2.0,10.160733986013987,49.48037694778854,True,6749,8777,2029,0.2979423637159289,ellipse_constrained,computed,False,,2029.0,2029.0,1.2540225519813006,1.4312547408372642,0.370195888026104,0.3045830120171746,88.7445831298828,0.7109916240572652,0.7187167755452001,0.05427156394829437,4.0,4.0,0.09722900388536196,1.0314929889547046,1.0533071296930736
39.319642961774555,2.0,10.160733986013987,49.48037694778854,True,6749,8777,2029,0.2979423637159289,geometric_ellipse,computed,False,True,2029.0,2029.0,1.2453339403888979,1.4357746891956957,0.5043004002043511,0.14995001598745222,92.39967182689092,0.571067764525587,0.5855506302966725,0.04909971418445219,4.0,4.0,0.11795070035553044,0.5642035314222661,1.1279853346045348
39.82046462053572,0.25,1.2700917482517484,41.09055636878747,True,6849,7102,254,0.3026630119608554,legacy,nonellipse,False,,254.0,254.0,2.1532092549689246,0.32785581058648733,,,,,,,0.0,0.0,4.1154493840944015,,
39.82046462053572,0.25,1.2700917482517484,41.09055636878747,True,6849,7102,254,0.3026630119608554,ellipse_constrained,computed,False,,254.0,254.0,1.239265034638916,1.4145878141257635,0.23493743062689604,0.1972233154147744,68.16931152343749,0.6805149039413989,0.7888989607419383,0.2147514565487094,4.0,4.0,0.03441453351786561,0.6442129247693379,0.6621347347486222
39.82046462053572,0.25,1.2700917482517484,41.09055636878747,True,6849,7102,254,0.3026630119608554,geometric_ellipse,computed,False,True,254.0,254.0,1.254266198539642,1.3972656892206814,0.2611275650961471,0.14061276400236272,87.6055989148598,0.7390810346368577,0.8051738787427631,0.9750956912423405,3.0,4.0,0.34851147012981276,0.2875888996441023,0.9919454393348673
39.82046462053572,0.5,2.540183496503497,42.36064811703921,True,6849,7355,507,0.3026630119608554,legacy,computed,False,,507.0,507.0,1.3325070289107024,1.3194116085910028,0.7773709223687068,0.16847703829353258,131.0479295618066,0.5814046351595392,0.6200052758159494,0.5851421883697143,4.0,4.0,0.1491262211414226,0.7313150721957035,0.9492149922702728
39.82046462053572,0.5,2.540183496503497,42.36064811703921,True,6849,7355,507,0.3026630119608554,ellipse_constrained,computed,False,,507.0,507.0,1.233793986284035,1.4112384045192463,0.3340782378192273,0.26411421745208263,78.51440429687499,0.7284641438353657,0.7476864950294744,0.0787390813186612,4.0,4.0,0.0468759942257341,0.916063132694669,0.8867065080423757
39.82046462053572,0.5,2.540183496503497,42.36064811703921,True,6849,7355,507,0.3026630119608554,geometric_ellipse,computed,False,True,507.0,507.0,1.2358360385997018,1.38079140697013,0.4715741431983251,0.14042082666004782,86.82474474609387,0.6017952504813215,0.7170208818200404,0.2709370269732556,4.0,4.0,0.3508421501324817,0.5193610597681696,0.9905914273239512
39.82046462053572,1.0,5.080366993006994,44.90083161354271,True,6849,7863,1015,0.3026630119608554,legacy,computed,False,,1015.0,1015.0,1.372438313262744,1.2983721227273914,1.062976755059519,0.17749091582569695,129.17952612656603,0.562006812218507,0.5737422511213803,0.3468658410547168,3.0,3.0,0.0,1.0,1.0
39.82046462053572,1.0,5.080366993006994,44.90083161354271,True,6849,7863,1015,0.3026630119608554,ellipse_constrained,computed,False,,1015.0,1015.0,1.2477141078163179,1.4084963158587132,0.36468909826827206,0.2978597935806067,92.48829388618469,0.733959340327161,0.7369812780189611,0.06194620516049775,4.0,4.0,0.0,1.0,1.0
39.82046462053572,1.0,5.080366993006994,44.90083161354271,True,6849,7863,1015,0.3026630119608554,geometric_ellipse,boundary,True,True,1015.0,1015.0,1.3173236205934162,1.3127073368284894,0.9079890267645876,0.14175453450005102,125.63870794841044,0.5821054135410739,0.7031908460832771,0.6228261461257203,3.0,4.0,0.0,1.0,1.0
39.82046462053572,2.0,10.160733986013987,49.981198606549704,True,6849,8877,2029,0.3026630119608554,legacy,computed,False,,2029.0,2029.0,1.2687913269277429,1.4415088651056973,0.5998143365992923,0.19272170316228818,128.01754820395917,0.5519630009991674,0.5645594896694355,0.0890103107371351,4.0,4.0,0.5838918015101174,0.5642779428094897,1.085811644307185
39.82046462053572,2.0,10.160733986013987,49.981198606549704,True,6849,8877,2029,0.3026630119608554,ellipse_constrained,computed,False,,2029.0,2029.0,1.255234366939906,1.4356766169595818,0.37024781627635567,0.3061090135020448,88.80998229980467,0.6839722359932198,0.6900555810217988,0.03319012679315474,4.0,4.0,0.09317779720230603,1.0152423476174068,1.0276949762916077
39.82046462053572,2.0,10.160733986013987,49.981198606549704,True,6849,8877,2029,0.3026630119608554,geometric_ellipse,computed,False,True,2029.0,2029.0,1.243122599183776,1.419828254901658,0.4701205084078932,0.15577501383639328,86.53423621123751,0.5506485971663895,0.5618703698647859,0.04942615419027607,4.0,4.0,0.43054467611868447,0.5177601210480051,1.098906743165505
40.32128627929687,0.25,1.2700917482517484,41.59137802754862,True,6949,7202,254,0.3061408891142662,legacy,computed,False,,254.0,254.0,1.0960187852810095,1.609812297800677,0.6545728989064691,0.15377235418018415,139.10694007963986,0.550831884300993,0.5747137654719734,0.8020094155181244,4.0,4.0,1.0642052500156043,0.6199634854736329,0.8784017546088235
40.32128627929687,0.25,1.2700917482517484,41.59137802754862,True,6949,7202,254,0.3061408891142662,ellipse_constrained,computed,False,,254.0,254.0,1.2488889405975738,1.4699661381664895,0.21319805747181397,0.19885719872602822,163.4738311767578,0.5370122020683695,0.5766870335464932,0.110343678110348,4.0,4.0,0.1821119523624683,0.58528564391629,0.6608537601982862
40.32128627929687,0.25,1.2700917482517484,41.59137802754862,True,6949,7202,254,0.3061408891142662,geometric_ellipse,computed,False,True,254.0,254.0,1.2631299392502873,1.4563890200764664,0.3673695264706786,0.12079932797202135,179.40297620769968,0.5845379174934545,0.608407969954454,0.13488626560722308,4.0,4.0,0.36016992798810266,0.40000050037898593,0.8691896458473525
40.32128627929687,0.5,2.540183496503497,42.861469775800366,True,6949,7455,507,0.3061408891142662,legacy,computed,False,,507.0,507.0,1.2675402682071697,1.4353418070555306,0.7158630112910782,0.1642128349777417,133.30436605363894,0.5634808116987959,0.591032547322047,0.28785149630945533,3.0,3.0,0.2654991961815054,0.6780129888406556,0.9380414518770864
40.32128627929687,0.5,2.540183496503497,42.861469775800366,True,6949,7455,507,0.3061408891142662,ellipse_constrained,computed,False,,507.0,507.0,1.2465087014920555,1.4426432240956126,0.33503621561503355,0.26759915127748196,78.28186035156249,0.7146520795822809,0.6876256244798783,0.10204041384953019,4.0,4.0,0.09594724179427892,0.9197639486815979,0.889300998307018
40.32128627929687,0.5,2.540183496503497,42.861469775800366,True,6949,7455,507,0.3061408891142662,geometric_ellipse,computed,False,True,507.0,507.0,1.2475321823467285,1.4221265486282917,0.5233189035598648,0.13841820911166788,86.13518415317667,0.6077309382730528,0.6896090874915622,0.14433964601873298,4.0,4.0,0.2805598256800313,0.5698018158793462,0.9959631082091871
40.32128627929687,1.0,5.080366993006994,45.40165327230386,True,6949,7962,1014,0.3061408891142662,legacy,computed,False,,1014.0,1014.0,1.3203849859106345,1.373585024295162,1.0558249223442502,0.17505925207157993,128.97189781173853,0.5512025358366586,0.5721566322511878,2.0486969832977837,3.0,3.0,0.0,1.0,1.0
40.32128627929687,1.0,5.080366993006994,45.40165327230386,True,6949,7962,1014,0.3061408891142662,ellipse_constrained,computed,False,,1014.0,1014.0,1.2551356619725136,1.4145652852862591,0.36426326134578224,0.3009095365763857,94.58805322647096,0.7361826969739179,0.7407054974836971,0.07069628654425963,4.0,4.0,0.0,1.0,1.0
40.32128627929687,1.0,5.080366993006994,45.40165327230386,True,6949,7962,1014,0.3061408891142662,geometric_ellipse,boundary,True,True,1014.0,1014.0,1.295789900927716,1.351074257703805,0.9184226672781892,0.13897925331848257,125.96437431912513,0.5782295081574476,0.6720367935954885,0.4206815341496481,2.0,4.0,0.0,1.0,1.0
40.32128627929687,2.0,10.160733986013987,50.48202026531086,True,6949,8977,2029,0.3061408891142662,legacy,computed,False,,2029.0,2029.0,1.2655405660992298,1.4470992008631318,0.6053142148794342,0.19210579519078547,127.79406863824421,0.5457657905684973,0.5546727600782937,0.05166429518342323,4.0,4.0,0.2995950305306607,0.57330926943404,1.0973758479913724
40.32128627929687,2.0,10.160733986013987,50.48202026531086,True,6949,8977,2029,0.3061408891142662,ellipse_constrained,computed,False,,2029.0,2029.0,1.2551811980193206,1.4354338956284602,0.3695597159970265,0.3049146132921495,91.12885630130768,0.6826471388772096,0.6853911374480881,0.04177118489941828,4.0,4.0,0.0681668498551534,1.0145401834697145,1.013309902907471
40.32128627929687,2.0,10.160733986013987,50.48202026531086,True,6949,8977,2029,0.3061408891142662,geometric_ellipse,computed,False,True,2029.0,2029.0,1.2439112711889686,1.41756289018278,0.4699512377339107,0.1545263119929185,89.03090967784648,0.5420873715575505,0.5575340034127582,0.0682487814371985,4.0,4.0,0.2754726700117052,0.5116938578254439,1.1118660397376616
40.82210793805804,0.25,1.2700917482517484,42.09219968630979,True,7049,7302,254,0.3061052177070506,legacy,computed,False,,254.0,254.0,1.2203974015131014,1.4716974368222802,0.3573069710849661,0.16466291901921312,152.0945029566152,0.5016304197487433,0.526870756573367,0.06351733716341568,4.0,4.0,0.43859076765046096,0.5153386470412957,0.9090716735817659
40.82210793805804,0.25,1.2700917482517484,42.09219968630979,True,7049,7302,254,0.3061052177070506,ellipse_constrained,computed,False,,254.0,254.0,1.2332955174441051,1.46349276260543,0.23778314534495656,0.2066776295371245,3.5190353393554688,0.4721771561696436,0.5050396022438148,0.05089779313220293,4.0,4.0,0.17505228124053834,0.6617820724844284,0.6782946452470151
40.82210793805804,0.25,1.2700917482517484,42.09219968630979,True,7049,7302,254,0.3061052177070506,geometric_ellipse,computed,False,True,254.0,254.0,1.2306022134324324,1.462251702159529,0.36162599574626564,0.13840885421598673,0.5709272461534738,0.49203308406017326,0.5332415038229738,0.09866064151685547,4.0,4.0,0.31863917312039386,0.6669158972282248,0.9303135241080999
40.82210793805804,0.5,2.540183496503497,43.362291434561534,True,7049,7555,507,0.3061052177070506,legacy,computed,False,,507.0,507.0,1.348100678556904,1.3088533078438942,0.7718524583411108,0.17839099590846366,125.31254998405024,0.5173381081618604,0.5436865152596957,0.24947550618153724,3.0,3.0,0.2443216763368226,1.1132315733700566,0.9848616930172527
40.82210793805804,0.5,2.540183496503497,43.362291434561534,True,7049,7555,507,0.3061052177070506,ellipse_constrained,computed,False,,507.0,507.0,1.2626464146221494,1.3836411269293185,0.3769870072328103,0.2839812382308351,89.78521728515624,0.6558746555347985,0.6402963020045261,0.16064632970024156,4.0,4.0,0.1032113367302423,1.0492049072035838,0.931997109092024
40.82210793805804,0.5,2.540183496503497,43.362291434561534,True,7049,7555,507,0.3061052177070506,geometric_ellipse,computed,False,True,507.0,507.0,1.252225283579883,1.4053669512393305,0.522555882784461,0.1475804898990002,87.79016329761102,0.5327381926141197,0.5565115620539078,0.13992399073471204,4.0,4.0,0.12347549679140386,0.9637051249590224,0.9919605680232595
40.82210793805804,1.0,5.080366993006994,45.90247493106503,True,7049,8062,1014,0.3061052177070506,legacy,computed,False,,1014.0,1014.0,1.3139157187087673,1.3753713835355255,0.6933440236558349,0.1811330435260808,129.75816605428216,0.5613010786450049,0.582232036318075,0.3287654790114228,4.0,4.0,0.0,1.0,1.0
40.82210793805804,1.0,5.080366993006994,45.90247493106503,True,7049,8062,1014,0.3061052177070506,ellipse_constrained,computed,False,,1014.0,1014.0,1.2498712064329378,1.4125365437184512,0.35930732371199364,0.3047018445234203,94.2058572769165,0.7296934976273484,0.7351080954983699,0.10756156901664043,4.0,4.0,0.0,1.0,1.0
40.82210793805804,1.0,5.080366993006994,45.90247493106503,True,7049,8062,1014,0.3061052177070506,geometric_ellipse,computed,False,True,1014.0,1014.0,1.2757823655293339,1.375809569155871,0.542236280840242,0.14877656900525074,127.66742331410849,0.5632190197115059,0.7044301925406893,0.2573110802738648,4.0,4.0,0.0,1.0,1.0
40.82210793805804,2.0,10.160733986013987,50.98284192407203,True,7049,9077,2029,0.3061052177070506,legacy,computed,False,,2029.0,2029.0,1.2826688422165273,1.4307506351205057,0.5563146432455293,0.19767652958034793,128.1856983398156,0.5504249060311972,0.56294586943922,0.1281508748243051,4.0,4.0,0.20772722833799884,0.8023645178510619,1.091333341129914
40.82210793805804,2.0,10.160733986013987,50.98284192407203,True,7049,9077,2029,0.3061052177070506,ellipse_constrained,computed,False,,2029.0,2029.0,1.2581054131363663,1.434794086388128,0.36862634973451575,0.30592175615426204,89.92437744140624,0.6716624532983467,0.6695518622518042,0.043474176471625416,4.0,4.0,0.07752838400432538,1.0259360870417211,1.0040036240435295
40.82210793805804,2.0,10.160733986013987,50.98284192407203,True,7049,9077,2029,0.3061052177070506,geometric_ellipse,computed,False,True,2029.0,2029.0,1.245580356196925,1.4156279392263067,0.4465843774731543,0.16532253079522644,86.39001998926355,0.5284145512547701,0.5487649949376393,0.09529644612913306,4.0,4.0,0.16326619501147693,0.8235973748955588,1.1112134921554195
41.32292959681919,0.25,1.2700917482517484,42.593021345070945,True,7149,7402,254,0.3240332381579102,legacy,computed,False,,254.0,254.0,1.3283183982284787,1.352632318777344,0.5590270880057326,0.19288377581934724,130.1784133594602,0.6214842062002612,0.6608880825265013,0.5142284171308087,4.0,4.0,0.2244574364530028,0.8552555092281655,1.017371077543173
41.32292959681919,0.25,1.2700917482517484,42.593021345070945,True,7149,7402,254,0.3240332381579102,ellipse_constrained,computed,False,,254.0,254.0,1.2494463014543775,1.4326302383338534,0.27658454976066754,0.23331024204372838,78.410888671875,0.5725905955095266,0.6076452306282715,0.126682276136974,4.0,4.0,0.019081925058161003,0.7193294991177106,0.761355600950916
41.32292959681919,0.25,1.2700917482517484,42.593021345070945,True,7149,7402,254,0.3240332381579102,geometric_ellipse,computed,False,True,254.0,254.0,1.2444983812883812,1.4442588857182443,0.4927406756305165,0.16013633178605968,80.70665746218168,0.5203800616643458,0.6706766155474194,0.16893422990832266,4.0,4.0,0.051811659413783615,0.999465052489461,0.9754471470648612
41.32292959681919,0.5,2.540183496503497,43.86311309332269,True,7149,7655,507,0.3240332381579102,legacy,computed,False,,507.0,507.0,1.3432423092622785,1.3168126428117053,0.8087252730393689,0.187302707251845,127.21976237113896,0.5337936665114102,0.5437841498569622,0.5059410164537815,4.0,4.0,0.34260121910298647,1.2372687478998867,0.9879335692911567
41.32292959681919,0.5,2.540183496503497,43.86311309332269,True,7149,7655,507,0.3240332381579102,ellipse_constrained,computed,False,,507.0,507.0,1.2417505498683756,1.4011553034497062,0.38727568476867763,0.3014046430701979,96.16532039642334,0.6861608173988403,0.6771645845588189,0.06763317634637087,4.0,4.0,0.08800667194710021,1.0072103614832404,0.9835663927308304
41.32292959681919,0.5,2.540183496503497,43.86311309332269,True,7149,7655,507,0.3240332381579102,geometric_ellipse,computed,False,True,507.0,507.0,1.3312001031505558,1.2780085821263942,0.6534359652212551,0.1559122658819474,128.50003535778515,0.5079192900073586,0.6710073195317364,0.571313383132885,4.0,4.0,0.5432360633597444,1.3254160729529112,0.9497168646909336
41.32292959681919,1.0,5.080366993006994,46.40329658982618,True,7149,8162,1014,0.3240332381579102,legacy,computed,False,,1014.0,1014.0,1.2873737373542578,1.4127441359302764,0.653637517646899,0.1895903865137763,127.97410218525451,0.550639304261371,0.5545785575137286,0.195519842316275,4.0,4.0,0.0,1.0,1.0
41.32292959681919,1.0,5.080366993006994,46.40329658982618,True,7149,8162,1014,0.3240332381579102,ellipse_constrained,computed,False,,1014.0,1014.0,1.2528085652152454,1.4274411274107284,0.38450327714894317,0.30644056699961114,94.23994159698488,0.7061958865371887,0.7095447596760788,0.0624802749354043,4.0,4.0,0.0,1.0,1.0
41.32292959681919,1.0,5.080366993006994,46.40329658982618,True,7149,8162,1014,0.3240332381579102,geometric_ellipse,computed,False,True,1014.0,1014.0,1.2394657475867679,1.4282422369385201,0.49300440711078514,0.16416710251079508,90.73711308080195,0.5364821968216504,0.5985044509463515,0.21608404332726575,4.0,4.0,0.0,1.0,1.0
41.32292959681919,2.0,10.160733986013987,51.48366358283318,True,7149,9177,2029,0.3240332381579102,legacy,computed,False,,2029.0,2029.0,1.2848178780221429,1.4297903699275478,0.5290062180644114,0.2022205845498196,127.56388505819513,0.5515872682364501,0.5583487942435384,0.05432025056313265,4.0,4.0,0.053194474558145265,0.8093265820616273,1.0666183463639152
41.32292959681919,2.0,10.160733986013987,51.48366358283318,True,7149,9177,2029,0.3240332381579102,ellipse_constrained,computed,False,,2029.0,2029.0,1.2602246227482525,1.435173318636097,0.3672455476945086,0.3061307756208701,91.28130519390108,0.6674559759029683,0.6644939996814204,0.03824397519659344,4.0,4.0,0.03306377393330155,0.9551168208957826,0.9989890653780789
41.32292959681919,2.0,10.160733986013987,51.48366358283318,True,7149,9177,2029,0.3240332381579102,geometric_ellipse,computed,False,True,2029.0,2029.0,1.248451453985021,1.417607151423124,0.4387758984038706,0.1675831564110099,87.22780299563158,0.5159605619282556,0.5231270185181573,0.07313514564753582,4.0,4.0,0.04296759644340996,0.8900040082304403,1.020808394909633
41.82375125558036,0.25,1.2700917482517484,43.09384300383211,True,7249,7502,254,0.3325225952494819,legacy,computed,False,,254.0,254.0,1.3409098481670938,1.3065534954510212,0.6756820887137729,0.19298233675130347,118.77431808213312,0.4515669625500355,0.5020414515544853,0.14012544134879354,3.0,3.0,0.45422578658404056,1.072438129153844,0.9812621751715441
41.82375125558036,0.25,1.2700917482517484,43.09384300383211,True,7249,7502,254,0.3325225952494819,ellipse_constrained,computed,False,,254.0,254.0,1.2633682556448786,1.3857640660156507,0.32527344293783866,0.23398029948390783,90.21314139664173,0.44621987693251824,0.5275771579682248,0.12214928519529916,4.0,4.0,0.1442901955037644,0.8290917346204515,0.7483794377981684
41.82375125558036,0.25,1.2700917482517484,43.09384300383211,True,7249,7502,254,0.3325225952494819,geometric_ellipse,computed,False,True,254.0,254.0,1.2637730859631409,1.4631916003120968,0.610972027908261,0.15066297806781986,87.1272927091035,0.42613434041848147,0.46862866088376265,0.16896544242625364,4.0,4.0,0.07939309058531656,1.1519688414756302,0.9191243445743328
41.82375125558036,0.5,2.540183496503497,44.36393475208386,True,7249,7755,507,0.3325225952494819,legacy,computed,False,,507.0,507.0,1.3240411929450249,1.337978260852751,0.8034113674392465,0.1874792998807522,126.17723061766857,0.4895990898347345,0.4830401628002859,0.5732226202498935,4.0,4.0,0.3471088755353925,1.275169193070715,0.9532807442253264
41.82375125558036,0.5,2.540183496503497,44.36393475208386,True,7249,7755,507,0.3325225952494819,ellipse_constrained,computed,False,,507.0,507.0,1.2431264279725198,1.4021361686682798,0.3880273716290546,0.3039937921956566,98.99698543548584,0.6476760260407523,0.6409457982497666,0.05317428822430182,4.0,4.0,0.10106550291363683,0.9890456586879361,0.9723156342620434
41.82375125558036,0.5,2.540183496503497,44.36393475208386,True,7249,7755,507,0.3325225952494819,geometric_ellipse,computed,False,True,507.0,507.0,1.3086768233237427,1.3014967941090574,0.7495735046934175,0.15267307284328283,125.50077689528572,0.47391403830909706,0.5438264129561938,0.3814748888815098,3.0,4.0,0.4866919805576607,1.413297634523063,0.9313869924173751
41.82375125558036,1.0,5.080366993006994,46.90411824858735,True,7249,8262,1014,0.3325225952494819,legacy,computed,False,,1014.0,1014.0,1.2755327087859303,1.4427115402499149,0.6300429557152052,0.19666745711212838,126.26374929923259,0.5505109278168289,0.5631992741573334,0.21261548351390028,4.0,4.0,0.0,1.0,1.0
41.82375125558036,1.0,5.080366993006994,46.90411824858735,True,7249,8262,1014,0.3325225952494819,ellipse_constrained,computed,False,,1014.0,1014.0,1.2560080163096983,1.4331759138352087,0.3923250339562787,0.31264928947314335,91.45596516132355,0.7005629034794605,0.7040275196105519,0.06851208630524942,4.0,4.0,0.0,1.0,1.0
41.82375125558036,1.0,5.080366993006994,46.90411824858735,True,7249,8262,1014,0.3325225952494819,geometric_ellipse,computed,False,True,1014.0,1014.0,1.241642689682514,1.4487969701657049,0.5303720082616367,0.16392012566873668,90.89606709525398,0.5272609982134652,0.6603877242039102,0.3124485663906765,4.0,4.0,0.0,1.0,1.0
41.82375125558036,2.0,10.160733986013987,51.98448524159435,True,7249,9277,2029,0.3325225952494819,legacy,computed,False,,2029.0,2029.0,1.2826183337491548,1.4319871092131997,0.534502104249394,0.20099363786736194,126.91967051445172,0.5462974599518856,0.5516763771609902,0.06344771331380375,4.0,4.0,0.03865533961719045,0.8483581943117574,1.0219974408514725
41.82375125558036,2.0,10.160733986013987,51.98448524159435,True,7249,9277,2029,0.3325225952494819,ellipse_constrained,computed,False,,2029.0,2029.0,1.258257950144064,1.4390186636449531,0.37052387707748524,0.30547466403156265,92.60151410102844,0.6591428507107758,0.6532879316558043,0.0407002984791846,4.0,4.0,0.018828749217267546,0.9444308800309107,0.9770521613733045
41.82375125558036,2.0,10.160733986013987,51.98448524159435,True,7249,9277,2029,0.3325225952494819,geometric_ellipse,computed,False,True,2029.0,2029.0,1.2516107421968228,1.4279832486556558,0.45155867755289814,0.1634535203759595,91.27409210603217,0.5172509967536806,0.5180186988348816,0.06565779947785691,4.0,4.0,0.06940143355772013,0.8513999051966195,0.9971534594005855
42.32457291434152,0.25,1.2700917482517484,43.594664662593274,True,7349,7602,254,0.33800192511699023,legacy,computed,False,,254.0,254.0,1.055643507457749,1.8204644026935428,2.02824843220607,0.19199611694113133,119.48005416739825,0.5041330457733377,0.5077790881500902,1.3546604474460215,3.0,3.0,1.2674939315979203,3.344833368235616,0.949930087135986
42.32457291434152,0.25,1.2700917482517484,43.594664662593274,True,7349,7602,254,0.33800192511699023,ellipse_constrained,computed,False,,254.0,254.0,1.2614926461863953,1.385623669594362,0.3217790654973161,0.2549035906878027,100.72453689575195,0.528085130732,0.5648831047195747,0.050682474346582324,4.0,4.0,0.15413773598533115,0.8105473053119362,0.8056044170101248
42.32457291434152,0.25,1.2700917482517484,43.594664662593274,True,7349,7602,254,0.33800192511699023,geometric_ellipse,boundary,True,True,254.0,254.0,1.2565114285300456,1.7310293734334818,0.8353176461898413,0.17246100311435203,90.10255646710979,0.49729269917471414,0.7347071801895088,1.9629326856744471,2.0,4.0,0.8486361525709664,1.6344974419562102,1.0064990862243643
42.32457291434152,0.5,2.540183496503497,44.86475641084502,True,7349,7855,507,0.33800192511699023,legacy,computed,False,,507.0,507.0,1.3396580755804044,1.3450943738263943,1.2638529312159856,0.19047950261923902,125.8864456842299,0.5057152936219235,0.5050180316002443,1.37970209399796,4.0,4.0,0.37164850689245515,2.084250326413722,0.9424264063433762
42.32457291434152,0.5,2.540183496503497,44.86475641084502,True,7349,7855,507,0.33800192511699023,ellipse_constrained,computed,False,,507.0,507.0,1.2523726520045078,1.405112179741215,0.3905525533593737,0.31648253405034543,92.9567382335663,0.6537675040858092,0.6580036957254248,0.059318608671620913,4.0,4.0,0.09446884948595188,0.9837846946907021,1.0002202269868434
42.32457291434152,0.5,2.540183496503497,44.86475641084502,True,7349,7855,507,0.33800192511699023,geometric_ellipse,boundary,True,True,507.0,507.0,1.2417634982669827,1.441002975683354,1.083729130402755,0.15714100553376817,122.41620496223598,0.5089995333837696,0.5520677764761055,0.17499937696997012,1.0,4.0,0.026318480810599724,2.1205735321125476,0.9170900993382506
42.32457291434152,1.0,5.080366993006994,47.40493990734852,True,7349,8362,1014,0.33800192511699023,legacy,computed,False,,1014.0,1014.0,1.2689940553325478,1.448952237059224,0.6063825036749025,0.20211604995057533,127.30097840736019,0.5580663311158134,0.5621963666841111,0.0901464711899027,4.0,4.0,0.0,1.0,1.0
42.32457291434152,1.0,5.080366993006994,47.40493990734852,True,7349,8362,1014,0.33800192511699023,ellipse_constrained,computed,False,,1014.0,1014.0,1.2530594076516448,1.4370354466015887,0.396989865228755,0.31641285140148273,90.2079996317625,0.7037306093408788,0.7001369459035307,0.06854719446452139,4.0,4.0,0.0,1.0,1.0
42.32457291434152,1.0,5.080366993006994,47.40493990734852,True,7349,8362,1014,0.33800192511699023,geometric_ellipse,computed,False,True,1014.0,1014.0,1.2338594324406564,1.4450845405467125,0.5110547283513095,0.17134740157718115,90.64524768888255,0.5171872314658837,0.5641020938076601,0.13393321933365832,4.0,4.0,0.0,1.0,1.0
42.32457291434152,2.0,10.160733986013987,52.48530690035551,True,7349,9377,2029,0.33800192511699023,legacy,computed,False,,2029.0,2029.0,1.2737186478066385,1.4505573747601002,0.5612414870209241,0.19892195797184042,125.78345534921183,0.5346719088808081,0.5393386546920549,0.06854689964481836,4.0,4.0,0.014762678439683768,0.9255568615842193,0.9841967425174004
42.32457291434152,2.0,10.160733986013987,52.48530690035551,True,7349,9377,2029,0.33800192511699023,ellipse_constrained,computed,False,,2029.0,2029.0,1.2596588201491488,1.4437744456388197,0.3742622972454708,0.30476458924085015,91.33840358257294,0.6459036050550467,0.6407289694494668,0.04018965134326059,4.0,4.0,0.027905751396513214,0.9427502564323952,0.9631865074094206
42.32457291434152,2.0,10.160733986013987,52.48530690035551,True,7349,9377,2029,0.33800192511699023,geometric_ellipse,computed,False,True,2029.0,2029.0,1.253793519824235,1.4387562288089268,0.4672225618661521,0.16007361307839008,91.62558889922924,0.5186646893338119,0.516695507467949,0.05291682299893122,4.0,4.0,0.06187679995252957,0.9142319519739845,0.9342050804679817
42.82539457310268,0.25,1.2700917482517484,44.09548632135443,True,7449,7702,254,0.3381306068565262,legacy,computed,False,,254.0,254.0,1.1669778704642495,1.5443075642293858,1.5840229231341654,0.1754691257176819,123.301404091606,0.433554348303589,0.4771465631103527,1.3166364289724262,3.0,3.0,0.40857669597341295,2.8248740205823824,0.8590086652170533
42.82539457310268,0.25,1.2700917482517484,44.09548632135443,True,7449,7702,254,0.3381306068565262,ellipse_constrained,computed,False,,254.0,254.0,1.2400050627251251,1.3910027994462952,0.34168947893605683,0.2481208653386751,115.65953636169434,0.4870142387345566,0.5391748653612292,0.07778142715102031,4.0,4.0,0.13359027798225762,0.8774493233806366,0.7850967359581283
42.82539457310268,0.25,1.2700917482517484,44.09548632135443,True,7449,7702,254,0.3381306068565262,geometric_ellipse,boundary,True,True,254.0,254.0,1.237111067427702,1.391680721876378,1.079503757475507,0.14470469275011602,124.54063863055015,0.3980278449702194,0.5233694039957126,0.6219955936268285,2.0,4.0,0.14432416230179332,2.290024729328856,0.8391183563029169
42.82539457310268,0.5,2.540183496503497,45.36557806960617,True,7449,7955,507,0.3381306068565262,legacy,computed,False,,507.0,507.0,1.2754894892056599,1.4348551368207965,0.9418906971012792,0.1871645382552363,126.70437746672172,0.5341815287488751,0.5572290755006825,0.33963073893286533,4.0,4.0,0.04740881073744496,1.6797247827734072,0.9162635279853987
42.82539457310268,0.5,2.540183496503497,45.36557806960617,True,7449,7955,507,0.3381306068565262,ellipse_constrained,computed,False,,507.0,507.0,1.2599258153091037,1.4030627305475756,0.3778689328972234,0.32220829948784574,94.40043210983276,0.740322611389717,0.7383543202619187,0.14412935365556975,4.0,4.0,0.09629086693507492,0.9703571808228827,1.0195220135204672
42.82539457310268,0.5,2.540183496503497,45.36557806960617,True,7449,7955,507,0.3381306068565262,geometric_ellipse,boundary,True,True,507.0,507.0,1.2617180213144308,1.3963204212649212,0.9865750749192846,0.14979975631418876,125.36314088579904,0.5584602184790554,0.7785243517658531,0.1769901614860085,2.0,4.0,0.15456146634422255,2.092888795670442,0.8686637793426971
42.82539457310268,1.0,5.080366993006994,47.905761566109675,True,7449,8462,1014,0.3381306068565262,legacy,computed,False,,1014.0,1014.0,1.263328547065641,1.4452994772423178,0.560741084944949,0.2042693314081349,127.06392154225335,0.5467893561563313,0.5570129361455596,0.06150582490928584,4.0,4.0,0.0,1.0,1.0
42.82539457310268,1.0,5.080366993006994,47.905761566109675,True,7449,8462,1014,0.3381306068565262,ellipse_constrained,computed,False,,1014.0,1014.0,1.251829003670119,1.4345987878768687,0.3894122085815687,0.3160385898635403,92.05496001243591,0.6944606908833693,0.6921407161828228,0.05157694446421451,4.0,4.0,0.0,1.0,1.0
42.82539457310268,1.0,5.080366993006994,47.905761566109675,True,7449,8462,1014,0.3381306068565262,geometric_ellipse,computed,False,True,1014.0,1014.0,1.233566430246526,1.440352235166436,0.47139393022706805,0.17244848913527816,95.11074653557576,0.5113072853391084,0.5854883183648678,0.1201130058042633,4.0,4.0,0.0,1.0,1.0
42.82539457310268,2.0,10.160733986013987,52.986128559116665,True,7449,9477,2029,0.3381306068565262,legacy,computed,False,,2029.0,2029.0,1.2758731315904488,1.453657979557784,0.5429740742193786,0.1989780543858567,125.37692790312124,0.5269724055897697,0.532451327963188,0.04758250024559095,4.0,4.0,0.044580964548378677,0.9683151258172661,0.9740965665976253
42.82539457310268,2.0,10.160733986013987,52.986128559116665,True,7449,9477,2029,0.3381306068565262,ellipse_constrained,computed,False,,2029.0,2029.0,1.2617898553012696,1.4476100406414847,0.3725306196548245,0.30533473942153244,88.81097412109374,0.6384508666133567,0.6375251465904557,0.04608005725742725,4.0,4.0,0.04846149083373709,0.9566485370650414,0.9661311916160948
42.82539457310268,2.0,10.160733986013987,52.986128559116665,True,7449,9477,2029,0.3381306068565262,geometric_ellipse,computed,False,True,2029.0,2029.0,1.2557645504633013,1.4376291746405434,0.4664523567087906,0.15882013797036346,90.66708479934107,0.5202639401226448,0.5328771755862736,0.048816180722226946,4.0,4.0,0.06614165083017272,0.9895171040579646,0.920971466707233
43.32621623186384,0.25,1.2700917482517484,44.59630798011559,True,7549,7802,254,0.3372184905660376,legacy,computed,False,,254.0,254.0,1.3183244812016226,1.3997728409948444,0.5815907779282666,0.20114911530373958,135.4809488213182,0.569621198181245,0.5857825018083964,0.105025909693441,4.0,4.0,0.2571379195643996,1.172617282902695,0.9474628691626648
43.32621623186384,0.25,1.2700917482517484,44.59630798011559,True,7549,7802,254,0.3372184905660376,ellipse_constrained,computed,False,,254.0,254.0,1.2542591282524544,1.433005656032178,0.3024009031115952,0.2645329617640641,136.76068496704102,0.5925394255695746,0.5951152204751123,0.05621071911477034,4.0,4.0,0.05377413251839541,0.8023483254438474,0.817731066176798
43.32621623186384,0.25,1.2700917482517484,44.59630798011559,True,7549,7802,254,0.3372184905660376,geometric_ellipse,computed,False,True,254.0,254.0,1.3052508244389982,1.436101985776878,0.40531324101135835,0.16901008110364427,156.54559539222322,0.578544733730814,0.6688669402306344,0.23196317196344576,4.0,4.0,0.2011332095091915,0.912632417044324,0.9373046373265416
43.32621623186384,0.5,2.540183496503497,45.866399728367334,True,7549,8055,507,0.3372184905660376,legacy,computed,False,,507.0,507.0,1.279011906747067,1.4332867630334594,0.48936594991015114,0.18991787243559974,135.60954476949448,0.5417874186828491,0.5670909753604928,0.052229779214013485,4.0,4.0,0.10808611563582532,0.9866713715318145,0.8945608935509796
43.32621623186384,0.5,2.540183496503497,45.866399728367334,True,7549,8055,507,0.3372184905660376,ellipse_constrained,computed,False,,507.0,507.0,1.2488988842199202,1.4348469658183953,0.3365379975443006,0.3181399703915903,116.76765441894531,0.7130604251774117,0.7145542935718694,0.06963557839954948,4.0,4.0,0.05229341693908151,0.8929229245001603,0.9834424241384311
43.32621623186384,0.5,2.540183496503497,45.866399728367334,True,7549,8055,507,0.3372184905660376,geometric_ellipse,computed,False,True,507.0,507.0,1.2641578338861625,1.444964739731428,0.3749945478468366,0.16376811190240284,149.92429104635383,0.5708418104381854,0.6293220428851576,0.4949213697480453,4.0,4.0,0.07656767304826487,0.8443646689803339,0.9082334599804197
43.32621623186384,1.0,5.080366993006994,48.40658322487083,True,7549,8562,1014,0.3372184905660376,legacy,computed,False,,1014.0,1014.0,1.2614462710081542,1.4652234435619265,0.49597663825028887,0.21230290056802784,130.32737837468545,0.5657108031682448,0.5762486809372495,0.08510925663095935,4.0,4.0,0.0,1.0,1.0
43.32621623186384,1.0,5.080366993006994,48.40658322487083,True,7549,8562,1014,0.3372184905660376,ellipse_constrained,computed,False,,1014.0,1014.0,1.2558032980426495,1.4510734213033314,0.3768947893601092,0.3234962846658813,89.46273803710938,0.6993696222061531,0.701574766619699,0.05932283993606819,4.0,4.0,0.0,1.0,1.0
43.32621623186384,1.0,5.080366993006994,48.40658322487083,True,7549,8562,1014,0.3372184905660376,geometric_ellipse,computed,False,True,1014.0,1014.0,1.238624267377398,1.4488002573671404,0.4441144467824371,0.18031499511803217,93.77465294009373,0.5251299686582014,0.6312502028558559,0.08184884743884675,4.0,4.0,0.0,1.0,1.0
43.32621623186384,2.0,10.160733986013987,53.486950217877826,True,7549,9577,2029,0.3372184905660376,legacy,computed,False,,2029.0,2029.0,1.271580585419675,1.466742626276636,0.5069870841825341,0.19948323135653825,127.36744889363773,0.5395349964935888,0.5490993245683219,0.0748514858937524,4.0,4.0,0.030388452934827066,1.02219952530645,0.9396161372398122
43.32621623186384,2.0,10.160733986013987,53.486950217877826,True,7549,9577,2029,0.3372184905660376,ellipse_constrained,computed,False,,2029.0,2029.0,1.2602749478903563,1.4597683852895347,0.3604057497640763,0.30421818750870655,87.96296691894531,0.6471949481669069,0.6515074670669322,0.03934292182113416,4.0,4.0,0.028994334116092525,0.9562502850622373,0.9404070523496556
43.32621623186384,2.0,10.160733986013987,53.486950217877826,True,7549,9577,2029,0.3372184905660376,geometric_ellipse,computed,False,True,2029.0,2029.0,1.2567749914926112,1.4498928169852814,0.44105298926760167,0.16042754420870292,89.59892222092593,0.5323073042014002,0.5532558010247622,0.02560242752807702,4.0,4.0,0.05392224182910761,0.9931066022800759,0.8897071710740909
43.827037890625,0.25,1.2700917482517484,45.09712963887675,True,7649,7902,254,0.3420445407226985,legacy,computed,False,,254.0,254.0,1.296229589192004,1.437917564254607,0.5057872586063354,0.1969150069909222,132.2074783160498,0.5690818635186803,0.5694980943182106,0.04378110295774705,4.0,4.0,0.12040695788765482,1.027282779849691,0.9250247790113112
43.827037890625,0.25,1.2700917482517484,45.09712963887675,True,7649,7902,254,0.3420445407226985,ellipse_constrained,computed,False,,254.0,254.0,1.2854764022524874,1.429964325913387,0.2782593277048487,0.24980088011572824,78.17436218261717,0.5651573973899275,0.5616286922513081,0.06029405954684575,4.0,4.0,0.08218513863378551,0.7464329666578289,0.7776526177523495
43.827037890625,0.25,1.2700917482517484,45.09712963887675,True,7649,7902,254,0.3420445407226985,geometric_ellipse,computed,False,True,254.0,254.0,1.26499638205987,1.392381952745241,0.4210702091190231,0.1623730998305847,91.27960714320588,0.5421057157243536,0.6386547306726971,0.2692727318445242,4.0,4.0,0.1926373798042865,0.899588513799191,0.9701302975967225
43.827037890625,0.5,2.540183496503497,46.367221387128495,True,7649,8155,507,0.3420445407226985,legacy,computed,False,,507.0,507.0,1.2650947003747641,1.4619645238044865,0.5142568789967538,0.19577275987707357,130.7122398070236,0.5673719763731718,0.5718270113282397,0.11257405585754451,4.0,4.0,0.005470400721009452,1.0444850620956194,0.9196589772869518
43.827037890625,0.5,2.540183496503497,46.367221387128495,True,7649,8155,507,0.3420445407226985,ellipse_constrained,computed,False,,507.0,507.0,1.2643549113268284,1.452288663343725,0.3670040618159313,0.3153239780042538,91.24202787876129,0.7161897553539959,0.7217453814312844,0.05590551343886261,4.0,4.0,0.011385344907225385,0.9844914558526957,0.9816319174755899
43.827037890625,0.5,2.540183496503497,46.367221387128495,True,7649,8155,507,0.3420445407226985,geometric_ellipse,computed,False,True,507.0,507.0,1.2525022152183158,1.4324824377844514,0.5079667712062582,0.15251146956383654,91.49932212692045,0.5780426961662654,0.6224226222007876,0.12679002674366677,4.0,4.0,0.06984194303260466,1.0852372427982508,0.9112100311520267
43.827037890625,1.0,5.080366993006994,48.907404883632,True,7649,8662,1014,0.3420445407226985,legacy,computed,False,,1014.0,1014.0,1.2638325196686582,1.4633458248387603,0.49235446025907365,0.2128753861073751,130.20233211820212,0.5629517830855348,0.5652974268953371,0.02699669883706047,4.0,4.0,0.0,1.0,1.0
43.827037890625,1.0,5.080366993006994,48.907404883632,True,7649,8662,1014,0.3420445407226985,ellipse_constrained,computed,False,,1014.0,1014.0,1.2642511885512424,1.448395749823469,0.3727854209745871,0.3212242515658574,85.83865356445312,0.682385991663375,0.6930313781530459,0.03141255300272187,4.0,4.0,0.0,1.0,1.0
43.827037890625,1.0,5.080366993006994,48.907404883632,True,7649,8662,1014,0.3420445407226985,geometric_ellipse,computed,False,True,1014.0,1014.0,1.2455425858215452,1.455335238993773,0.46806979264412407,0.16737246556759147,84.30942649065209,0.5510530573118849,0.5837240170926165,0.06804607497546482,4.0,4.0,0.0,1.0,1.0
43.827037890625,2.0,10.160733986013987,53.98777187663899,True,7649,9677,2029,0.3420445407226985,legacy,computed,False,,2029.0,2029.0,1.2755618734773966,1.4663247888541535,0.470340059677693,0.19761703799406447,125.90505442836846,0.5333368301972219,0.5478050579510639,0.08495213797659705,4.0,4.0,0.03538057949777068,0.9552874963907165,0.9283226285935459
43.827037890625,2.0,10.160733986013987,53.98777187663899,True,7649,9677,2029,0.3420445407226985,ellipse_constrained,computed,False,,2029.0,2029.0,1.2698486935956557,1.459163663019232,0.35915727779278556,0.2969256452127522,83.9385528564453,0.635591155452667,0.637545745044706,0.04102107298099056,4.0,4.0,0.03548046068125347,0.963442392285157,0.924356251949665
43.827037890625,2.0,10.160733986013987,53.98777187663899,True,7649,9677,2029,0.3420445407226985,geometric_ellipse,computed,False,True,2029.0,2029.0,1.2654714172367347,1.445754062347327,0.46074020186484305,0.15381097009980493,90.26857145697326,0.5360481684700641,0.5432331010976261,0.05723194019950271,4.0,4.0,0.0646476570114661,0.9843408164883356,0.9189741549077565
44.32785954938616,0.25,1.2700917482517484,45.59795129763791,True,7749,8002,254,0.337628203259005,legacy,computed,False,,254.0,254.0,1.2865619149054395,1.438846705220665,0.42755752256628815,0.20263100764657524,132.98716279062344,0.5849125194435397,0.6221876804028094,0.16530545335864924,4.0,4.0,0.08535666103369258,0.8825047751359262,0.9644858516271776
44.32785954938616,0.25,1.2700917482517484,45.59795129763791,True,7749,8002,254,0.337628203259005,ellipse_constrained,computed,False,,254.0,254.0,1.2721751774216628,1.432469369339435,0.2732059455326937,0.2682676796393433,104.97348690032959,0.5779329131223566,0.6164166314926284,0.09612896389754641,4.0,4.0,0.050975746444160856,0.7366483536957131,0.8452559989193148
44.32785954938616,0.25,1.2700917482517484,45.59795129763791,True,7749,8002,254,0.337628203259005,geometric_ellipse,computed,False,True,254.0,254.0,1.2565071978992612,1.4110766539998163,0.3239185853529807,0.20199689123327738,103.88255374023535,0.5369450416538152,0.6719770913113303,0.11473594150232398,4.0,4.0,0.15256175822142784,0.6795163493914559,1.2377555570050998
44.32785954938616,0.5,2.540183496503497,46.86804304588966,True,7749,8255,507,0.337628203259005,legacy,computed,False,,507.0,507.0,1.2725046692404431,1.4856175469277688,0.48392383488127105,0.2058649096582937,128.93197379128088,0.564489603288029,0.5760335736360588,0.05336996232061665,4.0,4.0,0.07550531454534005,0.9988482778211425,0.9798786228129742
44.32785954938616,0.5,2.540183496503497,46.86804304588966,True,7749,8255,507,0.337628203259005,ellipse_constrained,computed,False,,507.0,507.0,1.2722615962965753,1.4657889561810116,0.372428012298228,0.31994503622140275,85.73796081542969,0.6987805671897115,0.7066071815027088,0.03765023600847136,4.0,4.0,0.05512526674453394,1.0041819609552605,1.008080666124854
44.32785954938616,0.5,2.540183496503497,46.86804304588966,True,7749,8255,507,0.337628203259005,geometric_ellipse,computed,False,True,507.0,507.0,1.2550692298845616,1.485132574569405,0.5521349759032295,0.15463143597750506,91.78218005174385,0.561432244318728,0.6178204051240291,0.1154901877880695,4.0,4.0,0.07000349657689388,1.1582686519461534,0.947519132597939
44.32785954938616,1.0,5.080366993006994,49.40822654239315,True,7749,8762,1014,0.337628203259005,legacy,computed,False,,1014.0,1014.0,1.267649252213166,1.4605914827856614,0.4844818233424679,0.21009225516861427,129.69821270837213,0.5638196834370705,0.5659841581907481,0.07206294079193672,4.0,4.0,0.0,1.0,1.0
44.32785954938616,1.0,5.080366993006994,49.40822654239315,True,7749,8762,1014,0.337628203259005,ellipse_constrained,computed,False,,1014.0,1014.0,1.265644600240509,1.448393090903443,0.3708770190852102,0.3173803912451749,84.21188354492188,0.6789537785635792,0.6835056222393562,0.04884645118320583,4.0,4.0,0.0,1.0,1.0
44.32785954938616,1.0,5.080366993006994,49.40822654239315,True,7749,8762,1014,0.337628203259005,geometric_ellipse,computed,False,True,1014.0,1014.0,1.2496493389434506,1.4621272420736438,0.47668990693611346,0.16319610935299167,84.66555646627017,0.5548319221599777,0.5819161776432776,0.061163483354435166,4.0,4.0,0.0,1.0,1.0
44.32785954938616,2.0,10.160733986013987,54.48859353540015,True,7749,9777,2029,0.337628203259005,legacy,computed,False,,2029.0,2029.0,1.2856718228148305,1.4589955822786564,0.45998778052318084,0.1989185891424153,125.9614200133606,0.5343468145930873,0.5436930226061139,0.06331074733017406,4.0,4.0,0.05358880281620669,0.9494428033433715,0.9468154310722626
44.32785954938616,2.0,10.160733986013987,54.48859353540015,True,7749,9777,2029,0.337628203259005,ellipse_constrained,computed,False,,2029.0,2029.0,1.2734782815997627,1.4594032729833661,0.35830970971246645,0.29628533490023773,81.98062133789062,0.6286778793661935,0.621904456763036,0.04253714913177497,4.0,4.0,0.04002216491356397,0.9661146182533991,0.9335338384889653
44.32785954938616,2.0,10.160733986013987,54.48859353540015,True,7749,9777,2029,0.337628203259005,geometric_ellipse,computed,False,True,2029.0,2029.0,1.2700102255845185,1.4514786365842232,0.4208202445835876,0.16239567148816147,90.15178308825567,0.5204938948682031,0.5345483844626729,0.04308256657489484,4.0,4.0,0.06805517844435945,0.8827966324866753,0.9950952392921399
44.82868120814732,0.25,1.2700917482517484,46.098772956399074,True,7849,8102,254,0.34696658712471606,legacy,computed,False,,254.0,254.0,1.241680030634745,1.4935626071740047,0.4605197890444019,0.19895269071729563,128.23940176771876,0.5117314316542353,0.5701131196155037,0.21992965419014576,4.0,4.0,0.10574309804363152,0.9535225781240982,0.9532150260121965
44.82868120814732,0.25,1.2700917482517484,46.098772956399074,True,7849,8102,254,0.34696658712471606,ellipse_constrained,computed,False,,254.0,254.0,1.2508813408162027,1.477477866750066,0.30281081444704644,0.25644623575880954,107.25956344604494,0.5277995677103253,0.585566802822906,0.13746629018784412,4.0,4.0,0.07586473993680111,0.8306215465413462,0.8055184275144393
44.82868120814732,0.25,1.2700917482517484,46.098772956399074,True,7849,8102,254,0.34696658712471606,geometric_ellipse,computed,False,True,254.0,254.0,1.2407153644637399,1.5369247800194528,0.5123380704284265,0.1567054150527138,91.64963172185652,0.5291905531368678,0.6266102193343266,0.3536187172094071,4.0,4.0,0.26718127608679265,1.1596028640401397,0.9304617559319753
44.82868120814732,0.5,2.540183496503497,47.36886470465082,True,7849,8355,507,0.34696658712471606,legacy,computed,False,,507.0,507.0,1.2509027278287481,1.4900967541677017,0.48602001238337295,0.21119729571999363,132.04363489563465,0.5618599413007194,0.5805395754617589,0.06070906294276708,4.0,4.0,0.08302217265262456,1.0063216961628056,1.011880940175383
44.82868120814732,0.5,2.540183496503497,47.36886470465082,True,7849,8355,507,0.34696658712471606,ellipse_constrained,computed,False,,507.0,507.0,1.256407896474814,1.4696287038316576,0.3806294085399757,0.3222225061387041,88.4254150390625,0.6979219535176084,0.6989376285407805,0.07274415177813699,4.0,4.0,0.048503114369021744,1.0440809010005827,1.012127028055604
44.82868120814732,0.5,2.540183496503497,47.36886470465082,True,7849,8355,507,0.34696658712471606,geometric_ellipse,computed,False,True,507.0,507.0,1.234043044305706,1.4466818394059209,0.6109435051103913,0.16105293886253205,87.05738151440673,0.5400590556933854,0.6048757107746091,0.22000310687464344,4.0,4.0,0.040555139190888906,1.3827819543066768,0.9562758264711384
44.82868120814732,1.0,5.080366993006994,49.90904820115432,True,7849,8862,1014,0.34696658712471606,legacy,computed,False,,1014.0,1014.0,1.2639885432670233,1.4644346721076675,0.48296684274681806,0.20871753517107272,128.68608404773704,0.5388956632704711,0.5468634353117104,0.07143139802040811,4.0,4.0,0.0,1.0,1.0
44.82868120814732,1.0,5.080366993006994,49.90904820115432,True,7849,8862,1014,0.34696658712471606,ellipse_constrained,computed,False,,1014.0,1014.0,1.2633795673473236,1.4543117295265393,0.36455930586911794,0.3183617245729771,83.60272216796874,0.6594710496977211,0.6572311783832812,0.039030368317279775,4.0,4.0,0.0,1.0,1.0
44.82868120814732,1.0,5.080366993006994,49.90904820115432,True,7849,8862,1014,0.34696658712471606,geometric_ellipse,computed,False,True,1014.0,1014.0,1.2479447866215576,1.4445041268990546,0.44182201192863896,0.16841682535974137,74.40717512949871,0.5239811000908798,0.559150535008743,0.11867254925972998,4.0,4.0,0.0,1.0,1.0
44.82868120814732,2.0,10.160733986013987,54.98941519416131,True,7849,9877,2029,0.34696658712471606,legacy,computed,False,,2029.0,2029.0,1.2931148006844855,1.44867178599097,0.4407372855147002,0.19772090208549295,125.5600323498735,0.5357741741777674,0.543162959256127,0.08799585483990922,4.0,4.0,0.0954503535957872,0.9125622020096822,0.9473133243138075
44.82868120814732,2.0,10.160733986013987,54.98941519416131,True,7849,9877,2029,0.34696658712471606,ellipse_constrained,computed,False,,2029.0,2029.0,1.2723577173515768,1.460774223619516,0.35618999480409896,0.2939228562783857,79.18682861328125,0.6189797920348417,0.6178947857491751,0.03274145509099563,4.0,4.0,0.03188244457706765,0.9770426623863946,0.9232355323889152
44.82868120814732,2.0,10.160733986013987,54.98941519416131,True,7849,9877,2029,0.34696658712471606,geometric_ellipse,computed,False,True,2029.0,2029.0,1.270416727855215,1.4575405736487528,0.42286503242780293,0.1611749044725179,89.76048539905749,0.5208254822876378,0.5281640070598271,0.05465804256639639,4.0,4.0,0.07487623385567287,0.9570936282280615,0.9570000154571575
45.32950286690848,0.25,1.2700917482517484,46.59959461516023,True,7949,8202,254,0.34777782566270943,legacy,computed,False,,254.0,254.0,1.2339827864883248,1.4810876639502115,0.4742381464682592,0.2047053302147893,129.5267617649248,0.5573358109660775,0.5819289005281735,0.1291684274090342,4.0,4.0,0.09473221734793763,0.9680596284139449,0.9855783717508548
45.32950286690848,0.25,1.2700917482517484,46.59959461516023,True,7949,8202,254,0.34777782566270943,ellipse_constrained,computed,False,,254.0,254.0,1.2339897155983182,1.4756547164960105,0.309669135050451,0.2586408422654502,100.76959609985353,0.5495407570498179,0.6196902387311048,0.05299973114146239,4.0,4.0,0.09540853563188843,0.8455513618180601,0.8278207979993777
45.32950286690848,0.25,1.2700917482517484,46.59959461516023,True,7949,8202,254,0.34777782566270943,geometric_ellipse,computed,False,True,254.0,254.0,1.2135973823588218,1.4912977474931925,0.3752906988882525,0.1934075949379149,91.77135921866626,0.5364001707425023,0.6339752257404364,0.11396799602635009,4.0,4.0,0.1725755113787496,0.8394130179160137,1.1954583791947822
45.32950286690848,0.5,2.540183496503497,47.86968636341197,True,7949,8455,507,0.34777782566270943,legacy,computed,False,,507.0,507.0,1.2419765226561659,1.4712488190084343,0.44946646815602465,0.21973057786992006,127.01415620739023,0.5407585670653634,0.559246100708212,0.06158823365189461,4.0,4.0,0.05902986262668366,0.9174933425073417,1.0579192292339459
45.32950286690848,0.5,2.540183496503497,47.86968636341197,True,7949,8455,507,0.34777782566270943,ellipse_constrained,computed,False,,507.0,507.0,1.2397777327468704,1.4632456534146066,0.3817765003589668,0.31352459948598865,83.65736389160156,0.6513257985646995,0.645619089550592,0.04881062372032372,4.0,4.0,0.058231058539964214,1.042440473559192,1.0034849170207665
45.32950286690848,0.5,2.540183496503497,47.86968636341197,True,7949,8455,507,0.34777782566270943,geometric_ellipse,computed,False,True,507.0,507.0,1.2255356338748264,1.4843791655357252,0.49524219245720835,0.17020496039863786,86.22844203962171,0.48468367949720537,0.4846649217586264,0.06027167384527764,4.0,4.0,0.1412658684269177,1.1077086232121949,1.0520421711173433
45.32950286690848,1.0,5.080366993006994,50.409869859915474,True,7949,8962,1014,0.34777782566270943,legacy,computed,False,,1014.0,1014.0,1.2585583993337972,1.4591454066293115,0.48988526382950626,0.20770071268014484,127.1660704855081,0.5352865537374484,0.5406074315113991,0.060824348595202714,4.0,4.0,0.0,1.0,1.0
45.32950286690848,1.0,5.080366993006994,50.409869859915474,True,7949,8962,1014,0.34777782566270943,ellipse_constrained,computed,False,,1014.0,1014.0,1.2552512546362138,1.450180731104511,0.36623338218581625,0.3124357866950386,85.95957946777344,0.6462907605620686,0.6510258163377022,0.04663425241049956,4.0,4.0,0.0,1.0,1.0
45.32950286690848,1.0,5.080366993006994,50.409869859915474,True,7949,8962,1014,0.34777782566270943,geometric_ellipse,computed,False,True,1014.0,1014.0,1.24015602488127,1.4374759009784115,0.4470870606938832,0.1617853020263134,77.18829469353196,0.5094733101690606,0.54829985195302,0.07868552080355337,4.0,4.0,0.0,1.0,1.0
45.32950286690848,2.0,10.160733986013987,55.490236852922465,True,7949,9977,2029,0.34777782566270943,legacy,computed,False,,2029.0,2029.0,1.299273621111023,1.4404752854477114,0.43399651360887426,0.19689432352263658,125.32235232207267,0.5388722608172846,0.5511256537054816,0.09672661726913771,4.0,4.0,0.12879421069471822,0.8859146123650642,0.9479713429094011
45.32950286690848,2.0,10.160733986013987,55.490236852922465,True,7949,9977,2029,0.34777782566270943,ellipse_constrained,computed,False,,2029.0,2029.0,1.2699587623356559,1.462092997815635,0.35597077618578266,0.2903678613107262,76.51609802246092,0.6088020014197792,0.6110260395265521,0.05152716267515461,4.0,4.0,0.05442127487452228,0.9719779613240537,0.9293681251506174
45.32950286690848,2.0,10.160733986013987,55.490236852922465,True,7949,9977,2029,0.34777782566270943,geometric_ellipse,computed,False,True,2029.0,2029.0,1.2698395519976298,1.4627482082148953,0.4009336364764623,0.16505096570370267,89.48990548525435,0.5170964768900341,0.5401685962951451,0.059952600741614806,4.0,4.0,0.11209636176596238,0.8967685977183272,1.0201851690882164
45.83032452566964,0.25,1.2700917482517484,47.10041627392139,True,8049,8302,254,0.34881170374115256,legacy,computed,False,,254.0,254.0,1.2714407217458645,1.4921437925868692,0.4814797139653959,0.23766751034735453,129.88695503551855,0.5680052458570076,0.6070925025611614,0.1318697879915312,4.0,4.0,0.12832625914697313,1.0142622577248275,1.1172343601837362
45.83032452566964,0.25,1.2700917482517484,47.10041627392139,True,8049,8302,254,0.34881170374115256,ellipse_constrained,computed,False,,254.0,254.0,1.2622177392102034,1.4830962250136794,0.3396480113130196,0.2817699115642573,94.2437891960144,0.5421833071137153,0.5762472563217798,0.08750339687107893,4.0,4.0,0.09491512517672787,0.9238114921566476,0.9139687925912088
45.83032452566964,0.25,1.2700917482517484,47.10041627392139,True,8049,8302,254,0.34881170374115256,geometric_ellipse,computed,False,True,254.0,254.0,1.2337817941712437,1.4636268558910144,0.5384218865620073,0.19011966547552206,83.75524008019299,0.49186011043562944,0.5924197633659728,0.2829612160562337,4.0,4.0,0.06975336179989133,1.245407034430366,1.1196478654486353
45.83032452566964,0.5,2.540183496503497,48.370508022173134,True,8049,8555,507,0.34881170374115256,legacy,computed,False,,507.0,507.0,1.2548763312821787,1.4805382988088627,0.4750672253487159,0.23215325861335176,127.14055066978246,0.536773562101411,0.5462334161391691,0.06831436033631196,4.0,4.0,0.11589782444596433,1.0007540142966194,1.0913128049028873
45.83032452566964,0.5,2.540183496503497,48.370508022173134,True,8049,8555,507,0.34881170374115256,ellipse_constrained,computed,False,,507.0,507.0,1.2612934600437304,1.4604163083599544,0.3972532784265967,0.32731333578648353,86.2178497314453,0.6516448012079171,0.6626971421409996,0.04908513008400293,4.0,4.0,0.030553967319473765,1.080492544292212,1.061696661105533
45.83032452566964,0.5,2.540183496503497,48.370508022173134,True,8049,8555,507,0.34881170374115256,geometric_ellipse,computed,False,True,507.0,507.0,1.2519040961837382,1.4654414424169386,0.477775600262781,0.18451110588854783,71.6022878163248,0.5237330837017663,0.5536402999000566,0.07241136281984689,4.0,4.0,0.06052363887275829,1.1051279829018097,1.0866180799496403
45.83032452566964,1.0,5.080366993006994,50.91069151867663,True,8049,9062,1014,0.34881170374115256,legacy,computed,False,,1014.0,1014.0,1.2788715388845582,1.4480031894994232,0.47470928775900767,0.21272842907218556,127.34399343518373,0.5403985960812226,0.5421285948318916,0.07236988978506675,4.0,4.0,0.0,1.0,1.0
45.83032452566964,1.0,5.080366993006994,50.91069151867663,True,8049,9062,1014,0.34881170374115256,ellipse_constrained,computed,False,,1014.0,1014.0,1.2636346336717188,1.4500190516413716,0.36765943506516435,0.3082927052305654,85.20208740234375,0.6323537680167071,0.6340779651364359,0.04883765231294746,4.0,4.0,0.0,1.0,1.0
45.83032452566964,1.0,5.080366993006994,50.91069151867663,True,8049,9062,1014,0.34881170374115256,geometric_ellipse,computed,False,True,1014.0,1014.0,1.2488805958189328,1.4445477185740494,0.43232603612864196,0.16980308840167566,74.83463865465936,0.494647197374088,0.5234486837777835,0.018942057166201027,4.0,4.0,0.0,1.0,1.0
45.83032452566964,2.0,10.160733986013987,55.991058511683626,True,8049,10077,2029,0.34881170374115256,legacy,computed,False,,2029.0,2029.0,1.3030288769052798,1.4440871552225505,0.42821723018141,0.1978636083806506,124.76582739700035,0.54334663971438,0.5610820801660131,0.09546176084526177,4.0,4.0,0.07016015978442436,0.90206204349387,0.9301230176127947
45.83032452566964,2.0,10.160733986013987,55.991058511683626,True,8049,10077,2029,0.34881170374115256,ellipse_constrained,computed,False,,2029.0,2029.0,1.2735567963243226,1.4628842847301629,0.35667191555081396,0.28656941948920606,77.97593688964842,0.604631957454946,0.6132251401159472,0.04193769985368102,4.0,4.0,0.046578008813347685,0.9701149529525798,0.929536815588572
45.83032452566964,2.0,10.160733986013987,55.991058511683626,True,8049,10077,2029,0.34881170374115256,geometric_ellipse,computed,False,True,2029.0,2029.0,1.2738189636991988,1.4663011345581416,0.39134212957626724,0.16874859575745804,88.78482256250544,0.5068344013601145,0.5305332918029289,0.055522695674729595,4.0,4.0,0.09487295852703667,0.9052013917103534,0.9937899089224858
46.33114618443081,0.25,1.2700917482517484,47.60123793268256,True,8149,8402,254,0.3352390404040404,legacy,computed,False,,254.0,254.0,1.2495732128755976,1.464671320389572,0.4525426914273612,0.23393921262934758,128.9019550324782,0.5460952656095214,0.6904091352420016,0.15717358006060442,4.0,4.0,0.13767563109227396,1.018595157720454,1.0907239807295939
46.33114618443081,0.25,1.2700917482517484,47.60123793268256,True,8149,8402,254,0.3352390404040404,ellipse_constrained,computed,False,,254.0,254.0,1.2438234749966335,1.4545216951125886,0.3160476716286231,0.26041967867183224,75.65768432617188,0.5153962215786586,0.5769166709277923,0.13106527167969537,4.0,4.0,0.0778736109623633,0.8992364225089832,0.864268031125177
46.33114618443081,0.25,1.2700917482517484,47.60123793268256,True,8149,8402,254,0.3352390404040404,geometric_ellipse,computed,False,True,254.0,254.0,1.2235244899607407,1.4508999853479136,0.47995047221481013,0.17529642080311955,68.01192843328829,0.46781465594366256,0.5221268524955165,0.0931297774526492,4.0,4.0,0.08956427240604264,1.2400300953294696,1.019275345940346
46.33114618443081,0.5,2.540183496503497,48.8713296809343,True,8149,8655,507,0.3352390404040404,legacy,computed,False,,507.0,507.0,1.2661656950007818,1.4613805304895633,0.48028848823807235,0.22697464240449094,129.27898876284561,0.5545086515599911,0.5718019461232724,0.0731505578025053,4.0,4.0,0.09477488569830234,1.0810461370730227,1.0582521959683013
46.33114618443081,0.5,2.540183496503497,48.8713296809343,True,8149,8655,507,0.3352390404040404,ellipse_constrained,computed,False,,507.0,507.0,1.2670174388611655,1.4449010486518257,0.3772523831055975,0.3245523201048554,83.59848022460938,0.6669546206574704,0.6917354945476288,0.07004915453692877,4.0,4.0,0.006280777279956209,1.0733794734785904,1.077108289683453
46.33114618443081,0.5,2.540183496503497,48.8713296809343,True,8149,8655,507,0.3352390404040404,geometric_ellipse,computed,False,True,507.0,507.0,1.2455411014966058,1.448376678986413,0.45072437392471326,0.17488755766143943,62.419530242917446,0.5173005016156234,0.5716895090792479,0.08550400026651898,4.0,4.0,0.030028443366111483,1.1645197175991673,1.0168979778328346
46.33114618443081,1.0,5.080366993006994,51.4115131774378,True,8149,9162,1014,0.3352390404040404,legacy,computed,False,,1014.0,1014.0,1.2864686214463747,1.4369414936290525,0.44428121221400724,0.21448067225299638,127.19456955224611,0.5410789710898025,0.550293517690853,0.06148797058866744,4.0,4.0,0.0,1.0,1.0
46.33114618443081,1.0,5.080366993006994,51.4115131774378,True,8149,9162,1014,0.3352390404040404,ellipse_constrained,computed,False,,1014.0,1014.0,1.2671501060337573,1.4427996706046096,0.35146226700516664,0.3013181898360812,82.54653930664061,0.6236382211467429,0.6330785933237022,0.03670877293037719,4.0,4.0,0.0,1.0,1.0
46.33114618443081,1.0,5.080366993006994,51.4115131774378,True,8149,9162,1014,0.3352390404040404,geometric_ellipse,computed,False,True,1014.0,1014.0,1.2516429466723027,1.4403700526062326,0.38704743862469704,0.17198141944794856,80.22129872420574,0.4866703959902389,0.5224533287955057,0.06588102319479769,4.0,4.0,0.0,1.0,1.0
46.33114618443081,2.0,10.160733986013987,56.491880170444794,True,8149,10177,2029,0.3352390404040404,legacy,computed,False,,2029.0,2029.0,1.3091208815362376,1.438210270949624,0.41465882481086686,0.19620278466079558,125.1758568115082,0.5451945189020749,0.5688215683474824,0.1259590373829709,4.0,4.0,0.0676763810830259,0.9333251404993658,0.9147807240615106
46.33114618443081,2.0,10.160733986013987,56.491880170444794,True,8149,10177,2029,0.3352390404040404,ellipse_constrained,computed,False,,2029.0,2029.0,1.2758888192379643,1.4614314590944253,0.34746131174328887,0.28331230754457687,74.34783935546874,0.6058382288277114,0.6109202404885333,0.05798461037935743,4.0,4.0,0.06138702039359373,0.9886162594466537,0.940242962758738
46.33114618443081,2.0,10.160733986013987,56.491880170444794,True,8149,10177,2029,0.3352390404040404,geometric_ellipse,computed,False,True,2029.0,2029.0,1.2761198806525376,1.458195684253885,0.3636721194597681,0.17351614139605853,88.79767508534212,0.5046065901497077,0.5435692990240454,0.061396446970742785,4.0,4.0,0.09032336470383184,0.9396060616032264,1.0089237660267973
46.83196784319196,0.25,1.2700917482517484,48.10205959144371,True,8249,8502,254,0.335972621414518,legacy,computed,False,,254.0,254.0,1.2373106272437822,1.4433228484078418,0.4890796540143564,0.226813153259634,129.5216791139083,0.5383509183810062,0.5637447283038799,0.06368112903858171,4.0,4.0,0.15244949412224107,1.0886622714239393,1.0855605708308753
46.83196784319196,0.25,1.2700917482517484,48.10205959144371,True,8249,8502,254,0.335972621414518,ellipse_constrained,computed,False,,254.0,254.0,1.2458848128460316,1.4323763942677057,0.31723864534600055,0.2667215988879926,88.71771240234374,0.48492051108905143,0.5207623235409437,0.058179806284997165,4.0,4.0,0.061055692547393715,0.9071539635891172,0.8944844951742018
46.83196784319196,0.25,1.2700917482517484,48.10205959144371,True,8249,8502,254,0.335972621414518,geometric_ellipse,computed,False,True,254.0,254.0,1.2276077910702354,1.4443645021559957,0.4338919066208694,0.18672286856019807,95.14164780453851,0.4743053669109657,0.5835522392982065,0.07606267384385124,4.0,4.0,0.09909988113937164,1.1460476099188763,1.101048911909074
46.83196784319196,0.5,2.540183496503497,49.372151339695456,True,8249,8755,507,0.335972621414518,legacy,computed,False,,507.0,507.0,1.2688631443263805,1.4377862719780994,0.4915257052651582,0.2150852511369945,131.59283485313262,0.5592814580590739,0.577734079607053,0.06148366658634036,4.0,4.0,0.05937236716870759,1.0941070362773941,1.029429134272046
46.83196784319196,0.5,2.540183496503497,49.372151339695456,True,8249,8755,507,0.335972621414518,ellipse_constrained,computed,False,,507.0,507.0,1.265951613309932,1.4293382206826504,0.3684346955102313,0.31808621604586174,85.19651794433592,0.6644914367686039,0.6681688198282207,0.06175705038850943,4.0,4.0,0.034192078901662745,1.0535506920707176,1.0667422119838812
46.83196784319196,0.5,2.540183496503497,49.372151339695456,True,8249,8755,507,0.335972621414518,geometric_ellipse,computed,False,True,507.0,507.0,1.248925029534293,1.4445981346562797,0.45528916538713976,0.16940466790650804,65.72394108032009,0.5456540558486855,0.6321591874935258,0.07621220220345246,4.0,4.0,0.03577203461151951,1.2025646292356877,0.9989286620810731
46.83196784319196,1.0,5.080366993006994,51.91233483619895,True,8249,9262,1014,0.335972621414518,legacy,computed,False,,1014.0,1014.0,1.2861079793324068,1.4277604046130103,0.4492482809886064,0.20893643280174948,127.65550374232113,0.5237265176254211,0.5424765958698093,0.0631580071933603,4.0,4.0,0.0,1.0,1.0
46.83196784319196,1.0,5.080366993006994,51.91233483619895,True,8249,9262,1014,0.335972621414518,ellipse_constrained,computed,False,,1014.0,1014.0,1.2646120708289785,1.44074745529271,0.3497076109229121,0.29818470898821814,88.91587829589842,0.6041917386952542,0.5968438670843033,0.04117309796947072,4.0,4.0,0.0,1.0,1.0
46.83196784319196,1.0,5.080366993006994,51.91233483619895,True,8249,9262,1014,0.335972621414518,geometric_ellipse,computed,False,True,1014.0,1014.0,1.260890711756705,1.4434734257129285,0.3785985005034675,0.16958635219614826,89.65137291984992,0.5048188050413882,0.5173094821222982,0.046304822826413905,4.0,4.0,0.0,1.0,1.0
46.83196784319196,2.0,10.160733986013987,56.99270182920595,True,8249,10277,2029,0.335972621414518,legacy,computed,False,,2029.0,2029.0,1.307968959437688,1.4363163257105245,0.4092661467245337,0.19524111153033513,125.3018164072007,0.5371921082208785,0.5669839601924606,0.06945042852051461,4.0,4.0,0.06987370549624747,0.9110021430107894,0.9344522107142069
46.83196784319196,2.0,10.160733986013987,56.99270182920595,True,8249,10277,2029,0.335972621414518,ellipse_constrained,computed,False,,2029.0,2029.0,1.2767699285254148,1.4572050300198167,0.34474359129782145,0.2822559587897058,76.65769958496094,0.5958435260520509,0.6028396125117746,0.07202359029818459,4.0,4.0,0.06090172302496152,0.9858052285107833,0.9465809288056359
46.83196784319196,2.0,10.160733986013987,56.99270182920595,True,8249,10277,2029,0.335972621414518,geometric_ellipse,computed,False,True,2029.0,2029.0,1.281417802066375,1.4519024685754127,0.32208572391504686,0.18994469908231704,91.27657402274993,0.5125781922955273,0.5418524388398541,0.06121575297737081,4.0,4.0,0.06604799408523625,0.8507316417966029,1.1200470829316604
47.33278950195313,0.25,1.2700917482517484,48.60288125020488,True,8349,8602,254,0.3338304170804366,legacy,computed,False,,254.0,254.0,1.2708058097559654,1.440671002555182,0.43899843797304666,0.2260222932638036,123.54185781012258,0.5940452376808232,0.7150442701566828,0.18385512577671276,4.0,4.0,0.03559450270098476,0.9469736149956824,1.1457482693921277
47.33278950195313,0.25,1.2700917482517484,48.60288125020488,True,8349,8602,254,0.3338304170804366,ellipse_constrained,computed,False,,254.0,254.0,1.2800664267324884,1.42597128998818,0.30280794812786416,0.2521632015982685,68.60757446289062,0.4962785853182092,0.6450912725316925,0.18560389394746088,4.0,4.0,0.08362543594310001,0.8538120439445093,0.8888816202563307
47.33278950195313,0.25,1.2700917482517484,48.60288125020488,True,8349,8602,254,0.3338304170804366,geometric_ellipse,computed,False,True,254.0,254.0,1.27918587225488,1.4471357708427277,0.4357453378955723,0.16554986980815434,58.32618074182926,0.5349410178700486,0.6200984219444349,0.23021784360349565,4.0,4.0,0.052815950425659224,1.1169870131072062,1.0351348402268101
47.33278950195313,0.5,2.540183496503497,49.872972998456625,True,8349,8855,507,0.3338304170804366,legacy,computed,False,,507.0,507.0,1.2795240438603281,1.4353175824077768,0.47123661800724315,0.205031877369611,125.04545881063751,0.5236889721157537,0.5455766647351452,0.08240691664234355,4.0,4.0,0.025694398391800304,1.0165153337061692,1.039344019009081
47.33278950195313,0.5,2.540183496503497,49.872972998456625,True,8349,8855,507,0.3338304170804366,ellipse_constrained,computed,False,,507.0,507.0,1.2750293590979698,1.4414398894994485,0.35504668511299137,0.30222992533964427,69.08062744140624,0.6099872227063181,0.6157562935209316,0.07321309766832292,4.0,4.0,0.03579954300688381,1.00110693192254,1.0653680791769322
47.33278950195313,0.5,2.540183496503497,49.872972998456625,True,8349,8855,507,0.3338304170804366,geometric_ellipse,computed,False,True,507.0,507.0,1.2583340873133864,1.4490009512319901,0.433752529038608,0.161041989982112,68.75155433981288,0.45530264055990644,0.5007098316490542,0.10925841537223936,4.0,4.0,0.031111198210106324,1.1118786587101532,1.0069483881993972
47.33278950195313,1.0,5.080366993006994,52.41315649496012,True,8349,9362,1014,0.3338304170804366,legacy,computed,False,,1014.0,1014.0,1.2823683918742326,1.443409826916526,0.4635804324654264,0.19727046446574067,121.38026736878354,0.5035923754115093,0.5245404447557548,0.12310058828567741,4.0,4.0,0.0,1.0,1.0
47.33278950195313,1.0,5.080366993006994,52.41315649496012,True,8349,9362,1014,0.3338304170804366,ellipse_constrained,computed,False,,1014.0,1014.0,1.2681699428724515,1.4512263211943883,0.3546541071603157,0.28368592155786854,84.53199768066405,0.5852525864225874,0.5893052420845717,0.058032756211227714,4.0,4.0,0.0,1.0,1.0
47.33278950195313,1.0,5.080366993006994,52.41315649496012,True,8349,9362,1014,0.3338304170804366,geometric_ellipse,computed,False,True,1014.0,1014.0,1.2647089782694358,1.4572001549752653,0.3901077924652203,0.15993072919068246,90.61252922797613,0.5005856458870918,0.510554053445524,0.05791539299027357,4.0,4.0,0.0,1.0,1.0
47.33278950195313,2.0,10.160733986013987,57.49352348796712,True,8349,10377,2029,0.3338304170804366,legacy,computed,False,,2029.0,2029.0,1.3128701845317263,1.434717426112106,0.4049750378976738,0.18889753361209238,122.85512068044466,0.5309342321635107,0.5439899858718537,0.06131973902809499,4.0,4.0,0.09500691347399455,0.8735809571252269,0.9575560848588036
47.33278950195313,2.0,10.160733986013987,57.49352348796712,True,8349,10377,2029,0.3338304170804366,ellipse_constrained,computed,False,,2029.0,2029.0,1.2805064841789335,1.4605817116590178,0.33759953579070284,0.27365047998915143,77.23509216308592,0.5984889675653304,0.5975244396379181,0.05437080995617214,4.0,4.0,0.04637889699898314,0.9519120996337324,0.9646248163687249
47.33278950195313,2.0,10.160733986013987,57.49352348796712,True,8349,10377,2029,0.3338304170804366,geometric_ellipse,computed,False,True,2029.0,2029.0,1.2837027994433163,1.4571809776668374,0.3142636354394697,0.1843577497360003,92.69415310603382,0.5041483266211665,0.5305283910118547,0.05631054692887452,4.0,4.0,0.05689664537244839,0.8055815379988535,1.1527350038915534
47.83361116071429,0.25,1.2700917482517484,49.10370290896604,True,8449,8702,254,0.32629655788407186,legacy,computed,False,,254.0,254.0,1.2866474836378592,1.4640350356801917,0.5440163075950903,0.21505317844437283,130.6816315639472,0.5683889661548862,0.5878833791292182,0.24184860361861835,4.0,4.0,0.07639294098711663,1.1806761993504775,1.1259199798977073
47.83361116071429,0.25,1.2700917482517484,49.10370290896604,True,8449,8702,254,0.32629655788407186,ellipse_constrained,computed,False,,254.0,254.0,1.293592250944792,1.4341745994192951,0.29629978179112726,0.26973418171471847,81.21914672851562,0.5210006268863391,0.5934668567254876,0.07756026860247282,4.0,4.0,0.09536169283594875,0.8530236537426177,0.9610682166977148
47.83361116071429,0.25,1.2700917482517484,49.10370290896604,True,8449,8702,254,0.32629655788407186,geometric_ellipse,computed,False,True,254.0,254.0,1.29256166181807,1.4515578440005377,0.44424855935150404,0.18112504011505437,98.63014885612213,0.526959070826739,0.6105316958232189,0.2883605801904545,4.0,4.0,0.06575398320802037,1.1163418084856893,1.1586236062353665
47.83361116071429,0.5,2.540183496503497,50.373794657217786,True,8449,8955,507,0.32629655788407186,legacy,computed,False,,507.0,507.0,1.2825877195692497,1.4404064176047309,0.531257511146092,0.19570168378223599,126.00296134129732,0.5129744529046358,0.5317600289972777,0.10194368182582374,4.0,4.0,0.04788882974055549,1.152985839540709,1.0246044139591197
47.83361116071429,0.5,2.540183496503497,50.373794657217786,True,8449,8955,507,0.32629655788407186,ellipse_constrained,computed,False,,507.0,507.0,1.2806125445491081,1.4386832457017715,0.3548526810556626,0.29991205307379126,79.17951965332031,0.6397335790694124,0.6642398722673443,0.07943057562294677,4.0,4.0,0.06466274963004566,1.021592823000619,1.0685925683628361
47.83361116071429,0.5,2.540183496503497,50.373794657217786,True,8449,8955,507,0.32629655788407186,geometric_ellipse,computed,False,True,507.0,507.0,1.257308776114819,1.4222279746882414,0.43696260194058056,0.15316765159257845,78.46753277676365,0.5133978052046534,0.5792931380172985,0.0813680500020294,4.0,4.0,0.09754732342937296,1.0980330966138192,0.9797853280477776
47.83361116071429,1.0,5.080366993006994,52.91397815372129,True,8449,9462,1014,0.32629655788407186,legacy,computed,False,,1014.0,1014.0,1.2981405901617524,1.4419160042369046,0.4607667266388267,0.1910021869084435,123.41909188916253,0.4967848366062359,0.5197448745184261,0.0820467649780615,4.0,4.0,0.0,1.0,1.0
47.83361116071429,1.0,5.080366993006994,52.91397815372129,True,8449,9462,1014,0.32629655788407186,ellipse_constrained,computed,False,,1014.0,1014.0,1.2747806189199937,1.45896048074332,0.34735236296334826,0.28066080745187943,86.65234375,0.5851988178862914,0.5861861048097272,0.0583729051878159,4.0,4.0,0.0,1.0,1.0
47.83361116071429,1.0,5.080366993006994,52.91397815372129,True,8449,9462,1014,0.32629655788407186,geometric_ellipse,computed,False,True,1014.0,1014.0,1.2711162505458737,1.4509065650418145,0.3979503015784426,0.1563277661013408,92.73487302325984,0.496762850153706,0.5094248777484987,0.054655341175427356,4.0,4.0,0.0,1.0,1.0
47.83361116071429,2.0,10.160733986013987,57.99434514672828,True,8449,10477,2029,0.32629655788407186,legacy,computed,False,,2029.0,2029.0,1.317547076537726,1.4433941773845766,0.41025305770721776,0.18467400775362344,124.74084113238666,0.5261851954272406,0.5503712897231655,0.08581728328446744,4.0,4.0,0.059647274826567134,0.8903704065176473,0.9668685513121719
47.83361116071429,2.0,10.160733986013987,57.99434514672828,True,8449,10477,2029,0.32629655788407186,ellipse_constrained,computed,False,,2029.0,2029.0,1.2860586385634178,1.4651517768691547,0.331620531051411,0.2739188678420111,82.56753540039061,0.5948434079196756,0.6112871824230676,0.06816474180811027,4.0,4.0,0.03942942587831764,0.9547092992898475,0.9759783360167796
47.83361116071429,2.0,10.160733986013987,57.99434514672828,True,8449,10477,2029,0.32629655788407186,geometric_ellipse,computed,False,True,2029.0,2029.0,1.2901670376006482,1.4591044911877245,0.29584976608515573,0.19180186528358453,97.29938622349812,0.5149478566420981,0.5386931307570434,0.06510109533035591,4.0,4.0,0.06356113677811415,0.7434339537165519,1.2269212953458783
48.334432819475445,0.25,1.2700917482517484,49.604524567727196,True,8549,8802,254,0.3210450704783022,legacy,computed,False,,254.0,254.0,1.2882002114109599,1.4198966455543576,0.6125340871787818,0.17440480213623374,132.38893356855795,0.5163675967931175,0.5488790883091991,0.5490152574885011,4.0,4.0,0.11741030793217273,1.3375470791601034,0.9503763700392504
48.334432819475445,0.25,1.2700917482517484,49.604524567727196,True,8549,8802,254,0.3210450704783022,ellipse_constrained,computed,False,,254.0,254.0,1.2609788876256127,1.4350261794117742,0.255732410500569,0.22854509572964202,93.01990294456483,0.5367146483854844,0.5654301202876388,0.11505883118962884,4.0,4.0,0.125123325487399,0.7348391776747343,0.8778964144650659
48.334432819475445,0.25,1.2700917482517484,49.604524567727196,True,8549,8802,254,0.3210450704783022,geometric_ellipse,computed,False,True,254.0,254.0,1.2663048360373408,1.4436878303298903,0.32672274608751556,0.15544213668129803,90.23497029551716,0.5839761056000563,0.6041342370883334,0.42921299077709923,4.0,4.0,0.09033931361219122,0.8174806389580016,1.039091222642604
48.334432819475445,0.5,2.540183496503497,50.87461631597894,True,8549,9055,507,0.3210450704783022,legacy,computed,False,,507.0,507.0,1.3080206298156951,1.410144291413036,0.4599505179084361,0.1964861742709679,125.90336505267001,0.4809666257498019,0.5161999554153855,0.25015224707623335,4.0,4.0,0.15487025486573303,1.004361201545742,1.070703414007351
48.334432819475445,0.5,2.540183496503497,50.87461631597894,True,8549,9055,507,0.3210450704783022,ellipse_constrained,computed,False,,507.0,507.0,1.2643817014946976,1.444021985076019,0.3325801583247046,0.27194032862641465,84.01292419433592,0.5721756366772316,0.5774703791229641,0.039676141696520326,4.0,4.0,0.09556518162509514,0.9556588059209457,1.0445878905754067
48.334432819475445,0.5,2.540183496503497,50.87461631597894,True,8549,9055,507,0.3210450704783022,geometric_ellipse,computed,False,True,507.0,507.0,1.2659168132878276,1.45213947866376,0.34570710950182054,0.1674130196549233,88.59491153108362,0.4326876247855631,0.495724695309702,0.1474824932981169,4.0,4.0,0.06412642908697777,0.8649806974019887,1.1191135363520395
48.334432819475445,1.0,5.080366993006994,53.41479981248244,True,8549,9562,1014,0.3210450704783022,legacy,computed,False,,1014.0,1014.0,1.2924199206197717,1.457353710766308,0.4579532913065125,0.18351129892784568,120.06187084057501,0.4880660584334582,0.5080967132056684,0.13473471347239083,4.0,4.0,0.0,1.0,1.0
48.334432819475445,1.0,5.080366993006994,53.41479981248244,True,8549,9562,1014,0.3210450704783022,ellipse_constrained,computed,False,,1014.0,1014.0,1.2697006899264665,1.4742381328159553,0.34801139932384656,0.26033264513206017,84.70860290527342,0.565505421824961,0.5629845111367919,0.03814095646439117,4.0,4.0,0.0,1.0,1.0
48.334432819475445,1.0,5.080366993006994,53.41479981248244,True,8549,9562,1014,0.3210450704783022,geometric_ellipse,computed,False,True,1014.0,1014.0,1.2674944930204994,1.4726664124369293,0.39967031696796074,0.14959431212014238,90.61768847155982,0.47178086086251864,0.4809794329875283,0.07150341164830097,4.0,4.0,0.0,1.0,1.0
48.334432819475445,2.0,10.160733986013987,58.49516680548943,True,8549,10577,2029,0.3210450704783022,legacy,computed,False,,2029.0,2029.0,1.314745268943376,1.446702377787998,0.39943617009564053,0.1812309932890128,124.1988459790365,0.5139817981637154,0.5331193757653119,0.07591860956578181,4.0,4.0,0.07704852153613989,0.8722203283135573,0.9875740313966745
48.334432819475445,2.0,10.160733986013987,58.49516680548943,True,8549,10577,2029,0.3210450704783022,ellipse_constrained,computed,False,,2029.0,2029.0,1.2836939977030044,1.4685720108687177,0.3208717060017473,0.26611323185261954,84.9427032470703,0.5872442189371528,0.6098463645478346,0.05794378953037777,4.0,4.0,0.04702436352541943,0.9220149300430126,1.0222046171644246
48.334432819475445,2.0,10.160733986013987,58.49516680548943,True,8549,10577,2029,0.3210450704783022,geometric_ellipse,computed,False,True,2029.0,2029.0,1.2896302653568235,1.4611118553089557,0.28391722294364646,0.19312724210318716,99.27956154255794,0.5055612314877672,0.550734837633677,0.05946871638408707,4.0,4.0,0.07777719836387774,0.710378556750329,1.2910065855183221
48.83525447823661,0.25,1.2700917482517484,50.10534622648836,True,8649,8902,254,0.31316645021645007,legacy,computed,False,,254.0,254.0,1.2184732502129914,1.4834906626316189,0.4617046003320128,0.1782562652552875,121.48532911292045,0.4603344115852502,0.5690031906075543,0.25634861293068395,4.0,4.0,0.22537689206754938,1.0833793757793913,0.9872726934704747
48.83525447823661,0.25,1.2700917482517484,50.10534622648836,True,8649,8902,254,0.31316645021645007,ellipse_constrained,computed,False,,254.0,254.0,1.2383836363596565,1.4550828119238062,0.2857627348416823,0.20779669272968884,83.40655517578125,0.405815042400105,0.5527645703716236,0.16613989361120848,4.0,4.0,0.13783550499013594,0.8319505361671413,0.8141457150425577
48.83525447823661,0.25,1.2700917482517484,50.10534622648836,True,8649,8902,254,0.31316645021645007,geometric_ellipse,computed,False,True,254.0,254.0,1.2397297628331196,1.4514217765995294,0.3769824332857465,0.14597438820664055,77.63825695152346,0.4145003462071991,0.5131587311466858,0.13260032860580367,4.0,4.0,0.11225803258390842,0.952723083625019,0.9528415497343677
48.83525447823661,0.5,2.540183496503497,51.3754379747401,True,8649,9155,507,0.31316645021645007,legacy,computed,False,,507.0,507.0,1.2933359816226873,1.4277441179098251,0.3868814465920899,0.20587797406740752,122.17966349949415,0.4794127536789304,0.5117602199983519,0.10209138881434143,4.0,4.0,0.1412603532855643,0.9078085421028124,1.1402555848047247
48.83525447823661,0.5,2.540183496503497,51.3754379747401,True,8649,9155,507,0.31316645021645007,ellipse_constrained,computed,False,,507.0,507.0,1.266299000071631,1.4448781762036138,0.3252690495523381,0.2625562565651936,84.85847473144531,0.5147928937396405,0.5456701027787737,0.047676859972788276,4.0,4.0,0.10599470328153063,0.9469665816418145,1.0286932310238164
48.83525447823661,0.5,2.540183496503497,51.3754379747401,True,8649,9155,507,0.31316645021645007,geometric_ellipse,computed,False,True,507.0,507.0,1.264993235176152,1.4406515301704221,0.3281143244985602,0.18728198690968276,88.77486188869376,0.4125558493955849,0.476335376604087,0.0690671236792996,4.0,4.0,0.07168802753089377,0.8292219037720019,1.2224751261963898
48.83525447823661,1.0,5.080366993006994,53.9156214712436,True,8649,9662,1014,0.31316645021645007,legacy,computed,False,,1014.0,1014.0,1.288056148173475,1.4716659154948915,0.426170749281487,0.1805542343409485,119.48136166168302,0.498361061462962,0.5199070516200238,0.1333934261918417,4.0,4.0,0.0,1.0,1.0
48.83525447823661,1.0,5.080366993006994,53.9156214712436,True,8649,9662,1014,0.31316645021645007,ellipse_constrained,computed,False,,1014.0,1014.0,1.2757464910336997,1.476699325658112,0.34348524632030736,0.2552328027898872,85.96051025390624,0.5588925462413158,0.5610907358517871,0.050560590023293356,4.0,4.0,0.0,1.0,1.0
48.83525447823661,1.0,5.080366993006994,53.9156214712436,True,8649,9662,1014,0.31316645021645007,geometric_ellipse,computed,False,True,1014.0,1014.0,1.2734217144973736,1.4614596064299337,0.3956894083550121,0.15319901640239675,92.11681529901024,0.4558935612011978,0.5043167059945,0.07627644483254814,4.0,4.0,0.0,1.0,1.0
48.83525447823661,2.0,10.160733986013987,58.995988464250594,True,8649,10677,2029,0.31316645021645007,legacy,computed,False,,2029.0,2029.0,1.31290498017891,1.453683262378796,0.38880027310121235,0.1788846757755982,124.46530461800553,0.5203251861287267,0.5376906256366024,0.10108498619474184,4.0,4.0,0.09794510096676917,0.912311024998125,0.9907531464357817
48.83525447823661,2.0,10.160733986013987,58.995988464250594,True,8649,10677,2029,0.31316645021645007,ellipse_constrained,computed,False,,2029.0,2029.0,1.2846238432929276,1.4731358894833064,0.3165284509962533,0.2621129617787879,84.90945434570311,0.5766234221797601,0.5984738242951979,0.06367155151462138,4.0,4.0,0.030545572966781346,0.9215197869112659,1.0269564057350598
48.83525447823661,2.0,10.160733986013987,58.995988464250594,True,8649,10677,2029,0.31316645021645007,geometric_ellipse,computed,False,True,2029.0,2029.0,1.2922414695384836,1.4657642033835792,0.27225650202258833,0.19533580462439296,102.64488104491676,0.5003298036032395,0.5435429662944392,0.0573820587424893,4.0,4.0,0.06164699141423263,0.6880560769984525,1.2750460754350965
49.33607613699777,0.25,1.2700917482517484,50.60616788524952,True,8749,9002,254,0.3106949312291083,legacy,computed,False,,254.0,254.0,1.3078546212340818,1.4119303718501017,0.39777713001741116,0.19193370114584485,112.98686265213068,0.45613082089735135,0.5140353322695701,0.170517585455456,4.0,4.0,0.14620638737283886,0.9236061376304089,1.0627868909632392
49.33607613699777,0.25,1.2700917482517484,50.60616788524952,True,8749,9002,254,0.3106949312291083,ellipse_constrained,computed,False,,254.0,254.0,1.278749246464431,1.4425144705574784,0.3104812275638507,0.20274515506351762,82.14624023437499,0.403899042404669,0.46108646413362053,0.09609319826227714,4.0,4.0,0.12001303500304844,0.9033888791628969,0.7863762764301694
49.33607613699777,0.25,1.2700917482517484,50.60616788524952,True,8749,9002,254,0.3106949312291083,geometric_ellipse,computed,False,True,254.0,254.0,1.2694060932055615,1.402906294950039,0.44371705384585136,0.13761856464218988,83.58391874264731,0.38705335338379754,0.4999287428917063,0.3084129074515984,4.0,4.0,0.21734287290785512,1.271313392831803,0.81796792701986
49.33607613699777,0.5,2.540183496503497,51.87625963350126,True,8749,9255,507,0.3106949312291083,legacy,computed,False,,507.0,507.0,1.3008731349660143,1.4230604267089062,0.3847522290908876,0.19568884261978092,117.08530463240137,0.47958520318112735,0.48802582421481666,0.05298774627295542,4.0,4.0,0.11517191173153508,0.8933633772252578,1.08358008730336
49.33607613699777,0.5,2.540183496503497,51.87625963350126,True,8749,9255,507,0.3106949312291083,ellipse_constrained,computed,False,,507.0,507.0,1.2714011394237938,1.4514861755181732,0.3291676272938472,0.2525395257392028,87.32318115234375,0.49125591057914436,0.5106520710254125,0.04770755617451801,4.0,4.0,0.10507674712923651,0.9577595921368391,0.9795109128009447
49.33607613699777,0.5,2.540183496503497,51.87625963350126,True,8749,9255,507,0.3106949312291083,geometric_ellipse,computed,False,True,507.0,507.0,1.26531237408089,1.4457907003760226,0.3537194786891857,0.16511442522575712,90.52911695167471,0.39261355718085456,0.442185840261155,0.06759612526981551,4.0,4.0,0.10099325449370201,1.0134573523046702,0.9813959655380916
49.33607613699777,1.0,5.080366993006994,54.416443130004765,True,8749,9762,1014,0.3106949312291083,legacy,computed,False,,1014.0,1014.0,1.3115862455800698,1.4572024229780975,0.43067830952048747,0.18059472014364888,118.73288620641996,0.49196275143593304,0.5446133433669921,0.13297399627008347,4.0,4.0,0.0,1.0,1.0
49.33607613699777,1.0,5.080366993006994,54.416443130004765,True,8749,9762,1014,0.3106949312291083,ellipse_constrained,computed,False,,1014.0,1014.0,1.2906572656712296,1.47784933130271,0.34368502283485103,0.25782206450059597,87.26641845703125,0.5666917736511584,0.5792354215879933,0.09155284589806266,4.0,4.0,0.0,1.0,1.0
49.33607613699777,1.0,5.080366993006994,54.416443130004765,True,8749,9762,1014,0.3106949312291083,geometric_ellipse,computed,False,True,1014.0,1014.0,1.2875194394563987,1.4679589416516656,0.34902255914844743,0.1682444507862086,96.10181522640656,0.45266878493411156,0.5718414719518492,0.07067024684248888,4.0,4.0,0.0,1.0,1.0
49.33607613699777,2.0,10.160733986013987,59.496810123011755,True,8749,10777,2029,0.3106949312291083,legacy,computed,False,,2029.0,2029.0,1.3163327055090526,1.450473419428702,0.39279288998659556,0.17674858803444674,122.79137014089252,0.5082963936961159,0.5224419960075719,0.07045456791888614,4.0,4.0,0.02650375976066035,0.9120331377355105,0.9787029648145701
49.33607613699777,2.0,10.160733986013987,59.496810123011755,True,8749,10777,2029,0.3106949312291083,ellipse_constrained,computed,False,,2029.0,2029.0,1.2870268315788311,1.4732096820520377,0.31807166900894385,0.2590194234150501,87.56388854980467,0.5779749564480628,0.5980719482230786,0.061672873385835957,4.0,4.0,0.018961408568049804,0.9254743380591972,1.0046441289529404
49.33607613699777,2.0,10.160733986013987,59.496810123011755,True,8749,10777,2029,0.3106949312291083,geometric_ellipse,computed,False,True,2029.0,2029.0,1.2896040022202024,1.4662139336214612,0.2814977469697881,0.18754472199362285,99.90658435427348,0.484968273796088,0.5231220694630606,0.06546701024199102,4.0,4.0,0.008749866334410012,0.806531668487539,1.1147156480776859
49.83689779575893,0.25,1.2700917482517484,51.10698954401068,True,8849,9102,254,0.29615973181178856,legacy,computed,False,,254.0,254.0,1.3009171587541255,1.3978644995261176,0.35512559156363305,0.22636433467617587,120.10058790102528,0.5248204819398729,0.5961327049226545,0.15257429126822106,4.0,4.0,0.1683863468152368,0.8587918216308595,1.2438949334498142
49.83689779575893,0.25,1.2700917482517484,51.10698954401068,True,8849,9102,254,0.29615973181178856,ellipse_constrained,computed,False,,254.0,254.0,1.2739032776088273,1.4157330119196712,0.2922785052834151,0.24263659823218542,84.61540222167967,0.49832100583245875,0.5304894595879821,0.1301808197622105,4.0,4.0,0.20325886075359237,0.8468283737936152,0.9428763724885608
49.83689779575893,0.25,1.2700917482517484,51.10698954401068,True,8849,9102,254,0.29615973181178856,geometric_ellipse,computed,False,True,254.0,254.0,1.2678331107798602,1.4181388090545162,0.2932289887080414,0.23127106325033467,89.67136595550917,0.46956565690054447,0.5585566694502669,0.12094040079755115,4.0,4.0,0.16077890094809197,1.0374381269797952,1.1596865193691468
49.83689779575893,0.5,2.540183496503497,52.377081292262424,True,8849,9355,507,0.29615973181178856,legacy,computed,False,,507.0,507.0,1.2825683862562414,1.4590085813029439,0.45555416391688675,0.18881748178628605,117.20778382057483,0.4840576527123305,0.5604853810332785,0.34743287706039133,4.0,4.0,0.1332337487434886,1.1016558636597291,1.0375711760278155
49.83689779575893,0.5,2.540183496503497,52.377081292262424,True,8849,9355,507,0.29615973181178856,ellipse_constrained,computed,False,,507.0,507.0,1.2659941717167924,1.4657350558368405,0.36131233076007657,0.25698905024962,91.92881095409393,0.560706627516437,0.5875566552461204,0.12853635134966593,4.0,4.0,0.08525657081436126,1.0468424053025915,0.9986494421454521
49.83689779575893,0.5,2.540183496503497,52.377081292262424,True,8849,9355,507,0.29615973181178856,geometric_ellipse,computed,False,True,507.0,507.0,1.2583465844852606,1.4772533253984317,0.4903346257529193,0.15136777602156923,92.33900573247763,0.4460438139637027,0.5489327997580536,0.15906697135035983,4.0,4.0,0.12681558150207223,1.7347938141304826,0.7590191650093873
49.83689779575893,1.0,5.080366993006994,54.91726478876592,True,8849,9862,1014,0.29615973181178856,legacy,computed,False,,1014.0,1014.0,1.3191719364143932,1.444272534585835,0.41351766821584746,0.1819802690637044,118.34225504083386,0.5205699743952447,0.5607194197100985,0.18841097983075494,4.0,4.0,0.0,1.0,1.0
49.83689779575893,1.0,5.080366993006994,54.91726478876592,True,8849,9862,1014,0.29615973181178856,ellipse_constrained,computed,False,,1014.0,1014.0,1.2899359380586775,1.473755795427047,0.34514491286359256,0.2573365982136,84.35874938964842,0.5659116218400491,0.5794776457518078,0.12021624521255486,4.0,4.0,0.0,1.0,1.0
49.83689779575893,1.0,5.080366993006994,54.91726478876592,True,8849,9862,1014,0.29615973181178856,geometric_ellipse,computed,False,True,1014.0,1014.0,1.291438975695186,1.4594917906894536,0.2826472066933706,0.19942549938076617,100.23951858580035,0.5293911093363567,0.6207590771882591,0.09376553702144237,4.0,4.0,0.0,1.0,1.0
49.83689779575893,2.0,10.160733986013987,59.99763178177292,True,8849,10877,2029,0.29615973181178856,legacy,computed,False,,2029.0,2029.0,1.3160335297918964,1.445199917602811,0.388561346714931,0.17858271662673186,122.66281105634056,0.5197533605566816,0.5368005473655818,0.04259172349170932,4.0,4.0,0.011049975995716879,0.9396487177716194,0.9813301054314675
49.83689779575893,2.0,10.160733986013987,59.99763178177292,True,8849,10877,2029,0.29615973181178856,ellipse_constrained,computed,False,,2029.0,2029.0,1.2863368923644967,1.4682147814196296,0.3167521971487624,0.2596376417653377,87.47972106933592,0.5864875732033796,0.6037848443774335,0.043636636528333626,4.0,4.0,0.022309806001843697,0.9177368268902997,1.0089417656396769
49.83689779575893,2.0,10.160733986013987,59.99763178177292,True,8849,10877,2029,0.29615973181178856,geometric_ellipse,computed,False,True,2029.0,2029.0,1.2882192390238754,1.4596030163673692,0.2754879574529454,0.19178114634541596,99.37931514245372,0.49285451049063417,0.5403404640277325,0.06670942661157547,4.0,4.0,0.010878106966630257,0.974670723534898,0.9616681263976442
50.33771945452009,0.25,1.2700917482517484,51.60781120277184,True,8949,9202,254,0.27232013102362074,legacy,computed,False,,254.0,254.0,1.3053825018416736,1.4563465961461322,0.31271720054606456,0.21260773924096793,128.1043554376868,0.5293533724542283,0.6572800439021195,0.15393561149820506,4.0,4.0,0.09336102247430576,0.8152985285228537,1.2081484556346618
50.33771945452009,0.25,1.2700917482517484,51.60781120277184,True,8949,9202,254,0.27232013102362074,ellipse_constrained,computed,False,,254.0,254.0,1.2819305651852715,1.4653411267407483,0.2524640212095482,0.24051604343807964,84.2625732421875,0.4605840100455289,0.6199961758291545,0.14353002592930078,4.0,4.0,0.12087822058745967,0.7768638233414947,0.9395409535825704
50.33771945452009,0.25,1.2700917482517484,51.60781120277184,True,8949,9202,254,0.27232013102362074,geometric_ellipse,computed,False,True,254.0,254.0,1.294230101465978,1.466036760138703,0.2699646573025724,0.21670792264304864,132.7692346669578,0.5310373050190139,0.6371624635540546,0.14714388403405493,4.0,4.0,0.051924966090716076,1.002140669019642,1.0851849321105826
50.33771945452009,0.5,2.540183496503497,52.877902951023586,True,8949,9455,507,0.27232013102362074,legacy,computed,False,,507.0,507.0,1.296895207282988,1.4768150145528856,0.40188133364239476,0.1811798678961949,121.5164033425554,0.5134019784638462,0.5927351258704644,0.17094869804770607,4.0,4.0,0.09194929234359508,1.0477621934044583,1.0295588409544643
50.33771945452009,0.5,2.540183496503497,52.877902951023586,True,8949,9455,507,0.27232013102362074,ellipse_constrained,computed,False,,507.0,507.0,1.2732270770083702,1.4924781562430254,0.327481584646841,0.2532706519825336,92.01119494438171,0.5712385903484528,0.6172337671197772,0.11310017676566343,4.0,4.0,0.08126321749355951,1.0077023835072088,0.9893649773904201
50.33771945452009,0.5,2.540183496503497,52.877902951023586,True,8949,9455,507,0.27232013102362074,geometric_ellipse,computed,False,True,507.0,507.0,1.275121421606806,1.4797095308206378,0.2868148505821909,0.18476126759351022,99.53968883904992,0.5191613408731489,0.6373800942806875,0.1707238679654679,4.0,4.0,0.11854053183025554,1.064690575126134,0.9252091071925563
50.33771945452009,1.0,5.080366993006994,55.41808644752709,True,8949,9962,1014,0.27232013102362074,legacy,computed,False,,1014.0,1014.0,1.3219085161823103,1.4756669220356093,0.38356159076190305,0.17597815752641202,122.74814982851811,0.5180656302237389,0.5587279175943056,0.1282082442808051,4.0,4.0,0.0,1.0,1.0
50.33771945452009,1.0,5.080366993006994,55.41808644752709,True,8949,9962,1014,0.27232013102362074,ellipse_constrained,computed,False,,1014.0,1014.0,1.2951511649993985,1.4954871437926438,0.3249784757946822,0.2559931448660819,87.0780792236328,0.586597723142709,0.6098907042451636,0.07734596711964808,4.0,4.0,0.0,1.0,1.0
50.33771945452009,1.0,5.080366993006994,55.41808644752709,True,8949,9962,1014,0.27232013102362074,geometric_ellipse,computed,False,True,1014.0,1014.0,1.3066524592432107,1.4727918076616746,0.26938798678499803,0.1996967670953301,119.8099367946914,0.5511165605053752,0.5674084935319231,0.09263308290394,4.0,4.0,0.0,1.0,1.0
50.33771945452009,2.0,10.160733986013987,60.49845344053408,True,8949,10977,2029,0.27232013102362074,legacy,computed,False,,2029.0,2029.0,1.3154364510372412,1.460742082293694,0.3764951194678625,0.17538881208162962,124.58160975482292,0.5124605620759414,0.5166868379695125,0.05154863026211409,4.0,4.0,0.059737458245353176,0.9815766972912909,0.9966510307127523
50.33771945452009,2.0,10.160733986013987,60.49845344053408,True,8949,10977,2029,0.27232013102362074,ellipse_constrained,computed,False,,2029.0,2029.0,1.2901684819158883,1.4780444664167327,0.30648084006016424,0.25762594730551547,92.04075503349304,0.5905765729320761,0.6058821476366039,0.03815037689542798,4.0,4.0,0.06661424654450031,0.9430804280520887,1.0063783053264483
50.33771945452009,2.0,10.160733986013987,60.49845344053408,True,8949,10977,2029,0.27232013102362074,geometric_ellipse,computed,False,True,2029.0,2029.0,1.2986602301792038,1.468162338132236,0.2643010669990085,0.19285625849122914,112.10645776077517,0.5022682382225061,0.5282042910284539,0.07572261897805334,4.0,4.0,0.03391676353850342,0.9811167533983264,0.9657455215545103
50.83854111328125,0.25,1.2700917482517484,52.108632861533,True,9049,9302,254,0.27487002908770886,legacy,computed,False,,254.0,254.0,1.253030324129065,1.5131043318640973,0.5095833532154459,0.1865248913939677,116.18855380138419,0.439023054429098,0.5507347294402749,0.2546347101187235,4.0,4.0,0.2647666087505102,1.3538912202685425,1.0512790395754408
50.83854111328125,0.25,1.2700917482517484,52.108632861533,True,9049,9302,254,0.27487002908770886,ellipse_constrained,computed,False,,254.0,254.0,1.2570927650713501,1.5071018782519587,0.2980742475213508,0.22228384521159064,93.47656536102295,0.43354581628792105,0.6022930616386503,0.20652035496689744,4.0,4.0,0.14927061045686302,0.9116591607709511,0.8780912630100076
50.83854111328125,0.25,1.2700917482517484,52.108632861533,True,9049,9302,254,0.27487002908770886,geometric_ellipse,computed,False,True,254.0,254.0,1.248333469437751,1.5071548206393028,0.49394080399738616,0.1559955049032846,93.89462402831312,0.45130399095362594,0.5986616420565641,0.2008151662826524,4.0,4.0,0.23734569011072185,1.8318625110038402,0.7788514178953494
50.83854111328125,0.5,2.540183496503497,53.37872460978475,True,9049,9555,507,0.27487002908770886,legacy,computed,False,,507.0,507.0,1.2801131902662581,1.513013228196535,0.4376851822164458,0.17440277480196775,116.18878660942363,0.4557127274934406,0.513927177761107,0.14392524190392977,4.0,4.0,0.18287233995276386,1.1628679031709814,0.9829571818693688
50.83854111328125,0.5,2.540183496503497,53.37872460978475,True,9049,9555,507,0.27487002908770886,ellipse_constrained,computed,False,,507.0,507.0,1.2764116646999757,1.5088083494013689,0.34813305894959173,0.25015160813342924,88.30897521972655,0.5543598081989644,0.5745837962134217,0.08551261278517917,4.0,4.0,0.08804234670641899,1.0647638801331714,0.9881777117935774
50.83854111328125,0.5,2.540183496503497,53.37872460978475,True,9049,9555,507,0.27487002908770886,geometric_ellipse,computed,False,True,507.0,507.0,1.2670174145209987,1.4901119356836627,0.486903045652999,0.14049486900714098,91.83267809485875,0.4199606987187494,0.4597855079742248,0.14824153317205982,4.0,4.0,0.14932101273911585,1.8057618010235092,0.7014601350280902
50.83854111328125,1.0,5.080366993006994,55.91890810628824,True,9049,10062,1014,0.27487002908770886,legacy,computed,False,,1014.0,1014.0,1.3175931376343073,1.4795179015339497,0.3763842660227686,0.17742662449476382,121.45148667887042,0.5097584814046464,0.5520579108946264,0.07636658987532037,4.0,4.0,0.0,1.0,1.0
50.83854111328125,1.0,5.080366993006994,55.91890810628824,True,9049,10062,1014,0.27487002908770886,ellipse_constrained,computed,False,,1014.0,1014.0,1.2963067968601758,1.495030341107857,0.3269579908233272,0.25314435363998977,87.27923583984374,0.5767726905953238,0.5798990760261072,0.07328184192982821,4.0,4.0,0.0,1.0,1.0
50.83854111328125,1.0,5.080366993006994,55.91890810628824,True,9049,10062,1014,0.27487002908770886,geometric_ellipse,computed,False,True,1014.0,1014.0,1.3053585690034923,1.475464231800294,0.26963857878543085,0.20028917110380734,111.75304677022261,0.5515016708091173,0.6292724077400416,0.17684531857145475,4.0,4.0,0.0,1.0,1.0
50.83854111328125,2.0,10.160733986013987,60.99927509929524,True,9049,11077,2029,0.27487002908770886,legacy,computed,False,,2029.0,2029.0,1.3108986690654358,1.461472034439536,0.3804589038015518,0.1710147481662101,124.16034922430543,0.5077845830587612,0.5216894652341484,0.09683175860462545,4.0,4.0,0.07002428485157682,1.0108257388701172,0.9638618141622655
50.83854111328125,2.0,10.160733986013987,60.99927509929524,True,9049,11077,2029,0.27487002908770886,ellipse_constrained,computed,False,,2029.0,2029.0,1.2905194064210448,1.4770861567325495,0.30707052347423175,0.2558886365734877,91.97198450565338,0.6004404026221972,0.627831054829784,0.05898528014427396,4.0,4.0,0.06859380031844625,0.9391742428468686,1.010840782715623
50.83854111328125,2.0,10.160733986013987,60.99927509929524,True,9049,11077,2029,0.27487002908770886,geometric_ellipse,computed,False,True,2029.0,2029.0,1.2871043290950481,1.4675672067097285,0.27913877728124936,0.1782036640276408,99.3068768366442,0.48767238635093757,0.5713146528077963,0.10640457898546325,4.0,4.0,0.07235856214797146,1.0352330832576389,0.8897318963653811
51.33936277204241,0.25,1.2700917482517484,52.609454520294165,True,9149,9402,254,0.26977753441802266,legacy,computed,False,,254.0,254.0,1.2187311501013074,1.5807334401265591,0.5070193326829924,0.15598001827623845,117.22643590944406,0.4372119917905414,0.6078195575482604,0.3552076537098032,4.0,4.0,0.5403525678944539,1.2692424253845285,0.9388605443669513
51.33936277204241,0.25,1.2700917482517484,52.609454520294165,True,9149,9402,254,0.26977753441802266,ellipse_constrained,computed,False,,254.0,254.0,1.2553501804064258,1.5172409152947879,0.2886220304722627,0.1985954913394951,97.3766827583313,0.44171269127114854,0.575648863636784,0.1261117937909077,4.0,4.0,0.15953608524050833,0.9051640006936686,0.7747173020115418
51.33936277204241,0.25,1.2700917482517484,52.609454520294165,True,9149,9402,254,0.26977753441802266,geometric_ellipse,computed,False,True,254.0,254.0,1.25454381745542,1.517554239352715,0.544636009996468,0.12682237784494202,94.6742301653479,0.3881694999029811,0.422425239460439,0.20730419323345675,4.0,4.0,0.2549457437876048,2.057181436502323,0.645865354042793
51.33936277204241,0.5,2.540183496503497,53.87954626854591,True,9149,9655,507,0.26977753441802266,legacy,computed,False,,507.0,507.0,1.2744137161077727,1.54266225542788,0.44363874891357186,0.1658375644095059,118.89763452360114,0.4611896080588075,0.5079576531638317,0.11252003223598502,4.0,4.0,0.29406644052637987,1.1105791936688967,0.9981941771686322
51.33936277204241,0.5,2.540183496503497,53.87954626854591,True,9149,9655,507,0.26977753441802266,ellipse_constrained,computed,False,,507.0,507.0,1.288104490194164,1.518545167917763,0.3440570265124761,0.2467470177236025,92.00179862976074,0.5926970674019599,0.58267217608705,0.08232927129032293,4.0,4.0,0.06086120190240433,1.0790168514691034,0.9625555069799672
51.33936277204241,0.5,2.540183496503497,53.87954626854591,True,9149,9655,507,0.26977753441802266,geometric_ellipse,computed,False,True,507.0,507.0,1.2756842925329746,1.5241618817688045,0.44970850921691113,0.13993134212277925,93.62136406185704,0.4449174196331851,0.5601326583841938,0.14821176073777378,4.0,4.0,0.2163825452508704,1.6986243656642592,0.7126250694677102
51.33936277204241,1.0,5.080366993006994,56.41972976504941,True,9149,10162,1014,0.26977753441802266,legacy,computed,False,,1014.0,1014.0,1.3276390021882865,1.4838343918171284,0.3994661087139333,0.16613757944361335,126.36801319729304,0.5200788283676384,0.5458411269421675,0.1595065194151339,4.0,4.0,0.0,1.0,1.0
51.33936277204241,1.0,5.080366993006994,56.41972976504941,True,9149,10162,1014,0.26977753441802266,ellipse_constrained,computed,False,,1014.0,1014.0,1.296426572528361,1.5043915106605088,0.3188615877908074,0.256345754540198,86.15254211425781,0.6135240900627841,0.6122976344890741,0.058553196337039266,4.0,4.0,0.0,1.0,1.0
51.33936277204241,1.0,5.080366993006994,56.41972976504941,True,9149,10162,1014,0.26977753441802266,geometric_ellipse,computed,False,True,1014.0,1014.0,1.3101047554939687,1.477014349337038,0.26474865091261623,0.19636039779978534,119.32091728333621,0.554842653722244,0.6278377559541052,0.21514489623945926,4.0,4.0,0.0,1.0,1.0
51.33936277204241,2.0,10.160733986013987,61.5000967580564,True,9149,11177,2029,0.26977753441802266,legacy,computed,False,,2029.0,2029.0,1.3105839959361172,1.4639780350306943,0.38907418253115367,0.16763273109890228,126.13273501043525,0.5070729733685673,0.5219780351424586,0.1575048765722743,4.0,4.0,0.09702562775793037,0.973985462205452,1.0089994789878132
51.33936277204241,2.0,10.160733986013987,61.5000967580564,True,9149,11177,2029,0.26977753441802266,ellipse_constrained,computed,False,,2029.0,2029.0,1.2899654193823311,1.479098137244818,0.3052735324319555,0.2574671205666143,91.3393634557724,0.618157845193252,0.6415486260823082,0.06548140343294265,4.0,4.0,0.09676705936977362,0.9573857250947188,1.0043744279222713
51.33936277204241,2.0,10.160733986013987,61.5000967580564,True,9149,11177,2029,0.26977753441802266,geometric_ellipse,computed,False,True,2029.0,2029.0,1.2850318368514793,1.4692380727561845,0.2877941025737622,0.17067116847691427,98.11768110881506,0.503349993513231,0.5622627504009138,0.07964462594266387,4.0,4.0,0.09730657580621488,1.0870465310463562,0.8691730633533115
51.84018443080357,0.25,1.2700917482517484,53.11027617905532,True,9249,9502,254,0.26977753441802266,legacy,computed,False,,254.0,254.0,1.2655538104981336,1.5978867390678535,0.4602018272301756,0.17035975907088613,122.16294002513963,0.4679458239351191,0.5880911369452431,0.18268987761459055,4.0,4.0,0.4553087251884699,1.1291826045493452,1.04514116284661
51.84018443080357,0.25,1.2700917482517484,53.11027617905532,True,9249,9502,254,0.26977753441802266,ellipse_constrained,computed,False,,254.0,254.0,1.2752131088100105,1.5501353028560383,0.29202710420116684,0.21258610096735703,92.6089713573456,0.47525917219795344,0.5778088450865683,0.1166194285892376,4.0,4.0,0.2074096878258696,0.9167402758616928,0.8107960255600752
51.84018443080357,0.25,1.2700917482517484,53.11027617905532,True,9249,9502,254,0.26977753441802266,geometric_ellipse,computed,False,True,254.0,254.0,1.2771415660241545,1.5472967080926745,0.4518481727846991,0.14095036451772713,93.82048996648072,0.42578618342298474,0.5155169776804658,0.12468991767822356,4.0,4.0,0.3030921559385566,1.6925193561784113,0.7024665189177429
51.84018443080357,0.5,2.540183496503497,54.38036792730706,True,9249,9755,507,0.26977753441802266,legacy,computed,False,,507.0,507.0,1.2940702749236803,1.5467549475783384,0.44943858412730203,0.1692522790927883,124.51745213549489,0.47568907554517664,0.5099872301170144,0.1824855725718776,4.0,4.0,0.23853996216383927,1.1027731768566085,1.038346876928086
51.84018443080357,0.5,2.540183496503497,54.38036792730706,True,9249,9755,507,0.26977753441802266,ellipse_constrained,computed,False,,507.0,507.0,1.3094959341630965,1.5178885016872627,0.33870559678010814,0.2620133363964981,95.28611183166504,0.6034421523260678,0.6140585702651987,0.10949792783398891,4.0,4.0,0.07592429029831754,1.0632748048420875,0.9993097894327349
51.84018443080357,0.5,2.540183496503497,54.38036792730706,True,9249,9755,507,0.26977753441802266,geometric_ellipse,computed,False,True,507.0,507.0,1.3085400441642798,1.5354182381351782,0.38850897308067495,0.15518763274599023,108.10576483352065,0.4357505921352605,0.6356117372119956,0.21414048670434563,4.0,4.0,0.2288816278981742,1.4552652784575044,0.7734220236120803
51.84018443080357,1.0,5.080366993006994,56.920551423810565,True,9249,10262,1014,0.26977753441802266,legacy,computed,False,,1014.0,1014.0,1.3290540074352384,1.492741880658195,0.4075530612817414,0.1630016739622846,128.05730500632848,0.5133613145837929,0.5547935539923122,0.16725118094218805,4.0,4.0,0.0,1.0,1.0
51.84018443080357,1.0,5.080366993006994,56.920551423810565,True,9249,10262,1014,0.26977753441802266,ellipse_constrained,computed,False,,1014.0,1014.0,1.299774664192488,1.4998597304599661,0.3185494429451952,0.26219430567695307,88.85264587402344,0.6050618379234366,0.6506781498377788,0.10871598630482097,4.0,4.0,0.0,1.0,1.0
51.84018443080357,1.0,5.080366993006994,56.920551423810565,True,9249,10262,1014,0.26977753441802266,geometric_ellipse,computed,False,True,1014.0,1014.0,1.3130505085401278,1.473836075997725,0.2669678022500967,0.20065065127215276,123.89574026981381,0.5459119657568029,0.6010831829220622,0.18959014245743022,3.0,4.0,0.0,1.0,1.0
51.84018443080357,2.0,10.160733986013987,62.000918416817555,True,9249,11277,2029,0.26977753441802266,legacy,computed,False,,2029.0,2029.0,1.3094027424985843,1.4660443522241908,0.39610761319274407,0.16657563658238245,127.22116454495082,0.5064911441074523,0.5249509252930787,0.15417625451315242,4.0,4.0,0.12287945615878056,0.9719166676039636,1.0219259258707047
51.84018443080357,2.0,10.160733986013987,62.000918416817555,True,9249,11277,2029,0.26977753441802266,ellipse_constrained,computed,False,,2029.0,2029.0,1.2883213350026612,1.4791174836627514,0.30388847939096675,0.25982663739019424,91.53209209442139,0.623372636477692,0.650657384061567,0.07775414253154486,4.0,4.0,0.08782900957404938,0.9539758618986164,0.9909697951652847
51.84018443080357,2.0,10.160733986013987,62.000918416817555,True,9249,11277,2029,0.26977753441802266,geometric_ellipse,computed,False,True,2029.0,2029.0,1.2859197854816669,1.4682258440896916,0.28391202754386374,0.1725283155800853,99.19324160114357,0.5037883619801846,0.5551506096372958,0.08290643671617687,4.0,4.0,0.10269464388870221,1.0634691717538791,0.859844284014191
52.34100608956473,0.25,1.2700917482517484,53.61109783781648,True,9349,9602,254,0.25842334800452016,legacy,computed,False,,254.0,254.0,1.317247670791533,1.5059175220659757,0.38018005510777425,0.16680233955314538,109.39663283767034,0.4303589979932883,0.49591694955288745,0.2530028581679841,4.0,4.0,0.14527662978251749,1.05416671531247,1.004716744695164
52.34100608956473,0.25,1.2700917482517484,53.61109783781648,True,9349,9602,254,0.25842334800452016,ellipse_constrained,computed,False,,254.0,254.0,1.3028481233468188,1.5319664643288007,0.2796836409394753,0.1884999816567803,86.37341308593749,0.45243076677616917,0.48173518653288727,0.09236186170725849,4.0,4.0,0.16239442042666294,0.9502509170657779,0.7410267273601344
52.34100608956473,0.25,1.2700917482517484,53.61109783781648,True,9349,9602,254,0.25842334800452016,geometric_ellipse,computed,False,True,254.0,254.0,1.2848046450691886,1.5425282166250798,0.3952984347951359,0.14374961349753246,85.43900284065496,0.4112638529212205,0.39238811752419084,0.0401896314253053,4.0,4.0,0.31043949970970636,1.486299702808272,0.7473514419086582
52.34100608956473,0.5,2.540183496503497,54.881189586068224,True,9349,9855,507,0.25842334800452016,legacy,computed,False,,507.0,507.0,1.3384175308954773,1.4921547651527727,0.3594369323598839,0.16970795961070387,120.18166786539172,0.4855108921027322,0.5141821271448611,0.0593032950442334,4.0,4.0,0.06863280786184218,0.9966499958562953,1.0222184484085042
52.34100608956473,0.5,2.540183496503497,54.881189586068224,True,9349,9855,507,0.25842334800452016,ellipse_constrained,computed,False,,507.0,507.0,1.3216854913095673,1.505374660615812,0.32049737219599195,0.2410792511504636,91.4605370759964,0.5725880786781586,0.5828170567380669,0.1409716348380878,4.0,4.0,0.0865240799420291,1.0889193262194403,0.9477251241315126
52.34100608956473,0.5,2.540183496503497,54.881189586068224,True,9349,9855,507,0.25842334800452016,geometric_ellipse,computed,False,True,507.0,507.0,1.3239243411847414,1.4755843072348336,0.2701410715953502,0.1905223523312525,123.5326453397554,0.4805482338421642,0.6711082282107179,0.3040956814316856,4.0,4.0,0.036903688494189,1.0157151131563695,0.9905220004854839
52.34100608956473,1.0,5.080366993006994,57.42137308257172,True,9349,10362,1014,0.25842334800452016,legacy,computed,False,,1014.0,1014.0,1.3376975198296162,1.474433065717496,0.3606450949222803,0.16601926904657496,128.30276378896636,0.497847783894264,0.5147840405808871,0.049043745171618996,4.0,4.0,0.0,1.0,1.0
52.34100608956473,1.0,5.080366993006994,57.42137308257172,True,9349,10362,1014,0.25842334800452016,ellipse_constrained,computed,False,,1014.0,1014.0,1.3053783544666238,1.4900762998831834,0.294326094210036,0.25437676496271705,96.67244863510132,0.5849985600464247,0.6214124232892047,0.06912461627419841,4.0,4.0,0.0,1.0,1.0
52.34100608956473,1.0,5.080366993006994,57.42137308257172,True,9349,10362,1014,0.25842334800452016,geometric_ellipse,computed,False,True,1014.0,1014.0,1.316986320976613,1.469041070426801,0.2659614572002159,0.19234540195762628,128.0502607119553,0.486723282861855,0.522663152562908,0.057616107550665895,4.0,4.0,0.0,1.0,1.0
52.34100608956473,2.0,10.160733986013987,62.50174007557872,True,9349,11377,2029,0.25842334800452016,legacy,computed,False,,2029.0,2029.0,1.3159152956769182,1.4537055926227895,0.36291507736709705,0.16960621823239633,129.2391625549181,0.5032675692256852,0.5288207687987896,0.05433017629271063,4.0,4.0,0.1163522826610233,1.0062942279730878,1.0216056196754792
52.34100608956473,2.0,10.160733986013987,62.50174007557872,True,9349,11377,2029,0.25842334800452016,ellipse_constrained,computed,False,,2029.0,2029.0,1.290678548601109,1.4704958441863567,0.2882329370507995,0.25884748290179427,92.80397057533266,0.6245288285801485,0.642609841309926,0.05932112042426707,4.0,4.0,0.09474473185231819,0.9792979376307411,1.017575181993263
52.34100608956473,2.0,10.160733986013987,62.50174007557872,True,9349,11377,2029,0.25842334800452016,geometric_ellipse,computed,False,True,2029.0,2029.0,1.287520246726408,1.4635686454377645,0.2736325249651828,0.17448820983772728,100.24069993396273,0.4929985023409396,0.5548197357058096,0.07849449846225995,4.0,4.0,0.11597223941020161,1.0288427798738977,0.9071608058307891
52.84182774832589,0.25,1.2700917482517484,54.11191949657764,True,9449,9702,254,0.2661927167276191,legacy,computed,False,,254.0,254.0,1.3010702528585494,1.555406676595773,0.4234338590515536,0.17670535805666032,118.33419417467158,0.472427310434676,0.7267832857764538,0.3698654555685719,4.0,4.0,0.3410266596705363,1.1621034320943084,1.0261835211082206
52.84182774832589,0.25,1.2700917482517484,54.11191949657764,True,9449,9702,254,0.2661927167276191,ellipse_constrained,computed,False,,254.0,254.0,1.3336740815459398,1.5082541210858278,0.28746336892461627,0.21039113321173222,99.59295845031738,0.4788058054437766,0.7101782478784727,0.22409695277799435,4.0,4.0,0.1545371582467279,0.9473022768142364,0.8035656081309268
52.84182774832589,0.25,1.2700917482517484,54.11191949657764,True,9449,9702,254,0.2661927167276191,geometric_ellipse,computed,False,True,254.0,254.0,1.3284055701361956,1.4678125906178454,0.2586984212671111,0.19479110791280826,125.63311535682386,0.5936764289988891,0.7832054859563735,0.34205463271626896,4.0,4.0,0.045992351849988546,0.9703165317449889,0.9970500875654995
52.84182774832589,0.5,2.540183496503497,55.382011244829386,True,9449,9955,507,0.2661927167276191,legacy,computed,False,,507.0,507.0,1.3368692290041582,1.5049817790918314,0.3643081989486897,0.16880087171788638,123.97794174179788,0.4908333532529179,0.5550542391966846,0.35046775560006,4.0,4.0,0.13423938535355934,0.9998345651589079,0.9802796859733859
52.84182774832589,0.5,2.540183496503497,55.382011244829386,True,9449,9955,507,0.2661927167276191,ellipse_constrained,computed,False,,507.0,507.0,1.3190438355159932,1.510923220361441,0.32301696123358625,0.24699298013259766,91.82041537761688,0.5866110502763279,0.5739074743759892,0.1519538560823099,4.0,4.0,0.12585588454219335,1.064465027216861,0.9433623045538737
52.84182774832589,0.5,2.540183496503497,55.382011244829386,True,9449,9955,507,0.2661927167276191,geometric_ellipse,computed,False,True,507.0,507.0,1.326250859799033,1.4793287119800556,0.2715719156749873,0.19550076731490956,125.77882291019955,0.47028994566111837,0.5310998813505178,0.25657781884171593,4.0,4.0,0.0609703630392279,1.0186019614901953,1.0006825222109428
52.84182774832589,1.0,5.080366993006994,57.92219474133289,True,9449,10462,1014,0.2661927167276191,legacy,computed,False,,1014.0,1014.0,1.3310579401531981,1.4697239391103631,0.36436847818997803,0.17219664360408796,127.60288173241871,0.500445686631026,0.5347864166158579,0.1240879505660253,4.0,4.0,0.0,1.0,1.0
52.84182774832589,1.0,5.080366993006994,57.92219474133289,True,9449,10462,1014,0.2661927167276191,ellipse_constrained,computed,False,,1014.0,1014.0,1.3018786894910404,1.48215281206174,0.3034547429690039,0.26182197331851553,92.18627643585205,0.6012791031222678,0.627773841567168,0.07594526640102654,4.0,4.0,0.0,1.0,1.0
52.84182774832589,1.0,5.080366993006994,57.92219474133289,True,9449,10462,1014,0.2661927167276191,geometric_ellipse,computed,False,True,1014.0,1014.0,1.3162265085883325,1.4665646627823723,0.26661240203944114,0.19536742470825147,132.4174830597959,0.4887820290492464,0.5009325554897642,0.03200761674162531,4.0,4.0,0.0,1.0,1.0
52.84182774832589,2.0,10.160733986013987,63.00256173433988,True,9449,11477,2029,0.2661927167276191,legacy,computed,False,,2029.0,2029.0,1.3139292673258067,1.453650258455602,0.3672358592442566,0.17048997122566173,129.53101461364025,0.50922516613156,0.5222818532486591,0.05474295724410655,4.0,4.0,0.08824230206417084,1.0078694542088888,0.9900888173967538
52.84182774832589,2.0,10.160733986013987,63.00256173433988,True,9449,11477,2029,0.2661927167276191,ellipse_constrained,computed,False,,2029.0,2029.0,1.2908219485005412,1.4670939475119793,0.28946590215259577,0.25984388482848136,93.14706563949585,0.6261141424454132,0.6456142603052198,0.06355859045819737,4.0,4.0,0.07018261769526984,0.9539013934020567,0.9924449103145833
52.84182774832589,2.0,10.160733986013987,63.00256173433988,True,9449,11477,2029,0.2661927167276191,geometric_ellipse,computed,False,True,2029.0,2029.0,1.2873758426389266,1.4609835472947204,0.2740189915001991,0.175071958765783,99.66035172699249,0.4957085639184924,0.5621026067032242,0.0768747106168488,4.0,4.0,0.110391964170389,1.0277803635693672,0.8961164279419849
53.34264940708705,0.25,1.2700917482517484,54.6127411553388,True,9549,9802,254,0.26223463200337416,legacy,computed,False,,254.0,254.0,1.3300325111737004,1.4698119935447491,0.3050918325738487,0.1798540994106808,139.0601192881181,0.3741508203419235,0.4869808732656124,0.12702637482490953,4.0,4.0,0.05720091433746056,0.9155876356655416,1.0059226437982474
53.34264940708705,0.25,1.2700917482517484,54.6127411553388,True,9549,9802,254,0.26223463200337416,ellipse_constrained,computed,False,,254.0,254.0,1.3220950503006916,1.4713395414150607,0.26716615510400105,0.21128732874750317,138.20106887817383,0.3927226941709446,0.508287645489174,0.10336252757007926,4.0,4.0,0.09814912285135383,0.9481093750003523,0.810457454083806
53.34264940708705,0.25,1.2700917482517484,54.6127411553388,True,9549,9802,254,0.26223463200337416,geometric_ellipse,computed,False,True,254.0,254.0,1.3218968118426286,1.4648671521743297,0.2724935285523523,0.193227295815677,140.768570788933,0.3975014726734889,0.5041456428790804,0.07178147581233289,4.0,4.0,0.031551217172148205,1.0267435695928815,0.9658959060885576
53.34264940708705,0.5,2.540183496503497,55.88283290359055,True,9549,10055,507,0.26223463200337416,legacy,computed,False,,507.0,507.0,1.3411075091873972,1.4699491639112716,0.31319425321510586,0.18114057485979895,134.80216462170557,0.38848141588762924,0.43755993816920413,0.11195661400526402,4.0,4.0,0.07820310096221357,0.9399031871357719,1.0131178914417471
53.34264940708705,0.5,2.540183496503497,55.88283290359055,True,9549,10055,507,0.26223463200337416,ellipse_constrained,computed,False,,507.0,507.0,1.3150002046573381,1.479527664385686,0.2794196597483854,0.24546922778512495,126.60031509399415,0.4272604194843315,0.4624591635488291,0.033350407359948896,4.0,4.0,0.0861193232915877,0.9915941593115563,0.9415726280698751
53.34264940708705,0.5,2.540183496503497,55.88283290359055,True,9549,10055,507,0.26223463200337416,geometric_ellipse,computed,False,True,507.0,507.0,1.324916949567629,1.4728470746708893,0.26878407543236704,0.20529766917249462,128.98128876961079,0.4004072138612075,0.431527482060551,0.030594038022824746,4.0,4.0,0.05602273821816133,1.0127665142188145,1.026232744945072
53.34264940708705,1.0,5.080366993006994,58.42301640009404,True,9549,10562,1014,0.26223463200337416,legacy,computed,False,,1014.0,1014.0,1.3269237939745109,1.4551376043232052,0.33321969485976854,0.178795159368888,133.6353798306224,0.4667016481646028,0.47809381409578555,0.04764523930397274,4.0,4.0,0.0,1.0,1.0
53.34264940708705,1.0,5.080366993006994,58.42301640009404,True,9549,10562,1014,0.26223463200337416,ellipse_constrained,computed,False,,1014.0,1014.0,1.296917009327418,1.4659995040868403,0.28178832753752886,0.2607013208193096,132.93161010742188,0.5470496758907396,0.5538401022850913,0.041581008525042984,4.0,4.0,0.0,1.0,1.0
53.34264940708705,1.0,5.080366993006994,58.42301640009404,True,9549,10562,1014,0.26223463200337416,geometric_ellipse,computed,False,True,1014.0,1014.0,1.3137792143451836,1.4632669214249252,0.2653958949656728,0.2000498134402084,133.5051002897176,0.4538596765452526,0.47762011166475865,0.033903338493485265,4.0,4.0,0.0,1.0,1.0
53.34264940708705,2.0,10.160733986013987,63.50338339310104,True,9549,11577,2029,0.26223463200337416,legacy,computed,False,,2029.0,2029.0,1.3133876940498261,1.438838474550877,0.34922414867074336,0.17111036660670245,133.79032804316705,0.5182887559261182,0.531517784236767,0.06390406490733459,4.0,4.0,0.08079393746621487,1.0480297355104118,0.9570190110889389
53.34264940708705,2.0,10.160733986013987,63.50338339310104,True,9549,11577,2029,0.26223463200337416,ellipse_constrained,computed,False,,2029.0,2029.0,1.287159922445116,1.455800043851559,0.2753470234458245,0.2588697078982848,119.68501663208008,0.6120374890697868,0.621158532144934,0.04282146575188562,4.0,4.0,0.05382537085909687,0.9771413381526725,0.9929742859941463
53.34264940708705,2.0,10.160733986013987,63.50338339310104,True,9549,11577,2029,0.26223463200337416,geometric_ellipse,computed,False,True,2029.0,2029.0,1.2859302840654592,1.455176699959017,0.2690657307948066,0.17407100822785054,100.87088978619374,0.4970148344554079,0.5672361468327295,0.07730017712358325,4.0,4.0,0.1105889467013897,1.0138277791734815,0.8701383182238134
53.84347106584821,0.25,1.2700917482517484,55.113562814099964,True,9649,9902,254,0.2652038380452063,legacy,computed,False,,254.0,254.0,1.3933635215838536,1.4746521818720104,0.37601407392908,0.13412407124458484,136.68694555867546,0.4136226027697981,0.3717348995849866,0.09270139293952635,3.0,3.0,0.26231484170487124,1.111791533726168,0.7588263334278195
53.84347106584821,0.25,1.2700917482517484,55.113562814099964,True,9649,9902,254,0.2652038380452063,ellipse_constrained,computed,False,,254.0,254.0,1.3403693552485638,1.4933536475687421,0.2799623789269407,0.19584865533149662,135.02033996582034,0.3170340195844373,1.2080170405459991,0.617456391854356,4.0,4.0,0.2035982506773891,1.0035434935347725,0.7371829657542589
53.84347106584821,0.25,1.2700917482517484,55.113562814099964,True,9649,9902,254,0.2652038380452063,geometric_ellipse,computed,False,True,254.0,254.0,1.3422325667633965,1.4954661284477693,0.28199246847026394,0.198610911124379,121.21581222536295,0.320622311476552,1.3537577664640386,0.5855553076314757,3.0,4.0,0.15484826858690895,1.071312865859293,1.0063538196634607
53.84347106584821,0.5,2.540183496503497,56.38365456235171,True,9649,10155,507,0.2652038380452063,legacy,computed,False,,507.0,507.0,1.3706873538447866,1.463410778281858,0.36228113423558167,0.16539804895438961,141.16578645503185,0.4439779692632194,0.5089913389683159,0.10876639593506554,3.0,3.0,0.1687221733913357,1.0711862289170633,0.9357633859421172
53.84347106584821,0.5,2.540183496503497,56.38365456235171,True,9649,10155,507,0.2652038380452063,ellipse_constrained,computed,False,,507.0,507.0,1.3043718371998074,1.478315194168921,0.2816613153515238,0.2609589970918174,158.3591537475586,0.42392787727015385,0.46229794978268135,0.10665310330149116,4.0,4.0,0.05898200401468683,1.0096334424820361,0.9822611602351149
53.84347106584821,0.5,2.540183496503497,56.38365456235171,True,9649,10155,507,0.2652038380452063,geometric_ellipse,computed,False,True,507.0,507.0,1.317793490120735,1.4683631323642872,0.26577623284755303,0.22488640194234835,138.32156860666836,0.40596219763512525,0.4243391035422433,0.09563673739715765,4.0,4.0,0.019268942913761307,1.009706036596589,1.1394907173217985
53.84347106584821,1.0,5.080366993006994,58.92383805885521,True,9649,10662,1014,0.2652038380452063,legacy,computed,False,,1014.0,1014.0,1.326964182946724,1.4538993075354525,0.33820555609815567,0.17675199889111767,133.8328253226119,0.4845377966387008,0.4992612225429693,0.04807063365018809,4.0,4.0,0.0,1.0,1.0
53.84347106584821,1.0,5.080366993006994,58.92383805885521,True,9649,10662,1014,0.2652038380452063,ellipse_constrained,computed,False,,1014.0,1014.0,1.2928221178263561,1.467766066830668,0.2789738369393754,0.2656717048950139,134.21506881713867,0.5672354370614875,0.5636764564309764,0.025808955742643084,4.0,4.0,0.0,1.0,1.0
53.84347106584821,1.0,5.080366993006994,58.92383805885521,True,9649,10662,1014,0.2652038380452063,geometric_ellipse,computed,False,True,1014.0,1014.0,1.3129819637626077,1.4666416987240882,0.26322139634165564,0.1973569407137515,130.78936943804226,0.46790577012782525,0.5038182643168858,0.041968608478226276,4.0,4.0,0.0,1.0,1.0
53.84347106584821,2.0,10.160733986013987,64.0042050518622,True,9649,11677,2029,0.2652038380452063,legacy,computed,False,,2029.0,2029.0,1.3146959489894665,1.4343117674160017,0.35405867748749337,0.17032618459291138,133.05659091384422,0.5203777345371842,0.5318409259394797,0.06137571083206588,4.0,4.0,0.08714942625994385,1.046874219253621,0.9636450261466932
53.84347106584821,2.0,10.160733986013987,64.0042050518622,True,9649,11677,2029,0.2652038380452063,ellipse_constrained,computed,False,,2029.0,2029.0,1.2846777403116265,1.4548403507221348,0.2753702388656182,0.25950236839456375,111.62561416625977,0.6178490883604947,0.6193222023073499,0.061781938946469744,4.0,4.0,0.057607004529195045,0.9870826665565047,0.9767783456545058
53.84347106584821,2.0,10.160733986013987,64.0042050518622,True,9649,11677,2029,0.2652038380452063,geometric_ellipse,computed,False,True,2029.0,2029.0,1.2773992669093701,1.4539801433895494,0.2934463297608939,0.16140073507771951,95.33721484827129,0.5199342932840803,0.5527551785587208,0.08525497296350197,4.0,4.0,0.14241228398770603,1.1148270385284598,0.8178112940644776
54.344292724609375,0.25,1.2700917482517484,55.614384472861126,True,9749,10002,254,0.267269082819408,legacy,nonellipse,False,,254.0,254.0,0.38633240504935557,1.8653020579569743,,,,,,,0.0,0.0,3.8304512256275594,,
54.344292724609375,0.25,1.2700917482517484,55.614384472861126,True,9749,10002,254,0.267269082819408,ellipse_constrained,computed,False,,254.0,254.0,1.2516501708049743,1.6476390087994266,0.17421096166498093,0.1001688662000889,12.154655456542969,0.42676668027824627,1.288041448663864,0.742183040657348,4.0,4.0,0.6837113668062355,0.632791579755899,0.3810021264047581
54.344292724609375,0.25,1.2700917482517484,55.614384472861126,True,9749,10002,254,0.267269082819408,geometric_ellipse,boundary,True,True,254.0,254.0,1.3428701422396636,1.677418792980959,0.6107868995636965,0.050764027806765435,16.159087399493217,0.3674371909467787,1.240694018075399,1.4013083448389694,0.0,4.0,0.803842652849338,2.3923312696795707,0.26544402995005756
54.344292724609375,0.5,2.540183496503497,56.88447622111287,True,9749,10255,507,0.267269082819408,legacy,computed,False,,507.0,507.0,1.3615234925163437,1.4444489192512784,0.370580843716488,0.16916238983190965,139.29578508157428,0.45873496304143735,0.4869423299243291,0.08258110663633426,3.0,3.0,0.15345041935746093,1.0766291773513958,0.9697183532258703
54.344292724609375,0.5,2.540183496503497,56.88447622111287,True,9749,10255,507,0.267269082819408,ellipse_constrained,computed,False,,507.0,507.0,1.2876360797431439,1.472317399879646,0.27786453225214114,0.2625082488075517,154.80630493164062,0.45976884227448883,0.4972519335592605,0.06803639932656652,4.0,4.0,0.03230461290736677,1.0092954808440788,0.9984759215970616
54.344292724609375,0.5,2.540183496503497,56.88447622111287,True,9749,10255,507,0.267269082819408,geometric_ellipse,computed,False,True,507.0,507.0,1.2993929539384412,1.4601609983973924,0.2601025571461153,0.22630838007677873,129.8758670670164,0.4161049185305932,0.4673303123064014,0.04225079364073584,4.0,4.0,0.028279670482519587,1.0187701819223074,1.1833617428411285
54.344292724609375,1.0,5.080366993006994,59.424659717616365,True,9749,10762,1014,0.267269082819408,legacy,computed,False,,1014.0,1014.0,1.3205687817195586,1.4466263383655267,0.34420471924061175,0.17444486769707218,133.17367163434682,0.4936540840450583,0.5063919796052035,0.08181441802615594,4.0,4.0,0.0,1.0,1.0
54.344292724609375,1.0,5.080366993006994,59.424659717616365,True,9749,10762,1014,0.267269082819408,ellipse_constrained,computed,False,,1014.0,1014.0,1.2806656141771575,1.4672224038285822,0.275305435846955,0.2629089426489824,120.9755916595459,0.5822227231352458,0.5802414053604934,0.040844547506185554,4.0,4.0,0.0,1.0,1.0
54.344292724609375,1.0,5.080366993006994,59.424659717616365,True,9749,10762,1014,0.267269082819408,geometric_ellipse,computed,False,True,1014.0,1014.0,1.2973828580435751,1.4674470902937327,0.2553103356984108,0.1912419270319115,118.86573539774162,0.47904781403216545,0.52231910898704,0.11195241703424394,4.0,4.0,0.0,1.0,1.0
54.344292724609375,2.0,10.160733986013987,64.50502671062335,True,9749,11777,2029,0.267269082819408,legacy,computed,False,,2029.0,2029.0,1.307771971906784,1.4367952082642645,0.3532774750029484,0.17136717295366982,133.38870310436164,0.5227774792160822,0.5239057516622326,0.06761779474775026,4.0,4.0,0.06037812964011961,1.0263586036308656,0.9823572066978384
54.344292724609375,2.0,10.160733986013987,64.50502671062335,True,9749,11777,2029,0.267269082819408,ellipse_constrained,computed,False,,2029.0,2029.0,1.2773247569979151,1.4552290741239553,0.2736637935950059,0.2588784305643907,105.96729946136476,0.5956312496380344,0.5992499198174538,0.05357343379874882,4.0,4.0,0.04658208512965134,0.9940370147545445,0.9846695511990515
54.344292724609375,2.0,10.160733986013987,64.50502671062335,True,9749,11777,2029,0.267269082819408,geometric_ellipse,computed,False,True,2029.0,2029.0,1.270258410856443,1.4543939153625642,0.30533872262701844,0.15418418835398798,92.93493436469923,0.5176509365385763,0.5237541045516686,0.04710982948623737,4.0,4.0,0.11262748261928826,1.1959512794174711,0.8062258666127124
54.845114383370536,0.25,1.2700917482517484,56.11520613162229,True,9849,10102,254,0.28106951882290554,legacy,computed,False,,254.0,254.0,1.7473043071854166,1.1965070747545494,0.8451992576618996,0.22373988464206582,144.7823131945938,0.4596150384884464,0.48410959885614446,1.554513272697274,3.0,3.0,1.773017392908716,2.4262878301154953,1.2499393577155196
54.845114383370536,0.25,1.2700917482517484,56.11520613162229,True,9849,10102,254,0.28106951882290554,ellipse_constrained,computed,False,,254.0,254.0,1.2853817628698831,1.4881569140954956,0.2469306635731135,0.22358306841453596,139.67910766601562,0.42089356800427924,1.0167116556978566,0.5817895451743159,4.0,4.0,0.11067226488796032,0.877981813412337,0.8491752839127549
54.845114383370536,0.25,1.2700917482517484,56.11520613162229,True,9849,10102,254,0.28106951882290554,geometric_ellipse,computed,False,True,254.0,254.0,1.2917517902298594,1.470506499899861,0.26382989841032173,0.2223501626421317,88.76428191868946,0.45003950616727006,0.9732858611951132,0.442450019817846,3.0,4.0,0.061787037399150896,0.9602826758810162,1.223110500507904
54.845114383370536,0.5,2.540183496503497,57.38529787987403,True,9849,10355,507,0.28106951882290554,legacy,computed,False,,507.0,507.0,1.3419280327524628,1.4524272457901828,0.35996226685164706,0.16704220389874097,136.9383904718031,0.47314758759517267,0.513219120655138,0.09553353963389145,4.0,4.0,0.11130534518897764,1.0333327430728858,0.933193584981949
54.845114383370536,0.5,2.540183496503497,57.38529787987403,True,9849,10355,507,0.28106951882290554,ellipse_constrained,computed,False,,507.0,507.0,1.2917386790398322,1.474084968271368,0.2802028088252752,0.24923756886888968,138.70199584960938,0.5683498543256329,0.5576933918204322,0.03776196717359166,4.0,4.0,0.06937726472754625,0.9962835990306395,0.9466118557491103
54.845114383370536,0.5,2.540183496503497,57.38529787987403,True,9849,10355,507,0.28106951882290554,geometric_ellipse,computed,False,True,507.0,507.0,1.3093998053440732,1.464373675223228,0.2634099909422998,0.19507373343037127,129.76476351517587,0.4692142169260986,0.52238985326543,0.05963068191885164,4.0,4.0,0.10123278047860021,0.9587543052549266,1.0730674936180897
54.845114383370536,1.0,5.080366993006994,59.92548137637753,True,9849,10862,1014,0.28106951882290554,legacy,computed,False,,1014.0,1014.0,1.3129111884680749,1.4407334363513347,0.3483507798090331,0.17900059171749674,129.85992666452415,0.4951765699364097,0.5106103334622281,0.05672439943376391,4.0,4.0,0.0,1.0,1.0
54.845114383370536,1.0,5.080366993006994,59.92548137637753,True,9849,10862,1014,0.28106951882290554,ellipse_constrained,computed,False,,1014.0,1014.0,1.2819071885498134,1.4572449760823347,0.2812480393112021,0.26329436648736365,109.62913703918457,0.5665931877461227,0.5670864532665284,0.047675926719396945,4.0,4.0,0.0,1.0,1.0
54.845114383370536,1.0,5.080366993006994,59.92548137637753,True,9849,10862,1014,0.28106951882290554,geometric_ellipse,computed,False,True,1014.0,1014.0,1.2822069639131524,1.455998227228243,0.27474191197739734,0.18179073971632118,95.15591199833176,0.4645738186608931,0.5140117254997135,0.09731443133534748,4.0,4.0,0.0,1.0,1.0
54.845114383370536,2.0,10.160733986013987,65.00584836938452,True,9849,11877,2029,0.28106951882290554,legacy,computed,False,,2029.0,2029.0,1.3065051858112255,1.4376668715078733,0.36507666803718264,0.1711180439366015,133.33614899768895,0.528679826916475,0.5314856895591772,0.05244639243233516,4.0,4.0,0.025268342746667238,1.0480144991704015,0.9559635657890132
54.845114383370536,2.0,10.160733986013987,65.00584836938452,True,9849,11877,2029,0.28106951882290554,ellipse_constrained,computed,False,,2029.0,2029.0,1.2796956264475956,1.4509022024518177,0.2749010010720149,0.2597045195253563,102.57016849517822,0.6037218940787012,0.6081753620783774,0.04131852999293032,4.0,4.0,0.023898980900647623,0.9774325956023318,0.9863656522169468
54.845114383370536,2.0,10.160733986013987,65.00584836938452,True,9849,11877,2029,0.28106951882290554,geometric_ellipse,computed,False,True,2029.0,2029.0,1.272171225139809,1.4484081400077964,0.3027769975782238,0.15430005406195632,92.4370932186382,0.5192821673270486,0.5293658222290691,0.041402744021774726,4.0,4.0,0.04476737730796538,1.1020415319928794,0.8487784047896872
55.3459360421317,0.25,1.2700917482517484,56.61602779038345,True,9949,10202,254,0.2836789586995847,legacy,computed,False,,254.0,254.0,1.348535189158729,1.4701113448865768,0.3700438287794311,0.17163661563158783,141.16538500526744,0.4769573368035101,0.7255296424739226,1.4312721235768586,4.0,4.0,0.1665519886788557,1.0381468736652435,0.9645661448981017
55.3459360421317,0.25,1.2700917482517484,56.61602779038345,True,9949,10202,254,0.2836789586995847,ellipse_constrained,computed,False,,254.0,254.0,1.29574187107357,1.4824340739295994,0.2614158969804012,0.21772952943890486,145.65788650512695,0.4512093819952714,0.5527084617414264,0.22338595447517393,4.0,4.0,0.09785237724093934,0.9225913313507201,0.8367612668191323
55.3459360421317,0.25,1.2700917482517484,56.61602779038345,True,9949,10202,254,0.2836789586995847,geometric_ellipse,computed,False,True,254.0,254.0,1.3086962037056136,1.475280656538573,0.2738527994076108,0.20056294452036416,157.13121161166205,0.4509647545469643,0.6182168321776913,0.28114873158702297,4.0,4.0,0.12815196771177184,0.9494140466870917,1.1844163748850367
55.3459360421317,0.5,2.540183496503497,57.88611953863519,True,9949,10455,507,0.2836789586995847,legacy,computed,False,,507.0,507.0,1.3150126461038718,1.4556352503670245,0.3592797822705785,0.17966249350256794,134.63413534029044,0.498408911619824,0.5154308554144423,0.0538553469891421,4.0,4.0,0.038334273612674094,1.0079486637180284,1.0096700992550853
55.3459360421317,0.5,2.540183496503497,57.88611953863519,True,9949,10455,507,0.2836789586995847,ellipse_constrained,computed,False,,507.0,507.0,1.2855852186468821,1.459880385910107,0.2914440935211378,0.26509694119998956,135.27447509765625,0.5937011424727417,0.6028775336735347,0.04045419784899569,4.0,4.0,0.011846283062602629,1.028567112259929,1.0188000356222882
55.3459360421317,0.5,2.540183496503497,57.88611953863519,True,9949,10455,507,0.2836789586995847,geometric_ellipse,computed,False,True,507.0,507.0,1.3010508170992965,1.4611197981990418,0.26811953172605135,0.19798989923768232,142.86386626593963,0.4979632619718058,0.521920288685542,0.11092823773061125,4.0,4.0,0.07764028465820459,0.9295375112561437,1.1692213598067671
55.3459360421317,1.0,5.080366993006994,60.42630303513869,True,9949,10962,1014,0.2836789586995847,legacy,computed,False,,1014.0,1014.0,1.3059876401793675,1.4495683914962783,0.35644650883835716,0.17794177883956294,129.02590894972084,0.4958132450423571,0.5068060904795546,0.047840244048995895,4.0,4.0,0.0,1.0,1.0
55.3459360421317,1.0,5.080366993006994,60.42630303513869,True,9949,10962,1014,0.2836789586995847,ellipse_constrained,computed,False,,1014.0,1014.0,1.285777824443112,1.456525368703356,0.28334961330893405,0.26020507649282426,110.08786964416505,0.5707207751208906,0.5730527311535005,0.03650599281850779,4.0,4.0,0.0,1.0,1.0
55.3459360421317,1.0,5.080366993006994,60.42630303513869,True,9949,10962,1014,0.2836789586995847,geometric_ellipse,computed,False,True,1014.0,1014.0,1.281287711228016,1.45139783688961,0.28844401487759674,0.16933482918102297,89.76749334874977,0.47014168135225054,0.5146132189475318,0.08025366782161643,4.0,4.0,0.0,1.0,1.0
55.3459360421317,2.0,10.160733986013987,65.50667002814569,True,9949,11977,2029,0.2836789586995847,legacy,computed,False,,2029.0,2029.0,1.3015835594217011,1.4394188277622793,0.3703121359715732,0.17219448104788157,132.91312214361014,0.5264268506815849,0.5338002575872822,0.03747514399542001,4.0,4.0,0.03900143301196133,1.0388996014532546,0.9677012457155254
55.3459360421317,2.0,10.160733986013987,65.50667002814569,True,9949,11977,2029,0.2836789586995847,ellipse_constrained,computed,False,,2029.0,2029.0,1.2816376640231912,1.445319681626544,0.27427671808274295,0.25931869404095625,100.91041374206543,0.6061568090516605,0.613081837009672,0.03174321141983092,4.0,4.0,0.042111195428483586,0.9679798566857439,0.9965935236014027
55.3459360421317,2.0,10.160733986013987,65.50667002814569,True,9949,11977,2029,0.2836789586995847,geometric_ellipse,computed,False,True,2029.0,2029.0,1.2740190363079307,1.4412545193159425,0.2965265386038701,0.1559574246570389,90.53962033978122,0.514871678389612,0.5286816151487771,0.03120315237949384,4.0,4.0,0.04398917404592206,1.0280211178231702,0.9210002774462701
55.84675770089286,0.25,1.2700917482517484,57.11684944914461,True,10049,10302,254,0.27988537702000615,legacy,computed,False,,254.0,254.0,1.3082238775673551,1.4645111812384646,0.397472239685397,0.15614415278917357,141.14935905845655,0.4486264342259917,0.46200267681375295,0.08953916886785583,4.0,4.0,0.07762761669594694,1.0460694538474324,0.9327036617106123
55.84675770089286,0.25,1.2700917482517484,57.11684944914461,True,10049,10302,254,0.27988537702000615,ellipse_constrained,computed,False,,254.0,254.0,1.2882560821498237,1.4659370939768521,0.2730032869076386,0.2006656921679683,143.46400451660156,0.4782788663414137,0.5071067735227943,0.06803420054045423,4.0,4.0,0.051597586840597384,0.9668051622856672,0.7927378995010482
55.84675770089286,0.25,1.2700917482517484,57.11684944914461,True,10049,10302,254,0.27988537702000615,geometric_ellipse,computed,False,True,254.0,254.0,1.2919130677743382,1.4681379058610144,0.28250287959630893,0.1808076464456532,151.15942182646333,0.47699361074693003,0.4932479435436911,0.08984630445136531,4.0,4.0,0.10574793362744159,0.9268728914281709,1.1940214653474108
55.84675770089286,0.5,2.540183496503497,58.386941197396354,True,10049,10555,507,0.27988537702000615,legacy,computed,False,,507.0,507.0,1.307536485481844,1.4535832262328126,0.3742636887344695,0.17674054356263702,132.98926920660847,0.4786693957606137,0.4885262782366568,0.04515510647761136,4.0,4.0,0.04300488012787236,0.9849890718890771,1.0557331107759889
55.84675770089286,0.5,2.540183496503497,58.386941197396354,True,10049,10555,507,0.27988537702000615,ellipse_constrained,computed,False,,507.0,507.0,1.2867127499948723,1.457694266111704,0.29281167615016035,0.2604168809248919,134.11774063110352,0.5823694614804726,0.5854423860329384,0.04448150723506488,4.0,4.0,0.021657415098239777,1.0369539622988808,1.028787377396878
55.84675770089286,0.5,2.540183496503497,58.386941197396354,True,10049,10555,507,0.27988537702000615,geometric_ellipse,computed,False,True,507.0,507.0,1.3046025307425557,1.4567768579376486,0.26093736722373656,0.20018469744388945,134.54927876594593,0.5021446636668008,0.5338846747606003,0.0785789334165683,4.0,4.0,0.11617267709530633,0.8561179000579614,1.321984055878558
55.84675770089286,1.0,5.080366993006994,60.927124693899856,True,10049,11062,1014,0.27988537702000615,legacy,computed,False,,1014.0,1014.0,1.2995219104598763,1.4446031145966687,0.3799673513297786,0.16741024957787723,129.8157892533455,0.4999316550321535,0.5097771596696559,0.035073795658690766,4.0,4.0,0.0,1.0,1.0
55.84675770089286,1.0,5.080366993006994,60.927124693899856,True,10049,11062,1014,0.27988537702000615,ellipse_constrained,computed,False,,1014.0,1014.0,1.2852442876163304,1.4518132341003667,0.28237673686207815,0.2531299339848239,113.77227210998535,0.5911278626687707,0.5962450195020416,0.019123013010205296,4.0,4.0,0.0,1.0,1.0
55.84675770089286,1.0,5.080366993006994,60.927124693899856,True,10049,11062,1014,0.27988537702000615,geometric_ellipse,computed,False,True,1014.0,1014.0,1.274667197677118,1.4440842128388485,0.3047913928748253,0.15142746733874307,91.09565367116559,0.5045556924625693,0.5494498846592365,0.09868381757438638,4.0,4.0,0.0,1.0,1.0
55.84675770089286,2.0,10.160733986013987,66.00749168690685,True,10049,12077,2029,0.27988537702000615,legacy,computed,False,,2029.0,2029.0,1.2984000386108605,1.4342884761421355,0.37925790448382435,0.17206348042427172,132.58555714324578,0.5322737470331845,0.540722228422249,0.03502512395478465,4.0,4.0,0.03707042288497238,0.9981328741970293,1.0277953760783916
55.84675770089286,2.0,10.160733986013987,66.00749168690685,True,10049,12077,2029,0.27988537702000615,ellipse_constrained,computed,False,,2029.0,2029.0,1.280724415139769,1.440756605937294,0.27569285002149135,0.2601794120055751,94.90048789978027,0.6104083468359941,0.6192429683308495,0.03798758755008585,4.0,4.0,0.042677474745135016,0.976329895603789,1.0278492468661324
55.84675770089286,2.0,10.160733986013987,66.00749168690685,True,10049,12077,2029,0.27988537702000615,geometric_ellipse,computed,False,True,2029.0,2029.0,1.2721366190512324,1.434170352527828,0.29948645679445635,0.1543821966468043,89.63960358235667,0.5199770142985743,0.5373395796425513,0.0373841670871662,4.0,4.0,0.03655688523436571,0.9825948625703231,1.0195125056239072
56.34757935965402,0.25,1.2700917482517484,57.61767110790577,True,10149,10402,254,0.2739859808533589,legacy,computed,False,,254.0,254.0,1.2927935137222903,1.466494764671783,0.39677149048475596,0.17448256519751618,135.07320353602375,0.5613576147279883,0.5603428905709349,0.1435920448686495,4.0,4.0,0.04240471837137267,1.0371223845025592,1.028222883682723
56.34757935965402,0.25,1.2700917482517484,57.61767110790577,True,10149,10402,254,0.2739859808533589,ellipse_constrained,computed,False,,254.0,254.0,1.2959409101372326,1.4455182431698819,0.25058548949741616,0.21999892377806166,131.0073013305664,0.6144993764809884,0.6240932467786755,0.06888457111185373,4.0,4.0,0.022497393811338647,0.9010690498820201,0.8621868522943588
56.34757935965402,0.25,1.2700917482517484,57.61767110790577,True,10149,10402,254,0.2739859808533589,geometric_ellipse,computed,False,True,254.0,254.0,1.2787296736881353,1.4724272082189591,0.32545470141024513,0.1712116287540645,141.85783973950197,0.5235668200675946,0.5874044614049824,0.16057762713723775,4.0,4.0,0.10530895488584589,1.0678534121595393,1.132704774912359
56.34757935965402,0.5,2.540183496503497,58.887762856157515,True,10149,10655,507,0.2739859808533589,legacy,computed,False,,507.0,507.0,1.2984226764912823,1.4654720997679185,0.37252614113106824,0.17379230671446974,130.94815213649053,0.5361682579580803,0.544456448526846,0.044186544163408496,4.0,4.0,0.05028936184140952,0.973747381162292,1.0241552018079119
56.34757935965402,0.5,2.540183496503497,58.887762856157515,True,10149,10655,507,0.2739859808533589,ellipse_constrained,computed,False,,507.0,507.0,1.2986258037023068,1.4534832901385684,0.2819675609029159,0.25531939056141784,119.4023494720459,0.6120858181195126,0.6237830941850806,0.03382567492571031,4.0,4.0,0.04338631257496659,1.013914423815673,1.0006095388900016
56.34757935965402,0.5,2.540183496503497,58.887762856157515,True,10149,10655,507,0.2739859808533589,geometric_ellipse,computed,False,True,507.0,507.0,1.30859169623628,1.457282515140945,0.24182915945414532,0.1928079614680354,115.87938190387172,0.515987035921814,0.6276224567924564,0.15814278675511856,4.0,4.0,0.12298610078937829,0.79346862086735,1.2755821563363126
56.34757935965402,1.0,5.080366993006994,61.42794635266101,True,10149,11162,1014,0.2739859808533589,legacy,computed,False,,1014.0,1014.0,1.2888428101632525,1.4555687956954046,0.3825695948844665,0.16969333008090878,130.7901060903624,0.5282745678097481,0.5335425779737253,0.09125434176677981,4.0,4.0,0.0,1.0,1.0
56.34757935965402,1.0,5.080366993006994,61.42794635266101,True,10149,11162,1014,0.2739859808533589,ellipse_constrained,computed,False,,1014.0,1014.0,1.28977700081912,1.4455457089081163,0.27809798764059884,0.2551638582664816,106.25543022155762,0.6218456430230729,0.6226726134450711,0.04032339010738871,4.0,4.0,0.0,1.0,1.0
56.34757935965402,1.0,5.080366993006994,61.42794635266101,True,10149,11162,1014,0.2739859808533589,geometric_ellipse,computed,False,True,1014.0,1014.0,1.2778031081241652,1.4435889122153787,0.30477469819764136,0.15115291516919022,89.95999132206059,0.5095029914045779,0.544189291426441,0.06694741771353407,4.0,4.0,0.0,1.0,1.0
56.34757935965402,2.0,10.160733986013987,66.508313345668,True,10149,12177,2029,0.2739859808533589,legacy,computed,False,,2029.0,2029.0,1.2958813397829698,1.434825213064592,0.36722832001324934,0.17441459932918982,132.3571251433275,0.5402056070189195,0.5492871937965798,0.04793426762942889,4.0,4.0,0.07995002042192832,0.959899388042455,1.0278223619398001
56.34757935965402,2.0,10.160733986013987,66.508313345668,True,10149,12177,2029,0.2739859808533589,ellipse_constrained,computed,False,,2029.0,2029.0,1.2846175262667558,1.435113156632389,0.27451698900685434,0.25706932188115666,82.50376892089842,0.6175588435550348,0.6197711219284494,0.03290510452193836,4.0,4.0,0.04247902189379403,0.9871232486645232,1.0074676077859157
56.34757935965402,2.0,10.160733986013987,66.508313345668,True,10149,12177,2029,0.2739859808533589,geometric_ellipse,computed,False,True,2029.0,2029.0,1.274238486218469,1.4322851952560185,0.2995342782459954,0.15491506688608944,88.2803307675693,0.5136546907920574,0.5341030683952191,0.04310016140112402,3.0,4.0,0.0432593263582152,0.9828055938283707,1.0248897066436868
56.84840101841518,0.25,1.2700917482517484,58.11849276666693,True,10249,10502,254,0.2729453914141413,legacy,computed,False,,254.0,254.0,1.2988420838710226,1.4582486858931147,0.39946440381046433,0.1700567524632457,125.79777585662706,0.5126097098299315,0.5432824073309485,0.07138070611941359,4.0,4.0,0.062462192974132164,1.0274456122018014,1.0318214571959916
56.84840101841518,0.25,1.2700917482517484,58.11849276666693,True,10249,10502,254,0.2729453914141413,ellipse_constrained,computed,False,,254.0,254.0,1.2947270020575279,1.4518294671789678,0.2489680757973714,0.21076431838988507,103.05142211914062,0.4816849869211196,0.5518572765624554,0.06746092305326178,4.0,4.0,0.05527646498906322,0.9002273581826915,0.8369289883950747
56.84840101841518,0.25,1.2700917482517484,58.11849276666693,True,10249,10502,254,0.2729453914141413,geometric_ellipse,computed,False,True,254.0,254.0,1.3239358661065348,1.4552091777083789,0.34308296974421354,0.14582894118501535,116.56109751592524,0.484092880945576,0.5887935828709594,0.3653755659721399,4.0,4.0,0.2054193272009019,1.0655301678376259,1.039106891724614
56.84840101841518,0.5,2.540183496503497,59.388584514918676,True,10249,10755,507,0.2729453914141413,legacy,computed,False,,507.0,507.0,1.2876892890076703,1.462088636317551,0.3668552996239289,0.17010421375102214,128.91443426452085,0.5191640280193215,0.5310187942305543,0.0656548937515477,4.0,4.0,0.03238027791929612,0.9435731051781616,1.0321094291489106
56.84840101841518,0.5,2.540183496503497,59.388584514918676,True,10249,10755,507,0.2729453914141413,ellipse_constrained,computed,False,,507.0,507.0,1.2841688863916612,1.4547868353563114,0.27908723383568096,0.2535901887768197,105.21429443359375,0.6013415198783841,0.6271763642070578,0.0433819760946024,4.0,4.0,0.030919754754359166,1.0091332489667848,1.0069872442416485
56.84840101841518,0.5,2.540183496503497,59.388584514918676,True,10249,10755,507,0.2729453914141413,geometric_ellipse,computed,False,True,507.0,507.0,1.2684770001584478,1.4468016334754876,0.32607754038928993,0.13977551267114136,88.60825580530171,0.5454331535981768,0.554216342160709,0.10529678518958208,4.0,4.0,0.01620655975096713,1.0127155439925195,0.9959730718105796
56.84840101841518,1.0,5.080366993006994,61.92876801142218,True,10249,11262,1014,0.2729453914141413,legacy,computed,False,,1014.0,1014.0,1.282053689501383,1.4552804717977492,0.38879372208755436,0.16481218846270212,130.15038771696263,0.5205186487802365,0.5222844345214149,0.04856815816422392,4.0,4.0,0.0,1.0,1.0
56.84840101841518,1.0,5.080366993006994,61.92876801142218,True,10249,11262,1014,0.2729453914141413,ellipse_constrained,computed,False,,1014.0,1014.0,1.2803474553462384,1.447262194889316,0.27656133035100006,0.2518305869582249,103.8277521133423,0.5909836064581866,0.5945499758868554,0.025466165169907063,4.0,4.0,0.0,1.0,1.0
56.84840101841518,1.0,5.080366993006994,61.92876801142218,True,10249,11262,1014,0.2729453914141413,geometric_ellipse,computed,False,True,1014.0,1014.0,1.2693358055233273,1.4424622951778854,0.32198334697595843,0.14034065440850066,89.54698573416866,0.53670225019684,0.5438529903758654,0.04129025157973771,4.0,4.0,0.0,1.0,1.0
56.84840101841518,2.0,10.160733986013987,67.00913500442917,True,10249,12277,2029,0.2729453914141413,legacy,computed,False,,2029.0,2029.0,1.2918911929805155,1.4269561667388264,0.36308164683286953,0.17701926839759025,130.44488367879273,0.5337993616571478,0.5481064753735359,0.05782202107248024,4.0,4.0,0.10985362723848423,0.9338670513591919,1.0740666090824385
56.84840101841518,2.0,10.160733986013987,67.00913500442917,True,10249,12277,2029,0.2729453914141413,ellipse_constrained,computed,False,,2029.0,2029.0,1.2792424935344375,1.4296309811378531,0.27788928712099253,0.25418692799691917,79.84376525878905,0.5947654205333647,0.5969023621701766,0.04469363174154557,4.0,4.0,0.06472285219612853,1.0048016719051325,1.0093568500441337
56.84840101841518,2.0,10.160733986013987,67.00913500442917,True,10249,12277,2029,0.2729453914141413,geometric_ellipse,computed,False,True,2029.0,2029.0,1.2689687085471026,1.4314887901109667,0.30993965854067773,0.14930484611154918,87.93978235560677,0.508410265676665,0.513272514105692,0.038736814890134114,4.0,4.0,0.0402265213047732,0.9625953064082535,1.0638745183341938
57.34922267717634,0.25,1.2700917482517484,58.619314425428094,True,10349,10602,254,0.2720360335280517,legacy,computed,False,,254.0,254.0,1.3030319976411737,1.4537616110384308,0.36679836284049727,0.1794232484430698,124.71452940034837,0.47475384036044505,0.5042938634020143,0.06852042412538203,4.0,4.0,0.08109946450922915,0.916982576599579,1.096142107699979
57.34922267717634,0.25,1.2700917482517484,58.619314425428094,True,10349,10602,254,0.2720360335280517,ellipse_constrained,computed,False,,254.0,254.0,1.2938990269460022,1.4525373480351198,0.2551052815295954,0.2153041561050673,94.82586336135866,0.4436188907136223,0.4886015174838867,0.052785974330716884,4.0,4.0,0.05939016570857294,0.9250880168000449,0.8503265771543138
57.34922267717634,0.25,1.2700917482517484,58.619314425428094,True,10349,10602,254,0.2720360335280517,geometric_ellipse,computed,False,True,254.0,254.0,1.2690684847170854,1.418087136759979,0.3651989346921941,0.14242958388591126,89.02857249499829,0.4971400490529201,0.5134409725181077,0.157453140697285,4.0,4.0,0.07865678001087141,1.0956190631082983,1.041422623602342
57.34922267717634,0.5,2.540183496503497,59.88940617367984,True,10349,10855,507,0.2720360335280517,legacy,computed,False,,507.0,507.0,1.2868795873180783,1.444311775687565,0.3644312938811286,0.17585912916998603,124.81224121704284,0.49832855699983875,0.49677074599182225,0.08430152143176611,4.0,4.0,0.04064705048057196,0.9110649902272139,1.0743679995730058
57.34922267717634,0.5,2.540183496503497,59.88940617367984,True,10349,10855,507,0.2720360335280517,ellipse_constrained,computed,False,,507.0,507.0,1.2817080126359772,1.4411042237141085,0.28476089147686673,0.2553808475011791,90.90897303819656,0.5627336462081076,0.5829949158932778,0.06114108705314966,4.0,4.0,0.021192515829305498,1.0326281242749826,1.0086062705657846
57.34922267717634,0.5,2.540183496503497,59.88940617367984,True,10349,10855,507,0.2720360335280517,geometric_ellipse,computed,False,True,507.0,507.0,1.2640861579989295,1.4351348336217042,0.350008275822373,0.13639232204122087,88.05316750852397,0.5233419130651187,0.5215421609790114,0.052318038666827514,4.0,4.0,0.01775899833401511,1.0500461606216611,0.9972791184531026
57.34922267717634,1.0,5.080366993006994,62.42958967018333,True,10349,11362,1014,0.2720360335280517,legacy,computed,False,,1014.0,1014.0,1.2809702654305493,1.4536577582082642,0.4000058149421829,0.16368611987687556,130.93650356295916,0.5269117240782057,0.5365716635529593,0.06734668853945504,4.0,4.0,0.0,1.0,1.0
57.34922267717634,1.0,5.080366993006994,62.42958967018333,True,10349,11362,1014,0.2720360335280517,ellipse_constrained,computed,False,,1014.0,1014.0,1.2790328418721282,1.4462110976724016,0.27576325376262617,0.25320172494854853,99.18263149261475,0.5985863203565656,0.6071492352001315,0.041970454123197144,4.0,4.0,0.0,1.0,1.0
57.34922267717634,1.0,5.080366993006994,62.42958967018333,True,10349,11362,1014,0.2720360335280517,geometric_ellipse,computed,False,True,1014.0,1014.0,1.2664852825521262,1.43932811485297,0.3333265612010398,0.1367644418874241,89.33112251119763,0.5542518114014532,0.5599190074605429,0.02225709667910058,4.0,4.0,0.0,1.0,1.0
57.34922267717634,2.0,10.160733986013987,67.50995666319034,True,10349,12377,2029,0.2720360335280517,legacy,computed,False,,2029.0,2029.0,1.2871427909965096,1.4392784308334057,0.380260123503509,0.17997096435144194,128.86426705292405,0.5135220471967771,0.5271921355108676,0.03925815473564815,4.0,4.0,0.0575224050512041,0.9506364890182211,1.0994882430276667
57.34922267717634,2.0,10.160733986013987,67.50995666319034,True,10349,12377,2029,0.2720360335280517,ellipse_constrained,computed,False,,2029.0,2029.0,1.2778524594180352,1.4391982571885398,0.2880673800900474,0.25532229947667656,80.97189331054686,0.5680047555649854,0.5767389394064795,0.01402513294689977,4.0,4.0,0.026141706289744805,1.0446184404903072,1.0083750398168059
57.34922267717634,2.0,10.160733986013987,67.50995666319034,True,10349,12377,2029,0.2720360335280517,geometric_ellipse,computed,False,True,2029.0,2029.0,1.2674397980043266,1.4421452347437715,0.32540624776993693,0.1499353810117391,88.17072749372602,0.4887162023748148,0.49223765753401916,0.014974128028229955,4.0,4.0,0.010933974709538424,0.9762385769601905,1.0963038268028504
57.8500443359375,0.25,1.2700917482517484,59.12013608418925,True,10449,10701,253,0.2666949311582465,legacy,computed,False,,253.0,253.0,1.2871876690857267,1.4749618067687489,0.30357030994040873,0.17112287355050923,120.30123000515397,0.4502805054925382,0.4960121327044969,0.12616294099857864,4.0,4.0,0.08373966128354057,0.7871968155158515,1.051376474522317
57.8500443359375,0.25,1.2700917482517484,59.12013608418925,True,10449,10701,253,0.2666949311582465,ellipse_constrained,computed,False,,253.0,253.0,1.2855289826607537,1.4679705899487339,0.23762416926697932,0.19518548889219978,83.27804565429688,0.4215653218044445,0.4648789501108082,0.10214530545746506,4.0,4.0,0.08949319093813732,0.8860440886285864,0.7847621315981792
57.8500443359375,0.25,1.2700917482517484,59.12013608418925,True,10449,10701,253,0.2666949311582465,geometric_ellipse,computed,False,True,253.0,253.0,1.2644137693032909,1.4666458143472099,0.31621319711247203,0.13475824750562446,90.10820774526914,0.47834299743950814,0.4949366303994839,0.06771499214663762,4.0,4.0,0.09713183650715185,0.9785933202928973,0.983730543857849
57.8500443359375,0.5,2.540183496503497,60.39022783244099,True,10449,10955,507,0.2666949311582465,legacy,computed,False,,507.0,507.0,1.2892370559525717,1.4502107037660819,0.3391017059789187,0.1705747144578269,120.36139747320038,0.46901596951405766,0.48729459494514027,0.056338175876640875,4.0,4.0,0.030154057824736444,0.8793342904152848,1.0480085929388443
57.8500443359375,0.5,2.540183496503497,60.39022783244099,True,10449,10955,507,0.2666949311582465,ellipse_constrained,computed,False,,507.0,507.0,1.285550875480884,1.4492341172540746,0.2836098955542281,0.23404870797389427,84.66448974609374,0.5045622993568194,0.5255495228271727,0.06515692914188305,4.0,4.0,0.026905986776610484,1.0575139397965039,0.9410154618043081
57.8500443359375,0.5,2.540183496503497,60.39022783244099,True,10449,10955,507,0.2666949311582465,geometric_ellipse,computed,False,True,507.0,507.0,1.26670288084757,1.4431246759336136,0.33571344371809986,0.13540274442413158,88.38982817953304,0.48294521304132476,0.47575968003266367,0.04517016078876022,4.0,4.0,0.008521828949342669,1.038941247724731,0.9884353490619331
57.8500443359375,1.0,5.080366993006994,62.93041132894449,True,10449,11462,1014,0.2666949311582465,legacy,computed,False,,1014.0,1014.0,1.281806694211282,1.4532868105419925,0.3856345756956328,0.1627607975803884,131.833266370266,0.5306316236334038,0.5370095791523606,0.0726286243997717,4.0,4.0,0.0,1.0,1.0
57.8500443359375,1.0,5.080366993006994,62.93041132894449,True,10449,11462,1014,0.2666949311582465,ellipse_constrained,computed,False,,1014.0,1014.0,1.2799342886613567,1.444768192528671,0.2681854913504051,0.24871930108898319,89.89578247070312,0.5862183493044154,0.5989563069011998,0.04226841830574653,4.0,4.0,0.0,1.0,1.0
57.8500443359375,1.0,5.080366993006994,62.93041132894449,True,10449,11462,1014,0.2666949311582465,geometric_ellipse,computed,False,True,1014.0,1014.0,1.2668771352986243,1.440858637406292,0.3231303449095974,0.1369869506919542,89.65873143922745,0.549954635326502,0.5519610889737292,0.030897451990515794,4.0,4.0,0.0,1.0,1.0
57.8500443359375,2.0,10.160733986013987,68.01077832195148,True,10449,12477,2029,0.2666949311582465,legacy,computed,False,,2029.0,2029.0,1.2871120329594177,1.4398902910400289,0.3669148226461745,0.18055846330941772,128.42758768367256,0.5102061401048679,0.5223025738095367,0.039683986933987246,4.0,4.0,0.05402725228354326,0.9514572752827196,1.1093486023269146
57.8500443359375,2.0,10.160733986013987,68.01077832195148,True,10449,12477,2029,0.2666949311582465,ellipse_constrained,computed,False,,2029.0,2029.0,1.2787425880265935,1.4403890267886832,0.28647518761865015,0.2518964755406743,77.65768432617186,0.5605462129738821,0.5704223524736267,0.01736263469841169,4.0,4.0,0.01701726589020304,1.0681979333637708,1.0127741371006604
57.8500443359375,2.0,10.160733986013987,68.01077832195148,True,10449,12477,2029,0.2666949311582465,geometric_ellipse,computed,False,True,2029.0,2029.0,1.2687949104762368,1.4419406190935675,0.31920236233974114,0.15197761623069114,88.40462101698904,0.47407159209623284,0.4824124915898461,0.018201203504780505,4.0,4.0,0.008256405201773355,0.9878439687521294,1.1094313397226192
58.35086599469866,0.25,1.2700917482517484,59.62095774295041,True,10549,10801,253,0.25547889790597933,legacy,computed,False,,253.0,253.0,1.282516721728151,1.434109843098269,0.3456399916258679,0.15821017175676313,133.69607943973222,0.49945730837529434,0.5231534768848742,0.05361766707981161,4.0,4.0,0.043628355987823976,0.8767645375611979,1.0148202346057331
58.35086599469866,0.25,1.2700917482517484,59.62095774295041,True,10549,10801,253,0.25547889790597933,ellipse_constrained,computed,False,,253.0,253.0,1.2729676653557025,1.4299142989309355,0.21731182977919605,0.19856556308825235,101.893967628479,0.49290515848461325,0.5239416933752918,0.06535004973542621,4.0,4.0,0.01680881439360082,0.8308164011998382,0.8083765778779224
58.35086599469866,0.25,1.2700917482517484,59.62095774295041,True,10549,10801,253,0.25547889790597933,geometric_ellipse,computed,False,True,253.0,253.0,1.2624388017967174,1.4417518148556785,0.32347014863682727,0.13533217772479297,87.79755495216862,0.585550108253258,0.614158716857935,0.061365996002778755,4.0,4.0,0.02453296404821092,1.0189481751054286,1.011928009125308
58.35086599469866,0.5,2.540183496503497,60.89104949120215,True,10549,11055,507,0.25547889790597933,legacy,computed,False,,507.0,507.0,1.2809751825870235,1.440744033909611,0.3568158294847683,0.155578164574048,125.21821035422994,0.4931557912434585,0.5184896403070102,0.03206639412913498,4.0,4.0,0.06637075789042703,0.9051136249053038,0.9979375391570899
58.35086599469866,0.5,2.540183496503497,60.89104949120215,True,10549,11055,507,0.25547889790597933,ellipse_constrained,computed,False,,507.0,507.0,1.2799191559988734,1.437609287313435,0.2765617379433866,0.22599576590804082,90.9737394452095,0.5489500919628036,0.5589925244734912,0.03176050221640383,4.0,4.0,0.02414003541523716,1.0573378727755485,0.9200471673854432
58.35086599469866,0.5,2.540183496503497,60.89104949120215,True,10549,11055,507,0.25547889790597933,geometric_ellipse,computed,False,True,507.0,507.0,1.2656225025123908,1.443444321234577,0.3401114826790064,0.1283916226687162,88.65347128014474,0.5039530525119623,0.5120261059367552,0.026084132373933457,4.0,4.0,0.029050322042991673,1.071369262569163,0.9600309497696033
58.35086599469866,1.0,5.080366993006994,63.431232987705656,True,10549,11562,1014,0.25547889790597933,legacy,computed,False,,1014.0,1014.0,1.2913876328598723,1.4273612860139364,0.3942221392613548,0.15589970160402766,134.53742506784664,0.5377063339326659,0.5465539742739836,0.10523851665508702,4.0,4.0,0.0,1.0,1.0
58.35086599469866,1.0,5.080366993006994,63.431232987705656,True,10549,11562,1014,0.25547889790597933,ellipse_constrained,computed,False,,1014.0,1014.0,1.2763142013077982,1.4326053372209164,0.26156420295189325,0.24563497820472338,100.2941541671753,0.6135138643117108,0.6157421517818378,0.03212451736399011,4.0,4.0,0.0,1.0,1.0
58.35086599469866,1.0,5.080366993006994,63.431232987705656,True,10549,11562,1014,0.25547889790597933,geometric_ellipse,computed,False,True,1014.0,1014.0,1.2650326067094886,1.4360460571954243,0.3174549565323658,0.1337369620214106,89.43902159855698,0.5902328692443986,0.5877296942164775,0.030480656175349546,4.0,4.0,0.0,1.0,1.0
58.35086599469866,2.0,10.160733986013987,68.51159998071265,True,10549,12577,2029,0.25547889790597933,legacy,computed,False,,2029.0,2029.0,1.2874607235897042,1.4360885771238183,0.36845181950496286,0.18057408328275765,129.64566322358624,0.5158710205051078,0.5314609697894899,0.04596444348914369,4.0,4.0,0.03745933376502415,0.9346299530394787,1.1582708717518964
58.35086599469866,2.0,10.160733986013987,68.51159998071265,True,10549,12577,2029,0.25547889790597933,ellipse_constrained,computed,False,,2029.0,2029.0,1.2779485668804562,1.4398213118276515,0.2855436310772509,0.25367336760310516,80.55206298828124,0.5636163741141488,0.5739460811026346,0.026799503150497717,4.0,4.0,0.02896030131636294,1.0916770255820056,1.0327249378615868
58.35086599469866,2.0,10.160733986013987,68.51159998071265,True,10549,12577,2029,0.25547889790597933,geometric_ellipse,computed,False,True,2029.0,2029.0,1.2689159373284693,1.4446335153063152,0.32111231141646146,0.15218189757932765,88.46832743952213,0.48101228654010775,0.4902465623705691,0.03690250478679686,4.0,4.0,0.03689026923045267,1.0115208624368188,1.1379195046689046
58.85168765345982,0.25,1.2700917482517484,60.12177940171157,True,10649,10901,253,0.25555318567503094,legacy,computed,False,,253.0,253.0,1.2933292371911258,1.4117115261233204,0.3333478275181844,0.1750313013286551,125.71059459522489,0.5468581806710963,0.5555240494798525,0.036068170579400885,4.0,4.0,0.02435144438018393,0.8605782354747176,1.108248554146322
58.85168765345982,0.25,1.2700917482517484,60.12177940171157,True,10649,10901,253,0.25555318567503094,ellipse_constrained,computed,False,,253.0,253.0,1.2850867994820303,1.4178652772184601,0.23772252554575585,0.20150253278414393,87.06269836425781,0.47368529171805257,0.4831324688083723,0.04431862056630093,4.0,4.0,0.05308705798408971,0.9049537684386151,0.8249512511161362
58.85168765345982,0.25,1.2700917482517484,60.12177940171157,True,10649,10901,253,0.25555318567503094,geometric_ellipse,computed,False,True,253.0,253.0,1.2693085002221842,1.4269757757351764,0.32498838553143705,0.13842268270094638,85.98631879946868,0.5276708244130566,0.5518896010763843,0.03455079982505405,4.0,4.0,0.031239612285635782,1.0467385945041918,1.0216832402219662
58.85168765345982,0.5,2.540183496503497,61.391871149963315,True,10649,11155,507,0.25555318567503094,legacy,computed,False,,507.0,507.0,1.2726214058798588,1.448429307338948,0.401384379325673,0.16112932256290302,130.47323226122458,0.5095337095757425,0.5329909376623635,0.18849890768612065,4.0,4.0,0.1627228103629379,1.0362229251017372,1.0202251677579166
58.85168765345982,0.5,2.540183496503497,61.391871149963315,True,10649,11155,507,0.25555318567503094,ellipse_constrained,computed,False,,507.0,507.0,1.2766648833840601,1.4369304717282338,0.27594203994758304,0.24657427214893107,94.36924266815186,0.5918550555242993,0.6015325936266431,0.04463562844417397,4.0,4.0,0.03256961235204024,1.050446474720546,1.0094749256586895
58.85168765345982,0.5,2.540183496503497,61.391871149963315,True,10649,11155,507,0.25555318567503094,geometric_ellipse,computed,False,True,507.0,507.0,1.2677627859354927,1.4356284994315633,0.3295486833584776,0.13631482429864608,88.77669894830868,0.5380905275772678,0.5427830387069751,0.03654889147534952,4.0,4.0,0.015345019739316648,1.0614266262939778,1.0061253593864683
58.85168765345982,1.0,5.080366993006994,63.93205464646681,True,10649,11662,1014,0.25555318567503094,legacy,computed,False,,1014.0,1014.0,1.298171691087043,1.4156201677412064,0.38735330941096946,0.15793505948986397,133.71114289491678,0.5370060337845642,0.5543000999710394,0.10048883297777439,4.0,4.0,0.0,1.0,1.0
58.85168765345982,1.0,5.080366993006994,63.93205464646681,True,10649,11662,1014,0.25555318567503094,ellipse_constrained,computed,False,,1014.0,1014.0,1.2768019640076909,1.4286083324412888,0.26269024323299567,0.24425992749452358,98.1280288696289,0.61702670200483,0.6224037350829297,0.048406913056116954,4.0,4.0,0.0,1.0,1.0
58.85168765345982,1.0,5.080366993006994,63.93205464646681,True,10649,11662,1014,0.25555318567503094,geometric_ellipse,computed,False,True,1014.0,1014.0,1.2645472181490032,1.4333839414777658,0.31047712125812477,0.13548493040844373,90.03733322702051,0.5826289830791634,0.5794440916253376,0.0426963503667791,4.0,4.0,0.0,1.0,1.0
58.85168765345982,2.0,10.160733986013987,69.01242163947381,True,10649,12677,2029,0.25555318567503094,legacy,computed,False,,2029.0,2029.0,1.290221665766558,1.4338602496689425,0.36607331471361204,0.18272725531288675,129.9485573585227,0.5173286760308539,0.5312298297082408,0.047263094362422244,4.0,4.0,0.07785981485680302,0.9450630879345863,1.1569771518945982
58.85168765345982,2.0,10.160733986013987,69.01242163947381,True,10649,12677,2029,0.25555318567503094,ellipse_constrained,computed,False,,2029.0,2029.0,1.2791415245483073,1.4395087464685246,0.28524573849508317,0.25512829630310124,81.30986022949219,0.5654564821020767,0.5783880454929176,0.0372722613051368,4.0,4.0,0.04362558703523997,1.0858634678794739,1.0444950955322843
58.85168765345982,2.0,10.160733986013987,69.01242163947381,True,10649,12677,2029,0.25555318567503094,geometric_ellipse,computed,False,True,2029.0,2029.0,1.2708515717420141,1.4425596979849602,0.3155559513176432,0.15635761574805762,88.54938204667859,0.47288612704789457,0.48839651479224094,0.05006672441151,4.0,4.0,0.04356356005396628,1.0163581459366082,1.1540590918612825
59.35250931222098,0.25,1.2700917482517484,60.62260106047273,True,10749,11001,253,0.26106991781930766,legacy,computed,False,,253.0,253.0,1.2881464309891328,1.4271495369111273,0.3592860973446095,0.16245587155921087,120.77748070771645,0.48168255039297414,0.492555270989274,0.11040382158193233,4.0,4.0,0.016194760925864107,0.9271094496560686,0.9950944299025243
59.35250931222098,0.25,1.2700917482517484,60.62260106047273,True,10749,11001,253,0.26106991781930766,ellipse_constrained,computed,False,,253.0,253.0,1.2849401949060493,1.435437524853373,0.2510117180748102,0.19073122371297885,91.23904240131378,0.44611119837944363,0.45902573784724576,0.07066665484552305,4.0,4.0,0.034984393582646635,0.9462250136110277,0.7558582768464548
59.35250931222098,0.25,1.2700917482517484,60.62260106047273,True,10749,11001,253,0.26106991781930766,geometric_ellipse,computed,False,True,253.0,253.0,1.267923186123357,1.4335078234352538,0.3496796242120475,0.12955555435688965,87.91796981249792,0.4440596789584335,0.4490178525010616,0.04823991455366446,4.0,4.0,0.015221496924652772,1.1375196875060645,0.9163032642411701
59.35250931222098,0.5,2.540183496503497,61.892692808724476,True,10749,11255,507,0.26106991781930766,legacy,computed,False,,507.0,507.0,1.2728468864542914,1.4455785206829321,0.4264396688530695,0.15870571603899586,132.48097665899613,0.5247279489537229,0.5392316736023012,0.22802454459615445,4.0,4.0,0.10250235495580255,1.1003939468403066,0.9721235219653862
59.35250931222098,0.5,2.540183496503497,61.892692808724476,True,10749,11255,507,0.26106991781930766,ellipse_constrained,computed,False,,507.0,507.0,1.2726311070464436,1.4375636528448479,0.27315565752035414,0.25257258812950467,107.84732627868652,0.5998795223565148,0.5950368687811314,0.057641161599114865,4.0,4.0,0.019023735014681756,1.0296997994256758,1.000932503476754
59.35250931222098,0.5,2.540183496503497,61.892692808724476,True,10749,11255,507,0.26106991781930766,geometric_ellipse,computed,False,True,507.0,507.0,1.268422041488155,1.4363150778074611,0.3164820549448334,0.14159757495326186,90.79902690486902,0.5514473303692978,0.5643683855787004,0.050212423796220686,4.0,4.0,0.012480086184287247,1.0295268677817369,1.0014724631635048
59.35250931222098,1.0,5.080366993006994,64.43287630522798,True,10749,11762,1014,0.26106991781930766,legacy,computed,False,,1014.0,1014.0,1.292372408442325,1.4272791586482156,0.38753363745552855,0.16325673893594644,134.70179192490383,0.5436885902981026,0.5468261934043169,0.040425201357774394,4.0,4.0,0.0,1.0,1.0
59.35250931222098,1.0,5.080366993006994,64.43287630522798,True,10749,11762,1014,0.26106991781930766,ellipse_constrained,computed,False,,1014.0,1014.0,1.2759435468946008,1.4338630971837096,0.26527698429455765,0.25233728273603867,82.04188537597655,0.6096460697904003,0.607876851201428,0.02245941315828852,4.0,4.0,0.0,1.0,1.0
59.35250931222098,1.0,5.080366993006994,64.43287630522798,True,10749,11762,1014,0.26106991781930766,geometric_ellipse,computed,False,True,1014.0,1014.0,1.2651642950900528,1.436367928746982,0.30740533816930815,0.14138938429317954,90.66333471341412,0.5653085999050828,0.5682494178910307,0.02491670082074954,4.0,4.0,0.0,1.0,1.0
59.35250931222098,2.0,10.160733986013987,69.51324329823497,True,10749,12777,2029,0.26106991781930766,legacy,computed,False,,2029.0,2029.0,1.289314832659662,1.4359538499527735,0.36184911832830163,0.18373843996729114,130.07490960927313,0.5164903735326799,0.5333711548237435,0.08070704595736206,4.0,4.0,0.03523107396087092,0.9337231232471418,1.1254570020498857
59.35250931222098,2.0,10.160733986013987,69.51324329823497,True,10749,12777,2029,0.26106991781930766,ellipse_constrained,computed,False,,2029.0,2029.0,1.2787949156746852,1.4409180018830572,0.28554908347407293,0.25560602567030904,80.00268554687499,0.5648450992586502,0.5754393165187277,0.06924432539776453,4.0,4.0,0.02914673355829701,1.0764186129204696,1.0129538643629197
59.35250931222098,2.0,10.160733986013987,69.51324329823497,True,10749,12777,2029,0.26106991781930766,geometric_ellipse,computed,False,True,2029.0,2029.0,1.2713102723288199,1.443835280737761,0.31248670543637136,0.1596645015886396,88.95746234051411,0.4680947342651921,0.4758172141941105,0.0685544481974411,4.0,4.0,0.03704493252158089,1.0165298602077775,1.1292538148236466
59.85333097098214,0.25,1.2700917482517484,61.12342271923389,True,10849,11101,253,0.25953808063749606,legacy,computed,False,,253.0,253.0,1.2967492775376002,1.45827238095472,0.3407754681450847,0.15187713845228407,125.38721238727595,0.47715873209691273,0.48832154254858184,0.11900554464399153,4.0,4.0,0.08412087865757627,0.8405678428139925,0.9448669767069438
59.85333097098214,0.25,1.2700917482517484,61.12342271923389,True,10849,11101,253,0.25953808063749606,ellipse_constrained,computed,False,,253.0,253.0,1.3022879982808397,1.4557036017719043,0.2380875276444893,0.18251068261642972,99.52173900604248,0.47162147002102434,0.5041387155422224,0.05312000925097173,4.0,4.0,0.09993378220303444,0.9118087339055149,0.7195869943224933
59.85333097098214,0.25,1.2700917482517484,61.12342271923389,True,10849,11101,253,0.25953808063749606,geometric_ellipse,computed,False,True,253.0,253.0,1.2754008653167772,1.4492394797247188,0.32296437838785136,0.13229974236866204,90.80357232679383,0.4844317855033994,0.4937235374871818,0.0297238458807764,4.0,4.0,0.04337839497452503,1.093129541245516,0.9175722254035921
59.85333097098214,0.5,2.540183496503497,62.39351446748564,True,10849,11355,507,0.25953808063749606,legacy,computed,False,,507.0,507.0,1.2613908456025658,1.4741150880801843,0.48831422468570174,0.14857561427072247,137.34677770488253,0.5394102927667721,0.5521249476136377,0.12468445802887844,4.0,4.0,0.20676474175693724,1.2044917337908088,0.9243273405000301
59.85333097098214,0.5,2.540183496503497,62.39351446748564,True,10849,11355,507,0.25953808063749606,ellipse_constrained,computed,False,,507.0,507.0,1.2758252683036861,1.4527517809650552,0.26759263673300554,0.2449348681401462,127.04116439819337,0.6295877353030345,0.6378463595297785,0.05615081505849794,4.0,4.0,0.04667661451620894,1.024805061045824,0.9657075577332684
59.85333097098214,0.5,2.540183496503497,62.39351446748564,True,10849,11355,507,0.25953808063749606,geometric_ellipse,computed,False,True,507.0,507.0,1.2677887985147895,1.4469774371136133,0.30499250647344023,0.1384031442298548,93.05168925287168,0.6029362073041278,0.6771516329268706,0.03128606511253992,4.0,4.0,0.030333035402707816,1.0323005910089955,0.9599027086535248
59.85333097098214,1.0,5.080366993006994,64.93369796398913,True,10849,11862,1014,0.25953808063749606,legacy,computed,False,,1014.0,1014.0,1.2998174586370965,1.4366564738914693,0.4054110219161622,0.1607391751393484,137.27411601087965,0.5297870366441096,0.555553188036706,0.16825236311286348,4.0,4.0,0.0,1.0,1.0
59.85333097098214,1.0,5.080366993006994,64.93369796398913,True,10849,11862,1014,0.25953808063749606,ellipse_constrained,computed,False,,1014.0,1014.0,1.2805289844629875,1.441587877218022,0.2611156471650565,0.25363254763695037,84.26533508300781,0.6197991391493657,0.6187157027874398,0.04719574866339977,4.0,4.0,0.0,1.0,1.0
59.85333097098214,1.0,5.080366993006994,64.93369796398913,True,10849,11862,1014,0.25953808063749606,geometric_ellipse,computed,False,True,1014.0,1014.0,1.2699277677433325,1.4394010071051844,0.295449318861024,0.14418455431175492,92.31124546001674,0.5576721497623855,0.5935800830877128,0.03244639341592812,4.0,4.0,0.0,1.0,1.0
59.85333097098214,2.0,10.160733986013987,70.01406495699612,True,10849,12877,2029,0.25953808063749606,legacy,computed,False,,2029.0,2029.0,1.289610658389806,1.439164222748803,0.36157711519114966,0.18317013653574557,130.52652196173966,0.515074959372479,0.5365700636572115,0.027801330357007437,4.0,4.0,0.04049639117058366,0.8918778613422177,1.1395488148856758
59.85333097098214,2.0,10.160733986013987,70.01406495699612,True,10849,12877,2029,0.25953808063749606,ellipse_constrained,computed,False,,2029.0,2029.0,1.280054822100468,1.4435386066799865,0.28485142359405397,0.2560332039225036,83.95964050292967,0.5723271798635067,0.5800950251312904,0.023978184573527996,4.0,4.0,0.007735010084201729,1.0909013944077952,1.0094650955010298
59.85333097098214,2.0,10.160733986013987,70.01406495699612,True,10849,12877,2029,0.25953808063749606,geometric_ellipse,computed,False,True,2029.0,2029.0,1.272961331856731,1.4471468445550604,0.30770052026189215,0.16252403471598958,90.33097828292176,0.4623817308992425,0.479656965022221,0.021629893322752884,4.0,4.0,0.032051883532624184,1.0414663382812908,1.1271944868975434
60.354152629743304,0.25,1.2700917482517484,61.624244377995055,True,10949,11201,253,0.24893799557440532,legacy,computed,False,,253.0,253.0,1.2502205056628077,1.4652945190256101,0.4775159724428759,0.14180700829140908,141.8520758383707,0.530845740389319,0.554254680974202,0.30535653317689115,4.0,4.0,0.32366170097525715,1.2328214088073102,0.8620680517803735
60.354152629743304,0.25,1.2700917482517484,61.624244377995055,True,10949,11201,253,0.24893799557440532,ellipse_constrained,computed,False,,253.0,253.0,1.2760705690227965,1.4363413417816822,0.22137163260800816,0.19093200596979557,148.1400604248047,0.5325141511793348,0.5892058782580442,0.10926678254374368,4.0,4.0,0.03248824313531111,0.8469871183256474,0.7577289858231882
60.354152629743304,0.25,1.2700917482517484,61.624244377995055,True,10949,11201,253,0.24893799557440532,geometric_ellipse,computed,False,True,253.0,253.0,1.2695955253842994,1.4312017939573831,0.2623826740306049,0.14661066330311892,102.21504834929122,0.579279221564022,0.6127473941002113,0.1067656500772786,4.0,4.0,0.030820546944361076,0.9624480671237149,0.9573864421501518
60.354152629743304,0.5,2.540183496503497,62.8943361262468,True,10949,11455,507,0.24893799557440532,legacy,computed,False,,507.0,507.0,1.3019751190352185,1.4267143526508361,0.4236578994128513,0.14715331474101154,144.54574482968894,0.5144480639123743,0.5327379679339043,0.19766587476910077,4.0,4.0,0.06673542507533423,1.0937739438003362,0.8945691251811926
60.354152629743304,0.5,2.540183496503497,62.8943361262468,True,10949,11455,507,0.24893799557440532,ellipse_constrained,computed,False,,507.0,507.0,1.2751206548515686,1.4348481153273243,0.26483842478384756,0.23400332970581056,163.6179962158203,0.6122327697421234,0.625299199338748,0.05134482223480669,4.0,4.0,0.02642191075660234,1.0132948453552677,0.9286609900557093
60.354152629743304,0.5,2.540183496503497,62.8943361262468,True,10949,11455,507,0.24893799557440532,geometric_ellipse,computed,False,True,507.0,507.0,1.2699005652107638,1.4439669239146251,0.31720619645256726,0.1319608287832737,175.42189266010425,0.530981145201573,0.5608001875764167,0.0647678166694551,4.0,4.0,0.08210087971585903,1.1635466853265948,0.8617211430985737
60.354152629743304,1.0,5.080366993006994,65.4345196227503,True,10949,11962,1014,0.24893799557440532,legacy,computed,False,,1014.0,1014.0,1.3117618350722182,1.4132900689911188,0.38733588582376055,0.1644963039733861,138.45068516106775,0.5673335574567195,0.5997502483890831,0.0669541918530759,4.0,4.0,0.0,1.0,1.0
60.354152629743304,1.0,5.080366993006994,65.4345196227503,True,10949,11962,1014,0.24893799557440532,ellipse_constrained,computed,False,,1014.0,1014.0,1.2754395929532554,1.4282784350081619,0.2613636356661752,0.2519792822263084,42.41883850097656,0.635930237595351,0.6364096786009847,0.03803576950361656,4.0,4.0,0.0,1.0,1.0
60.354152629743304,1.0,5.080366993006994,65.4345196227503,True,10949,11962,1014,0.24893799557440532,geometric_ellipse,computed,False,True,1014.0,1014.0,1.2691342814271744,1.4235432656888287,0.27262008516962166,0.1531363479243058,93.29867351663742,0.5656927253309519,0.5928243859725099,0.10830868826010957,4.0,4.0,0.0,1.0,1.0
60.354152629743304,2.0,10.160733986013987,70.51488661575729,True,10949,12977,2029,0.24893799557440532,legacy,computed,False,,2029.0,2029.0,1.2920529662251947,1.4383915059848071,0.35893158027283295,0.1840013369853032,130.53989288932695,0.5124078089115303,0.5296004036836212,0.035444848775635175,4.0,4.0,0.12820174725971697,0.9266675085100385,1.118574293408275
60.354152629743304,2.0,10.160733986013987,70.51488661575729,True,10949,12977,2029,0.24893799557440532,ellipse_constrained,computed,False,,2029.0,2029.0,1.2800978744766913,1.4456658487921261,0.2857802503232509,0.2559075963783117,82.04637145996092,0.5727231908870711,0.5801550160012329,0.03092671022116143,4.0,4.0,0.07230958846535727,1.0934200911111507,1.0155898299149657
60.354152629743304,2.0,10.160733986013987,70.51488661575729,True,10949,12977,2029,0.24893799557440532,geometric_ellipse,computed,False,True,2029.0,2029.0,1.273263691979564,1.4489413043862593,0.30787655672789876,0.1638810766917529,90.59697509751292,0.460869075753967,0.4738852005243197,0.030230095822298228,4.0,4.0,0.10336527699010756,1.1293245563192487,1.0701644574464981
60.854974288504465,0.25,1.2700917482517484,62.125066036756216,True,11049,11301,253,0.25640415161096053,legacy,computed,False,,253.0,253.0,1.2686788026899845,1.4561099340486323,0.4319253244042742,0.14900395769596772,144.65836110222037,0.4801746141283776,0.4841383420928378,0.07750728544885865,4.0,4.0,0.1968359047383257,1.1618691623748658,0.8599334972145559
60.854974288504465,0.25,1.2700917482517484,62.125066036756216,True,11049,11301,253,0.25640415161096053,ellipse_constrained,computed,False,,253.0,253.0,1.263662324486747,1.445116290576102,0.23116255751657339,0.1965874474789488,157.68605041503906,0.45941254691933736,0.4724707597673594,0.046427023864610485,4.0,4.0,0.08199266110269099,0.8481599174829408,0.7688865536368578
60.854974288504465,0.25,1.2700917482517484,62.125066036756216,True,11049,11301,253,0.25640415161096053,geometric_ellipse,computed,False,True,253.0,253.0,1.2547910873893084,1.4446057670267072,0.3139101797222636,0.13935819123674828,174.5753090227478,0.4607908168154647,0.4656546871723657,0.047975868507886696,4.0,4.0,0.11146226270558103,1.1840481368502562,0.8264398069842972
60.854974288504465,0.5,2.540183496503497,63.39515778500796,True,11049,11555,507,0.25640415161096053,legacy,computed,False,,507.0,507.0,1.3171050830255275,1.405142907299775,0.4254887646268722,0.15423386121344945,142.47219090619947,0.5421106531832817,0.5534988301138167,0.12444460994236642,4.0,4.0,0.07846530810097058,1.1445549650018352,0.8901163815582009
60.854974288504465,0.5,2.540183496503497,63.39515778500796,True,11049,11555,507,0.25640415161096053,ellipse_constrained,computed,False,,507.0,507.0,1.2739172180188443,1.4257485154892997,0.26500046395601073,0.24166177090313384,164.2354278564453,0.6120854908377469,0.6010373008641049,0.036247080090120544,4.0,4.0,0.02170411339091982,0.9723147816694171,0.9451798095877288
60.854974288504465,0.5,2.540183496503497,63.39515778500796,True,11049,11555,507,0.25640415161096053,geometric_ellipse,computed,False,True,507.0,507.0,1.2671100000159115,1.4215331154145256,0.2604693440196364,0.1485572621397229,95.09924260575762,0.6002481544567732,0.6244052151662297,0.07512371998930455,4.0,4.0,0.06248021260733616,0.9824728900666024,0.8809933162830349
60.854974288504465,1.0,5.080366993006994,65.93534128151146,True,11049,12062,1014,0.25640415161096053,legacy,computed,False,,1014.0,1014.0,1.3054542436116252,1.421544897785096,0.3717503987466342,0.17327381498524275,137.16679661027433,0.5703743182308453,0.5767266958901962,0.052781801907220004,4.0,4.0,0.0,1.0,1.0
60.854974288504465,1.0,5.080366993006994,65.93534128151146,True,11049,12062,1014,0.25640415161096053,ellipse_constrained,computed,False,,1014.0,1014.0,1.277893420729234,1.4296420117090358,0.2725459583171387,0.25567809262508745,51.3289794921875,0.622400591854809,0.6307681556407672,0.02666969086755641,4.0,4.0,0.0,1.0,1.0
60.854974288504465,1.0,5.080366993006994,65.93534128151146,True,11049,12062,1014,0.25640415161096053,geometric_ellipse,not_converged,False,False,1014.0,1014.0,1.2799703753955427,1.4310859737071826,0.26511606239026,0.16862473232656877,0.12380230418543192,0.539633959114875,0.5694220083295713,0.07033465344740018,4.0,4.0,0.0,1.0,1.0
60.854974288504465,2.0,10.160733986013987,71.01570827451846,True,11049,13077,2029,0.25640415161096053,legacy,computed,False,,2029.0,2029.0,1.2930864915467732,1.4386693190145132,0.35885900375236474,0.18576975410148078,130.62409376772018,0.5106699638258528,0.5279810966832327,0.031246424755932846,4.0,4.0,0.08238405838128957,0.9653224447432118,1.0721167195245414
60.854974288504465,2.0,10.160733986013987,71.01570827451846,True,11049,13077,2029,0.25640415161096053,ellipse_constrained,computed,False,,2029.0,2029.0,1.2796211128094397,1.4467844222709052,0.28637037859876197,0.25669900974881726,83.02520751953124,0.5668039192693133,0.5737398067534004,0.02362601767713502,4.0,4.0,0.0671956866401766,1.050723262847057,1.0039929784880977
60.854974288504465,2.0,10.160733986013987,71.01570827451846,True,11049,13077,2029,0.25640415161096053,geometric_ellipse,computed,False,True,2029.0,2029.0,1.2742004220831915,1.4504668490717936,0.30671339708673506,0.16681330955036916,90.26689467611669,0.45572252464583757,0.47152609262706513,0.026836742502194373,4.0,4.0,0.07886588477112284,1.1569023556001763,0.9892576684854776
61.35579594726563,0.25,1.2700917482517484,62.62588769551738,True,11149,11401,253,0.2530053922636174,legacy,computed,False,,253.0,253.0,1.3138748104142077,1.4126028183578754,0.384654091095062,0.15161992996396392,144.01992525204076,0.4934686146800433,0.5088764660749395,0.1882572218618057,4.0,4.0,0.042876696632424625,1.110785494341414,0.8510898876574572
61.35579594726563,0.25,1.2700917482517484,62.62588769551738,True,11149,11401,253,0.2530053922636174,ellipse_constrained,computed,False,,253.0,253.0,1.2760653526518626,1.4299286560106628,0.21950404864941317,0.1924497011881758,159.65302276611328,0.46185852119359444,0.5237863241321664,0.10514337329904064,4.0,4.0,0.02451561373671039,0.8004653079548794,0.7679520309174445
61.35579594726563,0.25,1.2700917482517484,62.62588769551738,True,11149,11401,253,0.2530053922636174,geometric_ellipse,computed,False,True,253.0,253.0,1.272981433604093,1.439814980950282,0.30331734891602297,0.134721513814134,173.60158563350845,0.49815746104951564,0.6145298405363031,0.13257440973548967,4.0,4.0,0.10968914670030205,1.1475858466476578,0.805080894429034
61.35579594726563,0.5,2.540183496503497,63.89597944376912,True,11149,11655,507,0.2530053922636174,legacy,computed,False,,507.0,507.0,1.3315361914060206,1.380971330042792,0.37601876198439865,0.15508329405027405,140.9795622983456,0.5829891924730426,0.592231960754931,0.05301101900368397,4.0,4.0,0.17067776162053916,1.0858488082719073,0.8705308289099372
61.35579594726563,0.5,2.540183496503497,63.89597944376912,True,11149,11655,507,0.2530053922636174,ellipse_constrained,computed,False,,507.0,507.0,1.276196562208455,1.4166475958105036,0.24897689416657823,0.23578798425827846,155.15264892578125,0.6520575948286238,0.6576172698540466,0.0415116798219059,4.0,4.0,0.0297734739075283,0.9079439194354572,0.9408892830653074
61.35579594726563,0.5,2.540183496503497,63.89597944376912,True,11149,11655,507,0.2530053922636174,geometric_ellipse,computed,False,True,507.0,507.0,1.2632677022382457,1.4135456925489707,0.2658753561114361,0.14044751401265518,93.73006642234812,0.5864086068797072,0.6058532295677329,0.01818674772117007,4.0,4.0,0.03388813304647501,1.0059259608337294,0.8392988395130405
61.35579594726563,1.0,5.080366993006994,66.43616294027262,True,11149,12162,1014,0.2530053922636174,legacy,computed,False,,1014.0,1014.0,1.3030585690848797,1.4134327560905149,0.3462901640817014,0.17814796317376436,134.66697037498207,0.5827086321523499,0.595448348883995,0.0643602287354909,4.0,4.0,0.0,1.0,1.0
61.35579594726563,1.0,5.080366993006994,66.43616294027262,True,11149,12162,1014,0.2530053922636174,ellipse_constrained,computed,False,,1014.0,1014.0,1.277865868131399,1.423993154910874,0.27422056454917115,0.2506012009086858,57.35855102539064,0.6251270466231543,0.6375148830843678,0.02269699181162272,4.0,4.0,0.0,1.0,1.0
61.35579594726563,1.0,5.080366993006994,66.43616294027262,True,11149,12162,1014,0.2530053922636174,geometric_ellipse,computed,False,True,1014.0,1014.0,1.2717174197975392,1.4120918362330144,0.2643090709092286,0.16733910187954334,89.31607558042734,0.5312025037884054,0.5755731303381555,0.0504087228007544,4.0,4.0,0.0,1.0,1.0
61.35579594726563,2.0,10.160733986013987,71.51652993327961,True,11149,13177,2029,0.2530053922636174,legacy,computed,False,,2029.0,2029.0,1.2973431302136003,1.4374670297712682,0.35367448213233293,0.18663402790965375,129.81122519801633,0.5111734035518699,0.5277481462916026,0.031138756608565646,4.0,4.0,0.09764418254753039,1.0213240767903802,1.04763492427703
61.35579594726563,2.0,10.160733986013987,71.51652993327961,True,11149,13177,2029,0.2530053922636174,ellipse_constrained,computed,False,,2029.0,2029.0,1.2825914977916064,1.4475858330853635,0.2870157081462163,0.25403426783316263,83.00907897949217,0.5665534785921769,0.5759581143794766,0.026150101234267135,4.0,4.0,0.09510191589605232,1.046660043961622,1.013699323514925
61.35579594726563,2.0,10.160733986013987,71.51652993327961,True,11149,13177,2029,0.2530053922636174,geometric_ellipse,computed,False,True,2029.0,2029.0,1.276118262714402,1.4513656043418564,0.3072830140672239,0.16707459552958273,90.03657010493743,0.4546168382772103,0.47434454653835567,0.028866148132566525,4.0,4.0,0.1562004981868322,1.1625897401483953,0.9984193392519161
61.85661760602679,0.25,1.2700917482517484,63.12670935427854,True,11249,11501,253,0.2603646006879483,legacy,computed,False,,253.0,253.0,1.3581840085191925,1.3773761335867811,0.43631483904266777,0.15538223371046508,144.25620699013967,0.5799974992159314,0.6213663233040306,2.5712991631331303,4.0,4.0,0.2367873166091088,1.3163701844964464,0.8290004604873277
61.85661760602679,0.25,1.2700917482517484,63.12670935427854,True,11249,11501,253,0.2603646006879483,ellipse_constrained,computed,False,,253.0,253.0,1.2898219492372447,1.4138232304832652,0.20427467692237236,0.2023931847212823,155.99705505371094,0.5746213028352675,0.5851812334045796,0.04994826445076339,4.0,4.0,0.03324126508035443,0.7345401718648297,0.8117274134431274
61.85661760602679,0.25,1.2700917482517484,63.12670935427854,True,11249,11501,253,0.2603646006879483,geometric_ellipse,computed,False,True,253.0,253.0,1.263502133985838,1.4117579946809415,0.26967536886771554,0.13645231215408432,91.40073198303325,0.6366507616577163,0.6356971910261751,0.20143846540780538,4.0,4.0,0.037712718118510416,1.0017041142759866,0.8074191585814321
61.85661760602679,0.5,2.540183496503497,64.39680110253029,True,11249,11755,507,0.2603646006879483,legacy,computed,False,,507.0,507.0,1.3071712633876975,1.4155739333574926,0.35456103541433504,0.16899766161009927,137.29215772228176,0.5701088368729651,0.5990973719911862,0.1860917296461643,4.0,4.0,0.04233644651906624,1.069717400920157,0.9016419441949245
61.85661760602679,0.5,2.540183496503497,64.39680110253029,True,11249,11755,507,0.2603646006879483,ellipse_constrained,computed,False,,507.0,507.0,1.2757543768058373,1.4310199985297651,0.2657009649668921,0.24091586300909565,57.06654357910156,0.6014923778687948,0.6222191833125883,0.0720157349645629,4.0,4.0,0.06734394720870013,0.9554196115341257,0.9662282384018857
61.85661760602679,0.5,2.540183496503497,64.39680110253029,True,11249,11755,507,0.2603646006879483,geometric_ellipse,computed,False,True,507.0,507.0,1.260122776915775,1.4371629071049854,0.29937289900799974,0.13924896765836853,89.38577406783536,0.5717988711445567,0.5886412110939995,0.09049789060800828,4.0,4.0,0.1208685871352588,1.1120150345882907,0.8239676010260089
61.85661760602679,1.0,5.080366993006994,66.93698459903378,True,11249,12262,1014,0.2603646006879483,legacy,computed,False,,1014.0,1014.0,1.3032125084431598,1.4052864240338938,0.33145299413597107,0.18743322967411102,131.23045484155676,0.5707262183108393,0.5791448793920537,0.055841901629402335,4.0,4.0,0.0,1.0,1.0
61.85661760602679,1.0,5.080366993006994,66.93698459903378,True,11249,12262,1014,0.2603646006879483,ellipse_constrained,computed,False,,1014.0,1014.0,1.2811829970414181,1.4143475501701486,0.2780987136534216,0.24933639220435508,60.16917419433595,0.6228722133279863,0.6253712811418379,0.046810924791690654,4.0,4.0,0.0,1.0,1.0
61.85661760602679,1.0,5.080366993006994,66.93698459903378,True,11249,12262,1014,0.2603646006879483,geometric_ellipse,computed,False,True,1014.0,1014.0,1.2726975917378107,1.4083145323170954,0.2692165930282037,0.16899811046572094,86.94556751710395,0.5044268460341058,0.5394857405173882,0.07931431827244077,4.0,4.0,0.0,1.0,1.0
61.85661760602679,2.0,10.160733986013987,72.01735159204077,True,11249,13277,2029,0.2603646006879483,legacy,computed,False,,2029.0,2029.0,1.2981015543706897,1.4390951111262889,0.34773612498703904,0.18824955603873322,128.9102223874989,0.5062792922004643,0.5224368908182594,0.07854820226518332,4.0,4.0,0.13132669857745236,1.0491265160947323,1.0043552915672507
61.85661760602679,2.0,10.160733986013987,72.01735159204077,True,11249,13277,2029,0.2603646006879483,ellipse_constrained,computed,False,,2029.0,2029.0,1.2841988306043894,1.44925432010869,0.28818683264404693,0.2527880687744009,82.49423217773438,0.5616329387072863,0.5685567369165694,0.06378610962765283,4.0,4.0,0.13456824327948635,1.0362753169840173,1.0138434527728983
61.85661760602679,2.0,10.160733986013987,72.01735159204077,True,11249,13277,2029,0.2603646006879483,geometric_ellipse,computed,False,True,2029.0,2029.0,1.2777557953704373,1.4515461262367018,0.30600793072326393,0.16825375983112348,90.33884028070175,0.44760587772299365,0.46222176149166844,0.054967123843060885,4.0,4.0,0.16717518100912335,1.1366607358083827,0.9955955091299766
62.35743926478795,0.25,1.2700917482517484,63.6275310130397,True,11349,11601,253,0.2991432831181252,legacy,computed,False,,253.0,253.0,1.3201366009280722,1.3790320105224678,0.32950839696495665,0.16729973287576114,142.4425196317037,0.6108430439833364,0.6286429451691653,0.11060672550544962,4.0,4.0,0.21782536097508456,0.9167336156356023,0.8602529306548944
62.35743926478795,0.25,1.2700917482517484,63.6275310130397,True,11349,11601,253,0.2991432831181252,ellipse_constrained,computed,False,,253.0,253.0,1.2769531774649505,1.4072967188264078,0.21341578337053455,0.20399865998463193,79.85478210449217,0.5353007263221646,0.5648683584206706,0.044111956621069315,4.0,4.0,0.09454895122637852,0.7151981049620265,0.8019816402958717
62.35743926478795,0.25,1.2700917482517484,63.6275310130397,True,11349,11601,253,0.2991432831181252,geometric_ellipse,computed,False,True,253.0,253.0,1.2579097059513948,1.403502838600815,0.2670673191504095,0.14043565056012514,90.34931497577614,0.5134351256534558,0.5508616799773166,0.11401026289427266,4.0,4.0,0.14079714017083184,0.8348012644128225,0.8489692727458241
62.35743926478795,0.5,2.540183496503497,64.89762276129144,True,11349,11855,507,0.2991432831181252,legacy,computed,False,,507.0,507.0,1.3146753399851736,1.4165862030829475,0.34468898019187416,0.17493041361545397,139.47248039544394,0.5518490268175071,0.597634927208001,0.12383981824839409,4.0,4.0,0.11359235223601655,0.9589678988200435,0.8994897863053894
62.35743926478795,0.5,2.540183496503497,64.89762276129144,True,11349,11855,507,0.2991432831181252,ellipse_constrained,computed,False,,507.0,507.0,1.2830458097702035,1.4271267826696616,0.2655087934082897,0.24384110141294538,43.83795166015625,0.6074727635989267,0.6292190568869902,0.08324883144021106,4.0,4.0,0.03698702478211729,0.8897719882632661,0.9586145639262434
62.35743926478795,0.5,2.540183496503497,64.89762276129144,True,11349,11855,507,0.2991432831181252,geometric_ellipse,computed,False,True,507.0,507.0,1.2921571050481375,1.418160382975763,0.2198479547570493,0.19794861723097723,160.4414220319982,0.5477837790355496,0.5764662910813446,0.1292317924927954,4.0,4.0,0.11601458016795982,0.6872025794604841,1.1966498032469008
62.35743926478795,1.0,5.080366993006994,67.43780625779495,True,11349,12362,1014,0.2991432831181252,legacy,computed,False,,1014.0,1014.0,1.28571268941068,1.4343578580667509,0.35943745417963907,0.19447737626234995,126.990797556905,0.5070862418063067,0.5278561331482006,0.0856666743581167,4.0,4.0,0.0,1.0,1.0
62.35743926478795,1.0,5.080366993006994,67.43780625779495,True,11349,12362,1014,0.2991432831181252,ellipse_constrained,computed,False,,1014.0,1014.0,1.2758834471729128,1.4355601658898622,0.29840093519524336,0.25436824203278713,74.42849731445312,0.5484820719453505,0.5570747508979124,0.04686272116777695,4.0,4.0,0.0,1.0,1.0
62.35743926478795,1.0,5.080366993006994,67.43780625779495,True,11349,12362,1014,0.2991432831181252,geometric_ellipse,computed,False,True,1014.0,1014.0,1.269107490926027,1.4441055384441066,0.3199172432234607,0.16541900286439537,86.6986755254372,0.4381825007525316,0.4800786137392415,0.13116730356909995,4.0,4.0,0.0,1.0,1.0
62.35743926478795,2.0,10.160733986013987,72.51817325080194,True,11349,13377,2029,0.2991432831181252,legacy,computed,False,,2029.0,2029.0,1.3057299133266391,1.4429906404296207,0.3393153942342779,0.19737828594262585,130.24834536360214,0.509523239784405,0.5241411127088524,0.05588621130168298,4.0,4.0,0.07287279750695348,0.9440179098995494,1.0149164377678697
62.35743926478795,2.0,10.160733986013987,72.51817325080194,True,11349,13377,2029,0.2991432831181252,ellipse_constrained,computed,False,,2029.0,2029.0,1.288789497720386,1.4528128007413246,0.2913400986219693,0.25500449218128207,77.36871337890624,0.5616273608602828,0.5803526328468437,0.04423949363720511,4.0,4.0,0.07202486573959072,0.9763377532022339,1.0025012955367791
62.35743926478795,2.0,10.160733986013987,72.51817325080194,True,11349,13377,2029,0.2991432831181252,geometric_ellipse,computed,False,True,2029.0,2029.0,1.2882891115756538,1.4538630083927906,0.2946779241892347,0.185299246499776,87.9309524818069,0.4528435525125908,0.48262365454286554,0.05446431654053821,4.0,4.0,0.07194128623233584,0.921106725039524,1.1201811357288725
62.85826092354911,0.25,1.2700917482517484,64.12835267180085,True,11449,11701,253,0.3013604494705241,legacy,computed,False,,253.0,253.0,1.3189592215854347,1.3626604107174758,0.431132855844603,0.15722621461823338,143.2044046919707,0.5414701159096691,0.585619016859261,0.08272473215953108,4.0,4.0,0.2556888807240814,1.2336554105907656,0.7896894740733368
62.85826092354911,0.25,1.2700917482517484,64.12835267180085,True,11449,11701,253,0.3013604494705241,ellipse_constrained,computed,False,,253.0,253.0,1.251693008029386,1.4080290453749578,0.21659183569556753,0.20224892057960564,123.21525192260744,0.5020185153893697,0.5687756432891085,0.11651169773067371,4.0,4.0,0.1375251949602732,0.7238769602589745,0.7918633062587404
62.85826092354911,0.25,1.2700917482517484,64.12835267180085,True,11449,11701,253,0.3013604494705241,geometric_ellipse,computed,False,True,253.0,253.0,1.2497556239509333,1.4153112545146496,0.2716134351687513,0.14374340300318467,91.31371775838414,0.5050217038947293,0.5923133901034634,0.031470618682024,4.0,4.0,0.12073224790819746,0.876182025114078,0.8166298048704127
62.85826092354911,0.5,2.540183496503497,65.39844442005261,True,11449,11955,507,0.3013604494705241,legacy,computed,False,,507.0,507.0,1.3167118281574797,1.4048989716198792,0.3614770035830383,0.18028692103111613,134.2395703899786,0.5651875736154209,0.6078227637179797,0.1234669242633139,4.0,4.0,0.13154609194637124,1.0343402392766978,0.9055149244485639
62.85826092354911,0.5,2.540183496503497,65.39844442005261,True,11449,11955,507,0.3013604494705241,ellipse_constrained,computed,False,,507.0,507.0,1.2770535970963712,1.423327154322933,0.27683967908659546,0.24587973710145236,58.14042663574217,0.599583908919838,0.6097209983080444,0.10441367678185452,4.0,4.0,0.05087827892643415,0.9252327758925577,0.9626906339238055
62.85826092354911,0.5,2.540183496503497,65.39844442005261,True,11449,11955,507,0.3013604494705241,geometric_ellipse,computed,False,True,507.0,507.0,1.2758458998098665,1.4131893837212384,0.2555464949196686,0.17725967912781174,90.05842137980339,0.49626495501815426,0.5811897851328772,0.08438320219354703,4.0,4.0,0.09448822800187688,0.8243526145546116,1.007041256525211
62.85826092354911,1.0,5.080366993006994,67.9386279165561,True,11449,12462,1014,0.3013604494705241,legacy,computed,False,,1014.0,1014.0,1.289755733765025,1.4339664745419622,0.34947591697275066,0.19909878475046272,125.78515400824652,0.5055525415828267,0.5134016129589408,0.07806628643336146,4.0,4.0,0.0,1.0,1.0
62.85826092354911,1.0,5.080366993006994,67.9386279165561,True,11449,12462,1014,0.3013604494705241,ellipse_constrained,computed,False,,1014.0,1014.0,1.2799007808690341,1.4383931844798952,0.2992108432599921,0.2554088805240346,75.58715820312499,0.5426759939852851,0.5537193130494911,0.06745592879265772,4.0,4.0,0.0,1.0,1.0
62.85826092354911,1.0,5.080366993006994,67.9386279165561,True,11449,12462,1014,0.3013604494705241,geometric_ellipse,computed,False,True,1014.0,1014.0,1.2748594543710368,1.4416473069886098,0.30999658448070483,0.176020275216375,86.74084901931008,0.428332976554162,0.4643350942343835,0.12836392137730546,4.0,4.0,0.0,1.0,1.0
62.85826092354911,2.0,10.160733986013987,73.0189949095631,True,11449,13477,2029,0.3013604494705241,legacy,computed,False,,2029.0,2029.0,1.3046607121662133,1.4434692649113667,0.33499298125396204,0.19991442352520425,129.8885597324504,0.505644327817745,0.518958270075553,0.04372373864778587,4.0,4.0,0.058655931534105914,0.9585581294292222,1.0040966537076748
62.85826092354911,2.0,10.160733986013987,73.0189949095631,True,11449,13477,2029,0.3013604494705241,ellipse_constrained,computed,False,,2029.0,2029.0,1.290040010825546,1.4530802558133713,0.2919467263428521,0.25547126022903693,80.42349243164062,0.5566093063834958,0.564769457718582,0.03403775161564261,4.0,4.0,0.05922131425906551,0.9757224142080039,1.0002442346752953
62.85826092354911,2.0,10.160733986013987,73.0189949095631,True,11449,13477,2029,0.3013604494705241,geometric_ellipse,computed,False,True,2029.0,2029.0,1.2905814307972185,1.452984413793317,0.29162070937980994,0.19187881284439098,89.04307288087706,0.4512244145757792,0.46829623621783234,0.042704154926303334,4.0,4.0,0.06431916987705556,0.9407223304357449,1.090094948485461
63.359082582310265,0.25,1.2700917482517484,64.62917433056201,True,11549,11801,253,0.30217761324041803,legacy,computed,False,,253.0,253.0,1.3090063131950052,1.4343121558729397,0.33021406130195274,0.18740255685177012,141.05493549347773,0.5257493866048107,0.6529723931013943,0.15606867987722473,4.0,4.0,0.07009690632575778,0.9533519629109429,0.9204416631152629
63.359082582310265,0.25,1.2700917482517484,64.62917433056201,True,11549,11801,253,0.30217761324041803,ellipse_constrained,computed,False,,253.0,253.0,1.2808531230512883,1.4457874115472966,0.23821569672194157,0.21203894984612973,37.780555725097656,0.48756715431494013,0.5586976198994923,0.11876785399824838,4.0,4.0,0.010175941929003528,0.7964307464377812,0.819255939746178
63.359082582310265,0.25,1.2700917482517484,64.62917433056201,True,11549,11801,253,0.30217761324041803,geometric_ellipse,computed,False,True,253.0,253.0,1.2859730829078875,1.4467523817995565,0.28089017695823015,0.1684795803804063,3.5586908129485266,0.49879048675805976,0.5674595355691138,0.15127196776533747,4.0,4.0,0.029221186812562815,0.9126380601516492,0.9151303993814517
63.359082582310265,0.5,2.540183496503497,65.89926607881377,True,11549,12055,507,0.30217761324041803,legacy,computed,False,,507.0,507.0,1.3051079987923093,1.424040401009057,0.3514425068014617,0.18923304339300298,132.3823872338559,0.5609588169126875,0.5770922119188249,0.07090862165829334,4.0,4.0,0.07137998912054941,1.014640025892606,0.9294322345601079
63.359082582310265,0.5,2.540183496503497,65.89926607881377,True,11549,12055,507,0.30217761324041803,ellipse_constrained,computed,False,,507.0,507.0,1.2813103625023754,1.4292679888480646,0.28977746862136283,0.2529704114382216,60.4365234375,0.6049209521618736,0.5898551532856541,0.04932836469333596,4.0,4.0,0.04613485578321314,0.968818129161114,0.9774030304394112
63.359082582310265,0.5,2.540183496503497,65.89926607881377,True,11549,12055,507,0.30217761324041803,geometric_ellipse,computed,False,True,507.0,507.0,1.2878385357018796,1.4219171714136725,0.24499453934147794,0.19932387296016585,10.522598625312042,0.498348034984027,0.5430362246243955,0.0900336713985009,4.0,4.0,0.08040649078098079,0.7960098268783623,1.082667318237859
63.359082582310265,1.0,5.080366993006994,68.43944957531725,True,11549,12562,1014,0.30217761324041803,legacy,computed,False,,1014.0,1014.0,1.288023317865422,1.4372068049550877,0.34637161735492183,0.20360068906214052,125.87181729218,0.49509187158109413,0.5002883278271817,0.07757159397855529,4.0,4.0,0.0,1.0,1.0
63.359082582310265,1.0,5.080366993006994,68.43944957531725,True,11549,12562,1014,0.30217761324041803,ellipse_constrained,computed,False,,1014.0,1014.0,1.2794001292194466,1.4430774159251276,0.29910409384295594,0.25881893503490944,78.52539062499999,0.5372219553597504,0.5368820001517167,0.07924687036441529,4.0,4.0,0.0,1.0,1.0
63.359082582310265,1.0,5.080366993006994,68.43944957531725,True,11549,12562,1014,0.30217761324041803,geometric_ellipse,computed,False,True,1014.0,1014.0,1.2775991665658826,1.443951270987943,0.30777828497702125,0.1841044516653406,88.66663088817256,0.42316112771756775,0.4588221591510094,0.1350180473918816,4.0,4.0,0.0,1.0,1.0
63.359082582310265,2.0,10.160733986013987,73.51981656832425,True,11549,13577,2029,0.30217761324041803,legacy,computed,False,,2029.0,2029.0,1.304191460575423,1.4501386376854233,0.3298029959802104,0.20392351389873287,128.06930814324153,0.49978177298791193,0.5199461274581083,0.04957951278388204,4.0,4.0,0.06851483832693592,0.9521651874907123,1.0015855783105616
63.359082582310265,2.0,10.160733986013987,73.51981656832425,True,11549,13577,2029,0.30217761324041803,ellipse_constrained,computed,False,,2029.0,2029.0,1.29073737226008,1.4565028484689042,0.29361648120084866,0.25547989118573183,78.741943359375,0.5523860170041097,0.5567378883894348,0.04014064615656307,4.0,4.0,0.05815124305797131,0.9816531677263216,0.9870989197574466
63.359082582310265,2.0,10.160733986013987,73.51981656832425,True,11549,13577,2029,0.30217761324041803,geometric_ellipse,computed,False,True,2029.0,2029.0,1.2915194124226523,1.4528805412296013,0.29102882853490863,0.19513874337458625,88.45794920824291,0.44762124082908245,0.46894906489674876,0.04384883259813987,4.0,4.0,0.05472936852584897,0.9455794730828293,1.059934953280236
63.859904241071426,0.25,1.2700917482517484,65.12999598932318,True,11649,11901,253,0.3021465434910374,legacy,computed,False,,253.0,253.0,1.302446529503055,1.4236039445974096,0.3586241214664643,0.20357889328367562,135.2838097161504,0.5230510242499935,0.5744130924632733,0.1275479845550511,4.0,4.0,0.07494305839536701,1.0529735121312758,0.9703484647697443
63.859904241071426,0.25,1.2700917482517484,65.12999598932318,True,11649,11901,253,0.3021465434910374,ellipse_constrained,computed,False,,253.0,253.0,1.272798073801725,1.4264166120775164,0.2598661475629539,0.2311331844088555,52.02763366699219,0.4601824574482469,0.47518772776624274,0.07053198097394311,4.0,4.0,0.06587194671444709,0.872511512009568,0.8773675071540885
63.859904241071426,0.25,1.2700917482517484,65.12999598932318,True,11649,11901,253,0.3021465434910374,geometric_ellipse,computed,False,True,253.0,253.0,1.2806808454100458,1.4113746207423898,0.2662120638248149,0.21918857096491176,21.07617924888612,0.47229725641608866,0.5344802734269744,0.10527030925097765,4.0,4.0,0.10157605418643516,0.9101237421508329,1.0749097773678704
63.859904241071426,0.5,2.540183496503497,66.40008773757492,True,11649,12155,507,0.3021465434910374,legacy,computed,False,,507.0,507.0,1.2931232141124622,1.4253137005886118,0.3354150813533563,0.200527997939709,130.84197666737958,0.5401831584431938,0.549562024074671,0.04792661359886185,4.0,4.0,0.054587472411861945,0.9848283344417145,0.9558065269222584
63.859904241071426,0.5,2.540183496503497,66.40008773757492,True,11649,12155,507,0.3021465434910374,ellipse_constrained,computed,False,,507.0,507.0,1.2784059372013707,1.4253694716737266,0.29210669869892436,0.25738810212371593,60.23985290527344,0.5691635648636936,0.5648265785966404,0.03510452464417781,4.0,4.0,0.06437196407925407,0.9807605174436163,0.9770295775960179
63.859904241071426,0.5,2.540183496503497,66.40008773757492,True,11649,12155,507,0.3021465434910374,geometric_ellipse,computed,False,True,507.0,507.0,1.2835138956693868,1.4092984988782093,0.24724558656457554,0.21534930075580927,31.535342249778296,0.4795842105074283,0.49431662663551107,0.05111051418901864,4.0,4.0,0.1080958158627394,0.8452812965775657,1.0560818381758124
63.859904241071426,1.0,5.080366993006994,68.94027123407842,True,11649,12662,1014,0.3021465434910374,legacy,computed,False,,1014.0,1014.0,1.2879017795097603,1.4409588083087113,0.3405822818283335,0.20979977881655454,126.7012402693007,0.49109285079235926,0.50322176697859,0.02973178108024062,4.0,4.0,0.0,1.0,1.0
63.859904241071426,1.0,5.080366993006994,68.94027123407842,True,11649,12662,1014,0.3021465434910374,ellipse_constrained,computed,False,,1014.0,1014.0,1.2807008693390942,1.4446833708455697,0.29783692706177634,0.26343941680559924,79.85870361328124,0.509918810331575,0.5198808284015396,0.021827306817437223,4.0,4.0,0.0,1.0,1.0
63.859904241071426,1.0,5.080366993006994,68.94027123407842,True,11649,12662,1014,0.3021465434910374,geometric_ellipse,computed,False,True,1014.0,1014.0,1.2832450322222302,1.4419581693465713,0.292500955085178,0.20391345913853198,89.8951690651761,0.4181726486480644,0.4507025252889578,0.048302934790290075,4.0,4.0,0.0,1.0,1.0
63.859904241071426,2.0,10.160733986013987,74.02063822708541,True,11649,13677,2029,0.3021465434910374,legacy,computed,False,,2029.0,2029.0,1.3027588786187625,1.4520795282157803,0.3248625082980321,0.20770025074308487,128.12597944742458,0.4946707890515358,0.506067412591833,0.0393265405695716,4.0,4.0,0.061420923245092574,0.9538444177250983,0.9899927059727481
63.859904241071426,2.0,10.160733986013987,74.02063822708541,True,11649,13677,2029,0.3021465434910374,ellipse_constrained,computed,False,,2029.0,2029.0,1.2925057760419945,1.4559560335465154,0.29321723005526534,0.2576033077557591,80.52381896972655,0.5404991817669076,0.5453810127277415,0.035575868615688934,4.0,4.0,0.05402228011895416,0.984489173145569,0.9778464850833359
63.859904241071426,2.0,10.160733986013987,74.02063822708541,True,11649,13677,2029,0.3021465434910374,geometric_ellipse,computed,False,True,2029.0,2029.0,1.2949669370496135,1.4521591307377542,0.2845300028629166,0.20506339633785547,88.72936056228907,0.44373647616050893,0.46287168336975676,0.04071398069185348,4.0,4.0,0.05142891539641523,0.9727489702727972,1.005639339375545
64.36072589983259,0.25,1.2700917482517484,65.63081764808433,True,11749,12001,253,0.300674342105263,legacy,computed,False,,253.0,253.0,1.317257468969741,1.4286330885322476,0.3923588080577587,0.18775927280996246,126.12334402888823,0.5236439603477681,0.5507613392399379,0.11085193888380279,4.0,4.0,0.1115375881727539,1.1427145246722776,0.9173425756379479
64.36072589983259,0.25,1.2700917482517484,65.63081764808433,True,11749,12001,253,0.300674342105263,ellipse_constrained,computed,False,,253.0,253.0,1.2937736969581197,1.4221701038946655,0.25866987565438865,0.2185109139586332,67.735107421875,0.45767658751717966,0.4743970792884266,0.03988308670352899,4.0,4.0,0.08906983792688179,0.868479882927948,0.8401353336650463
64.36072589983259,0.25,1.2700917482517484,65.63081764808433,True,11749,12001,253,0.300674342105263,geometric_ellipse,computed,False,True,253.0,253.0,1.2889262720164982,1.39403679814011,0.28701153088647496,0.19077647630277464,38.20433583058244,0.48444891980875393,0.5461706724300787,0.1334039257765513,3.0,4.0,0.17670444604448646,0.9511568678003194,0.9986045515366754
64.36072589983259,0.5,2.540183496503497,66.90090939633609,True,11749,12255,507,0.300674342105263,legacy,computed,False,,507.0,507.0,1.296833335707104,1.414754046109026,0.325011356839998,0.2023606595477555,125.72566616401272,0.5468789677946739,0.5572378810203676,0.04273991041934817,4.0,4.0,0.10231541184223503,0.9465703089041846,0.9886811226906405
64.36072589983259,0.5,2.540183496503497,66.90090939633609,True,11749,12255,507,0.300674342105263,ellipse_constrained,computed,False,,507.0,507.0,1.2865925202070314,1.4110280536441813,0.28718882759145137,0.25437243435618245,62.46337890625,0.5655774511598259,0.5884947553600309,0.033173755124104524,4.0,4.0,0.11809291228605338,0.964231798286739,0.9780164575828869
64.36072589983259,0.5,2.540183496503497,66.90090939633609,True,11749,12255,507,0.300674342105263,geometric_ellipse,computed,False,True,507.0,507.0,1.292591572688659,1.39114331587968,0.2510884249821311,0.20704148720146215,49.207751380950754,0.533258404758786,0.5388777205095644,0.04433659534080859,4.0,4.0,0.18821904291267763,0.8321076129216017,1.0837424795925714
64.36072589983259,1.0,5.080366993006994,69.44109289283958,True,11749,12762,1014,0.300674342105263,legacy,computed,False,,1014.0,1014.0,1.2874806291000014,1.4440615049188654,0.3433568048592752,0.20467737767364494,125.85885101781487,0.488345042783122,0.49985125158129506,0.07985657161311426,4.0,4.0,0.0,1.0,1.0
64.36072589983259,1.0,5.080366993006994,69.44109289283958,True,11749,12762,1014,0.300674342105263,ellipse_constrained,computed,False,,1014.0,1014.0,1.2820363745805992,1.4462420382489318,0.29784210404773276,0.26009013691328847,81.49395751953125,0.5341609219826677,0.5312175242070635,0.06872181873221848,4.0,4.0,0.0,1.0,1.0
64.36072589983259,1.0,5.080366993006994,69.44109289283958,True,11749,12762,1014,0.300674342105263,geometric_ellipse,computed,False,True,1014.0,1014.0,1.2816249058270563,1.446663211135163,0.3017499432561828,0.19104306705712834,88.9207588168366,0.43048956319855003,0.453940704137162,0.11088587980594157,4.0,4.0,0.0,1.0,1.0
64.36072589983259,2.0,10.160733986013987,74.52145988584658,True,11749,13776,2028,0.300674342105263,legacy,computed,False,,2028.0,2028.0,1.306242648512065,1.4522606416232025,0.32371444994526505,0.20715937629682538,126.73899609423547,0.4920218373676046,0.5104192873700933,0.06904323363341792,4.0,4.0,0.06809803498658332,0.94279316840084,1.0121263944818462
64.36072589983259,2.0,10.160733986013987,74.52145988584658,True,11749,13776,2028,0.300674342105263,ellipse_constrained,computed,False,,2028.0,2028.0,1.2956753883473708,1.4570479511328016,0.2944444346385691,0.25509090025188313,81.05137634277342,0.541140043196687,0.5453079660435841,0.06011794829859619,4.0,4.0,0.05787282962009803,0.9885923804492761,0.9807788302903926
64.36072589983259,2.0,10.160733986013987,74.52145988584658,True,11749,13776,2028,0.300674342105263,geometric_ellipse,computed,False,True,2028.0,2028.0,1.2970985928263783,1.4533895910476198,0.2861112190553446,0.20241462410212482,87.3399427549936,0.4465167076215685,0.4617087345019008,0.06489016760862337,4.0,4.0,0.05611532476612917,0.9481732323390659,1.0595235263973017
64.86154755859374,0.25,1.2700917482517484,66.13163930684549,True,11849,12101,253,0.30024925662821955,legacy,computed,False,,253.0,253.0,1.2862542183876988,1.4176389215659997,0.3485583082786526,0.203547678086971,124.67248249466078,0.597320074189515,0.6254721543499908,0.11987440628462288,4.0,4.0,0.08686301697491296,1.0235300254984414,0.9953713083018753
64.86154755859374,0.25,1.2700917482517484,66.13163930684549,True,11849,12101,253,0.30024925662821955,ellipse_constrained,computed,False,,253.0,253.0,1.2755775012773438,1.4177534138002084,0.2615794273265004,0.2228683858173421,63.24468994140625,0.49701257006278565,0.5429895535699757,0.10708425847375136,4.0,4.0,0.10296708158491827,0.8721033205114805,0.8557946286305492
64.86154755859374,0.25,1.2700917482517484,66.13163930684549,True,11849,12101,253,0.30024925662821955,geometric_ellipse,computed,False,True,253.0,253.0,1.2798882355968093,1.3975696508992137,0.2657434976188843,0.2000003030913517,45.511357474518974,0.525333003128687,0.5611887932987812,0.21148136912845797,4.0,4.0,0.17979442223286748,0.87780297682745,1.0251559683239013
64.86154755859374,0.5,2.540183496503497,67.40173105509724,True,11849,12355,507,0.30024925662821955,legacy,computed,False,,507.0,507.0,1.2688382136161234,1.4482643107581203,0.35631338440510796,0.21061004071043538,120.11926689923712,0.48224263520739585,0.4986073940263842,0.12097001464503816,4.0,4.0,0.05905685217419106,1.0463025518646976,1.0299070651834468
64.86154755859374,0.5,2.540183496503497,67.40173105509724,True,11849,12355,507,0.30024925662821955,ellipse_constrained,computed,False,,507.0,507.0,1.2719353142795395,1.4444233986542794,0.315088533965416,0.2614040672440694,80.60137939453124,0.5192118011808425,0.5240008463408289,0.11007788328074992,4.0,4.0,0.034243847589610285,1.0505021726473325,1.0037681918376689
64.86154755859374,0.5,2.540183496503497,67.40173105509724,True,11849,12355,507,0.30024925662821955,geometric_ellipse,computed,False,True,507.0,507.0,1.270559221319023,1.4538256209998115,0.32608664551674194,0.19043704299932557,85.10123689910061,0.39829888402844,0.48928641537479856,0.20217212652969077,4.0,4.0,0.036770142343038915,1.0771282484916491,0.976136876810343
64.86154755859374,1.0,5.080366993006994,69.94191455160073,True,11849,12862,1014,0.30024925662821955,legacy,computed,False,,1014.0,1014.0,1.2859772626981876,1.4437180072702576,0.3405452694061522,0.20449421877975132,125.08901527214368,0.4868001345689505,0.49552186904130147,0.030659834066695865,4.0,4.0,0.0,1.0,1.0
64.86154755859374,1.0,5.080366993006994,69.94191455160073,True,11849,12862,1014,0.30024925662821955,ellipse_constrained,computed,False,,1014.0,1014.0,1.2815415818897005,1.4480884726498704,0.29994086844330153,0.260422744384337,85.03471374511717,0.5260352646376516,0.5318626601717592,0.02644328365684617,4.0,4.0,0.0,1.0,1.0
64.86154755859374,1.0,5.080366993006994,69.94191455160073,True,11849,12862,1014,0.30024925662821955,geometric_ellipse,computed,False,True,1014.0,1014.0,1.281358711344709,1.451532761265298,0.3027370658724954,0.1950925608113525,90.08539988472742,0.4298218566466905,0.4438556732022354,0.034329281693262194,4.0,4.0,0.0,1.0,1.0
64.86154755859374,2.0,10.160733986013987,75.02228154460772,True,11849,13876,2028,0.30024925662821955,legacy,computed,False,,2028.0,2028.0,1.3054434482897963,1.4530325942649274,0.3227898324698104,0.20696745587766222,126.35367848661775,0.4921793903038125,0.5104294744963548,0.0588184531049532,4.0,4.0,0.07187342478322054,0.9478617425304308,1.0120944108477445
64.86154755859374,2.0,10.160733986013987,75.02228154460772,True,11849,13876,2028,0.30024925662821955,ellipse_constrained,computed,False,,2028.0,2028.0,1.2951977374106196,1.4586461736785092,0.29503613647147553,0.25408687562584625,80.10231018066405,0.5358098655177137,0.5396978781080312,0.053841327663432796,4.0,4.0,0.057490205434524856,0.9836476702982103,0.9756708317721277
64.86154755859374,2.0,10.160733986013987,75.02228154460772,True,11849,13876,2028,0.30024925662821955,geometric_ellipse,computed,False,True,2028.0,2028.0,1.2967146458004575,1.456880847663171,0.288927770074381,0.19974258564757055,84.6831012828006,0.4404134000603154,0.45117311136677496,0.05966747621872855,4.0,4.0,0.054156966365304184,0.9543851832007565,1.023834967447654
65.36236921735491,0.25,1.2700917482517484,66.63246096560665,True,11949,12201,253,0.2981982355005782,legacy,computed,False,,253.0,253.0,1.290834093688557,1.426709132467675,0.31464814445987677,0.20379181825664142,125.30819921409847,0.5469767194492393,0.5935487324411783,0.12978870332131154,4.0,4.0,0.06940405081679298,0.9503283200090293,0.9951510220758303
65.36236921735491,0.25,1.2700917482517484,66.63246096560665,True,11949,12201,253,0.2981982355005782,ellipse_constrained,computed,False,,253.0,253.0,1.2907275717232685,1.4190020888003276,0.25946097313125327,0.22262596579064103,71.00498962402344,0.5130950576851594,0.5591338842238122,0.09777971385002772,4.0,4.0,0.12041819947439864,0.8700939420855885,0.8612102616928325
65.36236921735491,0.25,1.2700917482517484,66.63246096560665,True,11949,12201,253,0.2981982355005782,geometric_ellipse,computed,False,True,253.0,253.0,1.3119149858691466,1.4463647046141803,0.3423505992639919,0.17620196589584206,71.24922496822394,0.5432321403413568,0.5780731812962951,0.2401404086546041,3.0,4.0,0.0950990546320866,1.1387503165069697,0.9003189437873971
65.36236921735491,0.5,2.540183496503497,67.90255271385841,True,11949,12455,507,0.2981982355005782,legacy,computed,False,,507.0,507.0,1.279799207371042,1.4481637115651353,0.33457486949129805,0.21960700131510247,119.52316452455048,0.4619292156402804,0.4747107076852498,0.05504509403716693,4.0,4.0,0.03445864056270933,1.010512787821161,1.0723793216198478
65.36236921735491,0.5,2.540183496503497,67.90255271385841,True,11949,12455,507,0.2981982355005782,ellipse_constrained,computed,False,,507.0,507.0,1.2806436260180203,1.4491323747681462,0.3100629724986639,0.2628498329110985,80.86752319335938,0.4870210027875516,0.49768171099464126,0.050805005373090455,4.0,4.0,0.02371876082613541,1.0397861026277064,1.016812987574699
65.36236921735491,0.5,2.540183496503497,67.90255271385841,True,11949,12455,507,0.2981982355005782,geometric_ellipse,computed,False,True,507.0,507.0,1.2820113167268985,1.4514933780077994,0.3127351997302674,0.20411170353392072,84.43082276801935,0.3855623023412412,0.4268943616899721,0.04597752936754468,4.0,4.0,0.0230957922966423,1.0402415197792514,1.042926124041856
65.36236921735491,1.0,5.080366993006994,70.4427362103619,True,11949,12962,1014,0.2981982355005782,legacy,computed,False,,1014.0,1014.0,1.2900455632706467,1.4473902708738684,0.3310941469753182,0.2047848153052618,124.56749367665073,0.4737044872098789,0.48842122880543654,0.028328140025419554,4.0,4.0,0.0,1.0,1.0
65.36236921735491,1.0,5.080366993006994,70.4427362103619,True,11949,12962,1014,0.2981982355005782,ellipse_constrained,computed,False,,1014.0,1014.0,1.2852591316965953,1.4544917513586322,0.29819880426857504,0.25850361484666673,84.41648864746092,0.5143756152260865,0.5198833709597193,0.031035493936849675,4.0,4.0,0.0,1.0,1.0
65.36236921735491,1.0,5.080366993006994,70.4427362103619,True,11949,12962,1014,0.2981982355005782,geometric_ellipse,computed,False,True,1014.0,1014.0,1.2857424113746236,1.4572822826322283,0.3006371056950627,0.1957106057933295,90.08292789386256,0.4303953423434668,0.4398539706035537,0.023777189394923428,4.0,4.0,0.0,1.0,1.0
65.36236921735491,2.0,10.160733986013987,75.52310320336889,True,11949,13976,2028,0.2981982355005782,legacy,computed,False,,2028.0,2028.0,1.3054710027969152,1.4559423517652743,0.3196076860354214,0.20692585973588526,126.589545108896,0.4854589439512529,0.5042455596746515,0.05062229422602611,4.0,4.0,0.05914697824269015,0.9653075687237894,1.0104550936915508
65.36236921735491,2.0,10.160733986013987,75.52310320336889,True,11949,13976,2028,0.2981982355005782,ellipse_constrained,computed,False,,2028.0,2028.0,1.295653240147447,1.4619357466352114,0.2934172384001533,0.25424035651741794,82.5523223876953,0.5305966269385163,0.5334062751428289,0.044601063076738286,4.0,4.0,0.042873420354004564,0.9839651742395481,0.983507935346368
65.36236921735491,2.0,10.160733986013987,75.52310320336889,True,11949,13976,2028,0.2981982355005782,geometric_ellipse,computed,False,True,2028.0,2028.0,1.2973070194041645,1.4595596419526238,0.2856220256253703,0.2026171833977893,86.34298897160863,0.4376207223437988,0.44554371668205245,0.05321962335391453,4.0,4.0,0.03952642318378702,0.9500557988842461,1.035289746186536
65.86319087611608,0.25,1.2700917482517484,67.13328262436782,True,12049,12301,253,0.29861280487804875,legacy,computed,False,,253.0,253.0,1.2633215776685265,1.3837994198805408,0.30756893377505656,0.20059951374625687,143.75279155694665,0.4493390594535673,0.4776910912571581,0.1796108074057055,4.0,4.0,0.2314465952041242,0.9191056712455546,0.9974570106848654
65.86319087611608,0.25,1.2700917482517484,67.13328262436782,True,12049,12301,253,0.29861280487804875,ellipse_constrained,computed,False,,253.0,253.0,1.256375117984432,1.3947835926474919,0.248666826201569,0.2321144886563351,144.4683723449707,0.3944703903078856,0.4609069551225874,0.12166255351913292,4.0,4.0,0.22624017668715046,0.843158552395268,0.9074288588440933
65.86319087611608,0.25,1.2700917482517484,67.13328262436782,True,12049,12301,253,0.29861280487804875,geometric_ellipse,computed,False,True,253.0,253.0,1.2568856680877074,1.3931455290192025,0.253746663388041,0.22344424270187693,141.61509085886598,0.3906935970734048,0.45661813403317025,0.09502069033691439,4.0,4.0,0.23856406046866518,0.844088722385465,1.1683240280564582
65.86319087611608,0.5,2.540183496503497,68.40337437261958,True,12049,12555,507,0.29861280487804875,legacy,computed,False,,507.0,507.0,1.2781688173689754,1.4505769134658812,0.32987687905862045,0.22068696288137063,120.31472134900203,0.42229537232719305,0.46751253445040936,0.11953046864157445,4.0,4.0,0.038369866448065254,0.9857683174767712,1.0973394410677193
65.86319087611608,0.5,2.540183496503497,68.40337437261958,True,12049,12555,507,0.29861280487804875,ellipse_constrained,computed,False,,507.0,507.0,1.279631269834563,1.4538885431013524,0.3041939565269684,0.2623002589280538,84.08116149902342,0.4373171991046049,0.46258617836566707,0.09929982264997,4.0,4.0,0.014069634522794788,1.0314352740592845,1.0254371711625498
65.86319087611608,0.5,2.540183496503497,68.40337437261958,True,12049,12555,507,0.29861280487804875,geometric_ellipse,computed,False,True,507.0,507.0,1.2823663242411936,1.4554973705727903,0.30567251429756376,0.2091227250838518,88.41683504495222,0.3730127901694734,0.41548698656892963,0.09032446566579988,4.0,4.0,0.014650681312232215,1.0168201568318376,1.0934410373423182
65.86319087611608,1.0,5.080366993006994,70.94355786912307,True,12049,13062,1014,0.29861280487804875,legacy,computed,False,,1014.0,1014.0,1.2892962402557153,1.4478455922568094,0.3346393601926588,0.20111093670946575,125.07676332088391,0.47603069450760294,0.5073487964241297,0.08891900856074858,4.0,4.0,0.0,1.0,1.0
65.86319087611608,1.0,5.080366993006994,70.94355786912307,True,12049,13062,1014,0.29861280487804875,ellipse_constrained,computed,False,,1014.0,1014.0,1.2822058843957655,1.4572086176766477,0.29492297207346047,0.25579359350771436,88.2508087158203,0.5020626529551641,0.5097389489518755,0.08501688737688955,4.0,4.0,0.0,1.0,1.0
65.86319087611608,1.0,5.080366993006994,70.94355786912307,True,12049,13062,1014,0.29861280487804875,geometric_ellipse,computed,False,True,1014.0,1014.0,1.2819007193624465,1.459847404619923,0.3006161042774412,0.19125194495364706,92.08854685340641,0.41543623286004633,0.44022948652811367,0.07526565884438685,4.0,4.0,0.0,1.0,1.0
65.86319087611608,2.0,10.160733986013987,76.02392486213006,True,12049,14076,2028,0.29861280487804875,legacy,computed,False,,2028.0,2028.0,1.305668850700783,1.4563033847716473,0.31784390901013937,0.2062861166991903,127.18439364585691,0.4773592528421841,0.4998569170022071,0.05398308706398998,4.0,4.0,0.061712516615216845,0.949810293765653,1.0257329614908057
65.86319087611608,2.0,10.160733986013987,76.02392486213006,True,12049,14076,2028,0.29861280487804875,ellipse_constrained,computed,False,,2028.0,2028.0,1.295909236309128,1.4623523206606832,0.2901532063329697,0.25360053527679344,83.63311767578125,0.5231546163573026,0.525491323752984,0.04406348523759161,4.0,4.0,0.04901639653348038,0.9838270796372461,0.9914264536462881
65.86319087611608,2.0,10.160733986013987,76.02392486213006,True,12049,14076,2028,0.29861280487804875,geometric_ellipse,computed,False,True,2028.0,2028.0,1.2976879125484773,1.4596093011085594,0.28045999730551163,0.20489837671860558,87.61552138760484,0.4279510879493136,0.4450229699355425,0.05029274250116399,4.0,4.0,0.052874452711375135,0.9329506746806642,1.0713531659417421
66.36401253487723,0.25,1.2700917482517484,67.63410428312898,True,12149,12401,253,0.29640055352181016,legacy,computed,False,,253.0,253.0,1.274885551862051,1.4602299825043623,0.33105740674456596,0.24471233393726108,116.59458434394105,0.35767487472070475,0.38010415280816995,0.059499335238916776,4.0,4.0,0.08405310050710453,0.9818984690780095,1.226083495115314
66.36401253487723,0.25,1.2700917482517484,67.63410428312898,True,12149,12401,253,0.29640055352181016,ellipse_constrained,computed,False,,253.0,253.0,1.2740306237257368,1.460202648611401,0.3050557496177178,0.24858928562192847,84.648681640625,0.318075872984641,0.37556954597690995,0.08648935194353206,4.0,4.0,0.045263444693522226,1.042570499896857,0.9744239464456496
66.36401253487723,0.25,1.2700917482517484,67.63410428312898,True,12149,12401,253,0.29640055352181016,geometric_ellipse,computed,False,True,253.0,253.0,1.2778787844056267,1.4605861359392323,0.30985796612776856,0.23974138802820108,87.09843628251522,0.3116931435366997,0.3770717768433345,0.0868609663673284,4.0,4.0,0.035773556548635545,1.0459759241313291,1.2449920957952665
66.36401253487723,0.5,2.540183496503497,68.90419603138074,True,12149,12655,507,0.29640055352181016,legacy,computed,False,,507.0,507.0,1.288042892262939,1.451113180050116,0.3280613740973566,0.22523798601259082,123.08275614256347,0.40467719288640047,0.4366003007023136,0.08093822304814031,4.0,4.0,0.0332417688787439,0.973012397328307,1.1285110671775664
66.36401253487723,0.5,2.540183496503497,68.90419603138074,True,12149,12655,507,0.29640055352181016,ellipse_constrained,computed,False,,507.0,507.0,1.284700629651373,1.4565942487156842,0.3009946865603517,0.26656301307629393,90.08144222944975,0.42591532602226123,0.4295957964488504,0.08059138150244999,4.0,4.0,0.016495918069716876,1.0286912514410038,1.0448776282871826
66.36401253487723,0.5,2.540183496503497,68.90419603138074,True,12149,12655,507,0.29640055352181016,geometric_ellipse,computed,False,True,507.0,507.0,1.2912337382601893,1.455534244430015,0.29431587731588277,0.22635715078800045,93.61517528763906,0.3641034979486125,0.38404796080001474,0.06582688711159379,4.0,4.0,0.025455052517013126,0.9935110773788008,1.1754869106065566
66.36401253487723,1.0,5.080366993006994,71.44437952788422,True,12149,13162,1014,0.29640055352181016,legacy,computed,False,,1014.0,1014.0,1.2978850661970092,1.450654016850629,0.3371605284764572,0.19958863724386547,126.65901205486317,0.4707443806725115,0.5021801982353622,0.04574785580580398,4.0,4.0,0.0,1.0,1.0
66.36401253487723,1.0,5.080366993006994,71.44437952788422,True,12149,13162,1014,0.29640055352181016,ellipse_constrained,computed,False,,1014.0,1014.0,1.2874394535921794,1.4606445657915486,0.292599636809115,0.2551140974405374,91.5429619550705,0.5008994096156701,0.5082109960040955,0.04112645230936086,4.0,4.0,0.0,1.0,1.0
66.36401253487723,1.0,5.080366993006994,71.44437952788422,True,12149,13162,1014,0.29640055352181016,geometric_ellipse,computed,False,True,1014.0,1014.0,1.2883098455563025,1.462489547554716,0.2962381437078507,0.19256458642419005,93.37681969907824,0.41024058694955134,0.4515520467109875,0.050244194531601276,4.0,4.0,0.0,1.0,1.0
66.36401253487723,2.0,10.160733986013987,76.52474652089123,True,12149,14176,2028,0.29640055352181016,legacy,computed,False,,2028.0,2028.0,1.308320690513939,1.4574415586496456,0.3184561639026257,0.20595333375800978,128.12629170627798,0.4718268808753573,0.4930378374457598,0.041444377865569114,4.0,4.0,0.041999969957972276,0.9445238603155839,1.0318890724543985
66.36401253487723,2.0,10.160733986013987,76.52474652089123,True,12149,14176,2028,0.29640055352181016,ellipse_constrained,computed,False,,2028.0,2028.0,1.2973576373271363,1.4636635186915183,0.28855051644676266,0.25399781830526064,85.63262939453124,0.5196302601081565,0.5238027753879927,0.033098940353200546,4.0,4.0,0.034977905431971025,0.9861615673672423,0.9956243925895276
66.36401253487723,2.0,10.160733986013987,76.52474652089123,True,12149,14176,2028,0.29640055352181016,geometric_ellipse,computed,False,True,2028.0,2028.0,1.300036907865432,1.4603991875965345,0.2756150201908705,0.2089642106662021,88.34414647082667,0.4229158395062449,0.4436766145415364,0.039593909046839335,4.0,4.0,0.0401885545136621,0.9303832948085218,1.0851642794064231
66.86483419363839,0.25,1.2700917482517484,68.13492594189013,True,12249,12501,253,0.2784027173913044,legacy,computed,False,,253.0,253.0,1.2833798917711885,1.4656864771640346,0.3133240934479917,0.23693408854863604,122.55721104196707,0.4451268957823986,0.5226101687129147,0.12796681964074977,4.0,4.0,0.03297774473307461,0.9748520421092336,1.2146641043459234
66.86483419363839,0.25,1.2700917482517484,68.13492594189013,True,12249,12501,253,0.2784027173913044,ellipse_constrained,computed,False,,253.0,253.0,1.2796759636614425,1.4741067182904335,0.2816980881537096,0.24601186226931215,69.0452423095703,0.3776198262316201,0.4544778850169438,0.12170836490494132,4.0,4.0,0.024684667406799084,1.0088973076119663,0.9594014039421243
66.86483419363839,0.25,1.2700917482517484,68.13492594189013,True,12249,12501,253,0.2784027173913044,geometric_ellipse,computed,False,True,253.0,253.0,1.2832370440690837,1.4656913901096542,0.28694330079737146,0.2386928672607725,77.89702999934727,0.3665507966578997,0.4493131642285956,0.10909657662621823,4.0,4.0,0.04739835139221845,1.0644468596353123,1.1952921297026806
66.86483419363839,0.5,2.540183496503497,69.40501769014189,True,12249,12755,507,0.2784027173913044,legacy,computed,False,,507.0,507.0,1.2801405133591237,1.470246078361289,0.3157827166653594,0.21387165807578837,129.70516900095276,0.4756022555829072,0.5208400950439441,0.05350925662576951,4.0,4.0,0.044860756125874514,0.9825016098071798,1.0964324618417198
66.86483419363839,0.5,2.540183496503497,69.40501769014189,True,12249,12755,507,0.2784027173913044,ellipse_constrained,computed,False,,507.0,507.0,1.2791703403745533,1.4751441809188517,0.2852876753925576,0.26574855428211036,71.04960632324217,0.5357785231248544,0.5546546054917458,0.054838055623853986,4.0,4.0,0.02629153823578442,1.0217533583024343,1.0363709039149471
66.86483419363839,0.5,2.540183496503497,69.40501769014189,True,12249,12755,507,0.2784027173913044,geometric_ellipse,computed,False,True,507.0,507.0,1.2842200541276994,1.4714322680498435,0.2687381845985239,0.22205638691330737,92.96952177248502,0.4085093053625877,0.478426098576504,0.053025444354573355,4.0,4.0,0.02958355817977857,0.9969130342652488,1.1119823339241857
66.86483419363839,1.0,5.080366993006994,71.94520118664538,True,12249,13262,1014,0.2784027173913044,legacy,computed,False,,1014.0,1014.0,1.292352863092243,1.4676302539169122,0.32140681858763887,0.19506140644225356,131.41952698605988,0.4943057320489613,0.512241586368981,0.04025250715999296,4.0,4.0,0.0,1.0,1.0
66.86483419363839,1.0,5.080366993006994,71.94520118664538,True,12249,13262,1014,0.2784027173913044,ellipse_constrained,computed,False,,1014.0,1014.0,1.2864887307829354,1.4750091681279955,0.27921383675855144,0.25642224543185343,89.59159851074217,0.5323049836033957,0.5421508579740982,0.019375035136666583,4.0,4.0,0.0,1.0,1.0
66.86483419363839,1.0,5.080366993006994,71.94520118664538,True,12249,13262,1014,0.2784027173913044,geometric_ellipse,computed,False,True,1014.0,1014.0,1.2905980154901653,1.4766433773527687,0.26957033899811633,0.19969416791872077,97.2142771015654,0.43041611902451427,0.4721662817508896,0.019783869149108676,4.0,4.0,0.0,1.0,1.0
66.86483419363839,2.0,10.160733986013987,77.02556817965237,True,12249,14276,2028,0.2784027173913044,legacy,computed,False,,2028.0,2028.0,1.306473921760989,1.467134493657819,0.31274387953482924,0.20560013244210107,132.67151447666882,0.4878739220990603,0.49951060275834824,0.03573539636220083,4.0,4.0,0.05075294761479255,0.9730468099871769,1.0540277351223108
66.86483419363839,2.0,10.160733986013987,77.02556817965237,True,12249,14276,2028,0.2784027173913044,ellipse_constrained,computed,False,,2028.0,2028.0,1.2973506475909415,1.4702204387929574,0.28246062836050995,0.25686703306734565,84.93754577636717,0.5302217062496989,0.5383446462529861,0.027972821636937813,4.0,4.0,0.04263853901426043,1.011628333465315,1.001734590673844
66.86483419363839,2.0,10.160733986013987,77.02556817965237,True,12249,14276,2028,0.2784027173913044,geometric_ellipse,computed,False,True,2028.0,2028.0,1.3019900872077275,1.4689108893188654,0.2539304311641041,0.22240676828188072,89.62596931380729,0.4375700070083102,0.45512057686134255,0.02585258050751239,4.0,4.0,0.04945521584370193,0.941982089379197,1.1137369238164452
67.36565585239956,0.25,1.2700917482517484,68.6357476006513,True,12349,12601,253,0.26652780666757603,legacy,computed,False,,253.0,253.0,1.3016042911017731,1.4626580754094618,0.28833514960982043,0.22276904292930577,129.87538420711917,0.4076813218527697,0.4548497184602849,0.052073833368858846,4.0,4.0,0.05474027873817766,0.9412285915851444,1.1439264529252389
67.36565585239956,0.25,1.2700917482517484,68.6357476006513,True,12349,12601,253,0.26652780666757603,ellipse_constrained,computed,False,,253.0,253.0,1.2988229342155582,1.4674061827933904,0.25472401514896353,0.2413551412844283,79.10375976562499,0.36515381392194346,0.39077281455672913,0.06287418820218613,4.0,4.0,0.040181650459134986,0.9465471788719371,0.9528749366399142
67.36565585239956,0.25,1.2700917482517484,68.6357476006513,True,12349,12601,253,0.26652780666757603,geometric_ellipse,computed,False,True,253.0,253.0,1.3055307511619083,1.4641315035742466,0.2640245703015194,0.2262162452960271,105.96442096538836,0.382832595375399,0.419727940684863,0.03623215207946402,4.0,4.0,0.057308588016103695,1.0865476762894533,1.05975575642925
67.36565585239956,0.5,2.540183496503497,69.90583934890306,True,12349,12855,507,0.26652780666757603,legacy,computed,False,,507.0,507.0,1.2975972700670373,1.462187220218823,0.30451038818786064,0.199870404478474,135.99671211560553,0.48784806082770266,0.5113290713893761,0.03709422626092793,4.0,4.0,0.06744418053062544,0.9940303295833199,1.0263411820301709
67.36565585239956,0.5,2.540183496503497,69.90583934890306,True,12349,12855,507,0.26652780666757603,ellipse_constrained,computed,False,,507.0,507.0,1.2938709104022146,1.4633135542508682,0.2719705442153317,0.25798958855513787,115.40851211547853,0.5283774981928994,0.5457112656923383,0.032499205803518685,4.0,4.0,0.061365352823860235,1.0106347892354786,1.0185480679631789
67.36565585239956,0.5,2.540183496503497,69.90583934890306,True,12349,12855,507,0.26652780666757603,geometric_ellipse,computed,False,True,507.0,507.0,1.298411292424236,1.4624444205754932,0.25449313336434426,0.2151785220341508,117.93219304285819,0.4311192340908337,0.45839266516704297,0.024314927398067065,4.0,4.0,0.06997410164162272,1.0473226880849087,1.0080473092779885
67.36565585239956,1.0,5.080366993006994,72.44602284540655,True,12349,13362,1014,0.26652780666757603,legacy,computed,False,,1014.0,1014.0,1.3121470043504455,1.4727433938960615,0.3063391318406814,0.1947407041419863,136.1148762760549,0.49038642097848945,0.5102230278720291,0.047990285068297694,4.0,4.0,0.0,1.0,1.0
67.36565585239956,1.0,5.080366993006994,72.44602284540655,True,12349,13362,1014,0.26652780666757603,ellipse_constrained,computed,False,,1014.0,1014.0,1.3015189561290803,1.477770807144665,0.26910863064695306,0.25329152022353485,94.25534582138062,0.548082188996717,0.5516151505811365,0.03779110381387789,4.0,4.0,0.0,1.0,1.0
67.36565585239956,1.0,5.080366993006994,72.44602284540655,True,12349,13362,1014,0.26652780666757603,geometric_ellipse,computed,False,True,1014.0,1014.0,1.306197725537582,1.4793912667240936,0.24299400391077175,0.2134607374610939,112.3312985126563,0.4581867362594193,0.46593700695275164,0.044891949835395024,4.0,4.0,0.0,1.0,1.0
67.36565585239956,2.0,10.160733986013987,77.52638983841354,True,12349,14376,2028,0.26652780666757603,legacy,computed,False,,2028.0,2028.0,1.311522589951736,1.4666760208941667,0.3080379134708192,0.2011871560496453,133.82462878664865,0.4880465874552066,0.49677726144763684,0.024170136435808526,4.0,4.0,0.02288473678179663,1.0055454281009757,1.0331027451916721
67.36565585239956,2.0,10.160733986013987,77.52638983841354,True,12349,14376,2028,0.26652780666757603,ellipse_constrained,computed,False,,2028.0,2028.0,1.3028938280808218,1.4680893580754788,0.2769596774423509,0.2540070373983769,90.40485844016075,0.5388810397348497,0.5468488949976528,0.026085018512159722,4.0,4.0,0.03668879936106787,1.0291742660817806,1.0028248761514422
67.36565585239956,2.0,10.160733986013987,77.52638983841354,True,12349,14376,2028,0.26652780666757603,geometric_ellipse,computed,False,True,2028.0,2028.0,1.3069757195148446,1.4679626155133176,0.24030981445515362,0.22532075876183602,95.96181970392597,0.44238655668057786,0.45515811335317524,0.031346892731926666,4.0,4.0,0.04297900968312379,0.98895368028668,1.0555606686353913
67.86647751116072,0.25,1.2700917482517484,69.13656925941247,True,12449,12701,253,0.26610020885547214,legacy,computed,False,,253.0,253.0,1.2887387664191277,1.4587163632990445,0.31251376571846834,0.1933552295212816,138.7114912408889,0.46421862647592665,0.5202245099354775,0.05204540485642931,4.0,4.0,0.08971732818054577,1.0000999030317939,0.9924233667454017
67.86647751116072,0.25,1.2700917482517484,69.13656925941247,True,12449,12701,253,0.26610020885547214,ellipse_constrained,computed,False,,253.0,253.0,1.2885973924523664,1.4617487080394351,0.23862409358357764,0.2294938684445228,133.0026779174805,0.451654472092593,0.47864163836655443,0.045077350770439735,4.0,4.0,0.0663763652014697,0.8799100431030654,0.9006280427684287
67.86647751116072,0.25,1.2700917482517484,69.13656925941247,True,12449,12701,253,0.26610020885547214,geometric_ellipse,computed,False,True,253.0,253.0,1.2956021432036664,1.4613460369982412,0.26342181595937014,0.19969148207772364,132.69203013836085,0.4446454156569898,0.4750972883205327,0.038559766427827734,4.0,4.0,0.06598172129984244,1.1006978650098187,0.9091224733188609
67.86647751116072,0.5,2.540183496503497,70.40666100766423,True,12449,12955,507,0.26610020885547214,legacy,computed,False,,507.0,507.0,1.297013543273159,1.4602592494057351,0.315691968412813,0.18908831018644578,135.41378244009445,0.4878238099488964,0.4953640648274435,0.025185346914237166,4.0,4.0,0.060269778784598396,1.0102707196648535,0.9705227930583439
67.86647751116072,0.5,2.540183496503497,70.40666100766423,True,12449,12955,507,0.26610020885547214,ellipse_constrained,computed,False,,507.0,507.0,1.2908548700988405,1.4676889069995,0.27279063673335613,0.25347408334837984,114.05757713317873,0.5282455636417274,0.5377125574511208,0.026090393633747697,4.0,4.0,0.04548371195839536,1.0058968368258654,0.9947362390370708
67.86647751116072,0.5,2.540183496503497,70.40666100766423,True,12449,12955,507,0.26610020885547214,geometric_ellipse,computed,False,True,507.0,507.0,1.2961626854965305,1.4708066843848848,0.2601140341368816,0.20186139514959328,118.61255581741098,0.43220901118459065,0.45693142147062565,0.03645608359901154,4.0,4.0,0.04152812524714634,1.086876426657526,0.9190012959819991
67.86647751116072,1.0,5.080366993006994,72.94684450416771,True,12449,13462,1014,0.26610020885547214,legacy,computed,False,,1014.0,1014.0,1.3098330666392068,1.4698962029012186,0.31248254776456397,0.1948313955518596,139.234517521821,0.5050348468170188,0.5108155853017287,0.030330383500782043,4.0,4.0,0.0,1.0,1.0
67.86647751116072,1.0,5.080366993006994,72.94684450416771,True,12449,13462,1014,0.26610020885547214,ellipse_constrained,computed,False,,1014.0,1014.0,1.300934795088515,1.4743883975543661,0.271191464916178,0.2548153705486281,101.9279375076294,0.557378492474321,0.558452779828941,0.027122545316420568,4.0,4.0,0.0,1.0,1.0
67.86647751116072,1.0,5.080366993006994,72.94684450416771,True,12449,13462,1014,0.26610020885547214,geometric_ellipse,computed,False,True,1014.0,1014.0,1.3062585154439637,1.4753001155907663,0.23932254648010998,0.21965300379026587,121.6541209430828,0.4552860128105672,0.4763596112845943,0.028023862783769667,4.0,4.0,0.0,1.0,1.0
67.86647751116072,2.0,10.160733986013987,78.0272114971747,True,12449,14476,2028,0.26610020885547214,legacy,computed,False,,2028.0,2028.0,1.3112725049788114,1.468307915971523,0.3114980772789119,0.19977164761144867,134.2462516937974,0.4890269828367668,0.49482397271980616,0.015820127199866692,4.0,4.0,0.008055276263714583,0.9968495185004898,1.0253565501884119
67.86647751116072,2.0,10.160733986013987,78.0272114971747,True,12449,14476,2028,0.26610020885547214,ellipse_constrained,computed,False,,2028.0,2028.0,1.3027423556669986,1.468889375921257,0.27728457214180324,0.25485421650859774,91.19126546382904,0.5431890327060637,0.5439096529434924,0.01572503918498957,4.0,4.0,0.0217530124729927,1.0224679166341335,1.000152447475543
67.86647751116072,2.0,10.160733986013987,78.0272114971747,True,12449,14476,2028,0.26610020885547214,geometric_ellipse,computed,False,True,2028.0,2028.0,1.3076266152030707,1.4693139497736485,0.24023193355541284,0.22470843334923674,101.06148305178911,0.44393403453193286,0.45281946515695015,0.014686098891428847,4.0,4.0,0.023075935394365248,1.0037998387058715,1.0230155266339904
68.36729916992188,0.25,1.2700917482517484,69.63739091817362,True,12549,12801,253,0.264778429628616,legacy,computed,False,,253.0,253.0,1.2912005442799517,1.4669177964035034,0.3151293134290737,0.18321850608984055,140.37094474962504,0.4602356762418483,0.47434040576850817,0.06348472590205213,4.0,4.0,0.09816085828314833,1.0205121076745474,0.934134539403703
68.36729916992188,0.25,1.2700917482517484,69.63739091817362,True,12549,12801,253,0.264778429628616,ellipse_constrained,computed,False,,253.0,253.0,1.2845133527897639,1.4710925554449141,0.24232569608218288,0.2222205024134083,138.2056427001953,0.4745545114806235,0.4966485945238767,0.027283095057931885,4.0,4.0,0.07899801819497415,0.8869645805179109,0.882278734500163
68.36729916992188,0.25,1.2700917482517484,69.63739091817362,True,12549,12801,253,0.264778429628616,geometric_ellipse,computed,False,True,253.0,253.0,1.2912677456832677,1.47080198294247,0.2547553923592329,0.20228874937209482,135.20358626443905,0.4558406571193582,0.5065150516244319,0.060108145050690946,4.0,4.0,0.06621921044274329,1.0363729996467752,0.9372037397002495
68.36729916992188,0.5,2.540183496503497,70.90748266642538,True,12549,13055,507,0.264778429628616,legacy,computed,False,,507.0,507.0,1.3007752847354832,1.4650699792078814,0.3324270806986983,0.17853018834962217,134.07215706845346,0.4662865629949438,0.478513503990773,0.04256185100664245,4.0,4.0,0.07315300047195973,1.0765290511391277,0.9102312797041089
68.36729916992188,0.5,2.540183496503497,70.90748266642538,True,12549,13055,507,0.264778429628616,ellipse_constrained,computed,False,,507.0,507.0,1.289422685433376,1.4746947485021857,0.2759800469941409,0.24440566655675622,113.19108963012695,0.5231416079648141,0.5346567147408501,0.03051397075639626,4.0,4.0,0.05646020215413437,1.0101468006531786,0.970360159627435
68.36729916992188,0.5,2.540183496503497,70.90748266642538,True,12549,13055,507,0.264778429628616,geometric_ellipse,computed,False,True,507.0,507.0,1.2902677359284869,1.4788626032838812,0.270454252952179,0.18711350189667247,113.27432145807883,0.4355786818385453,0.4661761726229378,0.0576703660730226,4.0,4.0,0.05889253979047341,1.1002376939053595,0.8668968208578094
68.36729916992188,1.0,5.080366993006994,73.44766616292887,True,12549,13562,1014,0.264778429628616,legacy,computed,False,,1014.0,1014.0,1.3141906607991158,1.4790413386590782,0.30879527156925407,0.19613717121175775,135.39590656838337,0.48979501076448695,0.5091810137072582,0.025191524399831813,4.0,4.0,0.0,1.0,1.0
68.36729916992188,1.0,5.080366993006994,73.44766616292887,True,12549,13562,1014,0.264778429628616,ellipse_constrained,computed,False,,1014.0,1014.0,1.303216767247215,1.4804574885399553,0.27320786128876257,0.25187108532010893,94.66892099380493,0.5548210025634488,0.5610225076138043,0.021762060579420775,4.0,4.0,0.0,1.0,1.0
68.36729916992188,1.0,5.080366993006994,73.44766616292887,True,12549,13562,1014,0.264778429628616,geometric_ellipse,computed,False,True,1014.0,1014.0,1.305755179113003,1.4806779658681488,0.24581438579166057,0.21584287471664787,105.01813499546921,0.4613400558964062,0.4710606715179153,0.028999190008871533,4.0,4.0,0.0,1.0,1.0
68.36729916992188,2.0,10.160733986013987,78.52803315593587,True,12549,14576,2028,0.264778429628616,legacy,computed,False,,2028.0,2028.0,1.310866444920025,1.4682544683003718,0.312184399427026,0.19966021905261555,134.7602899243549,0.4877683757477491,0.4949127031322643,0.03208669453131276,4.0,4.0,0.04262987059905733,1.010975323037004,1.017962163006084
68.36729916992188,2.0,10.160733986013987,78.52803315593587,True,12549,14576,2028,0.264778429628616,ellipse_constrained,computed,False,,2028.0,2028.0,1.3015632542020095,1.4680248352814669,0.2770559009160415,0.2556649562331843,90.09681991487741,0.5455461857011281,0.549362292484174,0.024144504010436576,4.0,4.0,0.04736838995770355,1.0140846592375752,1.0150627488989203
68.36729916992188,2.0,10.160733986013987,78.52803315593587,True,12549,14576,2028,0.264778429628616,geometric_ellipse,computed,False,True,2028.0,2028.0,1.3061723798177614,1.4674245781933442,0.23859806338659875,0.2272627005378487,95.8370092294747,0.44545164893216743,0.4477838593905439,0.021493328913539434,4.0,4.0,0.050079428885956456,0.9706432055153273,1.052908050989371
68.86812082868303,0.25,1.2700917482517484,70.13821257693478,True,12649,12901,253,0.2659663106909431,legacy,computed,False,,253.0,253.0,1.297848249533287,1.4593091772690414,0.33031260050072053,0.17425778675220044,135.07644438250193,0.47001393866811964,0.4860644017209395,0.03804492112819719,4.0,4.0,0.08620725369648981,1.0852320872644563,0.8728740868087691
68.86812082868303,0.25,1.2700917482517484,70.13821257693478,True,12649,12901,253,0.2659663106909431,ellipse_constrained,computed,False,,253.0,253.0,1.290081327100576,1.4613466192405762,0.23830651584803297,0.21164894161108067,121.22719955444336,0.462227532100384,0.4911749136287433,0.04787034458262713,4.0,4.0,0.08034018171962276,0.8638650271796188,0.8476144293234431
68.86812082868303,0.25,1.2700917482517484,70.13821257693478,True,12649,12901,253,0.2659663106909431,geometric_ellipse,computed,False,True,253.0,253.0,1.276143153135344,1.4690754346784425,0.27513839537491536,0.17247333501184497,104.0056806174482,0.4492552862211703,0.523562221495494,0.11396261068747061,4.0,4.0,0.11312935490215192,1.0910535190681898,0.8120142836512397
68.86812082868303,0.5,2.540183496503497,71.40830432518653,True,12649,13155,507,0.2659663106909431,legacy,computed,False,,507.0,507.0,1.3100699998870835,1.46581096613183,0.3383757686667348,0.1732125816723562,133.81358503266142,0.47261325406370824,0.47712797072972096,0.05495784133492347,4.0,4.0,0.03830449217687536,1.111723383102106,0.8676385535990292
68.86812082868303,0.5,2.540183496503497,71.40830432518653,True,12649,13155,507,0.2659663106909431,ellipse_constrained,computed,False,,507.0,507.0,1.2943037770619596,1.4765451133519523,0.27339358725578733,0.2386484943346848,109.5959701538086,0.5299381464058323,0.5448679203620004,0.038702729892734995,4.0,4.0,0.04206491970937573,0.9910562363140002,0.9557425886215845
68.86812082868303,0.5,2.540183496503497,71.40830432518653,True,12649,13155,507,0.2659663106909431,geometric_ellipse,computed,False,True,507.0,507.0,1.2869397407496146,1.4829992096862836,0.27403655741770416,0.17405211384497926,99.78814505353917,0.44368969596457764,0.4811708944707503,0.08750208146854184,4.0,4.0,0.07579932367418454,1.086684211836387,0.819447264309631
68.86812082868303,1.0,5.080366993006994,73.94848782169002,True,12649,13662,1014,0.2659663106909431,legacy,computed,False,,1014.0,1014.0,1.3146490988058999,1.474911580144201,0.30437047003774026,0.19963679685954197,133.7550788428698,0.4852915675893601,0.4958583583113081,0.04351730007641594,4.0,4.0,0.0,1.0,1.0
68.86812082868303,1.0,5.080366993006994,73.94848782169002,True,12649,13662,1014,0.2659663106909431,ellipse_constrained,computed,False,,1014.0,1014.0,1.3054848547554503,1.4761558539250832,0.27586082125128464,0.24969955004189417,90.74514555931091,0.5498869979846531,0.5664246105464776,0.03848744899601174,4.0,4.0,0.0,1.0,1.0
68.86812082868303,1.0,5.080366993006994,73.94848782169002,True,12649,13662,1014,0.2659663106909431,geometric_ellipse,computed,False,True,1014.0,1014.0,1.3055777581946593,1.4753146416559486,0.25217680944734616,0.21240184869201426,88.06722129561919,0.4536917471732439,0.4722624644853202,0.06800908548941481,4.0,4.0,0.0,1.0,1.0
68.86812082868303,2.0,10.160733986013987,79.02885481469701,True,12649,14676,2028,0.2659663106909431,legacy,computed,False,,2028.0,2028.0,1.3107807303385934,1.4672631436118613,0.3104674013244954,0.20068220209090684,133.6667339612419,0.4972151451318371,0.503961806358179,0.02174808438857085,4.0,4.0,0.032226064725830214,1.0200312838692898,1.005236535788041
68.86812082868303,2.0,10.160733986013987,79.02885481469701,True,12649,14676,2028,0.2659663106909431,ellipse_constrained,computed,False,,2028.0,2028.0,1.301317978762598,1.4668222884814448,0.27842494927117223,0.2547239927631575,85.41912841796874,0.546940241129945,0.5546702999416887,0.020467845762646833,4.0,4.0,0.03843141884743886,1.0092950061130714,1.0201219534453319
68.86812082868303,2.0,10.160733986013987,79.02885481469701,True,12649,14676,2028,0.2659663106909431,geometric_ellipse,computed,False,True,2028.0,2028.0,1.3052997195155291,1.4663187213852282,0.24165723283471852,0.2246948655876849,79.15860101354427,0.44937904965224507,0.4554065552462823,0.018154517711650324,4.0,4.0,0.03383968413074478,0.9582849166991936,1.057876223636338
69.3689424874442,0.25,1.2700917482517484,70.63903423569595,True,12749,13001,253,0.27105514520202023,legacy,computed,False,,253.0,253.0,1.3041950239401396,1.4592101287780375,0.3308117398688979,0.1870874274022801,131.33211935699865,0.4598572124251089,0.4931389165299444,0.05472806136078238,4.0,4.0,0.06351315634568998,1.089423004264533,0.9074736765900745
69.3689424874442,0.25,1.2700917482517484,70.63903423569595,True,12749,13001,253,0.27105514520202023,ellipse_constrained,computed,False,,253.0,253.0,1.2926250014468832,1.474401736851769,0.2571870751639524,0.219531430623191,112.56672096252443,0.3975409178296184,0.43238204779692385,0.07151976155363707,4.0,4.0,0.05706284324058022,0.9143494535403461,0.8779009290233385
69.3689424874442,0.25,1.2700917482517484,70.63903423569595,True,12749,13001,253,0.27105514520202023,geometric_ellipse,computed,False,True,253.0,253.0,1.294299907949951,1.4843787178368615,0.2722202836639935,0.2025692550115886,99.31494862745636,0.39251919388987083,0.45379613594214946,0.08850024040495688,4.0,4.0,0.07804465639867117,1.0493842594985405,0.9325987101679533
69.3689424874442,0.5,2.540183496503497,71.9091259839477,True,12749,13255,507,0.27105514520202023,legacy,computed,False,,507.0,507.0,1.3100278418741318,1.464139663723706,0.3297556791331816,0.17578286625577946,134.02402568280857,0.4587073875537188,0.48392383492969315,0.06528028151909962,4.0,4.0,0.035376320443476016,1.0859452048979028,0.8526405335601371
69.3689424874442,0.5,2.540183496503497,71.9091259839477,True,12749,13255,507,0.27105514520202023,ellipse_constrained,computed,False,,507.0,507.0,1.296928305699787,1.4750850648193594,0.27327776690330413,0.23776033584372294,112.6043529510498,0.5327692075165563,0.5467979299404645,0.06588385798286679,4.0,4.0,0.0418116496707308,0.9715549534263083,0.9507978840641481
69.3689424874442,0.5,2.540183496503497,71.9091259839477,True,12749,13255,507,0.27105514520202023,geometric_ellipse,computed,False,True,507.0,507.0,1.3042727521746502,1.4820945181372307,0.2603175550368309,0.18770727993450706,116.36100628220548,0.4483305063994819,0.4707360569437433,0.08644643178204922,4.0,4.0,0.04914317933545229,1.0035003308716628,0.8641763881988983
69.3689424874442,1.0,5.080366993006994,74.44930948045119,True,12749,13762,1014,0.27105514520202023,legacy,computed,False,,1014.0,1014.0,1.3169043043326139,1.470822620634492,0.3036577514647106,0.2061629248633198,131.43329846616265,0.46846323694786446,0.48495541669723347,0.018423543043909793,4.0,4.0,0.0,1.0,1.0
69.3689424874442,1.0,5.080366993006994,74.44930948045119,True,12749,13762,1014,0.27105514520202023,ellipse_constrained,computed,False,,1014.0,1014.0,1.3079881007616996,1.4726104379258445,0.28127875416573855,0.2500640144753223,89.58822631835938,0.5337209293451158,0.5449620934454158,0.024649453717753032,4.0,4.0,0.0,1.0,1.0
69.3689424874442,1.0,5.080366993006994,74.44930948045119,True,12749,13762,1014,0.27105514520202023,geometric_ellipse,computed,False,True,1014.0,1014.0,1.3097879967111383,1.4699694157761314,0.25940953583016085,0.21720945225745333,87.62327454461261,0.444108469958572,0.4771828808573595,0.036025849633816984,4.0,4.0,0.0,1.0,1.0
69.3689424874442,2.0,10.160733986013987,79.52967647345818,True,12749,14776,2028,0.27105514520202023,legacy,computed,False,,2028.0,2028.0,1.3109451856117469,1.4671052583101796,0.31065114287771833,0.20052476927316304,133.57865646135656,0.49977208357119285,0.5066052425627893,0.022941245071687547,4.0,4.0,0.025911787160482473,1.023030505163378,0.9726519421768259
69.3689424874442,2.0,10.160733986013987,79.52967647345818,True,12749,14776,2028,0.27105514520202023,ellipse_constrained,computed,False,,2028.0,2028.0,1.301157507384821,1.4671811583855945,0.27814798438791627,0.25443971699378093,86.22579956054686,0.5409100851358895,0.5484647246477153,0.02349516154114891,4.0,4.0,0.03219080985790091,0.9888695120713684,1.0174983294883098
69.3689424874442,2.0,10.160733986013987,79.52967647345818,True,12749,14776,2028,0.27105514520202023,geometric_ellipse,computed,False,True,2028.0,2028.0,1.305199175785831,1.4674587037549318,0.24140058181248633,0.22396804805486006,74.79871532814637,0.4431155221370097,0.45507147437365586,0.017814350211517248,4.0,4.0,0.019297806582626024,0.9305771317926214,1.031115569452272
69.86976414620536,0.25,1.2700917482517484,71.1398558944571,True,12849,13101,253,0.26701820324283565,legacy,computed,False,,253.0,253.0,1.3165887148513442,1.4642933594880907,0.34593959134707614,0.1684941738647531,128.88965867892546,0.49992060144211914,0.4961125648487197,0.05623285308971072,4.0,4.0,0.02847336082814553,1.1607847527986557,0.8282378447293065
69.86976414620536,0.25,1.2700917482517484,71.1398558944571,True,12849,13101,253,0.26701820324283565,ellipse_constrained,computed,False,,253.0,253.0,1.2867191782894598,1.498398891105093,0.23404030371411558,0.20065951414152516,93.45060133934021,0.43037417252472665,0.45526285680081335,0.05438697088949147,4.0,4.0,0.12389391197117641,0.8380310713729738,0.8207703144649052
69.86976414620536,0.25,1.2700917482517484,71.1398558944571,True,12849,13101,253,0.26701820324283565,geometric_ellipse,computed,False,True,253.0,253.0,1.2812625622690106,1.5085847948477866,0.26519682924958016,0.16485845157816675,90.55639996492002,0.4416886545287217,0.4457563933684376,0.05196871447599229,4.0,4.0,0.1721062887719998,1.0472890468107023,0.7818451775779273
69.86976414620536,0.5,2.540183496503497,72.40994764270886,True,12849,13355,507,0.26701820324283565,legacy,computed,False,,507.0,507.0,1.3278128915911047,1.481927468252858,0.31582800545978623,0.18077533815284919,135.2395046047731,0.5121763445829037,0.536451556060318,0.04969455459986843,4.0,4.0,0.0499392598521149,1.0597466795198867,0.8886062527723281
69.86976414620536,0.5,2.540183496503497,72.40994764270886,True,12849,13355,507,0.26701820324283565,ellipse_constrained,computed,False,,507.0,507.0,1.3091492444316426,1.4969847098302476,0.26113613117008405,0.24049493510452294,91.05541360378267,0.5959104891438801,0.6108829387655905,0.052332071498500596,4.0,4.0,0.08299819528640402,0.935053442957313,0.9837116588139265
69.86976414620536,0.5,2.540183496503497,72.40994764270886,True,12849,13355,507,0.26701820324283565,geometric_ellipse,computed,False,True,507.0,507.0,1.3135546300282293,1.5021598363575566,0.2344981090249879,0.20149771338309258,120.82426712584709,0.5150319267713561,0.530384583752152,0.06548233325285194,4.0,4.0,0.1041390719363072,0.926056702014964,0.9556077592227873
69.86976414620536,1.0,5.080366993006994,74.95013113921235,True,12849,13862,1014,0.26701820324283565,legacy,computed,False,,1014.0,1014.0,1.3201728013978857,1.4709984693252718,0.2980221703576091,0.20343694137741575,129.8864754392201,0.4769213673656786,0.5025733602297401,0.028419448594028156,4.0,4.0,0.0,1.0,1.0
69.86976414620536,1.0,5.080366993006994,74.95013113921235,True,12849,13862,1014,0.26701820324283565,ellipse_constrained,computed,False,,1014.0,1014.0,1.3099407827251826,1.474836820640947,0.27927401704889016,0.24447706088437612,80.85446166992186,0.5409897921137146,0.5464693479756705,0.03900211808828671,4.0,4.0,0.0,1.0,1.0
69.86976414620536,1.0,5.080366993006994,74.95013113921235,True,12849,13862,1014,0.26701820324283565,geometric_ellipse,computed,False,True,1014.0,1014.0,1.311973447443282,1.474397800032404,0.2532221931062691,0.21085818050177224,74.31858992686344,0.45306072848258083,0.4617028941644512,0.05357612414665313,4.0,4.0,0.0,1.0,1.0
69.86976414620536,2.0,10.160733986013987,80.03049813221935,True,12849,14876,2028,0.26701820324283565,legacy,computed,False,,2028.0,2028.0,1.3097925567215107,1.4683606961347158,0.3089300125525442,0.19944494380995817,133.4897842820534,0.5021042045550849,0.5070266361362337,0.02214443053244959,4.0,4.0,0.040110189192924264,1.0366007743042953,0.9803772238196816
69.86976414620536,2.0,10.160733986013987,80.03049813221935,True,12849,14876,2028,0.26701820324283565,ellipse_constrained,computed,False,,2028.0,2028.0,1.300107272539418,1.4683897070125929,0.2763328883226042,0.25334597249479074,80.93553161621092,0.5420000984898792,0.5542164524971138,0.025700295450621427,4.0,4.0,0.04403646283782051,0.9894686632241514,1.0362770706516677
69.86976414620536,2.0,10.160733986013987,80.03049813221935,True,12849,14876,2028,0.26701820324283565,geometric_ellipse,computed,False,True,2028.0,2028.0,1.3037847763230317,1.4687751503399942,0.23875359672028193,0.22053105058250608,57.25515140649655,0.44002693868067166,0.4565800530633776,0.030475420545770977,4.0,4.0,0.03720047173632314,0.9428620524587465,1.0458738193496484
70.37058580496651,0.25,1.2700917482517484,71.64067755321825,True,12949,13201,253,0.26792498432512535,legacy,computed,False,,253.0,253.0,1.3268113454335186,1.4773817745850346,0.34579371324147756,0.16110100427538646,133.82527039495665,0.5038190669862107,0.5112358865795995,0.05321122581507487,4.0,4.0,0.04015988273102831,1.1362862009388988,0.7952204516166188
70.37058580496651,0.25,1.2700917482517484,71.64067755321825,True,12949,13201,253,0.26792498432512535,ellipse_constrained,computed,False,,253.0,253.0,1.3079422230045548,1.4912731106277983,0.22712003716644716,0.19887415453935792,119.1330394744873,0.4974596909012405,0.5195556209801375,0.06319757590085275,4.0,4.0,0.0666258923978251,0.8057336266523327,0.805178392792421
70.37058580496651,0.25,1.2700917482517484,71.64067755321825,True,12949,13201,253,0.26792498432512535,geometric_ellipse,computed,False,True,253.0,253.0,1.316513550835377,1.5001897944778657,0.2732781831433848,0.16066063839073316,130.55967923951187,0.4849098446304988,0.5257426443307168,0.1354375264442418,4.0,4.0,0.11573537395539188,1.0621827629640166,0.7601032163883802
70.37058580496651,0.5,2.540183496503497,72.91076930147001,True,12949,13455,507,0.26792498432512535,legacy,computed,False,,507.0,507.0,1.314672292958934,1.4830295046132231,0.30969455632374876,0.1922028332937936,142.82992507108867,0.5158464630627979,0.5626138728578349,0.052788856870002385,4.0,4.0,0.04829196316939882,1.0176635299636794,0.9487440787930346
70.37058580496651,0.5,2.540183496503497,72.91076930147001,True,12949,13455,507,0.26792498432512535,ellipse_constrained,computed,False,,507.0,507.0,1.3102067028104032,1.4800987547561413,0.26939527503400795,0.24929789693236248,89.84489440917967,0.6052539468665982,0.609057502921521,0.06866705253237752,4.0,4.0,0.026653631585127395,0.9557097412637295,1.0093281374016108
70.37058580496651,0.5,2.540183496503497,72.91076930147001,True,12949,13455,507,0.26792498432512535,geometric_ellipse,computed,False,True,507.0,507.0,1.3125309802738454,1.476990587058732,0.23065499788889765,0.21632526760829812,29.72884974997072,0.490188213535887,0.5536436203219189,0.10732101493122348,4.0,4.0,0.028590378022087595,0.8965141678380605,1.0234587223240406
70.37058580496651,1.0,5.080366993006994,75.4509527979735,True,12949,13962,1014,0.26792498432512535,legacy,computed,False,,1014.0,1014.0,1.3184208396090369,1.4706457904916537,0.30431920492896297,0.202586595890336,130.71319387908542,0.48304788881654936,0.4978787158956791,0.013361449611753977,4.0,4.0,0.0,1.0,1.0
70.37058580496651,1.0,5.080366993006994,75.4509527979735,True,12949,13962,1014,0.26792498432512535,ellipse_constrained,computed,False,,1014.0,1014.0,1.3076669014703315,1.4734244927934312,0.2818798045082057,0.24699390385979803,84.2199249267578,0.5481822748287524,0.5601558043509746,0.017764232901799036,4.0,4.0,0.0,1.0,1.0
70.37058580496651,1.0,5.080366993006994,75.4509527979735,True,12949,13962,1014,0.26792498432512535,geometric_ellipse,computed,False,True,1014.0,1014.0,1.3093592395343527,1.4700180097773203,0.2572798134859609,0.2113668708759186,78.01419787235199,0.4562222921308981,0.47271845534007373,0.03922912052746992,4.0,4.0,0.0,1.0,1.0
70.37058580496651,2.0,10.160733986013987,80.53131979098049,True,12949,14976,2028,0.26792498432512535,legacy,computed,False,,2028.0,2028.0,1.3086507880827927,1.469068412376305,0.31021805555313187,0.19735005229031405,134.53068783043793,0.5154464975383761,0.5201275588170124,0.02574095388837944,4.0,4.0,0.03693782618938509,1.0193837606323461,0.9741515790962962
70.37058580496651,2.0,10.160733986013987,80.53131979098049,True,12949,14976,2028,0.26792498432512535,ellipse_constrained,computed,False,,2028.0,2028.0,1.2994703378130474,1.4675251591320986,0.2752494634966054,0.2533781943063858,79.8551788330078,0.5563920016173254,0.5644675923019574,0.02680507596383167,4.0,4.0,0.037692645982861914,0.9764781268272544,1.0258479676899708
70.37058580496651,2.0,10.160733986013987,80.53131979098049,True,12949,14976,2028,0.26792498432512535,geometric_ellipse,computed,False,True,2028.0,2028.0,1.3025183177975,1.4673741958478979,0.23713100814824484,0.21725027353694437,38.693316105046705,0.4515154414673636,0.4754838911144668,0.030484231168459122,4.0,4.0,0.02737343707751215,0.9216852458624176,1.027835027488672
70.87140746372768,0.25,1.2700917482517484,72.14149921197942,True,13049,13301,253,0.2625643955785233,legacy,computed,False,,253.0,253.0,1.3297593874964029,1.4865206858701203,0.28719589568493326,0.17991666366243098,133.00029382572623,0.5058168579569086,0.536646955484316,0.10132668058191388,4.0,4.0,0.08005762558821598,0.9673423519427656,0.8788808098394935
70.87140746372768,0.25,1.2700917482517484,72.14149921197942,True,13049,13301,253,0.2625643955785233,ellipse_constrained,computed,False,,253.0,253.0,1.3200855540664804,1.488576797277284,0.22368335915125065,0.20952591035512147,100.53811836242676,0.5218767360645356,0.5821707774887899,0.11453149949162587,4.0,4.0,0.08345182681623678,0.8008767823458384,0.8500201434838174
70.87140746372768,0.25,1.2700917482517484,72.14149921197942,True,13049,13301,253,0.2625643955785233,geometric_ellipse,computed,False,True,253.0,253.0,1.3297845758736793,1.4847119399125488,0.226203868314286,0.19394418983360165,147.35910181667006,0.5041808513372755,0.5807571449432571,0.09714839424261353,4.0,4.0,0.0979542541527223,0.9126965937917145,0.9005782834365312
70.87140746372768,0.5,2.540183496503497,73.41159096023118,True,13049,13555,507,0.2625643955785233,legacy,computed,False,,507.0,507.0,1.3191324020476383,1.4908255548798224,0.28625729176642656,0.20414259688510775,138.12324975432003,0.5098878828049775,0.5350799222069591,0.050886775316167164,4.0,4.0,0.08257326038488419,0.9641809163661688,0.9972228654136912
70.87140746372768,0.5,2.540183496503497,73.41159096023118,True,13049,13555,507,0.2625643955785233,ellipse_constrained,computed,False,,507.0,507.0,1.3143829789474177,1.481765522332395,0.27000320924827187,0.24701094840030333,76.35035705566405,0.5907998255640884,0.575016981929844,0.06718759279258166,4.0,4.0,0.05048228664585919,0.9667205565327234,1.0020922063788444
70.87140746372768,0.5,2.540183496503497,73.41159096023118,True,13049,13555,507,0.2625643955785233,geometric_ellipse,computed,False,True,507.0,507.0,1.3151286497532315,1.4800276263477636,0.23889773609571355,0.2187724390258629,63.16894427861841,0.4893245019527702,0.5206910555750961,0.056129941523787495,4.0,4.0,0.05284630997966493,0.9639143292464164,1.0158680585903275
70.87140746372768,1.0,5.080366993006994,75.95177445673467,True,13049,14062,1014,0.2625643955785233,legacy,computed,False,,1014.0,1014.0,1.3178769517412783,1.4691811363085898,0.2968916796707415,0.20471110718106184,131.13290309600467,0.48707414667357884,0.5033708825102075,0.043462303428649166,4.0,4.0,0.0,1.0,1.0
70.87140746372768,1.0,5.080366993006994,75.95177445673467,True,13049,14062,1014,0.2625643955785233,ellipse_constrained,computed,False,,1014.0,1014.0,1.309162805962354,1.4695818910520797,0.27929809439107783,0.24649522950877034,80.62844848632811,0.5425688107333647,0.558556696125793,0.03765752339375131,4.0,4.0,0.0,1.0,1.0
70.87140746372768,1.0,5.080366993006994,75.95177445673467,True,13049,14062,1014,0.2625643955785233,geometric_ellipse,computed,False,True,1014.0,1014.0,1.3114858517180028,1.4666387812817334,0.2478412539862154,0.21535517056166054,71.2429677619498,0.45725655830112993,0.48339791675263244,0.05026517804209963,4.0,4.0,0.0,1.0,1.0
70.87140746372768,2.0,10.160733986013987,81.03214144974166,True,13049,15076,2028,0.2625643955785233,legacy,computed,False,,2028.0,2028.0,1.3082668710503147,1.4674536114066543,0.30893770406796983,0.1978595844559185,135.10520141405888,0.522917275753123,0.5328848585839115,0.03932974344884486,4.0,4.0,0.037187515895452126,1.0405738025753621,0.966530771976709
70.87140746372768,2.0,10.160733986013987,81.03214144974166,True,13049,15076,2028,0.2625643955785233,ellipse_constrained,computed,False,,2028.0,2028.0,1.2999533186909868,1.4640846262913076,0.27509067975582435,0.2537315776767869,76.49520874023436,0.5599075761186066,0.5709904400319176,0.03469881127409301,4.0,4.0,0.04084871160098044,0.9849357560264547,1.0293569501626363
70.87140746372768,2.0,10.160733986013987,81.03214144974166,True,13049,15076,2028,0.2625643955785233,geometric_ellipse,computed,False,True,2028.0,2028.0,1.3018815806808868,1.4655691151853738,0.24072823801493215,0.21206134516145145,26.735939838348884,0.45309619091006204,0.47845724857991667,0.03217075887719462,4.0,4.0,0.036804890972081984,0.9713001130486579,0.9847051482830964
71.37222912248885,0.25,1.2700917482517484,72.64232087074059,True,13149,13401,253,0.2656037129222053,legacy,computed,False,,253.0,253.0,1.341302060304161,1.4983543663516576,0.29977034869987307,0.18211078379834292,135.53665173007383,0.541818016082265,0.6053581051674491,0.12301409794245233,4.0,4.0,0.15062004900911835,1.0079270067142467,0.8746702090824219
71.37222912248885,0.25,1.2700917482517484,72.64232087074059,True,13149,13401,253,0.2656037129222053,ellipse_constrained,computed,False,,253.0,253.0,1.3318748982281485,1.4873951626102997,0.2344604795113791,0.21714532209450962,103.26769065856935,0.5030131707949723,0.5954440127238955,0.1437558045983505,4.0,4.0,0.11859891639910008,0.836184700929091,0.8679589639936203
71.37222912248885,0.25,1.2700917482517484,72.64232087074059,True,13149,13401,253,0.2656037129222053,geometric_ellipse,computed,False,True,253.0,253.0,1.3334483973276985,1.4912652744071695,0.23448039164128157,0.2061989996574971,126.81110522291353,0.4971632724579103,0.6358424601934525,0.17715083684934016,4.0,4.0,0.1329984449522576,0.940540056300395,0.9321322333775034
71.37222912248885,0.5,2.540183496503497,73.91241261899235,True,13149,13655,507,0.2656037129222053,legacy,computed,False,,507.0,507.0,1.3165161594460988,1.4742351035856385,0.28430167924894156,0.2210394115846928,130.42001626999178,0.4739045979101125,0.49893133193930683,0.06278381679870805,4.0,4.0,0.02453424421954187,0.955916226578219,1.0616427227084286
71.37222912248885,0.5,2.540183496503497,73.91241261899235,True,13149,13655,507,0.2656037129222053,ellipse_constrained,computed,False,,507.0,507.0,1.3122940979159945,1.469227952450826,0.2825099313071201,0.2489288934679176,77.98989868164062,0.5401607682071811,0.5615418393538918,0.045286170783747776,4.0,4.0,0.020732699370626943,1.0075492590983857,0.9950021598367877
71.37222912248885,0.5,2.540183496503497,73.91241261899235,True,13149,13655,507,0.2656037129222053,geometric_ellipse,computed,False,True,507.0,507.0,1.3126703050674768,1.463010588679649,0.2687135451215857,0.21759997350174995,72.27308710850033,0.470692819744701,0.48670938751554704,0.06625361916660359,4.0,4.0,0.01585864388105361,1.0778549587377924,0.9836708694997641
71.37222912248885,1.0,5.080366993006994,76.45259611549584,True,13149,14162,1014,0.2656037129222053,legacy,computed,False,,1014.0,1014.0,1.3154759154716742,1.4678022827699875,0.2974127557878402,0.20820508336437724,131.27201529072747,0.4847593657812518,0.49309657352000774,0.03689053768901098,4.0,4.0,0.0,1.0,1.0
71.37222912248885,1.0,5.080366993006994,76.45259611549584,True,13149,14162,1014,0.2656037129222053,ellipse_constrained,computed,False,,1014.0,1014.0,1.306879558467317,1.4682248031817495,0.2803931706127466,0.25017924936841335,79.90065002441405,0.5366840946076242,0.5406860183518148,0.02800707687302722,4.0,4.0,0.0,1.0,1.0
71.37222912248885,1.0,5.080366993006994,76.45259611549584,True,13149,14162,1014,0.2656037129222053,geometric_ellipse,computed,False,True,1014.0,1014.0,1.3092765459045566,1.4655054451810152,0.249303993030991,0.22121217599176055,70.06920207755606,0.44574664672128567,0.4642116088551489,0.030930533558499094,4.0,4.0,0.0,1.0,1.0
71.37222912248885,2.0,10.160733986013987,81.53296310850283,True,13149,15176,2028,0.2656037129222053,legacy,computed,False,,2028.0,2028.0,1.3047570493165335,1.4700686926324271,0.3101059698077552,0.19902653160699502,134.86796657244173,0.5223142548120439,0.535428606176437,0.025355925431275836,4.0,4.0,0.041248868246076015,1.0426787815011191,0.9559158133458301
71.37222912248885,2.0,10.160733986013987,81.53296310850283,True,13149,15176,2028,0.2656037129222053,ellipse_constrained,computed,False,,2028.0,2028.0,1.2977620857872356,1.4652186226379798,0.2756486358341871,0.25475439726802956,75.73794555664061,0.5608533193855271,0.5689652691721668,0.027502195799668706,4.0,4.0,0.03614513772578219,0.9830789930860612,1.0182874795218482
71.37222912248885,2.0,10.160733986013987,81.53296310850283,True,13149,15176,2028,0.2656037129222053,geometric_ellipse,computed,False,True,2028.0,2028.0,1.2986003144501899,1.466268372630046,0.24150947837669146,0.21492948437224563,30.853601181491143,0.4569072704496428,0.47059659835693335,0.03438586811133732,4.0,4.0,0.04029859433536762,0.9687348984685913,0.9715987983421449
71.87305078125,0.25,1.2700917482517484,73.14314252950174,True,13249,13501,253,0.2772220238095239,legacy,computed,False,,253.0,253.0,1.3122995845139915,1.4761411307097927,0.30004455281627396,0.22086300871668998,145.7948344605555,0.4759227605808516,0.8564566549708476,0.45355637938253424,4.0,4.0,0.04352523855626214,0.982707347816867,1.0312446153034507
71.87305078125,0.25,1.2700917482517484,73.14314252950174,True,13249,13501,253,0.2772220238095239,ellipse_constrained,computed,False,,253.0,253.0,1.3055927839667343,1.4737957054125759,0.25599956308258376,0.24563488493851526,69.2852783203125,0.39122041580734457,0.6412699230332445,0.336031508378758,4.0,4.0,0.03325290036041757,0.8972313520444063,0.9606800607686912
71.87305078125,0.25,1.2700917482517484,73.14314252950174,True,13249,13501,253,0.2772220238095239,geometric_ellipse,computed,False,True,253.0,253.0,1.3087615512092254,1.4563565333672273,0.2764070160298847,0.23748608692960338,83.35096371392602,0.4083562255040618,0.9779415023992251,0.5612795062192115,4.0,4.0,0.012656140191514691,1.0585585180551338,1.0537703282375428
71.87305078125,0.5,2.540183496503497,74.4132342777535,True,13249,13755,507,0.2772220238095239,legacy,computed,False,,507.0,507.0,1.319852196545543,1.4661718920297562,0.28997329155999446,0.23001156757276545,122.66932204547717,0.40379750253828717,0.44129987565229184,0.03502346993584918,4.0,4.0,0.013567654469454939,0.9497219050036808,1.0739606957957544
71.87305078125,0.5,2.540183496503497,74.4132342777535,True,13249,13755,507,0.2772220238095239,ellipse_constrained,computed,False,,507.0,507.0,1.3138691438105035,1.4629061418522746,0.29302409379222955,0.24979279017825795,79.65101623535155,0.44915521447185575,0.4587238302281555,0.02540649038177637,4.0,4.0,0.031271766481643426,1.0269955178399108,0.9769416624519631
71.87305078125,0.5,2.540183496503497,74.4132342777535,True,13249,13755,507,0.2772220238095239,geometric_ellipse,computed,False,True,507.0,507.0,1.315597222271461,1.4534533321475007,0.28594506570691275,0.2209248859649937,76.56082753940896,0.3887856738381051,0.4081352616586187,0.02062160072791999,4.0,4.0,0.036162640429473834,1.095086475544315,0.9802851721085536
71.87305078125,1.0,5.080366993006994,76.95341777425699,True,13249,14262,1014,0.2772220238095239,legacy,computed,False,,1014.0,1014.0,1.3163586762079913,1.4647782145202215,0.30532442184627784,0.21417130857134178,132.00522517440442,0.4683031018107038,0.47880970610038515,0.015775440523141133,4.0,4.0,0.0,1.0,1.0
71.87305078125,1.0,5.080366993006994,76.95341777425699,True,13249,14262,1014,0.2772220238095239,ellipse_constrained,computed,False,,1014.0,1014.0,1.3053630768200957,1.464580131469649,0.2853216870980604,0.2556885429077915,82.62533569335936,0.5096142257132854,0.519062290827003,0.022825493816520326,4.0,4.0,0.0,1.0,1.0
71.87305078125,1.0,5.080366993006994,76.95341777425699,True,13249,14262,1014,0.2772220238095239,geometric_ellipse,computed,False,True,1014.0,1014.0,1.3077750332290075,1.4597235470506746,0.2611164251341732,0.22536797684065063,74.60194064773087,0.4240003607028385,0.4485523076708508,0.03437910114803489,4.0,4.0,0.0,1.0,1.0
71.87305078125,2.0,10.160733986013987,82.033784767264,True,13249,15276,2028,0.2772220238095239,legacy,computed,False,,2028.0,2028.0,1.3044125127326598,1.4681785904403677,0.30878515077646235,0.20221879271127147,132.98153918273533,0.516845400122964,0.5264621867771461,0.029332984332494958,4.0,4.0,0.04480410074216791,1.0113345958677582,0.9441917970254692
71.87305078125,2.0,10.160733986013987,82.033784767264,True,13249,15276,2028,0.2772220238095239,ellipse_constrained,computed,False,,2028.0,2028.0,1.2966373117697314,1.4645526928590875,0.2788563106293511,0.25390194334412935,75.90571594238281,0.551252140615117,0.5533863148457434,0.031161018057029744,4.0,4.0,0.03147588373896293,0.977340045425684,0.9930125943722614
71.87305078125,2.0,10.160733986013987,82.033784767264,True,13249,15276,2028,0.2772220238095239,geometric_ellipse,computed,False,True,2028.0,2028.0,1.2964237143298394,1.46477785169027,0.24777487566900358,0.21386548477631867,56.928260680471695,0.4517287595635948,0.47225086634388763,0.031474563353039615,4.0,4.0,0.04482225674090072,0.9489057440246658,0.9489612844487443
72.37387244001116,0.25,1.2700917482517484,73.6439641882629,True,13349,13601,253,0.27801286672563763,legacy,computed,False,,253.0,253.0,1.320752140601966,1.461218885905197,0.29279354679796915,0.24037174611646178,121.39952476293726,0.38789413198236355,0.4010311924183585,0.06494745482179137,4.0,4.0,0.028491937712114297,0.9571554628072197,1.1446040825612378
72.37387244001116,0.25,1.2700917482517484,73.6439641882629,True,13349,13601,253,0.27801286672563763,ellipse_constrained,computed,False,,253.0,253.0,1.314931640777759,1.4567794604194475,0.27776424579294323,0.2419675757475534,74.75225830078124,0.34413397809461665,0.37794996474106657,0.06252324582669606,4.0,4.0,0.03548619663985185,0.9785559037922044,0.9482771966291058
72.37387244001116,0.25,1.2700917482517484,73.6439641882629,True,13349,13601,253,0.27801286672563763,geometric_ellipse,computed,False,True,253.0,253.0,1.3190092941656615,1.4453364974745422,0.28533808625063467,0.2371997264918399,83.12124968969057,0.3463609939510148,0.38636658242732047,0.048790987876921696,4.0,4.0,0.05633305674776764,1.1383965565915635,1.0427374303751828
72.37387244001116,0.5,2.540183496503497,74.91405593651466,True,13349,13855,507,0.27801286672563763,legacy,computed,False,,507.0,507.0,1.3197611781436396,1.4615744863804612,0.28494279691838703,0.22345679101838598,123.00540881125772,0.4521720923589474,0.48191112640645384,0.03091352700472075,4.0,4.0,0.02475028316043387,0.9314910032706161,1.0640583155382821
72.37387244001116,0.5,2.540183496503497,74.91405593651466,True,13349,13855,507,0.27801286672563763,ellipse_constrained,computed,False,,507.0,507.0,1.3146929023936944,1.4593921209837648,0.2891231114581398,0.24529448448414828,72.75569152832031,0.5104800518944483,0.48897718521028427,0.01477653087449655,4.0,4.0,0.0323572605178463,1.0185728794304096,0.9613154381390779
72.37387244001116,0.5,2.540183496503497,74.91405593651466,True,13349,13855,507,0.27801286672563763,geometric_ellipse,computed,False,True,507.0,507.0,1.3178525053329895,1.4551230171357696,0.2773956921107555,0.21256360778890132,68.77234931455466,0.43984976365350004,0.4508697585972669,0.019526768887683656,4.0,4.0,0.030610049798592824,1.1067092544906112,0.934436280577677
72.37387244001116,1.0,5.080366993006994,77.45423943301815,True,13349,14362,1014,0.27801286672563763,legacy,computed,False,,1014.0,1014.0,1.3129892993631,1.4627944878955255,0.3058996768813726,0.21000427115251144,131.90341833204963,0.4726582598825316,0.49005869673809305,0.025289762090329543,4.0,4.0,0.0,1.0,1.0
72.37387244001116,1.0,5.080366993006994,77.45423943301815,True,13349,14362,1014,0.27801286672563763,ellipse_constrained,computed,False,,1014.0,1014.0,1.3057535786087588,1.460397970906754,0.28385117775747054,0.2551654480437673,84.18104553222655,0.5146821259338398,0.5165003729964126,0.019316584682381472,4.0,4.0,0.0,1.0,1.0
72.37387244001116,1.0,5.080366993006994,77.45423943301815,True,13349,14362,1014,0.27801286672563763,geometric_ellipse,computed,False,True,1014.0,1014.0,1.309861044701604,1.4580481577389084,0.25064911220827674,0.22747790535004972,69.82934346042119,0.42223211082027173,0.44738875909862763,0.021781962089343142,4.0,4.0,0.0,1.0,1.0
72.37387244001116,2.0,10.160733986013987,82.53460642602514,True,13349,15376,2028,0.27801286672563763,legacy,computed,False,,2028.0,2028.0,1.3024917980766657,1.4656482345520585,0.30701676548338214,0.2005143994989947,131.66333149651348,0.512618126871442,0.5195807542877767,0.022081743751890988,4.0,4.0,0.039129424573545644,1.0036518136056833,0.9548110540731578
72.37387244001116,2.0,10.160733986013987,82.53460642602514,True,13349,15376,2028,0.27801286672563763,ellipse_constrained,computed,False,,2028.0,2028.0,1.2955607246617225,1.4620663519774413,0.2778011267147253,0.25225044325813734,75.95915222167967,0.5449204263120481,0.5494121228747915,0.025310639906408562,4.0,4.0,0.03715113292880608,0.9786858342792766,0.9885760207427067
72.37387244001116,2.0,10.160733986013987,82.53460642602514,True,13349,15376,2028,0.27801286672563763,geometric_ellipse,computed,False,True,2028.0,2028.0,1.2958682883248618,1.4620085515152548,0.24576986972066564,0.21319624756438552,59.6432229809469,0.4463371410510667,0.4567051103594755,0.02865112901039246,4.0,4.0,0.05230843865057246,0.9805335736295898,0.9372173848546427
72.87469409877232,0.25,1.2700917482517484,74.14478584702407,True,13449,13701,253,0.2799069866409629,legacy,computed,False,,253.0,253.0,1.3179633519238485,1.453542552315702,0.29335746789161726,0.21991140559801864,109.44759173098961,0.38476686343819666,0.4685978542411351,0.08664925625826177,4.0,4.0,0.04391192968851467,0.9503524257408285,1.0801917755441193
72.87469409877232,0.25,1.2700917482517484,74.14478584702407,True,13449,13701,253,0.2799069866409629,ellipse_constrained,computed,False,,253.0,253.0,1.3124625554286529,1.4562988945057564,0.2749618084805499,0.22699826558054634,79.47897338867186,0.36976191581884427,0.436383318671504,0.06839504787867513,4.0,4.0,0.03535028568239974,0.9707767684179488,0.8975018218002463
72.87469409877232,0.25,1.2700917482517484,74.14478584702407,True,13449,13701,253,0.2799069866409629,geometric_ellipse,computed,False,True,253.0,253.0,1.3140298266886516,1.4454757963800495,0.28217253455402164,0.22017599454845793,81.18830018630361,0.3787788852304412,0.43216676288907685,0.05087488836253096,4.0,4.0,0.05584788317852325,1.1168454897202864,0.997606979096922
72.87469409877232,0.5,2.540183496503497,75.41487759527583,True,13449,13955,507,0.2799069866409629,legacy,computed,False,,507.0,507.0,1.3167898529932927,1.463302302901102,0.3027173229058973,0.2029349421368162,119.49254126977316,0.45481718096725837,0.49278261673511914,0.04911035080931006,4.0,4.0,0.012858823850693464,0.9806743431657835,0.9968043943450908
72.87469409877232,0.5,2.540183496503497,75.41487759527583,True,13449,13955,507,0.2799069866409629,ellipse_constrained,computed,False,,507.0,507.0,1.30638196292595,1.4682771472624792,0.28971409513137564,0.24201662220013773,81.14451599121092,0.49428498127446624,0.4948533485654685,0.05736025172941862,4.0,4.0,0.020313951134454465,1.0228610096469517,0.9568811408098282
72.87469409877232,0.5,2.540183496503497,75.41487759527583,True,13449,13955,507,0.2799069866409629,geometric_ellipse,computed,False,True,507.0,507.0,1.3043431608737444,1.4611355792085086,0.27752990275831463,0.19896282824208125,78.92231098362828,0.41198129971070835,0.45166290352692,0.06055240094482654,4.0,4.0,0.018381972416402076,1.0984698445156158,0.9014911295948661
72.87469409877232,1.0,5.080366993006994,77.95506109177931,True,13449,14462,1014,0.2799069866409629,legacy,computed,False,,1014.0,1014.0,1.3136431115946179,1.465049528265427,0.308682821178613,0.20358552117955522,129.3397133983486,0.4693240402059796,0.47768768645121,0.021758494076487233,4.0,4.0,0.0,1.0,1.0
72.87469409877232,1.0,5.080366993006994,77.95506109177931,True,13449,14462,1014,0.2799069866409629,ellipse_constrained,computed,False,,1014.0,1014.0,1.3049752883838257,1.4627678774072652,0.2832389663883783,0.25292234518836276,82.49427795410156,0.5175198134652363,0.5205162785261437,0.02600031071411047,4.0,4.0,0.0,1.0,1.0
72.87469409877232,1.0,5.080366993006994,77.95506109177931,True,13449,14462,1014,0.2799069866409629,geometric_ellipse,computed,False,True,1014.0,1014.0,1.3094381824826369,1.4604184493270687,0.2526513623873716,0.22070414417887393,78.90588390885044,0.42656360048954767,0.460318155231386,0.026271331491493494,4.0,4.0,0.0,1.0,1.0
72.87469409877232,2.0,10.160733986013987,83.0354280847863,True,13449,15476,2028,0.2799069866409629,legacy,computed,False,,2028.0,2028.0,1.3015269885251464,1.4699759549931954,0.31044102933892487,0.19769929090511068,129.04624696799323,0.5017444283052738,0.5063180132248829,0.022728501271227813,4.0,4.0,0.046727585338725515,1.005695840648335,0.9710871861597019
72.87469409877232,2.0,10.160733986013987,83.0354280847863,True,13449,15476,2028,0.2799069866409629,ellipse_constrained,computed,False,,2028.0,2028.0,1.293427414851987,1.4668337778294236,0.27972830806710275,0.2505163938792658,76.73287963867188,0.5393883117465834,0.5489968183578008,0.022699764157843385,4.0,4.0,0.04373863696627283,0.9876053130469988,0.990487391269027
72.87469409877232,2.0,10.160733986013987,83.0354280847863,True,13449,15476,2028,0.2799069866409629,geometric_ellipse,computed,False,True,2028.0,2028.0,1.2912286432478746,1.46648654857545,0.25822366683416226,0.20322453854910352,74.45360222395416,0.4344066234355315,0.4618156535011907,0.03288901553094394,4.0,4.0,0.0685727337799038,1.0220553112959154,0.9208007366839305
73.37551575753349,0.25,1.2700917482517484,74.64560750578524,True,13549,13801,253,0.2745087398373983,legacy,computed,False,,253.0,253.0,1.3208251605314103,1.4450364325690126,0.2737405770165882,0.21415875214249455,123.22877904554446,0.46235303053872157,0.4897690971635839,0.07532066707140031,4.0,4.0,0.06849880702723447,0.8733316017209054,1.0626775804587147
73.37551575753349,0.25,1.2700917482517484,74.64560750578524,True,13549,13801,253,0.2745087398373983,ellipse_constrained,computed,False,,253.0,253.0,1.3186793134440817,1.4463095429385584,0.2559661420230689,0.219151105252243,69.09732055664061,0.4203776581214707,0.47708965699834915,0.07278866786913644,4.0,4.0,0.07665216967464525,0.9241743978004356,0.8475499775020477
73.37551575753349,0.25,1.2700917482517484,74.64560750578524,True,13549,13801,253,0.2745087398373983,geometric_ellipse,computed,False,True,253.0,253.0,1.3206730525641888,1.4440687440938584,0.26431403921959334,0.2087448741079288,65.469423095632,0.4257095743146642,0.4956805281124922,0.07167430430089941,4.0,4.0,0.0655710679145659,1.108791374031763,0.9170446128745636
73.37551575753349,0.5,2.540183496503497,75.915699254037,True,13549,14055,507,0.2745087398373983,legacy,computed,False,,507.0,507.0,1.3088834570469976,1.452367961382014,0.3062962724755624,0.19625746524722668,129.1418077636016,0.46711914073054295,0.4788031755024,0.034271918114058386,4.0,4.0,0.020517571787680426,0.9771960633589805,0.9738495682731421
73.37551575753349,0.5,2.540183496503497,75.915699254037,True,13549,14055,507,0.2745087398373983,ellipse_constrained,computed,False,,507.0,507.0,1.3015282220066413,1.4594335311775324,0.28085555489464403,0.24451773064348675,85.8130645751953,0.5163675600387658,0.5354486904833629,0.04756626426408724,4.0,4.0,0.01589134750527466,1.0140384632990722,0.9456534424830051
73.37551575753349,0.5,2.540183496503497,75.915699254037,True,13549,14055,507,0.2745087398373983,geometric_ellipse,computed,False,True,507.0,507.0,1.3045805819142584,1.456287894925913,0.25348160982786233,0.20756029695786,77.72385612692878,0.43132329615867904,0.46613511818396186,0.0577134847620662,4.0,4.0,0.008888579457677999,1.063349579472448,0.9118406043993986
73.37551575753349,1.0,5.080366993006994,78.45588275054048,True,13549,14562,1014,0.2745087398373983,legacy,computed,False,,1014.0,1014.0,1.3068547793123428,1.4576221728339085,0.3134440302826334,0.20152749627977556,134.81807972169133,0.48692768894053595,0.4951933485448427,0.02481404247454818,4.0,4.0,0.0,1.0,1.0
73.37551575753349,1.0,5.080366993006994,78.45588275054048,True,13549,14562,1014,0.2745087398373983,ellipse_constrained,computed,False,,1014.0,1014.0,1.299730822103488,1.4554587185925423,0.27696735879318496,0.25857012691822473,85.94187927246092,0.5254263641794548,0.5268009976036914,0.0264001950576445,4.0,4.0,0.0,1.0,1.0
73.37551575753349,1.0,5.080366993006994,78.45588275054048,True,13549,14562,1014,0.2745087398373983,geometric_ellipse,computed,False,True,1014.0,1014.0,1.3057640162258375,1.4541541077223512,0.23838031699191564,0.22762782876352997,26.098619730415322,0.42483706265492455,0.42909167714215996,0.03689398704385596,4.0,4.0,0.0,1.0,1.0
73.37551575753349,2.0,10.160733986013987,83.53624974354747,True,13549,15576,2028,0.2745087398373983,legacy,computed,False,,2028.0,2028.0,1.2989378283165127,1.4653844238744733,0.31101802694017494,0.19540226373496178,130.847640309194,0.5144640756118931,0.5162188854870357,0.03216452546589069,4.0,4.0,0.04039000625635887,0.9922601705310166,0.9696059711062441
73.37551575753349,2.0,10.160733986013987,83.53624974354747,True,13549,15576,2028,0.2745087398373983,ellipse_constrained,computed,False,,2028.0,2028.0,1.2919682770503986,1.462859699561358,0.27705892095725476,0.2502963868032585,78.88592529296874,0.5405630024139981,0.5452557948966568,0.024878859697239217,4.0,4.0,0.03907081327566864,1.0003305882847306,0.9680019489738546
73.37551575753349,2.0,10.160733986013987,83.53624974354747,True,13549,15576,2028,0.2745087398373983,geometric_ellipse,computed,False,True,2028.0,2028.0,1.290466950509419,1.463155492886143,0.24573421298588613,0.20902250431596678,69.18917470625904,0.43581922868437745,0.4709351385186253,0.034991973498938476,4.0,4.0,0.06465713255828155,1.0308494261890753,0.9182642801250315
73.87633741629465,0.25,1.2700917482517484,75.14642916454639,True,13649,13901,253,0.2746609043395627,legacy,computed,False,,253.0,253.0,1.3229472030875575,1.4609263522441165,0.3170918495785389,0.18851311198402174,127.14782481351843,0.48259118141036056,0.49906643356110314,0.04445301542499376,4.0,4.0,0.05693186584328522,1.0118416253888551,0.9391284063035162
73.87633741629465,0.25,1.2700917482517484,75.14642916454639,True,13649,13901,253,0.2746609043395627,ellipse_constrained,computed,False,,253.0,253.0,1.311368887060745,1.4684059645578909,0.2495136817035339,0.2100803697702291,76.88424682617186,0.445115730350389,0.45652288509325134,0.05731145265646234,4.0,4.0,0.06611231880138317,0.8960039726676999,0.8128554904635389
73.87633741629465,0.25,1.2700917482517484,75.14642916454639,True,13649,13901,253,0.2746609043395627,geometric_ellipse,computed,False,True,253.0,253.0,1.3190304983807388,1.4720925592108807,0.27825912126898605,0.18469886518080886,62.20522266448852,0.4433997657249522,0.47875558432687376,0.09123740457180146,4.0,4.0,0.08102211189876353,1.147959562750274,0.8226188535158421
73.87633741629465,0.5,2.540183496503497,76.41652091279815,True,13649,14155,507,0.2746609043395627,legacy,computed,False,,507.0,507.0,1.3142314879004224,1.4546891912407236,0.3170737883206066,0.19088592491865608,131.51224123531503,0.48021614127488743,0.4827047347599252,0.03168083682630977,4.0,4.0,0.0287087297125275,1.011783991827453,0.9509492075533964
73.87633741629465,0.5,2.540183496503497,76.41652091279815,True,13649,14155,507,0.2746609043395627,ellipse_constrained,computed,False,,507.0,507.0,1.2994497331042525,1.4638352111936128,0.2776944816881292,0.24929378265654956,82.67579650878906,0.5283844384405131,0.5458837295627893,0.03219292038128946,4.0,4.0,0.026704169886892625,0.9972012640016189,0.9645823652749346
73.87633741629465,0.5,2.540183496503497,76.41652091279815,True,13649,14155,507,0.2746609043395627,geometric_ellipse,computed,False,True,507.0,507.0,1.3061806090352708,1.463880064038401,0.22968396918244297,0.22247761432160726,5.733070920527093,0.4121753014762497,0.45431159697473167,0.0412430504556152,4.0,4.0,0.028798712146378427,0.9475625008480624,0.9908792880076469
73.87633741629465,1.0,5.080366993006994,78.95670440930164,True,13649,14662,1014,0.2746609043395627,legacy,computed,False,,1014.0,1014.0,1.3074643295672295,1.4587365861636898,0.31338091023551157,0.20073198799940922,134.46233092297177,0.5058665228670266,0.5050767706406691,0.029144008866784588,4.0,4.0,0.0,1.0,1.0
73.87633741629465,1.0,5.080366993006994,78.95670440930164,True,13649,14662,1014,0.2746609043395627,ellipse_constrained,computed,False,,1014.0,1014.0,1.2974124696934628,1.456789234359647,0.2784738564949095,0.25844737746733887,76.44081115722656,0.5294358634622093,0.536580606458304,0.020785002509830165,4.0,4.0,0.0,1.0,1.0
73.87633741629465,1.0,5.080366993006994,78.95670440930164,True,13649,14662,1014,0.2746609043395627,geometric_ellipse,computed,False,True,1014.0,1014.0,1.3030325136435448,1.4566236391533773,0.24239453226238616,0.22452544625182472,23.446889772804326,0.4317299768632233,0.4468732877485675,0.02588319441504164,4.0,4.0,0.0,1.0,1.0
73.87633741629465,2.0,10.160733986013987,84.03707140230864,True,13649,15676,2028,0.2746609043395627,legacy,computed,False,,2028.0,2028.0,1.3012010745339404,1.4656683419253895,0.31133653570830094,0.19277680110715245,131.3092582399213,0.5123978008146383,0.5146182055049586,0.02256973712105895,4.0,4.0,0.0340137531730819,0.9934763909975428,0.960369112210057
73.87633741629465,2.0,10.160733986013987,84.03707140230864,True,13649,15676,2028,0.2746609043395627,ellipse_constrained,computed,False,,2028.0,2028.0,1.2890269378631498,1.466624101581958,0.27672649109466635,0.2508821119448155,78.69682312011717,0.54641847481605,0.5488563383814733,0.028078001319079213,4.0,4.0,0.04705607284768173,0.9937252084549807,0.970728023643887
73.87633741629465,2.0,10.160733986013987,84.03707140230864,True,13649,15676,2028,0.2746609043395627,geometric_ellipse,computed,False,True,2028.0,2028.0,1.288709484493544,1.467595758543276,0.2367787642230404,0.21583174824172088,64.3906908226957,0.4347790146512009,0.46736244010730493,0.04118062651566063,4.0,4.0,0.06569057216368498,0.9768321175113519,0.9612796760668584
74.3771590750558,0.25,1.2700917482517484,75.64725082330754,True,13749,14001,253,0.26748773752127053,legacy,computed,False,,253.0,253.0,1.3049810737032308,1.4553624879451095,0.3383518547830197,0.17200453867018675,129.70682960832994,0.49250021889490664,0.4955614047382308,0.035983519038800885,4.0,4.0,0.022046345691362712,1.0700708046308245,0.883550184099804
74.3771590750558,0.25,1.2700917482517484,75.64725082330754,True,13749,14001,253,0.26748773752127053,ellipse_constrained,computed,False,,253.0,253.0,1.2883573529573573,1.471480360180144,0.24202985354567544,0.2067723554478813,101.4752187728882,0.43721477316002055,0.44703655880963106,0.030163584307682224,4.0,4.0,0.05002544316851882,0.8831327844238749,0.8023586118927217
74.3771590750558,0.25,1.2700917482517484,75.64725082330754,True,13749,14001,253,0.26748773752127053,geometric_ellipse,computed,False,True,253.0,253.0,1.2948121194219087,1.482379481038033,0.2340979030753392,0.19569884071201915,99.20830117670356,0.453848730734336,0.4997293865951624,0.0842359370473144,4.0,4.0,0.0788375293963036,0.9663626171914503,0.9135051711545721
74.3771590750558,0.5,2.540183496503497,76.9173425715593,True,13749,14255,507,0.26748773752127053,legacy,computed,False,,507.0,507.0,1.3141668474210835,1.4505295212541003,0.33472553715421394,0.19045144173795062,135.98011815219675,0.4955630412161473,0.5048967414015529,0.037275154845384656,4.0,4.0,0.05314348312948487,1.058602220764507,0.9783079429799134
74.3771590750558,0.5,2.540183496503497,76.9173425715593,True,13749,14255,507,0.26748773752127053,ellipse_constrained,computed,False,,507.0,507.0,1.2938803678405069,1.4585300536554509,0.2763741866911305,0.25641985828279484,96.5812635421753,0.5423724000223291,0.560793795267584,0.03896406067447424,4.0,4.0,0.0031672885539986238,1.0084504099795297,0.9950105811188592
74.3771590750558,0.5,2.540183496503497,76.9173425715593,True,13749,14255,507,0.26748773752127053,geometric_ellipse,computed,False,True,507.0,507.0,1.2981682369892238,1.4626511127527004,0.24989477414439082,0.20640747517600172,176.58362124432767,0.42385114991163103,0.45641084571155544,0.03456337994589065,4.0,4.0,0.007238278692681157,1.031572537781007,0.9634921456469118
74.3771590750558,1.0,5.080366993006994,79.45752606806279,True,13749,14762,1014,0.26748773752127053,legacy,computed,False,,1014.0,1014.0,1.3048408828535376,1.4612579484791357,0.31619576323246334,0.1946743283692842,135.2405589362872,0.5173864365558724,0.5190451504511568,0.028633606153315828,4.0,4.0,0.0,1.0,1.0
74.3771590750558,1.0,5.080366993006994,79.45752606806279,True,13749,14762,1014,0.26748773752127053,ellipse_constrained,computed,False,,1014.0,1014.0,1.294034433860345,1.459363138215894,0.27405828185120235,0.2577056597674152,80.57749938964842,0.5462188229853759,0.5515366907010503,0.020737846641091687,4.0,4.0,0.0,1.0,1.0
74.3771590750558,1.0,5.080366993006994,79.45752606806279,True,13749,14762,1014,0.26748773752127053,geometric_ellipse,computed,False,True,1014.0,1014.0,1.2999653895456413,1.4619307499450405,0.24224643928766654,0.21422849797848095,10.951219593721305,0.43676990181393094,0.4460884483001179,0.02492345048040739,4.0,4.0,0.0,1.0,1.0
74.3771590750558,2.0,10.160733986013987,84.53789306106978,True,13749,15776,2028,0.26748773752127053,legacy,computed,False,,2028.0,2028.0,1.3026267533909968,1.4630296074875058,0.3092713339754451,0.18989982442027714,131.52035158406355,0.5135880199141305,0.5182298621988268,0.02505166742707368,4.0,4.0,0.010601200958636387,0.9781008158166639,0.9754744038980315
74.3771590750558,2.0,10.160733986013987,84.53789306106978,True,13749,15776,2028,0.26748773752127053,ellipse_constrained,computed,False,,2028.0,2028.0,1.2866367594633907,1.4674301439910122,0.2747566529909284,0.24970143160142047,77.31312561035155,0.5473716999401951,0.5481248764860348,0.026871615205115468,4.0,4.0,0.04091932513570372,1.0025482577465228,0.9689404253937661
74.3771590750558,2.0,10.160733986013987,84.53789306106978,True,13749,15776,2028,0.26748773752127053,geometric_ellipse,computed,False,True,2028.0,2028.0,1.2865041777059076,1.4680444045232488,0.2340589921609786,0.21488252901830515,62.61365885834327,0.4406954632211134,0.45536305859858095,0.0360147660637002,4.0,4.0,0.05527163648540982,0.9662019918610016,1.0030529600216396
74.87798073381697,0.25,1.2700917482517484,76.14807248206871,True,13849,14101,253,0.26677784090909096,legacy,computed,False,,253.0,253.0,1.3009124678644737,1.4605705214458327,0.32441289474004525,0.18968298355932087,131.57154922618264,0.4957701353173635,0.5127979135009745,0.0410326798609979,4.0,4.0,0.01202321376084757,1.0244964197949806,0.9736742598486883
74.87798073381697,0.25,1.2700917482517484,76.14807248206871,True,13849,14101,253,0.26677784090909096,ellipse_constrained,computed,False,,253.0,253.0,1.2900159048840292,1.4677074116162274,0.2484839961671807,0.22362551498751757,99.07411575317383,0.46223393229185483,0.4765848650416435,0.061622864846162986,4.0,4.0,0.025476221440348185,0.9083059607992324,0.8629759135203272
74.87798073381697,0.25,1.2700917482517484,76.14807248206871,True,13849,14101,253,0.26677784090909096,geometric_ellipse,computed,False,True,253.0,253.0,1.293140731126334,1.4724657250687438,0.23561564919563163,0.22024202305621182,115.81190935030946,0.4397451302431864,0.4966599545982804,0.10014360924299354,4.0,4.0,0.0371666391019506,0.9587892226169196,1.0426038913160096
74.87798073381697,0.5,2.540183496503497,77.41816423032047,True,13849,14355,507,0.26677784090909096,legacy,computed,False,,507.0,507.0,1.3096374165533047,1.4590526069118388,0.3319184641012984,0.19400387281504988,136.7859839369212,0.5070020248057941,0.5105871333605163,0.04069398396938093,4.0,4.0,0.03947387576207527,1.0481990193642372,0.9958541020728822
74.87798073381697,0.5,2.540183496503497,77.41816423032047,True,13849,14355,507,0.26677784090909096,ellipse_constrained,computed,False,,507.0,507.0,1.2980711615220422,1.459432321542898,0.2818675485969687,0.2580771636192608,103.99105644226074,0.5452993267512289,0.5497059090016434,0.057130159352390124,4.0,4.0,0.02693427236501197,1.0303358707022794,0.9959256037733356
74.87798073381697,0.5,2.540183496503497,77.41816423032047,True,13849,14355,507,0.26677784090909096,geometric_ellipse,computed,False,True,507.0,507.0,1.299112954121484,1.4663762040833725,0.2563404192840664,0.2079214565530677,171.80303038337104,0.4388194967558132,0.47126158321965766,0.05074964057305097,4.0,4.0,0.021950786780725512,1.0431243941975905,0.9842795515685617
74.87798073381697,1.0,5.080366993006994,79.95834772682396,True,13849,14862,1014,0.26677784090909096,legacy,computed,False,,1014.0,1014.0,1.3001848932130309,1.4636944395998555,0.3166559574751524,0.19481154158147113,135.36882847462903,0.5204608159512428,0.5204111168696021,0.03071279507004619,4.0,4.0,0.0,1.0,1.0
74.87798073381697,1.0,5.080366993006994,79.95834772682396,True,13849,14862,1014,0.26677784090909096,ellipse_constrained,computed,False,,1014.0,1014.0,1.291056809130632,1.460991102136672,0.2735686067154462,0.25913297403085644,82.95678710937499,0.5459600049152217,0.5524210807828002,0.02813389521558037,4.0,4.0,0.0,1.0,1.0
74.87798073381697,1.0,5.080366993006994,79.95834772682396,True,13849,14862,1014,0.26677784090909096,geometric_ellipse,computed,False,True,1014.0,1014.0,1.2945897253828527,1.4626569374120162,0.2457429053619754,0.21124227992110692,8.465832512166827,0.43735319469331946,0.450553431976193,0.024801121004075954,4.0,4.0,0.0,1.0,1.0
74.87798073381697,2.0,10.160733986013987,85.03871471983095,True,13849,15876,2028,0.26677784090909096,legacy,computed,False,,2028.0,2028.0,1.3047140635378784,1.4625307526476399,0.31009738833538075,0.1897208880077277,132.11883562295515,0.5112490809141798,0.5167446334798839,0.030669454581327783,4.0,4.0,0.01752872477947501,0.9792880285845047,0.9738688296780688
74.87798073381697,2.0,10.160733986013987,85.03871471983095,True,13849,15876,2028,0.26677784090909096,ellipse_constrained,computed,False,,2028.0,2028.0,1.2866525744204844,1.4669866205341036,0.2731921859696042,0.2509622289444197,76.43392944335936,0.5528197157365724,0.5516669660085689,0.025440769940063,4.0,4.0,0.027885834929751874,0.9986240353000975,0.968468910153195
74.87798073381697,2.0,10.160733986013987,85.03871471983095,True,13849,15876,2028,0.26677784090909096,geometric_ellipse,computed,False,True,2028.0,2028.0,1.287235609138823,1.4655887364861213,0.23557049288342446,0.2129029665305027,19.90773135933759,0.44836786395988465,0.44635717592707547,0.029773415345692965,4.0,4.0,0.029676278990397268,0.9586054683305418,1.0078615256851802
75.37880239257812,0.25,1.2700917482517484,76.64889414082987,True,13949,14201,253,0.2623373093151574,legacy,computed,False,,253.0,253.0,1.2987484509479252,1.4507834934307313,0.3111626765688773,0.1975916634032995,140.39084886682824,0.46839002527771784,0.4829569403811744,0.04989520132932116,4.0,4.0,0.04995724714255225,0.9990416264260413,1.0260254372456779
75.37880239257812,0.25,1.2700917482517484,76.64889414082987,True,13949,14201,253,0.2623373093151574,ellipse_constrained,computed,False,,253.0,253.0,1.2861147027376134,1.452164823551898,0.24412440022089896,0.2337805081118555,161.69847106933594,0.4220270307543987,0.4257975898156411,0.04952114765990803,4.0,4.0,0.03301890328384833,0.9118851062804335,0.9050631027950007
75.37880239257812,0.25,1.2700917482517484,76.64889414082987,True,13949,14201,253,0.2623373093151574,geometric_ellipse,computed,False,True,253.0,253.0,1.2876887130238739,1.4566292905256584,0.27114289825252635,0.19775095763006464,175.49950945783095,0.39276482301003207,0.41640630234267506,0.052708454034146195,4.0,4.0,0.02460772811939992,1.0453209984513303,1.0349222154588003
75.37880239257812,0.5,2.540183496503497,77.91898588908163,True,13949,14455,507,0.2623373093151574,legacy,computed,False,,507.0,507.0,1.3113854010311188,1.4636099448635622,0.3183597916618951,0.19910700094183792,137.79624265766338,0.500591013142651,0.5062426331647281,0.0444379508651785,4.0,4.0,0.0445981884404809,1.0221492100456093,1.0338940630458477
75.37880239257812,0.5,2.540183496503497,77.91898588908163,True,13949,14455,507,0.2623373093151574,ellipse_constrained,computed,False,,507.0,507.0,1.3023670206969964,1.456869309476072,0.2744705358339933,0.2609046547205454,89.6308135986328,0.5426039414101664,0.5440774888050448,0.04503010748915631,4.0,4.0,0.044283197925725964,1.0252379258826831,1.0100721323697912
75.37880239257812,0.5,2.540183496503497,77.91898588908163,True,13949,14455,507,0.2623373093151574,geometric_ellipse,computed,False,True,507.0,507.0,1.304998216390581,1.4636370560740934,0.2515755156404253,0.21020642370130105,178.31519551203144,0.4371861301551844,0.45925510436647965,0.052150493509312786,4.0,4.0,0.05151072405269632,0.969884038601064,1.100107429707574
75.37880239257812,1.0,5.080366993006994,80.45916938558511,True,13949,14962,1014,0.2623373093151574,legacy,computed,False,,1014.0,1014.0,1.2996882074588025,1.4638554066143514,0.3114611727261322,0.19257969269624153,137.82555467985497,0.5263139083095298,0.5398733812496727,0.04380392600295338,4.0,4.0,0.0,1.0,1.0
75.37880239257812,1.0,5.080366993006994,80.45916938558511,True,13949,14962,1014,0.2623373093151574,ellipse_constrained,computed,False,,1014.0,1014.0,1.2910094611632177,1.4593113714843309,0.2677139899966992,0.2583029927856947,64.31655883789064,0.5622448849810493,0.5799456864664257,0.045048794806445205,4.0,4.0,0.0,1.0,1.0
75.37880239257812,1.0,5.080366993006994,80.45916938558511,True,13949,14962,1014,0.2623373093151574,geometric_ellipse,computed,False,True,1014.0,1014.0,1.2916171737469149,1.4617518876929636,0.2593872108703752,0.19107808748930755,7.4454332073709395,0.4517155161158908,0.4864362019380009,0.051117112525480714,4.0,4.0,0.0,1.0,1.0
75.37880239257812,2.0,10.160733986013987,85.53953637859212,True,13949,15976,2028,0.2623373093151574,legacy,computed,False,,2028.0,2028.0,1.305751852911756,1.462930303162901,0.30628632355469476,0.18966971828438964,132.96053113352738,0.5133933888497597,0.5311188430714909,0.04870593309680845,4.0,4.0,0.02338138251749377,0.9833852511176804,0.9848895053725014
75.37880239257812,2.0,10.160733986013987,85.53953637859212,True,13949,15976,2028,0.2623373093151574,ellipse_constrained,computed,False,,2028.0,2028.0,1.287980048147116,1.4671528228966935,0.2704758823190994,0.25038069222706993,73.10202026367188,0.5595444668117217,0.5629366442937779,0.03253966994091702,4.0,4.0,0.03204381999947165,1.0103165782349823,0.969329427920343
75.37880239257812,2.0,10.160733986013987,85.53953637859212,True,13949,15976,2028,0.2623373093151574,geometric_ellipse,computed,False,True,2028.0,2028.0,1.2898588348616997,1.467276180224747,0.23899800965543885,0.20599343552124746,12.666053241731504,0.4462100715219201,0.46537466448454984,0.0373654718585436,4.0,4.0,0.02209893665077031,0.921394732043572,1.0780589141744186
75.87962405133928,0.25,1.2700917482517484,77.14971579959102,True,14049,14301,253,0.26282639380971473,legacy,computed,False,,253.0,253.0,1.3184964483189514,1.4482717432759586,0.31663873192781156,0.20928514170556498,141.43420851531866,0.4665227953045235,0.4775267377686998,0.051139168410985675,4.0,4.0,0.07311582376606675,0.9980208945186952,1.0948841086184453
75.87962405133928,0.25,1.2700917482517484,77.14971579959102,True,14049,14301,253,0.26282639380971473,ellipse_constrained,computed,False,,253.0,253.0,1.299433498275944,1.4448817369776246,0.25048192595483304,0.2410409982346252,19.263648986816406,0.4084469100893618,0.4384742882950709,0.04575819074834701,4.0,4.0,0.04358411239848528,0.9312322979555113,0.9307784861934578
75.87962405133928,0.25,1.2700917482517484,77.14971579959102,True,14049,14301,253,0.26282639380971473,geometric_ellipse,computed,False,True,253.0,253.0,1.2970194347531494,1.4484640507645317,0.2692678174933757,0.2088558308978598,1.2702331302889718,0.4105080014396957,0.4439773875297065,0.0706678270173765,4.0,4.0,0.04572523132518758,1.0081360356042173,1.137424347601927
75.87962405133928,0.5,2.540183496503497,78.41980754784278,True,14049,14555,507,0.26282639380971473,legacy,computed,False,,507.0,507.0,1.3050505531895433,1.4615413639148682,0.3198498342311734,0.20343139521443035,138.70341200438943,0.48332098775091376,0.4936426151937602,0.0706297998525782,4.0,4.0,0.016037610731254266,1.0081420416496245,1.0642599852010213
75.87962405133928,0.5,2.540183496503497,78.41980754784278,True,14049,14555,507,0.26282639380971473,ellipse_constrained,computed,False,,507.0,507.0,1.297696932108111,1.4495842319020538,0.2742782054563768,0.268223946310566,75.09066772460938,0.5197937765507626,0.5422433959904963,0.03346217326285374,4.0,4.0,0.027443279807127643,1.0197012122635645,1.0357452903707776
75.87962405133928,0.5,2.540183496503497,78.41980754784278,True,14049,14555,507,0.26282639380971473,geometric_ellipse,computed,False,True,507.0,507.0,1.2986366497379547,1.451746944625428,0.26246213471004376,0.20954803419473744,0.8273609693475805,0.4270381469483501,0.4453213746748998,0.028493013488050698,4.0,4.0,0.04501161875101184,0.9826556268251886,1.1411940718177855
75.87962405133928,1.0,5.080366993006994,80.95999104434627,True,14049,15062,1014,0.26282639380971473,legacy,computed,False,,1014.0,1014.0,1.302192362561522,1.4584433199068976,0.31726663606628547,0.19114821382296496,138.0023724330588,0.5383561242341095,0.5490836280919971,0.03723454307764338,4.0,4.0,0.0,1.0,1.0
75.87962405133928,1.0,5.080366993006994,80.95999104434627,True,14049,15062,1014,0.26282639380971473,ellipse_constrained,computed,False,,1014.0,1014.0,1.2913353305426791,1.4529834631182703,0.26897899321657714,0.2589670923963814,67.62103271484375,0.583158316501243,0.5831079584927591,0.018858139694985378,4.0,4.0,0.0,1.0,1.0
75.87962405133928,1.0,5.080366993006994,80.95999104434627,True,14049,15062,1014,0.26282639380971473,geometric_ellipse,computed,False,True,1014.0,1014.0,1.287542120065727,1.4558537711110429,0.26709472529864725,0.18362173390977443,6.139619509524749,0.47269107604793287,0.4833098476430338,0.03250544589453164,4.0,4.0,0.0,1.0,1.0
75.87962405133928,2.0,10.160733986013987,86.04035803735326,True,14049,16076,2028,0.26282639380971473,legacy,computed,False,,2028.0,2028.0,1.3068981945433964,1.4616712011622193,0.3082324413420985,0.18850781087930318,132.596188110547,0.5156128145258304,0.536073415860532,0.05393277965581642,4.0,4.0,0.0217120273406759,0.971524914071647,0.9861866198440796
75.87962405133928,2.0,10.160733986013987,86.04035803735326,True,14049,16076,2028,0.26282639380971473,ellipse_constrained,computed,False,,2028.0,2028.0,1.2882960212475045,1.466266802963858,0.2702992203205676,0.24981296617780197,73.94879150390624,0.5620836047189269,0.5667353408984717,0.03897885552549428,4.0,4.0,0.05184643169167772,1.004908290748666,0.9646513920596217
75.87962405133928,2.0,10.160733986013987,86.04035803735326,True,14049,16076,2028,0.26282639380971473,geometric_ellipse,computed,False,True,2028.0,2028.0,1.2897094763169108,1.4652549363892133,0.2370610938202148,0.20521469872100123,12.540647114389742,0.44689825586785786,0.47887634863354905,0.04733006046791985,4.0,4.0,0.036707742399905575,0.8875543818963446,1.1175948203486459
76.38044571010045,0.25,1.2700917482517484,77.65053745835219,True,14149,14401,253,0.26068137474659236,legacy,computed,False,,253.0,253.0,1.3199351352196411,1.4560653235384529,0.34123277159984305,0.19119942326133485,141.72089736362938,0.4908451118766536,0.5486504646065956,0.16528458579244734,4.0,4.0,0.11153303628076083,1.0595161088730034,1.0076534483529527
76.38044571010045,0.25,1.2700917482517484,77.65053745835219,True,14149,14401,253,0.26068137474659236,ellipse_constrained,computed,False,,253.0,253.0,1.3070396070353936,1.4459799563793951,0.2420590645961718,0.23219787706512723,162.14724731445315,0.4219715938940972,0.47419443472480466,0.06989854809620834,4.0,4.0,0.08917500244553192,0.8956729450187011,0.9015522782715858
76.38044571010045,0.25,1.2700917482517484,77.65053745835219,True,14149,14401,253,0.26068137474659236,geometric_ellipse,computed,False,True,253.0,253.0,1.3057124473864392,1.4583973239970256,0.2657054368593647,0.18665818496149586,0.9530654263413112,0.46440211858842234,0.5125699964666381,0.08690166443667116,4.0,4.0,0.08387522193310407,1.0088122993728994,1.0054586103442342
76.38044571010045,0.5,2.540183496503497,78.92062920660395,True,14149,14655,507,0.26068137474659236,legacy,computed,False,,507.0,507.0,1.3023136727956437,1.4600650071921957,0.3098360020369508,0.2104077564444242,136.78771832275933,0.5167588251673216,0.5098767739416726,0.04746054853197134,4.0,4.0,0.04711432888124574,0.9620302110136159,1.108884628023391
76.38044571010045,0.5,2.540183496503497,78.92062920660395,True,14149,14655,507,0.26068137474659236,ellipse_constrained,computed,False,,507.0,507.0,1.2946190528628314,1.4502788923343308,0.28011659785934173,0.26497860281206026,65.15931701660156,0.5263883216864441,0.532520302087113,0.026537847230781487,4.0,4.0,0.042015220837503975,1.036494372032138,1.028829660623597
76.38044571010045,0.5,2.540183496503497,78.92062920660395,True,14149,14655,507,0.26068137474659236,geometric_ellipse,computed,False,True,507.0,507.0,1.2974165610969113,1.4498339395201212,0.2553833987192361,0.22761641957340986,26.93059621302791,0.4374497602375829,0.47058998098797616,0.04718842406962323,4.0,4.0,0.06619018051520643,0.9696222882333478,1.2260854725605534
76.38044571010045,1.0,5.080366993006994,81.46081270310744,True,14149,15162,1014,0.26068137474659236,legacy,computed,False,,1014.0,1014.0,1.2939043295922625,1.4690163337126025,0.3220647319490111,0.18974720284424917,137.10649217298976,0.5378922553313711,0.5522331578532039,0.04277526407337809,4.0,4.0,0.0,1.0,1.0
76.38044571010045,1.0,5.080366993006994,81.46081270310744,True,14149,15162,1014,0.26068137474659236,ellipse_constrained,computed,False,,1014.0,1014.0,1.287541640966237,1.4586376823543354,0.2702538531976287,0.2575534249775135,68.36587524414061,0.5782832529346287,0.5944341242722285,0.03443989675234621,4.0,4.0,0.0,1.0,1.0
76.38044571010045,1.0,5.080366993006994,81.46081270310744,True,14149,15162,1014,0.26068137474659236,geometric_ellipse,computed,False,True,1014.0,1014.0,1.2839627957007034,1.460637438838194,0.26338441454821004,0.1856448222146017,9.137708114319082,0.4738803116656206,0.5013517408345189,0.03833774199684162,4.0,4.0,0.0,1.0,1.0
76.38044571010045,2.0,10.160733986013987,86.54117969611443,True,14149,16176,2028,0.26068137474659236,legacy,computed,False,,2028.0,2028.0,1.3060218545402658,1.464281594014218,0.3060317102024467,0.18716556502951603,132.66442440196425,0.5183312680082935,0.5397318038128178,0.04270013505486231,4.0,4.0,0.04990650090446741,0.9502180147154308,0.9863943300558047
76.38044571010045,2.0,10.160733986013987,86.54117969611443,True,14149,16176,2028,0.26068137474659236,ellipse_constrained,computed,False,,2028.0,2028.0,1.2875484052459891,1.468651638839372,0.2694105946313203,0.2473800307862052,73.1519317626953,0.5602848091833365,0.5740429325081824,0.0446356409639112,4.0,4.0,0.03841455408679039,0.9968797537710156,0.9604998683585881
76.38044571010045,2.0,10.160733986013987,86.54117969611443,True,14149,16176,2028,0.26068137474659236,geometric_ellipse,computed,False,True,2028.0,2028.0,1.2885030535434527,1.4680271497138968,0.23371619148024678,0.20375059230501058,17.268236365304233,0.44307303039306,0.4969555580249245,0.04169592544991432,4.0,4.0,0.033270686802448865,0.8873577120390592,1.0975290873961405
76.88126736886161,0.25,1.2700917482517484,78.15135911711336,True,14249,14501,253,0.26316696079404267,legacy,computed,False,,253.0,253.0,1.3062035156334204,1.478294248876967,0.3092282383006906,0.202905126105562,135.35282187322426,0.5202749943953853,0.5412887032549539,0.030307428121480996,4.0,4.0,0.06446974034050018,0.9943450838083473,1.0539663252726916
76.88126736886161,0.25,1.2700917482517484,78.15135911711336,True,14249,14501,253,0.26316696079404267,ellipse_constrained,computed,False,,253.0,253.0,1.3112288105960594,1.4617914890980253,0.24459039323360335,0.22518026443982705,58.080566406250014,0.46191175337304313,0.4847097494497971,0.03615061212259959,4.0,4.0,0.08974176549769873,0.8954508564682692,0.8996738223410222
76.88126736886161,0.25,1.2700917482517484,78.15135911711336,True,14249,14501,253,0.26316696079404267,geometric_ellipse,computed,False,True,253.0,253.0,1.3242418640065958,1.467249155290846,0.2662285524418151,0.19604630781587726,57.44123711277379,0.47335259623338083,0.5008409788783182,0.056561079252819946,4.0,4.0,0.14801301551019644,1.1086855278552363,0.9750015528689876
76.88126736886161,0.5,2.540183496503497,79.42145086536512,True,14249,14755,507,0.26316696079404267,legacy,computed,False,,507.0,507.0,1.300458441059435,1.4684313642888949,0.302322221947343,0.20017297390053784,135.82215536172953,0.5413604073598506,0.5490406137518834,0.03452975911346847,4.0,4.0,0.03889068024700635,0.9721383039638303,1.039774488551342
76.88126736886161,0.5,2.540183496503497,79.42145086536512,True,14249,14755,507,0.26316696079404267,ellipse_constrained,computed,False,,507.0,507.0,1.2957437665571867,1.4587274215726629,0.2740670639501306,0.25593556413276275,58.816528320312514,0.5528252227564293,0.5713905356143054,0.03598126374787912,4.0,4.0,0.032411130042340926,1.0033656019739858,1.0225519888660513
76.88126736886161,0.5,2.540183496503497,79.42145086536512,True,14249,14755,507,0.26316696079404267,geometric_ellipse,computed,False,True,507.0,507.0,1.3031742379803553,1.459881264076272,0.24726736114024722,0.2106800983944859,31.504816529306282,0.45905996689029194,0.4773385467902103,0.054599728990581534,4.0,4.0,0.0665058000052197,1.0297233046296217,1.0477801157374258
76.88126736886161,1.0,5.080366993006994,81.9616343618686,True,14249,15262,1014,0.26316696079404267,legacy,computed,False,,1014.0,1014.0,1.2906789745625074,1.47144997015527,0.31098684283362144,0.1925157580846471,132.85506834487515,0.5364765894007741,0.5439164010871348,0.0266459993930942,4.0,4.0,0.0,1.0,1.0
76.88126736886161,1.0,5.080366993006994,81.9616343618686,True,14249,15262,1014,0.26316696079404267,ellipse_constrained,computed,False,,1014.0,1014.0,1.2876165288217094,1.4613160573783952,0.2731477573189083,0.250291004192931,66.62008666992186,0.5785364221938751,0.5769497413852464,0.03496988781463115,4.0,4.0,0.0,1.0,1.0
76.88126736886161,1.0,5.080366993006994,81.9616343618686,True,14249,15262,1014,0.26316696079404267,geometric_ellipse,computed,False,True,1014.0,1014.0,1.2857356917516622,1.4613717788037233,0.2401299067706214,0.2010728159755252,38.81427989388274,0.466433365190427,0.4884819917112017,0.05937515499789878,4.0,4.0,0.0,1.0,1.0
76.88126736886161,2.0,10.160733986013987,87.0420013548756,True,14249,16276,2028,0.26316696079404267,legacy,computed,False,,2028.0,2028.0,1.304920921619182,1.4656322167798108,0.301185305707716,0.18467472575167904,132.01262096104102,0.5254620046006037,0.5342886648492113,0.02971275153724729,4.0,4.0,0.05845865008665504,0.9684824700730209,0.9592706986120043
76.88126736886161,2.0,10.160733986013987,87.0420013548756,True,14249,16276,2028,0.26316696079404267,ellipse_constrained,computed,False,,2028.0,2028.0,1.286496498209656,1.4713978021186802,0.26713650777407255,0.24350823785934236,68.85177612304686,0.5614973704463957,0.5677411936270813,0.03234840677583324,4.0,4.0,0.038544993546801576,0.9779926820419858,0.9729004789626386
76.88126736886161,2.0,10.160733986013987,87.0420013548756,True,14249,16276,2028,0.26316696079404267,geometric_ellipse,computed,False,True,2028.0,2028.0,1.287367423885172,1.4694809568552694,0.2310336868037312,0.20025019120104318,19.983982246393964,0.4498067495172789,0.47923809071281864,0.036025673594302435,4.0,4.0,0.03143144549860579,0.9621195873132989,0.9959088215356662
77.38208902762277,0.25,1.2700917482517484,78.65218077587451,True,14349,14601,253,0.26611535087719296,legacy,computed,False,,253.0,253.0,1.2957743098751695,1.4691399924005661,0.30449868912703315,0.20904019046765035,135.5323114135009,0.5015585838656588,0.5391756308206619,0.08492028148787324,4.0,4.0,0.0279681954173196,0.9939277668498867,1.0923406756392247
77.38208902762277,0.25,1.2700917482517484,78.65218077587451,True,14349,14601,253,0.26611535087719296,ellipse_constrained,computed,False,,253.0,253.0,1.2899982423062106,1.4579086320564072,0.2515467846780508,0.2359995532331912,49.087615966796875,0.4440243268534893,0.4966126912685403,0.0659922454707699,4.0,4.0,0.03242379255596485,0.9209878525401546,0.9622661292685161
77.38208902762277,0.25,1.2700917482517484,78.65218077587451,True,14349,14601,253,0.26611535087719296,geometric_ellipse,computed,False,True,253.0,253.0,1.2972174660375766,1.4559035923416486,0.2499570940923401,0.22961264901630404,52.89599903937837,0.41172702884422346,0.49919715091539224,0.09715408275483622,4.0,4.0,0.07794070579279462,0.9598829784937705,1.2234232062699177
77.38208902762277,0.5,2.540183496503497,79.92227252412627,True,14349,14855,507,0.26611535087719296,legacy,computed,False,,507.0,507.0,1.28900946130128,1.470852226232722,0.29978642478599615,0.19618328790730277,133.30600389466997,0.5227063041258916,0.5411329266984313,0.040884845074627044,4.0,4.0,0.0033997673378087546,0.9785462544147402,1.0251568599434044
77.38208902762277,0.5,2.540183496503497,79.92227252412627,True,14349,14855,507,0.26611535087719296,ellipse_constrained,computed,False,,507.0,507.0,1.2836046209481722,1.4635562176407704,0.2730523577348437,0.2507204965678585,51.32012939453125,0.5386070835001759,0.5559027662111851,0.04049221059653713,4.0,4.0,0.002801310618918266,0.9997261738133557,1.0222894003627396
77.38208902762277,0.5,2.540183496503497,79.92227252412627,True,14349,14855,507,0.26611535087719296,geometric_ellipse,computed,False,True,507.0,507.0,1.2891053099103111,1.462277774783614,0.24433897467164756,0.20630386205354356,45.3803367271004,0.44024019047719526,0.4605548347492245,0.06231306442681383,4.0,4.0,0.04219618753413138,0.9383083269614725,1.0992292169474132
77.38208902762277,1.0,5.080366993006994,82.46245602062976,True,14349,15362,1014,0.26611535087719296,legacy,computed,False,,1014.0,1014.0,1.2884044945084059,1.4701795063389675,0.3063589722340675,0.19136904367799226,129.90736360682737,0.5255183951571308,0.5332172977412134,0.010076489656768915,4.0,4.0,0.0,1.0,1.0
77.38208902762277,1.0,5.080366993006994,82.46245602062976,True,14349,15362,1014,0.26611535087719296,ellipse_constrained,computed,False,,1014.0,1014.0,1.2830637701978627,1.4630431790376741,0.27312714710000313,0.24525393345455326,66.20614624023436,0.5469585103146166,0.5505698175655509,0.013263928537951547,4.0,4.0,0.0,1.0,1.0
77.38208902762277,1.0,5.080366993006994,82.46245602062976,True,14349,15362,1014,0.26611535087719296,geometric_ellipse,computed,False,True,1014.0,1014.0,1.27795324852283,1.463590468095454,0.26040371554933484,0.18768047543937608,73.07901642377473,0.4431510642139451,0.48115771032998467,0.020705222592835453,4.0,4.0,0.0,1.0,1.0
77.38208902762277,2.0,10.160733986013987,87.54282301363676,True,14349,16376,2028,0.26611535087719296,legacy,computed,False,,2028.0,2028.0,1.3022073169029005,1.4673740182602673,0.2970279714073268,0.18369571450082456,131.13317057976874,0.5260257834659293,0.5315738884174042,0.02746196135038559,4.0,4.0,0.052928368199616015,0.969542263578259,0.9599029757912191
77.38208902762277,2.0,10.160733986013987,87.54282301363676,True,14349,16376,2028,0.26611535087719296,ellipse_constrained,computed,False,,2028.0,2028.0,1.28338991382354,1.4736900878191763,0.2667337838338922,0.23968355708562775,66.33580017089842,0.5575330635600542,0.5576048198554474,0.027374229256158605,4.0,4.0,0.0400273900245466,0.9765919889912295,0.9772873107865659
77.38208902762277,2.0,10.160733986013987,87.54282301363676,True,14349,16376,2028,0.26611535087719296,geometric_ellipse,computed,False,True,2028.0,2028.0,1.2837378864495368,1.4712824781581815,0.2257038856118788,0.20252391171796097,38.418526478760896,0.4442141343131425,0.4519472853459013,0.0258043734780151,4.0,4.0,0.03616626736287622,0.8667460260148171,1.0790888676290655
77.88291068638392,0.25,1.2700917482517484,79.15300243463567,True,14449,14701,253,0.27183466486940855,legacy,computed,False,,253.0,253.0,1.2877442755176285,1.4564478512208625,0.2903285098497206,0.21349312201562978,138.60010754452475,0.49709880165562825,0.5230048016953079,0.0544927652196433,4.0,4.0,0.05980692403490711,0.9417197215385624,1.1152459638442145
77.88291068638392,0.25,1.2700917482517484,79.15300243463567,True,14449,14701,253,0.27183466486940855,ellipse_constrained,computed,False,,253.0,253.0,1.279884709328721,1.4515827864326454,0.25230535081532895,0.23791053612733462,30.37799072265625,0.4391918990067706,0.4585951189136544,0.04637057682026716,4.0,4.0,0.06013633979005131,0.9185718788253008,0.9666751765089172
77.88291068638392,0.25,1.2700917482517484,79.15300243463567,True,14449,14701,253,0.27183466486940855,geometric_ellipse,computed,False,True,253.0,253.0,1.2810567025091657,1.4458111636853601,0.2699502357982356,0.2178830762200416,24.203154815898785,0.42954100761921765,0.45728760920558786,0.045830868807788035,4.0,4.0,0.08896207649041793,1.0169518881203983,1.152095489155884
77.88291068638392,0.5,2.540183496503497,80.42309418288743,True,14449,14955,507,0.27183466486940855,legacy,computed,False,,507.0,507.0,1.2842691276005018,1.4654764420294086,0.2984010399082017,0.18726821395011958,137.1494150177216,0.537856267176564,0.553964720443529,0.05071967219508809,4.0,4.0,0.02758599806178097,0.9679040627275124,0.9782522162418695
77.88291068638392,0.5,2.540183496503497,80.42309418288743,True,14449,14955,507,0.27183466486940855,ellipse_constrained,computed,False,,507.0,507.0,1.2772124414526966,1.4609888241254543,0.2658594420794948,0.2484865824111194,43.023651123046875,0.5708396392839383,0.5826093335233891,0.02551805083566898,4.0,4.0,0.028048350945862922,0.9679184623918431,1.0096476382357582
77.88291068638392,0.5,2.540183496503497,80.42309418288743,True,14449,14955,507,0.27183466486940855,geometric_ellipse,computed,False,True,507.0,507.0,1.275622579055055,1.458335102069273,0.2609355928697489,0.18045818689443263,12.734424009103634,0.46465388606755254,0.5005465108111354,0.03010864110938695,4.0,4.0,0.04043646071707739,0.9829920802330375,0.9542047354442551
77.88291068638392,1.0,5.080366993006994,82.96327767939091,True,14449,15462,1014,0.27183466486940855,legacy,computed,False,,1014.0,1014.0,1.2864429389146914,1.4726532800386665,0.30829609193634366,0.1914314231451924,128.78678614055508,0.5112982898088211,0.5152889224126085,0.02183428699227883,4.0,4.0,0.0,1.0,1.0
77.88291068638392,1.0,5.080366993006994,82.96327767939091,True,14449,15462,1014,0.27183466486940855,ellipse_constrained,computed,False,,1014.0,1014.0,1.2803842234441132,1.467922294681211,0.2746713203739539,0.24611218112223862,71.33302307128905,0.5281262516201104,0.5327029554196585,0.03340096817025607,4.0,4.0,0.0,1.0,1.0
77.88291068638392,1.0,5.080366993006994,82.96327767939091,True,14449,15462,1014,0.27183466486940855,geometric_ellipse,computed,False,True,1014.0,1014.0,1.275407406534393,1.4693250275797165,0.2654503511441201,0.1891189387258863,74.71492546708087,0.43344812207109656,0.4719281899266012,0.0441052046979967,4.0,4.0,0.0,1.0,1.0
77.88291068638392,2.0,10.160733986013987,88.0436446723979,False,14449,16384,1936,0.27183466486940855,legacy,incomplete_window,,,,,,,,,,,,,,,,,
77.88291068638392,2.0,10.160733986013987,88.0436446723979,False,14449,16384,1936,0.27183466486940855,ellipse_constrained,incomplete_window,,,,,,,,,,,,,,,,,
77.88291068638392,2.0,10.160733986013987,88.0436446723979,False,14449,16384,1936,0.27183466486940855,geometric_ellipse,incomplete_window,,,,,,,,,,,,,,,,,
78.38373234514509,0.25,1.2700917482517484,79.65382409339684,True,14549,14801,253,0.2726000984633514,legacy,computed,False,,253.0,253.0,1.2930273634892717,1.4665180659141923,0.2937229965821914,0.18991700695931,127.13980549798573,0.5234209307949831,0.5423958131146083,0.05042946456087021,4.0,4.0,0.03720007335836262,0.9763318263681002,0.9937905143117461
78.38373234514509,0.25,1.2700917482517484,79.65382409339684,True,14549,14801,253,0.2726000984633514,ellipse_constrained,computed,False,,253.0,253.0,1.2854501325336831,1.4622601039486627,0.23706499871554837,0.219352403398213,73.02757263183594,0.4488596265372229,0.4752080987064713,0.0496771345139034,4.0,4.0,0.03205037766835581,0.8530591121712593,0.9200228259488084
78.38373234514509,0.25,1.2700917482517484,79.65382409339684,True,14549,14801,253,0.2726000984633514,geometric_ellipse,computed,False,True,253.0,253.0,1.2849549657946833,1.4652296296615928,0.2571328548807993,0.19627737263805828,66.84616629783694,0.44732937311151905,0.49237266265749713,0.04364637755559644,4.0,4.0,0.043922998718311845,0.9356636606787991,1.084770215808183
78.38373234514509,0.5,2.540183496503497,80.9239158416486,True,14549,15055,507,0.2726000984633514,legacy,computed,False,,507.0,507.0,1.2954567099648897,1.4537215679588966,0.3065731770521136,0.18045801515846274,135.80529009021453,0.5543746410727135,0.5769691836569154,0.06625758145302195,4.0,4.0,0.08378046309883268,1.0190456768780929,0.9442938606042212
78.38373234514509,0.5,2.540183496503497,80.9239158416486,True,14549,15055,507,0.2726000984633514,ellipse_constrained,computed,False,,507.0,507.0,1.282796653690325,1.4543678724964813,0.262759970313365,0.24701379154253914,70.85153198242188,0.5902293330638428,0.6023750463892686,0.03597484169691957,4.0,4.0,0.059553708710798695,0.9455203771292294,1.0360421086006124
78.38373234514509,0.5,2.540183496503497,80.9239158416486,True,14549,15055,507,0.2726000984633514,geometric_ellipse,computed,False,True,507.0,507.0,1.2756213195264592,1.4557527421511396,0.2550320358598652,0.17419631751319115,10.124874849128958,0.4907019488681336,0.5451093420981291,0.06133844438465779,4.0,4.0,0.06300538193063382,0.9280191299304354,0.9627343916521077
78.38373234514509,1.0,5.080366993006994,83.46409933815208,True,14549,15562,1014,0.2726000984633514,legacy,computed,False,,1014.0,1014.0,1.287928561826339,1.4752837320946186,0.3008434106617466,0.1911036624160554,124.94451248719099,0.49805869891585597,0.4999904822884462,0.023104922638645397,4.0,4.0,0.0,1.0,1.0
78.38373234514509,1.0,5.080366993006994,83.46409933815208,True,14549,15562,1014,0.2726000984633514,ellipse_constrained,computed,False,,1014.0,1014.0,1.2828530576621906,1.4706021213707439,0.27789984929901956,0.23842061002344972,74.09089660644531,0.5268027293118085,0.5266941808323476,0.030609645299835217,4.0,4.0,0.0,1.0,1.0
78.38373234514509,1.0,5.080366993006994,83.46409933815208,True,14549,15562,1014,0.2726000984633514,geometric_ellipse,computed,False,True,1014.0,1014.0,1.2757838517022537,1.4729272464188103,0.2748133391161694,0.18093912404464976,77.56586332901836,0.43099857000761316,0.4361714399041226,0.035471575902508067,4.0,4.0,0.0,1.0,1.0
78.38373234514509,2.0,10.160733986013987,88.54446633115907,False,14549,16384,1836,0.2726000984633514,legacy,incomplete_window,,,,,,,,,,,,,,,,,
78.38373234514509,2.0,10.160733986013987,88.54446633115907,False,14549,16384,1836,0.2726000984633514,ellipse_constrained,incomplete_window,,,,,,,,,,,,,,,,,
78.38373234514509,2.0,10.160733986013987,88.54446633115907,False,14549,16384,1836,0.2726000984633514,geometric_ellipse,incomplete_window,,,,,,,,,,,,,,,,,
78.88455400390626,0.25,1.2700917482517484,80.154645752158,True,14649,14901,253,0.26302988196767807,legacy,computed,False,,253.0,253.0,1.2787890244575209,1.489721878918406,0.283285770262937,0.16935922905412154,137.69438173586514,0.544086998654768,0.56426205214636,0.05852838537973427,4.0,4.0,0.05775534971584458,0.9431400005990382,0.9092843709248759
78.88455400390626,0.25,1.2700917482517484,80.154645752158,True,14649,14901,253,0.26302988196767807,ellipse_constrained,computed,False,,253.0,253.0,1.276579124470704,1.4847177354138756,0.21327970730605966,0.19959486417801975,30.848892211914062,0.46559500903961015,0.48941291527668107,0.04365846750792733,4.0,4.0,0.020944217092504117,0.7785756945594655,0.8386050348078953
78.88455400390626,0.25,1.2700917482517484,80.154645752158,True,14649,14901,253,0.26302988196767807,geometric_ellipse,computed,False,True,253.0,253.0,1.2779379863351914,1.4708842393450385,0.24176208714945574,0.15905689754403618,11.915559659217422,0.46167684412535953,0.5530412393904556,0.10805907071116536,4.0,4.0,0.05022174730320657,0.8944846358734154,0.8799159670702247
78.88455400390626,0.5,2.540183496503497,81.42473750040976,True,14649,15155,507,0.26302988196767807,legacy,computed,False,,507.0,507.0,1.2788191680682193,1.4824842252343602,0.31394340864251,0.17380390183303587,138.181708360602,0.5323231234987638,0.5389877314531013,0.06814080527769227,4.0,4.0,0.04171841241316027,1.04520811737327,0.9331476791975566
78.88455400390626,0.5,2.540183496503497,81.42473750040976,True,14649,15155,507,0.26302988196767807,ellipse_constrained,computed,False,,507.0,507.0,1.2774596032644288,1.4689377150833436,0.2558580877490824,0.2424520598529529,53.393676757812514,0.5803511245278985,0.5698724912016102,0.033871290418097756,4.0,4.0,0.03963698001262622,0.9340076976570323,1.0186710912104826
78.88455400390626,0.5,2.540183496503497,81.42473750040976,True,14649,15155,507,0.26302988196767807,geometric_ellipse,computed,False,True,507.0,507.0,1.2660280481606576,1.4657207063787108,0.27000533892925166,0.15784437265948037,7.130875024004382,0.49654064676999715,0.5111075176366426,0.04043662032745166,4.0,4.0,0.06554534057036963,0.9989805685566671,0.8732081787072884
78.88455400390626,1.0,5.080366993006994,83.96492099691325,True,14649,15662,1014,0.26302988196767807,legacy,computed,False,,1014.0,1014.0,1.2890517348843233,1.478521214355902,0.300364495284907,0.18625551529260126,126.76501853202205,0.5110969314973393,0.5187858911487355,0.030754668602287455,4.0,4.0,0.0,1.0,1.0
78.88455400390626,1.0,5.080366993006994,83.96492099691325,True,14649,15662,1014,0.26302988196767807,ellipse_constrained,computed,False,,1014.0,1014.0,1.277845392321294,1.479356285015998,0.27393573777914787,0.23800818727941725,76.50961303710938,0.5449046307684988,0.5452695102420607,0.03811549320582912,4.0,4.0,0.0,1.0,1.0
78.88455400390626,1.0,5.080366993006994,83.96492099691325,True,14649,15662,1014,0.26302988196767807,geometric_ellipse,computed,False,True,1014.0,1014.0,1.271112756815104,1.4821942169507452,0.27028087174844345,0.18076373596632564,80.49844484464177,0.4417571239134131,0.45576698642611113,0.04246374617519066,4.0,4.0,0.0,1.0,1.0
78.88455400390626,2.0,10.160733986013987,89.04528798992024,False,14649,16384,1736,0.26302988196767807,legacy,incomplete_window,,,,,,,,,,,,,,,,,
78.88455400390626,2.0,10.160733986013987,89.04528798992024,False,14649,16384,1736,0.26302988196767807,ellipse_constrained,incomplete_window,,,,,,,,,,,,,,,,,
78.88455400390626,2.0,10.160733986013987,89.04528798992024,False,14649,16384,1736,0.26302988196767807,geometric_ellipse,incomplete_window,,,,,,,,,,,,,,,,,
79.38537566266741,0.25,1.2700917482517484,80.65546741091916,True,14749,15001,253,0.2616911538044069,legacy,computed,False,,253.0,253.0,1.2903244319016054,1.4562673803623454,0.33388618065664327,0.16902337947719384,135.93401408862147,0.5567924962803591,0.5907601239700662,0.16313132347802634,4.0,4.0,0.049587164361640734,1.1111962175152212,0.9213770750608014
79.38537566266741,0.25,1.2700917482517484,80.65546741091916,True,14749,15001,253,0.2616911538044069,ellipse_constrained,computed,False,,253.0,253.0,1.2730393704363319,1.4680466873160447,0.21733110147676626,0.19909212008344404,49.35821533203125,0.4609135652767862,0.5139582287738246,0.0711369572469669,4.0,4.0,0.03713476912326246,0.7916200289460801,0.8431797229113416
79.38537566266741,0.25,1.2700917482517484,80.65546741091916,True,14749,15001,253,0.2616911538044069,geometric_ellipse,computed,False,True,253.0,253.0,1.257429825601202,1.4632715108571868,0.27593867410054007,0.14634296182915937,5.015979238894715,0.5432932215020323,0.5411722897387972,0.0627170035318127,4.0,4.0,0.07027598874877956,1.0146438543643919,0.8232910188021867
79.38537566266741,0.5,2.540183496503497,81.92555915917092,True,14749,15255,507,0.2616911538044069,legacy,computed,False,,507.0,507.0,1.2793003582824427,1.4761495197805095,0.3162350796429834,0.1844148529071757,129.20159469391558,0.5261991583617404,0.5347873611099557,0.04226374065886692,4.0,4.0,0.06786857783570806,1.0524521369941766,1.005278786253993
79.38537566266741,0.5,2.540183496503497,81.92555915917092,True,14749,15255,507,0.2616911538044069,ellipse_constrained,computed,False,,507.0,507.0,1.277273339315958,1.4651949040177088,0.273968186086355,0.23868851830257634,71.57600402832031,0.5628851192774217,0.5622597491351835,0.023805294438947185,4.0,4.0,0.045538335885928885,0.9979183923805344,1.0108753608135443
79.38537566266741,0.5,2.540183496503497,81.92555915917092,True,14749,15255,507,0.2616911538044069,geometric_ellipse,computed,False,True,507.0,507.0,1.268791963690164,1.467808514254377,0.28738962273205476,0.16278354272483314,75.45865164444436,0.46042261213744445,0.5283606428239229,0.029665593871101962,4.0,4.0,0.03339698525332136,1.0567497124630483,0.9157818528410673
79.38537566266741,1.0,5.080366993006994,84.4657426556744,True,14749,15762,1014,0.2616911538044069,legacy,computed,False,,1014.0,1014.0,1.2952240181861476,1.468283377370195,0.30047454751353997,0.1834464781599217,125.98952617941958,0.5161515309313385,0.5333164829456831,0.05091200277766225,4.0,4.0,0.0,1.0,1.0
79.38537566266741,1.0,5.080366993006994,84.4657426556744,True,14749,15762,1014,0.2616911538044069,ellipse_constrained,computed,False,,1014.0,1014.0,1.27659083372926,1.4770923235004638,0.27453966995517926,0.23612062134987813,74.00619506835936,0.5417072941920942,0.5398474183531712,0.04096365717049414,4.0,4.0,0.0,1.0,1.0
79.38537566266741,1.0,5.080366993006994,84.4657426556744,True,14749,15762,1014,0.2616911538044069,geometric_ellipse,computed,False,True,1014.0,1014.0,1.2702889260377976,1.476419053319361,0.27195618730022036,0.1777536235510926,80.13706846513922,0.4420520968201504,0.4454196132927765,0.05385199155560751,4.0,4.0,0.0,1.0,1.0
79.38537566266741,2.0,10.160733986013987,89.54610964868141,False,14749,16384,1636,0.2616911538044069,legacy,incomplete_window,,,,,,,,,,,,,,,,,
79.38537566266741,2.0,10.160733986013987,89.54610964868141,False,14749,16384,1636,0.2616911538044069,ellipse_constrained,incomplete_window,,,,,,,,,,,,,,,,,
79.38537566266741,2.0,10.160733986013987,89.54610964868141,False,14749,16384,1636,0.2616911538044069,geometric_ellipse,incomplete_window,,,,,,,,,,,,,,,,,
79.88619732142857,0.25,1.2700917482517484,81.15628906968031,True,14849,15101,253,0.2592966991846303,legacy,computed,False,,253.0,253.0,1.2931025185794254,1.4579944382856131,0.33545428748375067,0.17133662845785383,141.38298232033685,0.5661012515324485,0.5926870521116567,0.16072572487241124,4.0,4.0,0.046448562222444145,1.0991057297787006,0.9375187123531843
79.88619732142857,0.25,1.2700917482517484,81.15628906968031,True,14849,15101,253,0.2592966991846303,ellipse_constrained,computed,False,,253.0,253.0,1.2833327930513247,1.4504657897577848,0.2173423873852322,0.20795122400146945,41.44938659667969,0.5133057470264851,0.56091967432386,0.08474628626384952,4.0,4.0,0.09536656353089934,0.7972460860132683,0.8759210351502936
79.88619732142857,0.25,1.2700917482517484,81.15628906968031,True,14849,15101,253,0.2592966991846303,geometric_ellipse,computed,False,True,253.0,253.0,1.2612275438017586,1.4625178426594407,0.29059276879406776,0.1512248423111169,4.0945070750358505,0.5215383774425353,0.5686053910475669,0.03944056786169555,4.0,4.0,0.04261232658978279,1.1937573278799272,0.7732279365441925
79.88619732142857,0.5,2.540183496503497,82.42638081793207,True,14849,15355,507,0.2592966991846303,legacy,computed,False,,507.0,507.0,1.287022760702803,1.468294582449498,0.30823791600720046,0.18888425606011994,126.62084079666596,0.5134205662171931,0.5069040592601894,0.028236455667336048,4.0,4.0,0.06991306499384049,1.0099321196929718,1.0335357134031171
79.88619732142857,0.5,2.540183496503497,82.42638081793207,True,14849,15355,507,0.2592966991846303,ellipse_constrained,computed,False,,507.0,507.0,1.2820247395638662,1.4624064423332153,0.2756386113436216,0.23683384149541065,73.74156188964844,0.5509061281929865,0.5614911704661608,0.03675595564537892,4.0,4.0,0.04974359584648309,1.011085811155336,0.9975788533940765
79.88619732142857,0.5,2.540183496503497,82.42638081793207,True,14849,15355,507,0.2592966991846303,geometric_ellipse,computed,False,True,507.0,507.0,1.2718962705621415,1.4649007274206032,0.2814098849577488,0.171394463136533,78.8715246010401,0.44227827445718476,0.47414102521365104,0.044506712345981525,4.0,4.0,0.006330929563365467,1.1560339704950628,0.8763572508378719
79.88619732142857,1.0,5.080366993006994,84.96656431443556,True,14849,15862,1014,0.2592966991846303,legacy,computed,False,,1014.0,1014.0,1.304232357753529,1.4625970055179456,0.30520656784428984,0.1827554225854294,126.86172888450034,0.5273880081787707,0.5529777120705011,0.08118475663696036,4.0,4.0,0.0,1.0,1.0
79.88619732142857,1.0,5.080366993006994,84.96656431443556,True,14849,15862,1014,0.2592966991846303,ellipse_constrained,computed,False,,1014.0,1014.0,1.277586067784803,1.474517000988397,0.27261643700514204,0.2374086426247184,72.90379333496092,0.5677859175923192,0.5730585387563009,0.029436087664946823,4.0,4.0,0.0,1.0,1.0
79.88619732142857,1.0,5.080366993006994,84.96656431443556,True,14849,15862,1014,0.2592966991846303,geometric_ellipse,computed,False,True,1014.0,1014.0,1.271533567297673,1.4665017462342818,0.24342700313316673,0.19557601990816573,75.19795698484972,0.44676742575379486,0.5044768056311466,0.0367870534747391,4.0,4.0,0.0,1.0,1.0
79.88619732142857,2.0,10.160733986013987,90.04693130744255,False,14849,16384,1536,0.2592966991846303,legacy,incomplete_window,,,,,,,,,,,,,,,,,
79.88619732142857,2.0,10.160733986013987,90.04693130744255,False,14849,16384,1536,0.2592966991846303,ellipse_constrained,incomplete_window,,,,,,,,,,,,,,,,,
79.88619732142857,2.0,10.160733986013987,90.04693130744255,False,14849,16384,1536,0.2592966991846303,geometric_ellipse,incomplete_window,,,,,,,,,,,,,,,,,
80.38701898018974,0.25,1.2700917482517484,81.65711072844148,True,14949,15201,253,0.2594864809390671,legacy,computed,False,,253.0,253.0,1.2802510404337626,1.480142651634618,0.33898416570625106,0.18758164315803588,132.72328039803725,0.5102012686283726,0.5451999464677351,0.08847762296582154,4.0,4.0,0.13162721066515864,1.1105216912060425,1.0129507723246312
80.38701898018974,0.25,1.2700917482517484,81.65711072844148,True,14949,15201,253,0.2594864809390671,ellipse_constrained,computed,False,,253.0,253.0,1.2840510528858828,1.4565450233266344,0.24159379572567125,0.21638851252394833,70.53453063964842,0.44194897713922143,0.45112964590084786,0.03810655515751128,4.0,4.0,0.07444395833897546,0.8881596200358238,0.9049294674766442
80.38701898018974,0.25,1.2700917482517484,81.65711072844148,True,14949,15201,253,0.2594864809390671,geometric_ellipse,computed,False,True,253.0,253.0,1.2712640967142292,1.456946540326394,0.2777508454284259,0.18058721429775212,75.82390761542658,0.4559918653664898,0.47016033472815294,0.032744916086420855,4.0,4.0,0.07583606292125565,1.2022958278587397,0.8631033693908251
80.38701898018974,0.5,2.540183496503497,82.92720247669324,True,14949,15455,507,0.2594864809390671,legacy,computed,False,,507.0,507.0,1.2923516779857671,1.4704090243300965,0.3079211062612287,0.19404501770640273,124.26348826332601,0.4804739642161927,0.4754700328509249,0.03385821367662253,4.0,4.0,0.0731036598844975,1.008758232027796,1.0478533359783448
80.38701898018974,0.5,2.540183496503497,82.92720247669324,True,14949,15455,507,0.2594864809390671,ellipse_constrained,computed,False,,507.0,507.0,1.2836407039052788,1.4697736199837002,0.28116061211084464,0.2402970569727946,77.36759948730467,0.48416843701203555,0.48467852200469513,0.04224352022295247,4.0,4.0,0.023507147729349892,1.0336171989489265,1.0049141946873443
80.38701898018974,0.5,2.540183496503497,82.92720247669324,True,14949,15455,507,0.2594864809390671,geometric_ellipse,computed,False,True,507.0,507.0,1.2778030191152785,1.4720998658478135,0.2801017904585757,0.18400501393046276,79.28263425270565,0.41250169188071323,0.4177924273510428,0.03747065377919993,4.0,4.0,0.021957115273270322,1.212472327580692,0.8794384925077444
80.38701898018974,1.0,5.080366993006994,85.46738597319673,True,14949,15962,1014,0.2594864809390671,legacy,computed,False,,1014.0,1014.0,1.3098712843406268,1.4631356507095734,0.3052476762863672,0.18518337542460514,127.39947479045696,0.520872880951757,0.5367474970600699,0.049260571098676036,4.0,4.0,0.0,1.0,1.0
80.38701898018974,1.0,5.080366993006994,85.46738597319673,True,14949,15962,1014,0.2594864809390671,ellipse_constrained,computed,False,,1014.0,1014.0,1.2840105928022278,1.4758621817311042,0.27201618974292774,0.23912196508235956,74.83792114257812,0.553403913161961,0.5663336061254417,0.030329837579270363,4.0,4.0,0.0,1.0,1.0
80.38701898018974,1.0,5.080366993006994,85.46738597319673,True,14949,15962,1014,0.2594864809390671,geometric_ellipse,computed,False,True,1014.0,1014.0,1.2834945291646893,1.4723626763914746,0.2310170583583356,0.20923011159742066,62.864420277668515,0.4350560225542117,0.5016741270426326,0.034529692409343164,4.0,4.0,0.0,1.0,1.0
80.38701898018974,2.0,10.160733986013987,90.54775296620372,False,14949,16384,1436,0.2594864809390671,legacy,incomplete_window,,,,,,,,,,,,,,,,,
80.38701898018974,2.0,10.160733986013987,90.54775296620372,False,14949,16384,1436,0.2594864809390671,ellipse_constrained,incomplete_window,,,,,,,,,,,,,,,,,
80.38701898018974,2.0,10.160733986013987,90.54775296620372,False,14949,16384,1436,0.2594864809390671,geometric_ellipse,incomplete_window,,,,,,,,,,,,,,,,,
80.88784063895089,0.25,1.2700917482517484,82.15793238720264,True,15049,15301,253,0.25601170421015773,legacy,computed,False,,253.0,253.0,1.2754799817010156,1.4872878377571102,0.29111230330862276,0.19265880798718382,114.65754278614409,0.4540040583449769,0.5291919184343574,0.11317978436427732,4.0,4.0,0.13863588541191957,0.9741829836779394,1.058430867167062
80.88784063895089,0.25,1.2700917482517484,82.15793238720264,True,15049,15301,253,0.25601170421015773,ellipse_constrained,computed,False,,253.0,253.0,1.274699742158511,1.472880603532511,0.25458811742057175,0.19874893526793339,69.28642272949217,0.398962207264124,0.41613297745528793,0.07067259380862127,4.0,4.0,0.04423409023713253,0.9502425841512543,0.8501915968768794
80.88784063895089,0.25,1.2700917482517484,82.15793238720264,True,15049,15301,253,0.25601170421015773,geometric_ellipse,computed,False,True,253.0,253.0,1.271037118883445,1.4701059956919473,0.29431595299875507,0.1643165003644059,77.66596144521229,0.41545657508909056,0.4450843834642377,0.07041651566320653,4.0,4.0,0.04569253813636227,1.2725505735594989,0.8177370427391777
80.88784063895089,0.5,2.540183496503497,83.4280241354544,True,15049,15555,507,0.25601170421015773,legacy,computed,False,,507.0,507.0,1.286160928462293,1.4846775866584763,0.29016717195507186,0.19740533555527986,115.7189579091801,0.44354393379262624,0.46081390736591105,0.04470051551452333,4.0,4.0,0.09830114577092344,0.9710201806239109,1.0845073873242221
80.88784063895089,0.5,2.540183496503497,83.4280241354544,True,15049,15555,507,0.25601170421015773,ellipse_constrained,computed,False,,507.0,507.0,1.281546888060135,1.4795257714493169,0.28409590673158713,0.23038876211645318,73.46517944335936,0.45194766477707476,0.4575033301391997,0.02199623922740837,4.0,4.0,0.009879267828956626,1.0603795310424933,0.9855378057860604
80.88784063895089,0.5,2.540183496503497,83.4280241354544,True,15049,15555,507,0.25601170421015773,geometric_ellipse,computed,False,True,507.0,507.0,1.2762325525722518,1.478926406764106,0.28617423049635804,0.18040932661226705,78.77259518868428,0.3754703099413299,0.4039836537094255,0.026157270636215507,4.0,4.0,0.02227766525295324,1.2373477463439744,0.8978245574808928
80.88784063895089,1.0,5.080366993006994,85.96820763195788,True,15049,16062,1014,0.25601170421015773,legacy,computed,False,,1014.0,1014.0,1.306057444000321,1.4692675737060004,0.29882712815363976,0.18202304369943767,126.21024819777173,0.5256935354838747,0.5462241936680436,0.06907808058746402,4.0,4.0,0.0,1.0,1.0
80.88784063895089,1.0,5.080366993006994,85.96820763195788,True,15049,16062,1014,0.25601170421015773,ellipse_constrained,computed,False,,1014.0,1014.0,1.2813492340007402,1.4820472446214041,0.26791907841929324,0.23376958323044356,71.14801025390624,0.557529778789496,0.5562632460671362,0.034688173137270455,4.0,4.0,0.0,1.0,1.0
80.88784063895089,1.0,5.080366993006994,85.96820763195788,True,15049,16062,1014,0.25601170421015773,geometric_ellipse,computed,False,True,1014.0,1014.0,1.281134794015122,1.476011591032329,0.23128035860729126,0.20094051238524566,68.11370249544302,0.43948317022121197,0.5035078863845837,0.04488729283827882,4.0,4.0,0.0,1.0,1.0
80.88784063895089,2.0,10.160733986013987,91.04857462496489,False,15049,16384,1336,0.25601170421015773,legacy,incomplete_window,,,,,,,,,,,,,,,,,
80.88784063895089,2.0,10.160733986013987,91.04857462496489,False,15049,16384,1336,0.25601170421015773,ellipse_constrained,incomplete_window,,,,,,,,,,,,,,,,,
80.88784063895089,2.0,10.160733986013987,91.04857462496489,False,15049,16384,1336,0.25601170421015773,geometric_ellipse,incomplete_window,,,,,,,,,,,,,,,,,
81.38866229771206,0.25,1.2700917482517484,82.6587540459638,True,15149,15401,253,0.2537678236397748,legacy,computed,False,,253.0,253.0,1.2959531733706076,1.4636053313592872,0.29180591477409196,0.20373177800918466,113.02338214282523,0.41337318515517,0.4252269383898623,0.02608588371490075,4.0,4.0,0.06878158299337034,0.9593376955029148,1.1128345230713395
81.38866229771206,0.25,1.2700917482517484,82.6587540459638,True,15149,15401,253,0.2537678236397748,ellipse_constrained,computed,False,,253.0,253.0,1.2881438644085796,1.4707748255520812,0.2657604820101701,0.2097397749253941,74.30946350097656,0.3639467005369575,0.3694170156977618,0.02876953954793491,4.0,4.0,0.044378237373634985,0.9913712271543902,0.8993318144651188
81.38866229771206,0.25,1.2700917482517484,82.6587540459638,True,15149,15401,253,0.2537678236397748,geometric_ellipse,computed,False,True,253.0,253.0,1.287552406248113,1.4707780034343452,0.28723332843627986,0.18634033217548232,77.01101012233065,0.353248690410073,0.37950077982087943,0.03202799434546341,4.0,4.0,0.020024514724167778,1.2789846621815713,0.9011497296058761
81.38866229771206,0.5,2.540183496503497,83.92884579421556,True,15149,15655,507,0.2537678236397748,legacy,computed,False,,507.0,507.0,1.2926293300474172,1.4748055840106185,0.2981389529816312,0.19940145269250717,117.22040358709768,0.43452881826399997,0.4472629176871741,0.037329975781843806,4.0,4.0,0.09633319915085616,0.9801581174750194,1.0891811904610909
81.38866229771206,0.5,2.540183496503497,83.92884579421556,True,15149,15655,507,0.2537678236397748,ellipse_constrained,computed,False,,507.0,507.0,1.2800100735270972,1.4824919556933505,0.2872715326491727,0.2338310795458323,78.44171142578125,0.4519509526740794,0.4554509321808749,0.02779534992600636,4.0,4.0,0.019326980438497357,1.0716142960563806,1.0026316139658922
81.38866229771206,0.5,2.540183496503497,83.92884579421556,True,15149,15655,507,0.2537678236397748,geometric_ellipse,computed,False,True,507.0,507.0,1.279371891057808,1.482392617128876,0.27971040277629455,0.19549381430944185,82.40519094931857,0.3749715849813935,0.3860845005310616,0.02810779059619689,4.0,4.0,0.042536358295608964,1.2454867857818,0.9454163564475727
81.38866229771206,1.0,5.080366993006994,86.46902929071905,True,15149,16162,1014,0.2537678236397748,legacy,computed,False,,1014.0,1014.0,1.3133111442141112,1.461771685958564,0.3041743445941819,0.18307463848883868,126.68861430936109,0.5327672339505981,0.5598084680960432,0.0742895000028466,4.0,4.0,0.0,1.0,1.0
81.38866229771206,1.0,5.080366993006994,86.46902929071905,True,15149,16162,1014,0.2537678236397748,ellipse_constrained,computed,False,,1014.0,1014.0,1.2848203800069926,1.4815350247151446,0.26807362845601546,0.2332173415327664,73.88929748535155,0.5603014969377862,0.5760152396654372,0.03988748444568308,4.0,4.0,0.0,1.0,1.0
81.38866229771206,1.0,5.080366993006994,86.46902929071905,True,15149,16162,1014,0.2537678236397748,geometric_ellipse,computed,False,True,1014.0,1014.0,1.287952742358885,1.4758437867992642,0.22457918138466523,0.20678065592604628,60.32768569261387,0.43734770758042785,0.5035557236367552,0.04243269005553832,4.0,4.0,0.0,1.0,1.0
81.38866229771206,2.0,10.160733986013987,91.54939628372605,False,15149,16384,1236,0.2537678236397748,legacy,incomplete_window,,,,,,,,,,,,,,,,,
81.38866229771206,2.0,10.160733986013987,91.54939628372605,False,15149,16384,1236,0.2537678236397748,ellipse_constrained,incomplete_window,,,,,,,,,,,,,,,,,
81.38866229771206,2.0,10.160733986013987,91.54939628372605,False,15149,16384,1236,0.2537678236397748,geometric_ellipse,incomplete_window,,,,,,,,,,,,,,,,,
81.88948395647321,0.25,1.2700917482517484,83.15957570472496,True,15249,15501,253,0.2421225070915355,legacy,computed,False,,253.0,253.0,1.3045899989066032,1.4858929979116549,0.299849206325549,0.19662028623493213,117.88885881881414,0.40944236353366037,0.4337938731245639,0.07109126461205902,4.0,4.0,0.09460320532565612,0.993268719482121,1.1167360638595987
81.88948395647321,0.25,1.2700917482517484,83.15957570472496,True,15249,15501,253,0.2421225070915355,ellipse_constrained,computed,False,,253.0,253.0,1.2942580142750286,1.4898437563106814,0.2572633032528411,0.21322533675256178,84.63600158691405,0.37110273006681505,0.41643522933818977,0.054464180640222064,4.0,4.0,0.042156094809039195,1.005425784304911,0.9150481248702271
81.88948395647321,0.25,1.2700917482517484,83.15957570472496,True,15249,15501,253,0.2421225070915355,geometric_ellipse,computed,False,True,253.0,253.0,1.2945763128695753,1.4891509225174313,0.2735378682214153,0.19508404572222518,84.14298127877608,0.3696208572188218,0.40985734697079246,0.04019122936745372,4.0,4.0,0.05790258933845029,1.2288713094065657,0.992003109238827
81.88948395647321,0.5,2.540183496503497,84.42966745297672,True,15249,15755,507,0.2421225070915355,legacy,computed,False,,507.0,507.0,1.3059145587265517,1.4686970599168963,0.30306364860355295,0.18373159824950688,124.60273420177205,0.5089878527157377,0.5659612922742286,0.13018940429764078,4.0,4.0,0.04219796203026889,1.00391675488781,1.0435327186464782
81.88948395647321,0.5,2.540183496503497,84.42966745297672,True,15249,15755,507,0.2421225070915355,ellipse_constrained,computed,False,,507.0,507.0,1.28027695340688,1.4872102630396566,0.27236787489020753,0.2318718805117954,79.28842163085936,0.5012684615417846,0.4917058023252623,0.08042442648679225,4.0,4.0,0.01941477164616365,1.064456845451488,0.9950690321510424
81.88948395647321,0.5,2.540183496503497,84.42966745297672,True,15249,15755,507,0.2421225070915355,geometric_ellipse,computed,False,True,507.0,507.0,1.2831280244898917,1.481679506710813,0.2561696409994763,0.19862761451984184,84.41699218632783,0.4162975200395959,0.4413463974011028,0.06787837210404099,4.0,4.0,0.02846055687802116,1.150844393911931,1.0100221699571117
81.88948395647321,1.0,5.080366993006994,86.9698509494802,True,15249,16262,1014,0.2421225070915355,legacy,computed,False,,1014.0,1014.0,1.3157362767340512,1.4658823654848,0.30188125372747765,0.1760669262846088,131.55773068879904,0.5293195064002183,0.5555903583124202,0.03846513876443342,4.0,4.0,0.0,1.0,1.0
81.88948395647321,1.0,5.080366993006994,86.9698509494802,True,15249,16262,1014,0.2421225070915355,ellipse_constrained,computed,False,,1014.0,1014.0,1.2848125734759341,1.4859752605696497,0.25587498079800786,0.23302089907326085,72.72883605957031,0.5806307998599234,0.5846740843113084,0.03921510062108628,4.0,4.0,0.0,1.0,1.0
81.88948395647321,1.0,5.080366993006994,86.9698509494802,True,15249,16262,1014,0.2421225070915355,geometric_ellipse,computed,False,True,1014.0,1014.0,1.2879759716326449,1.4767823155091069,0.22259276958260948,0.1966566877717903,10.102011021989483,0.45303715820058466,0.5086611917034126,0.0350403356118565,4.0,4.0,0.0,1.0,1.0
81.88948395647321,2.0,10.160733986013987,92.0502179424872,False,15249,16384,1136,0.2421225070915355,legacy,incomplete_window,,,,,,,,,,,,,,,,,
81.88948395647321,2.0,10.160733986013987,92.0502179424872,False,15249,16384,1136,0.2421225070915355,ellipse_constrained,incomplete_window,,,,,,,,,,,,,,,,,
81.88948395647321,2.0,10.160733986013987,92.0502179424872,False,15249,16384,1136,0.2421225070915355,geometric_ellipse,incomplete_window,,,,,,,,,,,,,,,,,
82.39030561523437,0.25,1.2700917482517484,83.66039736348611,True,15349,15601,253,0.23187742570502345,legacy,computed,False,,253.0,253.0,1.289003206406618,1.4960461211680762,0.292567029159588,0.19773865309671965,124.66434847391767,0.4838944223677625,0.5563412935872681,0.13921854341010884,4.0,4.0,0.1394987368831638,1.002098640017104,1.1401681979105664
82.39030561523437,0.25,1.2700917482517484,83.66039736348611,True,15349,15601,253,0.23187742570502345,ellipse_constrained,computed,False,,253.0,253.0,1.2838168511765207,1.4931900839213699,0.2474048998427863,0.2182657563627529,80.03262329101562,0.4249050077982407,0.4919222415151946,0.1154490985595251,4.0,4.0,0.010851120679122632,0.9795014084541591,0.9403507642692465
82.39030561523437,0.25,1.2700917482517484,83.66039736348611,True,15349,15601,253,0.23187742570502345,geometric_ellipse,computed,False,True,253.0,253.0,1.2811595088376637,1.4940722666316586,0.26903356146973767,0.19574878458324252,81.68980639594331,0.40851855367823114,0.49389181630001394,0.1243612488575986,4.0,4.0,0.07196196731220181,1.1809839030987717,1.0495668507828797
82.39030561523437,0.5,2.540183496503497,84.93048911173787,True,15349,15855,507,0.23187742570502345,legacy,computed,False,,507.0,507.0,1.3252505635553713,1.466045803743763,0.31974088730396494,0.17175683293417587,131.26528501662918,0.5470778606056727,0.6130784998797606,0.49067034736326276,4.0,4.0,0.06342207339435561,1.0951743579772577,0.9903560867768157
82.39030561523437,0.5,2.540183496503497,84.93048911173787,True,15349,15855,507,0.23187742570502345,ellipse_constrained,computed,False,,507.0,507.0,1.2772081997251643,1.4910653129881313,0.26284824912605,0.23442393540443926,67.2326202392578,0.6394664805192858,0.6876628483649186,0.12516947078188997,4.0,4.0,0.03571690257776825,1.0406432143917888,1.0099647809810408
82.39030561523437,0.5,2.540183496503497,84.93048911173787,True,15349,15855,507,0.23187742570502345,geometric_ellipse,computed,False,True,507.0,507.0,1.2878305330390614,1.4741051064655364,0.23741385093976683,0.2013511473633057,5.532082994102353,0.4728931292182794,0.6434476185045803,0.08648199955268035,4.0,4.0,0.024531350182072833,1.0421820043596852,1.0796056286610312
82.39030561523437,1.0,5.080366993006994,87.47067260824136,True,15349,16362,1014,0.23187742570502345,legacy,computed,False,,1014.0,1014.0,1.3140010228447923,1.4755177938550235,0.29195432213598693,0.1734293707359044,134.61929071851642,0.5414545539061683,0.5738267865221598,0.07438645996511382,4.0,4.0,0.0,1.0,1.0
82.39030561523437,1.0,5.080366993006994,87.47067260824136,True,15349,16362,1014,0.23187742570502345,ellipse_constrained,computed,False,,1014.0,1014.0,1.2854865915967315,1.4913078308169299,0.2525824850351554,0.23211100012490427,64.91676330566406,0.6079677969175457,0.5974045929630675,0.03943536843695736,4.0,4.0,0.0,1.0,1.0
82.39030561523437,1.0,5.080366993006994,87.47067260824136,True,15349,16362,1014,0.23187742570502345,geometric_ellipse,computed,False,True,1014.0,1014.0,1.2894115706088143,1.4795692343955849,0.22780459645878598,0.18650435123520911,4.949442595453434,0.48289066858361573,0.5232568751385132,0.03529440209427979,4.0,4.0,0.0,1.0,1.0
82.39030561523437,2.0,10.160733986013987,92.55103960124836,False,15349,16384,1036,0.23187742570502345,legacy,incomplete_window,,,,,,,,,,,,,,,,,
82.39030561523437,2.0,10.160733986013987,92.55103960124836,False,15349,16384,1036,0.23187742570502345,ellipse_constrained,incomplete_window,,,,,,,,,,,,,,,,,
82.39030561523437,2.0,10.160733986013987,92.55103960124836,False,15349,16384,1036,0.23187742570502345,geometric_ellipse,incomplete_window,,,,,,,,,,,,,,,,,
82.500132,0.25,1.2700917482517484,83.77022374825174,True,15370,15623,254,0.23214630265979275,legacy,computed,False,,254.0,254.0,1.2905007919889346,1.4962014624635753,0.287854661020784,0.20089942747583095,124.49005475919088,0.4604189916524419,0.5225707412957664,0.10925291758003478,4.0,4.0,,,
82.500132,0.25,1.2700917482517484,83.77022374825174,True,15370,15623,254,0.23214630265979275,ellipse_constrained,computed,False,,254.0,254.0,1.2815864075007155,1.4962202021547863,0.24837153409330218,0.21969176740388427,78.5738067626953,0.4054105728459815,0.4356514518181027,0.06830609340672696,4.0,4.0,,,
82.500132,0.25,1.2700917482517484,83.77022374825174,True,15370,15623,254,0.23214630265979275,geometric_ellipse,computed,False,True,254.0,254.0,1.2799730802362228,1.497303143640733,0.2643389157614769,0.2028064498036441,81.60994259348662,0.40632350119320787,0.4315804493975533,0.05323949818475551,4.0,4.0,,,
82.500132,0.5,2.540183496503497,85.0403154965035,True,15370,15877,508,0.23214630265979275,legacy,computed,False,,508.0,508.0,1.3296703773930807,1.4680215612623122,0.3195195494204427,0.1740487824389174,133.5105278103076,0.5447115246785402,0.6123424887128599,0.3123925068939617,4.0,4.0,,,
82.500132,0.5,2.540183496503497,85.0403154965035,True,15370,15877,508,0.23214630265979275,ellipse_constrained,computed,False,,508.0,508.0,1.28065309964434,1.4928119311224943,0.26232443402619926,0.23655629129269548,63.66203308105469,0.6505418354859538,0.6859104208306431,0.09795020836076039,4.0,4.0,,,
82.500132,0.5,2.540183496503497,85.0403154965035,True,15370,15877,508,0.23214630265979275,geometric_ellipse,computed,False,True,508.0,508.0,1.2873539321624605,1.475754014592455,0.2395266603618247,0.20096331644040324,5.2326212672164445,0.47771283333563624,0.6182048620121048,0.05975589636885624,4.0,4.0,,,
82.500132,1.0,5.080366993006994,87.58049899300698,False,15370,16384,1015,0.23214630265979275,legacy,incomplete_window,,,,,,,,,,,,,,,,,
82.500132,1.0,5.080366993006994,87.58049899300698,False,15370,16384,1015,0.23214630265979275,ellipse_constrained,incomplete_window,,,,,,,,,,,,,,,,,
82.500132,1.0,5.080366993006994,87.58049899300698,False,15370,16384,1015,0.23214630265979275,geometric_ellipse,incomplete_window,,,,,,,,,,,,,,,,,
82.500132,2.0,10.160733986013987,92.66086598601399,False,15370,16384,1015,0.23214630265979275,legacy,incomplete_window,,,,,,,,,,,,,,,,,
82.500132,2.0,10.160733986013987,92.66086598601399,False,15370,16384,1015,0.23214630265979275,ellipse_constrained,incomplete_window,,,,,,,,,,,,,,,,,
82.500132,2.0,10.160733986013987,92.66086598601399,False,15370,16384,1015,0.23214630265979275,geometric_ellipse,incomplete_window,,,,,,,,,,,,,,,,,
