center_index_0based,source_frame_1based,start_time_sec,end_time_sec,n_points,orbit_radius_um,current_center_x_um,current_center_y_um,raw_center_x_um,raw_center_y_um,fit_valid,fit_center_x_um,fit_center_y_um,ellipse_axis_1_um,ellipse_axis_2_um,normalized_design_condition,coverage_deg,max_empty_angle_deg,smoothed_net_turns,smoothed_path_turns,smoothed_directionality,residual_p50_over_radius,residual_p95_over_radius,circle_center_x_um,circle_center_y_um,circle_radius_um,circle_residual_p95_over_radius,circle_vs_ellipse_center_over_radius,raw_vs_refit_over_radius,correction_over_radius,current_vs_refit_over_radius,fit_center_offset_over_radius,block_valid,block_sd_x_um,block_sd_y_um,block_center_span_over_radius,block_min_coverage_deg,block_max_residual_p95_over_radius,jackknife_valid,jackknife_sd_x_um,jackknife_sd_y_um,jackknife_max_shift_over_radius,adjacent_center_step_over_radius,extent_over_baseline,low_motion_flag,poor_coverage_flag,unstable_center_flag,nonellipse_flag,drift_candidate_flag,correction_large_flag,assessment
0,2049,15.781025,20.861391993006993,1015,0.2940910513361215,1.13658854716276,1.552231704361928,1.13658854716276,1.552231704361928,False,,,,,,,,,,,,,,,,,,,,,,,,,,,,,,,,,1.084833615346393,False,False,False,False,False,False,fit_failed
100,2149,16.28184665876116,21.362213651768155,1015,0.29233577252071635,1.30060700912019,1.628601223600335,1.0541330816401653,1.628601223600335,False,,,,,,,,,,,,,,,,,,,,,,,,,,,,,,,,0.618899255695061,1.0783587992831167,False,False,False,False,False,False,fit_failed
200,2249,16.782668317522322,21.863035310529316,1015,0.28145615547687725,1.30060700912019,1.4449088652055675,0.7973862826755194,1.910564601835327,False,,,,,,,,,,,,,,,,,,,,,,,,,,,,,,,,0.6526499947515224,1.038226417703907,False,False,False,False,False,False,fit_failed
300,2349,17.28348997628348,22.363856969290474,1015,0.2606876534892312,1.1126337606751084,1.6675878053623547,1.1126337606751084,1.6675878053623547,False,,,,,,,,,,,,,,,,,,,,,,,,,,,,,,,,1.1178515999192298,0.9616162352647395,False,False,False,False,False,False,fit_failed
400,2449,17.78431163504464,22.864678628051635,1015,0.24353435429893533,1.299718203992143,1.4511478864173808,1.299718203992143,1.4511478864173808,True,1.299718203992142,1.4511478864173815,0.14643397771551062,0.709379223253966,2.2570006182417157,352.75055717326194,7.249442826738043,12.5094503000012,29.096197714535872,0.4299341935579346,0.29692752216721646,0.5874971708986286,1.2799413969662785,1.4288276956646888,0.16700481429755334,0.8271809779929619,0.12245234019621658,5.3164220446636496e-15,0.0,5.3164220446636496e-15,0.22387460420840807,4.0,0.03457160855934508,0.048094230573323425,0.5680463128390765,339.5395349177528,0.7165572203758807,4.0,0.019946744727147855,0.02949531972218074,0.31932462159970354,1.1747371174462828,0.8983416966781878,False,False,True,True,False,False,center_unidentifiable
500,2549,18.285133293805803,23.365500286812797,1015,0.23994103551225643,1.299132249967828,1.45269398893154,1.299132249967828,1.45269398893154,True,1.2991322499678284,1.4526939889315407,0.14741473672722033,0.6410477336261793,2.244003611808134,354.77302957405624,5.226970425943772,11.761965233458872,29.45460115590635,0.3993252249861247,0.2990262887654567,0.6013473002996312,1.2797662800186347,1.429169341204883,0.16684416700643187,0.8279208810051558,0.12699151218334773,3.3366247952882952e-15,0.0,3.3366247952882952e-15,0.23657144650313694,4.0,0.4669930946698644,0.5497691219764055,7.205676380106892,28.884611614160804,0.7049439825291629,4.0,0.02054653389512183,0.031112098227664517,0.23334226567104757,0.006890914528657389,0.8850867778605807,False,False,False,True,False,False,repeatable_but_nonelliptic
600,2649,18.785954952566964,23.866321945573958,1015,0.23435710553813993,1.2996264209153394,1.4524833194584923,1.2996264209153394,1.4524833194584923,True,1.2996264209153394,1.4524833194584932,0.14917663156348313,0.6200814156469538,2.149355148638979,354.8806787424011,5.119321257598937,15.378156903885483,31.934730030885206,0.48154961350895165,0.3043946808670864,0.6166472244324238,1.2874925152591852,1.4240822141280707,0.1677254241446775,0.833771711419397,0.13178407410361279,3.789850611359341e-15,0.0,3.789850611359341e-15,0.24821000260422882,4.0,0.04623185172443883,0.059535592376761086,0.8602041616118425,337.056212419338,0.7433735317785012,4.0,0.032636730062624894,0.04473330173095704,0.3881620345069277,0.0022922391159514543,0.8644889564915159,False,False,True,True,False,False,center_unidentifiable
700,2749,19.286776611328126,24.36714360433512,1015,0.23314804553264612,1.2861793695063266,1.4410143100290933,1.2861793695063266,1.4410143100290933,True,1.2861793695063284,1.4410143100290917,0.1504463612896558,0.5900425819735463,1.9875787980237452,356.5000037576994,3.4999962423005706,16.734085572719092,33.29175809093095,0.5026495004262826,0.30476313885984274,0.6613684966655976,1.287898661773803,1.401831526145519,0.1675203694112752,0.8726905774297836,0.1682213799743431,1.0123895835762583e-14,0.0,1.0123895835762583e-14,0.2936715022309387,4.0,0.02429545447984942,0.06473010953831852,0.6605262637995606,344.04222522028977,0.7035882894576777,4.0,0.019477418868679257,0.014283704641455269,0.16094112601657742,0.07580483025004901,0.8600290148136867,False,False,False,True,False,False,repeatable_but_nonelliptic
800,2849,19.787598270089283,24.867965263096277,1015,0.24294371212121213,1.3117810863811068,1.413117000566417,1.3117810863811068,1.413117000566417,True,1.311781086381107,1.4131170005664169,0.15339309749815727,0.5066520221109236,2.0071943771470515,355.52068712955503,4.479312870444998,21.258862456909053,34.99987465962411,0.6073982453838128,0.2970097442847811,0.6249351592023631,1.2869193783928423,1.4045710713491857,0.1760232385858289,0.8186432121794605,0.10821227906580548,1.2925565720346015e-15,0.0,1.2925565720346015e-15,0.1442852389818807,4.0,0.04919044131276642,0.09048524782922568,1.1118933091946726,325.7196207228018,0.7415622199154245,4.0,0.012234820362547829,0.014279694271541058,0.11178949910615979,0.15585640630920203,0.8961629548017367,False,False,False,True,False,False,repeatable_but_nonelliptic
900,2949,20.288419928850445,25.36878692185744,1015,0.2490052188074734,1.4053112231704532,1.3343949152357746,1.4053112231704532,1.3343949152357746,True,1.4053112231704534,1.334394915235774,0.1542857078315498,0.6281345032825711,2.0134758000891675,355.414575324215,4.585424675785014,6.5149522439936876,22.237048891327486,0.2929773764420034,0.30018287510970476,0.6331156436571007,1.2995220420862699,1.4052105523949006,0.17782144562014854,0.8123903589121074,0.5112487023877867,2.8198874588979745e-15,0.0,2.8198874588979745e-15,0.4264857726868226,4.0,0.07761417634747494,0.05843555329325706,0.9308727604897263,313.9728072493584,0.7090363585571573,4.0,0.10643093769173431,0.07227203533764039,0.914761944513443,0.49095341284737676,0.9185224457928026,False,False,True,True,False,False,center_unidentifiable
1000,3049,20.789241587611606,25.8696085806186,1015,0.2559446132980945,1.451623078766129,1.2898553545635498,1.451623078766129,1.2898553545635498,True,1.4516230787661302,1.2898553545635496,0.15594885544156545,0.7546000984920765,2.092227109722384,348.79884175303164,11.201158246968355,1.9692960482185942,15.132393131504372,0.130137779999826,0.29250641453797493,0.6133040978528611,1.2922549716894862,1.407496163756824,0.17952114971162078,0.7964748770034655,0.7739358546728455,4.423651503390185e-15,0.0,4.423651503390185e-15,0.6754373323750075,4.0,0.197221560690012,0.14054268845456785,2.514181573697277,135.73349407557586,0.6196255647879823,4.0,0.09886044514745496,0.0723853358496446,0.8534743858621621,0.2510460135290623,0.9441202610931102,False,False,True,True,False,False,center_unidentifiable
1100,3149,21.290063246372767,26.37043023937976,1015,0.26785131512843363,1.4028125042227244,1.333915864695589,1.4028125042227244,1.333915864695589,True,1.4028125042227235,1.3339158646955902,0.15507291352769537,0.7073410894686422,2.12430853132153,353.8776016743895,6.122398325610524,8.872304915346955,23.81716601842096,0.37251723855327,0.27691887465352105,0.5756926484332671,1.299206040536618,1.4070850186286694,0.18838342730621,0.7251344520511216,0.47354098712990167,5.3080911359532876e-15,0.0,5.3080911359532876e-15,0.39568802286130145,4.0,0.1036652384589102,0.05914167968527091,1.0828941884266077,309.56760213197936,0.6510531235635076,4.0,0.12239238566604534,0.08272377889421237,0.9929048514015194,0.24549296584150299,0.9880413200127015,False,False,True,True,False,False,center_unidentifiable
1200,3249,21.79088490513393,26.871251898140923,1015,0.26550655223329644,1.460015620215741,1.2900391772421622,1.460015620215741,1.2900391772421622,True,1.4600156202157413,1.2900391772421613,0.1559142237712644,0.8151624775843002,2.1577248827485755,347.9481623957213,12.051837604278699,0.9993097770257232,14.757533098620415,0.06771523196645529,0.2720684852112313,0.5751112886279451,1.3004473062640398,1.4068811159885177,0.1880653706789558,0.6984829510233763,0.7448886330579757,3.4481761448207135e-15,0.0,3.4481761448207135e-15,0.6777413796259386,3.0,0.10531032501060204,0.0784869321583238,1.0597456903984284,305.5066158922361,0.619996534212857,4.0,0.12911426117669403,0.10055541012521374,1.1665755718984647,0.27152896502612867,0.979392034027612,False,False,True,True,False,False,center_unidentifiable
1300,3349,22.29170656389509,27.372073556902084,1015,0.27131355842225413,1.4293241853059753,1.3059682887220978,1.4293241853059753,1.3059682887220978,True,1.429324185305979,1.3059682887220951,0.15432903354430372,0.6727316183078723,2.3044265287118524,351.54396263945944,8.456037360540567,5.122133129735344,18.020562830505362,0.28423824371703604,0.23917219154868474,0.5335653862418126,1.2984971362066904,1.4026934230502044,0.19051168757638856,0.6380860273293885,0.5996771748268522,1.7029922682808275e-14,0.0,1.7029922682808275e-14,0.5163900547274426,4.0,0.16106244302321132,0.09169201754863583,1.7632341113879662,157.71787782941226,0.5463721656366154,4.0,0.1357991503553998,0.08958838986985616,1.0002615211021837,0.1274499756789189,1.000812731766238,False,False,True,True,False,False,center_unidentifiable
1400,3449,22.79252822265625,27.872895215663245,1015,0.2720356012658227,1.435511392672852,1.31486161785518,1.435511392672852,1.31486161785518,True,1.4355113926728553,1.3148616178551773,0.15203623650492917,0.694513536547074,2.375996533349858,350.25845865096585,9.741541349034138,5.193653089486734,16.90697397275167,0.3071899854969404,0.22801135168990055,0.5195025210724947,1.295479688943529,1.4057138777965492,0.18891841323143735,0.6350838603936635,0.6136041395557686,1.5679335921154248e-14,0.0,1.5679335921154248e-14,0.5295386338062213,3.0,0.10081899600251029,0.05493526070331387,0.9190429986149893,308.1768291795002,0.6394743643516594,4.0,0.19039181680319142,0.12591636623051297,1.6513881600990314,0.03982520858910029,1.0034761801944199,False,False,True,True,False,False,center_unidentifiable
1500,3549,23.29334988141741,28.373716874424403,1015,0.28658428470754055,1.3365898390971562,1.389593035018603,1.3365898390971562,1.389593035018603,True,1.336589839097157,1.3895930350186023,0.15931526396173817,0.5545031752650411,2.4351824491492646,356.36758949369187,3.632410506308114,19.027463561982966,28.93149011814836,0.6576731265579465,0.22738031092750316,0.5055942876291081,1.3018825466034372,1.4055780251888375,0.20289830143948773,0.5743409641312448,0.1333341258104853,3.287184697415049e-15,0.0,3.287184697415049e-15,0.08957941932755926,4.0,0.14688595374875935,0.08245866153626971,1.5060864302267996,196.3910094026323,0.5450098977795604,4.0,0.08829212747530844,0.06211685081583754,0.7207246796926389,0.4326016921921466,1.0571428959441977,False,False,True,True,False,False,center_unidentifiable
1600,3649,23.79417154017857,28.874538533185564,1015,0.2864998541955239,1.3321127957990095,1.3901553251406016,1.3321127957990095,1.3901553251406016,True,1.3321127957990087,1.3901553251406018,0.16035302524366465,0.5433633418331325,2.420550316096744,356.8658363838145,3.1341636161854933,20.6665078346939,29.528870284381643,0.6998746526928527,0.22887193400490521,0.5131858852489042,1.3010948550817285,1.4048021183180794,0.20301884132798692,0.573538456912524,0.11972852153588483,3.1955107351630583e-15,0.0,3.1955107351630583e-15,0.0718804574095968,4.0,0.11376733474533995,0.07426585928056759,1.2338589156904527,328.678475298298,0.5122094712469077,4.0,0.04698755437279559,0.03429434577092011,0.3402438943627612,0.015749450583048975,1.0568314513858528,False,False,True,True,False,False,center_unidentifiable
1700,3749,24.294993198939732,29.375360191946726,1015,0.27087290625918314,1.342310523131264,1.390221444513745,1.342310523131264,1.390221444513745,True,1.3423105231312642,1.3902214445137449,0.15719019346097457,0.5151984880112299,2.421002217651394,356.6928062252378,3.307193774762172,17.74970928027215,27.513669372054203,0.6451233036296,0.23533871159553607,0.5282608243960842,1.3076473662500927,1.4066539835841103,0.19807727030300307,0.5947629532946181,0.14161975239517693,1.1592835033721989e-15,0.0,1.1592835033721989e-15,0.08847257621315657,3.0,0.13219195137229472,0.08348743362279332,1.3448174863305589,255.64752589452053,0.5813825455691336,4.0,0.058974088184856825,0.04105908775845665,0.4025721791631909,0.03764843749462392,0.9991872682337618,False,False,True,True,False,False,center_unidentifiable
1800,3849,24.79581485770089,29.876181850707884,1015,0.28064666650617087,1.325973500111039,1.400668292238175,1.325973500111039,1.400668292238175,True,1.3259735001110404,1.4006682922381748,0.1580283161837836,0.5218356991011264,2.539518811323306,357.1234612416677,2.8765387583322988,19.06239814384108,29.14491043825775,0.6540558147956556,0.22120632932380913,0.5100582024363833,1.2997827354394629,1.4085849943871362,0.19857360831352505,0.5717146533987788,0.09749308657435915,4.812615876423225e-15,0.0,4.812615876423225e-15,0.034316595779580086,4.0,0.22161779763138684,0.14154357010396051,2.3146567567501988,114.76637744517882,0.537339636913629,4.0,0.06114592268604714,0.04322471830264774,0.484367882626085,0.06909620847032837,1.0352404008132714,False,False,True,True,False,False,center_unidentifiable
1900,3949,25.29663651646205,30.377003509469045,1015,0.2727967409705999,1.2409681402906478,1.4863673001623163,1.2409681402906478,1.4863673001623163,True,1.2409681402906476,1.486367300162316,0.16334625793074528,0.5261501901952902,2.514380235811215,356.4551289518286,3.544871048171378,8.183537118482372,21.801123805738076,0.375372260228551,0.23214756950429097,0.5583365801533402,1.289640839506121,1.4149392921906623,0.1983236282418276,0.5997624024770677,0.31684726103201283,1.1511079297336536e-15,0.0,1.1511079297336536e-15,0.4211307632558084,3.0,0.017606729767393414,0.050886833607218844,0.4670313973266396,342.14769254062816,0.5831843356151637,4.0,0.020826827757671897,0.03333370907885853,0.26034183625789276,0.44248040538560096,1.006283847867291,False,False,True,True,False,False,center_unidentifiable
2000,4049,25.797458175223213,30.877825168230206,1015,0.2749802297165199,1.2430398533866855,1.4820694807933092,1.2430398533866855,1.4820694807933092,True,1.2430398533866833,1.482069480793312,0.16448842932837043,0.5545485302576277,2.382939225181612,355.9647296449436,4.03527035505639,8.004673464034877,21.95981096088892,0.3645146799438046,0.23924108025541654,0.5617317238137722,1.2927923178016527,1.4124552582058307,0.19825099285496053,0.6335907941607432,0.31116949268366645,1.261344355876331e-14,0.0,1.261344355876331e-14,0.40676350183648635,4.0,0.051970845612178525,0.10269142759519993,1.0263584881785326,324.256093232051,0.5827633423567713,4.0,0.046290241365169675,0.06079908868328319,0.5494634692556319,0.017350645238880424,1.0143382309555997,False,False,True,True,False,False,center_unidentifiable
2100,4149,26.298279833984374,31.378646826991368,1015,0.2749188953488372,1.263144750348569,1.4468680250637778,1.263144750348569,1.4468680250637778,True,1.26314475034857,1.4468680250637778,0.16861918373417184,0.5521917247044298,2.3038003317772158,357.2104124914764,2.7895875085235833,13.070035326562598,25.867859310739814,0.5052615745878973,0.25321103542698303,0.5841005988209396,1.279659884820441,1.4069612007178538,0.20026494180166424,0.6551703708282292,0.15709785491451278,3.2306925232372244e-15,0.0,3.2306925232372244e-15,0.2431159187018533,4.0,0.08325827253669515,0.10975740120052871,1.2648034355220614,329.24648722695326,0.6302869413041685,4.0,0.025990864621044458,0.037684304436078675,0.2920894144142636,0.14745529107498753,1.0141119827119487,False,False,True,True,False,False,center_unidentifiable
2200,4249,26.799101492745535,31.87946848575253,1015,0.2776308596544215,1.2782293901421962,1.4376989185420517,1.2782293901421962,1.4376989185420517,True,1.2782293901421948,1.437698918542053,0.17069075711321072,0.5149556123909007,2.257690432238979,356.812025488501,3.1879745114990015,18.359163550920083,27.387640317275324,0.6703448467351041,0.25330202340022356,0.578122146188641,1.283250134738424,1.4145364668003824,0.20191325023339973,0.6313652342313454,0.08536644545862966,6.786388778127042e-15,0.0,6.786388778127042e-15,0.16585015267549272,4.0,0.054430255952422006,0.08986509705749171,0.9193950657181708,339.64382668288044,0.6526369819955573,4.0,0.024448804118979366,0.0369337156559383,0.24713776545005003,0.06358345718113068,1.0241157894546264,False,False,False,True,False,False,repeatable_but_nonelliptic
2300,4349,27.299923151506697,32.38029014451369,1015,0.2789813995215311,1.2743187483502902,1.4276532389762095,1.2743187483502902,1.4276532389762095,True,1.2743187483502907,1.4276532389762087,0.17074794509905994,0.5608669593508018,2.2963909427664335,356.48942049343026,3.510579506569753,18.0992464732873,29.6136716558716,0.6111787381048612,0.2662965333312631,0.5876878796548808,1.2765967855217497,1.416155723395141,0.1989362950736021,0.6499149607907383,0.04201362658423422,3.559426051349602e-15,0.0,3.559426051349602e-15,0.16323197166757122,4.0,0.058404346828312824,0.11015344913243467,1.2202776632432568,332.66193411000484,0.6162115399749527,4.0,0.012930667158851644,0.028216540510584583,0.16512511863065607,0.03864063496640536,1.029097617497505,False,False,False,True,False,False,repeatable_but_nonelliptic
2400,4449,27.800744810267858,32.88111180327485,1015,0.2826695524926015,1.263435404255925,1.4418570115278229,1.263435404255925,1.4418570115278229,True,1.2634354042559228,1.4418570115278238,0.17016332122382308,0.5891962332815764,2.3281657588892277,356.16069974702475,3.8393002529752214,13.074466817625519,27.878458984091534,0.46898097291124613,0.2690624160604897,0.5778668228524789,1.2765700290037068,1.4133897756777383,0.20096185628543237,0.6294561748032689,0.11091136556386127,8.460386210769271e-15,0.0,8.460386210769271e-15,0.23499948026369272,4.0,0.07307672252821135,0.10197901631313215,1.1731485089685978,329.69038850684717,0.6108395839740165,4.0,0.027056620355097462,0.042764539585868434,0.3168950548069309,0.06330350977220502,1.0427023576056424,False,False,True,True,False,False,center_unidentifiable
2500,4549,28.30156646902902,33.38193346203601,1015,0.27779710827790094,1.260285337200146,1.4367795080496184,1.260285337200146,1.4367795080496184,True,1.2602853372001448,1.4367795080496202,0.16427000393335645,0.5948021517031682,2.144154808281688,356.7303204474636,3.2696795525364073,15.780168727499007,31.410795420391807,0.5023804241918229,0.2683096624141541,0.585735746239874,1.2646009696539797,1.4161062707681789,0.19362812231696305,0.6642227103324538,0.07602270578267029,7.540627857227947e-15,0.0,7.540627857227947e-15,0.16642151695115465,4.0,0.11441647915248158,0.16255874404572537,1.8398513367462028,313.507422867398,0.6625728085487049,4.0,0.05328841586688517,0.06922197313948644,0.44592661162474706,0.02150950903341217,1.02472904203214,False,False,True,True,False,False,center_unidentifiable
2600,4649,28.80238812779018,33.88275512079717,1015,0.27549447632711627,1.2650953859240364,1.4323046217862272,1.2650953859240364,1.4323046217862272,True,1.2650953859240357,1.432304621786228,0.16212337476506217,0.6031635337689005,2.119418733861356,356.92915932908704,3.070840670912948,16.96193746223513,32.22981121696428,0.5262810057449903,0.2777509806925773,0.5974054754014549,1.2652911611598432,1.4154274139616643,0.18998679582966213,0.6849848788144213,0.0612656322754016,4.029928437864218e-15,0.0,4.029928437864218e-15,0.13760125249848576,4.0,0.08613174883424762,0.10992575539345273,1.2329901916642503,330.07173624651455,0.6209137813645519,4.0,0.058831866885363675,0.07028692917780738,0.658755797507627,0.023846999244953218,1.0162351673200976,False,False,True,True,False,False,center_unidentifiable
2700,4749,29.30320978655134,34.38357677955833,1015,0.27668418972055464,1.2616697601408045,1.4387145139728592,1.2616697601408045,1.4387145139728592,True,1.2616697601408033,1.4387145139728608,0.16485584925907998,0.5841638496099499,2.12509645179594,356.85991682434735,3.1400831756526295,15.612048099045772,31.217734285682106,0.5001018958062622,0.2738347391436212,0.5851556011218727,1.2684999308624147,1.4219079773520715,0.19362524862839736,0.6647023343191399,0.06556722344971111,6.903538352828386e-15,0.0,6.903538352828386e-15,0.15453426085895655,4.0,0.05970318870163028,0.08350531324241306,0.9351273481677659,339.65107545310985,0.6481636957257715,4.0,0.04557243505822102,0.05796003079886775,0.4674241821597944,0.026267670226887904,1.0206237438373567,False,False,True,True,False,False,center_unidentifiable
2800,4849,29.8040314453125,34.884398438319494,1015,0.26753113695090425,1.2506532320814854,1.4529148287471496,1.2506532320814854,1.4529148287471496,True,1.2506532320814872,1.4529148287471487,0.16249312500485455,0.6953937788527633,2.183875770774505,355.6816955514077,4.318304448592274,15.21252431722101,31.188033536105657,0.48776798638522134,0.28216057755033846,0.5956430694449969,1.2754530703398226,1.4161461756157996,0.1869220887754089,0.6982301274247692,0.16577692231120306,7.423537107616309e-15,0.0,7.423537107616309e-15,0.2615645539694693,4.0,0.07816962739921068,0.10917262446624776,1.220923924176501,327.53561318791145,0.6412969273775154,4.0,0.04190061466662237,0.05962104569492165,0.39276816293726147,0.06717931191785753,0.9868602570449364,False,False,True,True,False,False,center_unidentifiable
2900,4949,30.30485310407366,35.385220097080655,1015,0.2584935669175735,1.344528125503439,1.3325451793588066,1.344528125503439,1.3325451793588066,True,1.3445281255034363,1.332545179358809,0.1551458294654065,0.6678298923224003,2.1420181103374305,355.31526678871364,4.68473321128636,9.069783518192859,26.08163322178945,0.3477459958533449,0.26528193473773204,0.5843323279980487,1.2754622772894535,1.4086544624888375,0.18113556325440053,0.6686999349571302,0.3975923582376914,1.3983420674677857e-14,0.0,1.3983420674677857e-14,0.3033827320878748,4.0,0.07578164651181316,0.07925671047017854,1.1577989116376401,330.0000151658488,0.6684262321674425,4.0,0.04471726568092769,0.04272555430390925,0.41151723032923015,0.5905283944142423,0.9535227592575626,False,False,True,True,False,False,center_unidentifiable
3000,5049,30.80567476283482,35.88604175584181,1015,0.2714025840160398,1.311698345594725,1.365487386991132,1.311698345594725,1.365487386991132,True,1.311698345594724,1.3654873869911326,0.15665889552937282,0.5899095871000934,2.2280969323128335,354.8642238417701,5.1357761582298735,16.49798466926807,33.78283769010296,0.48835402225850705,0.24587667406302013,0.5492124101659751,1.2776472525494618,1.4051040478969363,0.1868876587932283,0.61231535017742,0.19247944106073345,4.770519833190938e-15,0.0,4.770519833190938e-15,0.1060582673240581,4.0,0.2963852555897077,0.26805634326171357,3.651371127630522,49.68022105002507,0.6973987120600178,4.0,0.03087654749635528,0.0297394817473391,0.2989355206908734,0.17136125109669298,1.0011411265144838,False,False,True,True,False,False,center_unidentifiable
3100,5149,31.30649642159598,36.38686341460297,1015,0.25966180362525937,1.2801420118711988,1.4094825623439855,1.2801420118711988,1.4094825623439855,True,1.2801420118712008,1.4094825623439828,0.14958111628244541,0.5156614725877904,2.226282614508732,355.5187863354178,4.481213664582207,19.79796989399241,36.14381815104266,0.5477553536612536,0.22475964951739497,0.5407701539757561,1.28461931504674,1.4098537496797716,0.18340371991999624,0.6039060574204103,0.01730197997405579,1.2826950392296624e-14,0.0,1.2826950392296624e-14,0.08708611739100437,4.0,0.032472399405477574,0.047526969026142805,0.6048068657520133,336.6506703489112,0.6200592126517399,4.0,0.007187888791262742,0.013513611737907476,0.08673877222871902,0.20851044585130335,0.9578321132668783,False,False,False,True,False,False,repeatable_but_nonelliptic
3200,5249,31.807318080357142,36.88768507336413,1015,0.2636113432493816,1.2640572166835349,1.420640903186256,1.2640572166835349,1.420640903186256,True,1.2640572166835362,1.4206409031862541,0.15052401414527977,0.6041123174668358,2.304347046270029,357.2938538684062,2.706146131593815,14.379474427625524,35.09629261737166,0.4097149116117209,0.2283228818770839,0.5431577241055481,1.2831550400402714,1.413014765658084,0.18523405389647973,0.6181068693542101,0.07800940389099606,8.42318096740521e-15,0.0,8.42318096740521e-15,0.164479467885421,4.0,0.029203083379138343,0.03488160814635732,0.35471701718137333,345.679195744814,0.5927058998653657,4.0,0.016455849735786864,0.007685557722777807,0.09320221683327995,0.07426175455203465,0.9724010480573948,False,False,False,True,False,False,repeatable_but_nonelliptic
3300,5349,32.3081397391183,37.38850673212529,1015,0.24850266010554833,1.2681285644116025,1.4325968668820774,1.2681285644116025,1.4325968668820774,True,1.2681285644116045,1.4325968668820754,0.14874423632313521,0.5144885364894705,2.2533363369327306,356.43633422969117,3.563665770308839,17.196180990598755,34.0014815301445,0.505747991461879,0.2363081508384171,0.5627802023773838,1.2838905725064051,1.417649847900542,0.18322004041085027,0.6200519892257751,0.08741237200447932,1.1372781379605422e-14,0.0,1.1372781379605422e-14,0.16977471974090408,4.0,0.08054897417462165,0.06283193405414964,1.0394817189165497,331.4225250090529,0.5956545199090976,4.0,0.01691451988115707,0.01644724939336415,0.1460689718804431,0.050825049272861786,0.9166686234100534,False,False,False,True,False,False,repeatable_but_nonelliptic
3400,5449,32.808961397879465,37.889328390886455,1015,0.24180106316447758,1.2780249904125436,1.432794525821825,1.2780249904125436,1.432794525821825,True,1.2780249904125414,1.4327945258218269,0.1484554114238136,0.46925446250024305,2.2102188976880863,357.0012434068384,2.9987565931615743,18.30767089303198,35.66369846652426,0.5133419045199835,0.23801237685078208,0.5762999576319514,1.285148606836876,1.4229471342315336,0.18142864291721592,0.6376656137699297,0.050264003921103945,1.1759908521324809e-14,0.0,1.1759908521324809e-14,0.13761841182874363,4.0,0.039005621456609664,0.03583687390882785,0.5182962873956242,344.3452499718159,0.5959924531218918,4.0,0.01080974807290852,0.01431882761371809,0.09381933972962109,0.0409361297748362,0.8919479880655017,False,False,False,True,False,False,repeatable_but_nonelliptic
3500,5549,33.309783056640626,38.390150049647616,1015,0.23849574240479232,1.280339742929416,1.4314854586069714,1.280339742929416,1.4314854586069714,True,1.2803397429294157,1.4314854586069705,0.14825139727319708,0.4428883492007282,2.221181880107232,356.2411138026649,3.7588861973350904,19.02560508066781,35.79018288606397,0.5315872551206221,0.25418808379546537,0.5821250048764088,1.2808523808145078,1.4213420093572988,0.18023053933902214,0.6216967747144762,0.042585225804045466,4.163653620337986e-15,0.0,4.163653620337986e-15,0.13208790009995738,4.0,0.01875824741390374,0.028090486034830765,0.3455533660278197,347.01926330564953,0.597176393758215,4.0,0.007782190423957015,0.010340444374167052,0.08508569675401248,0.011150193263153906,0.879755427110933,False,False,False,True,False,False,repeatable_but_nonelliptic
3600,5649,33.81060471540178,38.89097170840877,1015,0.24498417832167851,1.273195081666444,1.4409829844894135,1.273195081666444,1.4409829844894135,True,1.2731950816664444,1.4409829844894133,0.15385370973440599,0.4269962717453273,2.2284163354522635,356.2904613377899,3.709538662210088,22.748263921786656,36.94082136393507,0.6158028728618239,0.2529426347635734,0.5766149920383116,1.2782407314356141,1.4258304015953864,0.18350644497443552,0.6025006296352371,0.06519024103145214,2.0266893725582238e-15,0.0,2.0266893725582238e-15,0.16577788638166469,4.0,0.0215053267896467,0.03127093743816403,0.39318215424263314,347.27862586222346,0.6303970442534478,4.0,0.011195527897215684,0.01705793875679505,0.14320295647154008,0.04851264277880825,0.9036897609224511,False,False,False,True,False,False,repeatable_but_nonelliptic
3700,5749,34.31142637416295,39.39179336716994,1015,0.24736478321067124,1.2808506179070664,1.4420453079337343,1.2808506179070664,1.4420453079337343,True,1.2808506179070653,1.4420453079337345,0.15225657332200937,0.4770979889836126,2.34639504219546,356.8891155904083,3.1108844095916734,20.494826438875148,37.562274080558936,0.5456226211150147,0.2548892655929761,0.5773914025076248,1.2794603931329052,1.4289295184142345,0.18291752963696073,0.6200435811469791,0.05331908153117152,4.577085544293e-15,0.0,4.577085544293e-15,0.19453036842863994,4.0,0.020613676009235596,0.024785106796032998,0.28413024002945575,346.3370438211146,0.5931185234995273,4.0,0.008992973944153656,0.011487032672303214,0.09051576439907859,0.031244915124092186,0.9124712597021798,False,False,False,True,False,False,repeatable_but_nonelliptic
3800,5849,34.8122480329241,39.89261502593109,1015,0.24599627192982465,1.2826718176266847,1.4440960682767698,1.2826718176266847,1.4440960682767698,True,1.2826718176266863,1.4440960682767694,0.15020100755489713,0.48142497781143284,2.321522398944903,357.5521640288127,2.447835971187329,22.64111622971422,37.57525640722995,0.6025538717377265,0.2514021325750186,0.5711361272198221,1.2821606746807612,1.4292939372512399,0.18399068615091116,0.6156272638798974,0.060208041369256025,6.571274887601742e-15,0.0,6.571274887601742e-15,0.1900111916120507,4.0,0.017722929474175836,0.03412534595303147,0.38071391185307574,345.584777631235,0.6127600064206413,4.0,0.006048703699882182,0.006070353790976934,0.057311091264675075,0.01114934344330428,0.9074231392860765,False,False,False,True,False,False,repeatable_but_nonelliptic
3900,5949,35.31306969168527,40.39343668469226,1015,0.2596575707193345,1.2791327677075826,1.438712479072082,1.2791327677075826,1.438712479072082,True,1.2791327677075832,1.4387124790720802,0.15468592554985128,0.5238049283243591,2.278947772028173,356.42225261373443,3.5777473862655964,24.70920124553588,38.70552722190787,0.638389476104336,0.2525128898752057,0.555728333842414,1.2787090984133664,1.426985858879413,0.18850809851786737,0.623846674071198,0.04519133028308671,7.306353251520097e-15,0.0,7.306353251520097e-15,0.15896866979937332,4.0,0.013244221056093393,0.030446537451633133,0.2549425020023597,345.17400080388313,0.5902454631477182,4.0,0.004855171041365855,0.013733593481968658,0.07560086975093949,0.02481215172256653,0.9578164990595875,False,False,False,True,False,False,repeatable_but_nonelliptic
4000,6049,35.813891350446426,40.894258343453416,1015,0.2571169203128304,1.2603405380706063,1.462933983838533,1.2603405380706063,1.462933983838533,True,1.2603405380706152,1.462933983838525,0.15285236837706342,0.6157409551920163,2.266177581248637,356.5535342139454,3.4464657860546306,29.14350755252067,41.44258134573468,0.7032261651220757,0.27262070704927177,0.5647919090432041,1.2764000573227219,1.4344408114719638,0.18553769448775267,0.6255070828253908,0.12720797899886901,4.647387083989296e-14,0.0,4.647387083989296e-14,0.24105414013034815,4.0,0.1651469029331319,0.1707376346272603,2.196148915526152,99.21065870034732,0.6227166609669524,4.0,0.019662426259069502,0.010914631925627716,0.12723410759182377,0.11923226846030291,0.9484446295202148,False,False,False,True,False,False,repeatable_but_nonelliptic
4100,6149,36.314713009207594,41.395080002214584,1015,0.25719259259259275,1.2482779886079791,1.4727447896963155,1.2482779886079791,1.4727447896963155,True,1.2482779886079796,1.4727447896963148,0.15352901428631677,0.6202699464171161,2.193063860044512,355.8130812663975,4.186918733602515,18.86159010597281,39.503471611401444,0.47746664626126173,0.28090861361783154,0.5656551513238574,1.261492132572357,1.4373420271882054,0.18514161609275734,0.6160692906283027,0.14692678068430812,3.112815965759667e-15,0.0,3.112815965759667e-15,0.23380334659160007,3.0,0.0780121888447248,0.06509440350479513,0.913725475572618,315.6965855542255,0.5900207287435281,4.0,0.027098307456296218,0.025529425426420654,0.21856656247460943,0.060454840901262616,0.9487237669929911,False,False,False,True,False,False,repeatable_but_nonelliptic
4200,6249,36.81553466796875,41.89590166097574,1015,0.2625560955043713,1.2410547388941868,1.472700377209621,1.2410547388941868,1.472700377209621,True,1.2410547388941868,1.4727003772096208,0.15430453566284394,0.5363348567135933,2.2593378916070117,355.9487996035425,4.051200396457504,19.767603785618604,39.15058483923031,0.5049120943350697,0.2665235909804662,0.5610788918756674,1.2555458917481477,1.437213935703688,0.1854157084207938,0.5795731371410203,0.1459924282522725,8.4570348480572405e-16,0.0,8.4570348480572405e-16,0.2651204038959979,4.0,0.052124709476699824,0.038721811422300516,0.6808300859334936,331.26966768791493,0.6054086544184569,4.0,0.011456408611138736,0.007600168700044813,0.06409440462553867,0.027511782709692525,0.9685084841010801,False,False,False,True,False,False,repeatable_but_nonelliptic
4300,6349,37.31635632672991,42.3967233197369,1015,0.2641087287712288,1.2529803780473197,1.4449319185537526,1.2529803780473197,1.4449319185537526,True,1.2529803780473188,1.4449319185537537,0.15654981879642882,0.7406536905769818,2.178257711284892,356.72189308902085,3.278106910979152,22.70496826338477,42.006015180346864,0.5405170703744264,0.2754060014662514,0.5761858194367109,1.243384451515456,1.4350592634279438,0.19119011895478316,0.6182447932456416,0.052129124202102646,5.3833101170170545e-15,0.0,5.3833101170170545e-15,0.10707498952409665,3.0,0.043498733173942594,0.08764238373167904,0.804035808122452,329.674492909155,0.6277341931666162,4.0,0.026645014514837247,0.036139807245706465,0.26030171823706544,0.11442631586559832,0.9742357877797869,False,False,True,True,False,False,center_unidentifiable
4400,6449,37.81717798549107,42.89754497849806,1015,0.27055160256410243,1.2479971735813935,1.4647163306404911,1.2479971735813935,1.4647163306404911,True,1.2479971735813917,1.4647163306404933,0.16147477699221968,0.695718647759461,2.1969629371590185,356.7628078440499,3.2371921559500696,20.579129659965812,39.404385649680975,0.5222548028770605,0.2746099768902912,0.5748735990116886,1.2486344033121335,1.4392593951661956,0.19426757745745407,0.5965096440783116,0.09412219128523835,1.0510225613982854e-14,0.0,1.0510225613982854e-14,0.18656234884405673,4.0,0.05397817009443481,0.06708313800999774,0.7742954745134792,332.028765743179,0.6750364110198862,4.0,0.018275883561377805,0.0241386206281735,0.1556162101398295,0.07541014420968047,0.9980020534930379,False,False,False,True,False,False,repeatable_but_nonelliptic
4500,6549,38.31799964425223,43.39836663725922,1015,0.2887523045710608,1.30060700912019,1.4449088652055675,1.737052678921397,0.8415088235909427,True,1.7370526789212999,0.8415088235910638,0.172968328983255,2.180479529341745,2.29162832693902,78.48182291662084,281.51817708337916,0.017876764372925347,4.011687071631321,0.004456171195241282,0.25983510393976617,0.5601085174883117,1.2533061817269526,1.419114894348584,0.20449837601432028,0.6985564327838586,2.6092207575928748,5.374827085762781e-13,2.579023182224,2.5790231822234637,2.5219200373426696,4.0,0.3145560901345517,0.6546344822674677,6.1722614918397,26.75684346399845,0.5949475203604416,3.0,0.1642512588479687,0.2048212804370014,2.733677429128323,0.1946825600245455,1.065140217916424,False,True,True,True,False,True,center_unidentifiable
4600,6649,38.818821303013394,43.899188296020384,1015,0.29608209151802506,1.30060700912019,1.6812949033475246,1.0522451430001465,1.6812949033475246,False,,,,,,,,,,,,,,,,,,,,,,,,,,,,,,,,0.7983800605095573,1.0921781003588449,False,False,False,False,False,False,fit_failed
4700,6749,39.319642961774555,44.400009954781545,1015,0.2979423637159289,1.4450368699482437,1.4449088652055675,1.4450368699482437,1.1971247214827103,True,1.4450368699482397,1.1971247214827145,0.16925004447389408,1.5144111189567322,2.3496836296404733,327.1090172990809,32.890982700919096,0.015395996232357316,10.768002988296304,0.0014297912295428556,0.250563635080636,0.547794666297744,1.2239187592519425,1.420870873982786,0.218768990514877,0.6781074577277075,1.0558150315626578,1.950532775498571e-14,0.8316512651390027,0.8316512651389886,1.0673746739482353,4.0,0.06288324013375653,0.08568235098869162,0.9618615393346851,340.78321975053757,0.5975011406938481,3.0,0.11268343270078816,0.1358292290781134,1.0321759372050492,0.9297666231995507,1.0990402126360184,False,False,True,True,False,True,center_unidentifiable
4800,6849,39.82046462053572,44.90083161354271,1015,0.3026630119608554,1.3724383132627482,1.2983721227273863,1.3724383132627482,1.2983721227273863,True,1.372438313262744,1.2983721227273914,0.17749091582569695,1.062976755059519,2.3285001005719517,347.877922107067,12.122077892933046,0.8145329450231765,17.092193946673408,0.0476552599136465,0.2476485327001359,0.5620210891479392,1.2338050912520848,1.4179115768106367,0.22919394883236816,0.6488913877755378,0.6048120296517058,2.1886477958283936e-14,0.0,2.1886477958283936e-14,0.6370991117356438,2.0,0.04946077810662608,0.09531641153203285,0.7096025764139854,325.8250696152461,0.5810844921722406,3.0,0.030372499979021233,0.047317089752157114,0.3468658410547168,0.5403190989438311,1.1164535881163526,False,False,True,True,False,False,center_unidentifiable
4900,6949,40.32128627929687,45.40165327230386,1014,0.3061408891142662,1.3203849859106371,1.3735850242951595,1.3203849859106371,1.3735850242951595,True,1.3203849859106345,1.373585024295162,0.17505925207157993,1.0558249223442502,2.324942470374219,355.82785270290526,4.172147297094759,10.617052521667492,28.680733472303203,0.37018064868948736,0.25670260239806886,0.5512196518710516,1.240513745926026,1.42272817463036,0.23173808363543105,0.634592185609701,0.3063256428147531,1.1807061442737478e-14,0.0,1.1807061442737478e-14,0.3115046249203911,4.0,0.08540446692312254,0.08775709050914786,1.0313389784268028,295.4952726511171,0.6005837355928294,3.0,0.19201560119442174,0.2567971806187297,2.0486969832977837,0.29877986926425276,1.1292826695485283,False,False,True,True,False,False,center_unidentifiable
5000,7049,40.82210793805804,45.90247493106503,1014,0.3061052177070506,1.313915718708771,1.3753713835355204,1.313915718708771,1.3753713835355204,True,1.3139157187087673,1.3753713835355255,0.1811330435260808,0.6933440236558349,2.3612137080565483,356.707549328928,3.2924506710720176,12.695559567406498,28.695542659069375,0.4424227037014754,0.25157512500053547,0.5613027261461172,1.2321405534861776,1.4185163923203488,0.2424585078534309,0.5988463020632769,0.3020497839267346,2.074656231761068e-14,0.0,2.074656231761068e-14,0.3385720078761778,4.0,0.042244161285180416,0.05114514048169686,0.5532132611823258,342.97715348137524,0.5931908014499938,4.0,0.03880156547058561,0.052236829391061536,0.3287654790114228,0.021925045281074123,1.1291510860084024,False,False,True,True,False,False,center_unidentifiable
5100,7149,41.32292959681919,46.40329658982618,1014,0.3240332381579102,1.287373737354257,1.412744135930277,1.287373737354257,1.412744135930277,True,1.2873737373542578,1.4127441359302764,0.1895903865137763,0.653637517646899,2.396978915131701,355.4135425188274,4.586457481172612,20.612944469021617,32.617487923969186,0.6319599019112092,0.24922647045912494,0.5506433147618217,1.242497073345354,1.4305668198954602,0.2530765308515929,0.5980632335714967,0.14901638373953952,2.907280378290007e-15,0.0,2.907280378290007e-15,0.22362989125692817,3.0,0.04044670760589818,0.054205684230940326,0.502396525249982,346.3093167471062,0.56775916254084,4.0,0.022872066702180536,0.03139180723951359,0.195519842316275,0.1414633937647635,1.1952833914741732,False,False,False,True,False,False,repeatable_but_nonelliptic
5200,7249,41.82375125558036,46.90411824858735,1014,0.3325225952494819,1.2755327087859285,1.442711540249918,1.2755327087859285,1.442711540249918,True,1.2755327087859303,1.4427115402499149,0.19666745711212838,0.6300429557152052,2.3494530712189214,355.6397457679653,4.360254232034716,16.092027740542026,32.40884096717466,0.4965320344791367,0.2544078701810661,0.5505224625091085,1.2430407948729114,1.4368776582468368,0.26105589789895206,0.5878880572160239,0.09927593839197409,1.0767273334803633e-14,0.0,1.0767273334803633e-14,0.1161224483724255,4.0,0.0299565015488935,0.07086857750599065,0.6339211041533475,343.3031332248826,0.5840953113820148,4.0,0.019502327634798974,0.035395431195201436,0.21261548351390028,0.09690159210633037,1.2265986589866504,False,False,False,True,False,False,repeatable_but_nonelliptic
5300,7349,42.324572914341516,47.404939907348506,1014,0.33800192511699023,1.2689940553325496,1.4489522370592225,1.2689940553325496,1.4489522370592225,True,1.2689940553325478,1.448952237059224,0.20211604995057533,0.6063825036749025,2.2655621178231953,356.2265382657788,3.773461734221217,18.03958781342154,33.43351460109,0.539566002218427,0.2596294973925678,0.5580728828235341,1.2390221026436308,1.4329563086498547,0.26513527595950326,0.584815332327671,0.10051226091763442,6.983293146827978e-15,0.0,6.983293146827978e-15,0.0749110066029466,4.0,0.089152660834312,0.15121965622821926,1.2439720684923392,145.30429168675616,0.5976854180346656,4.0,0.009813544650348246,0.01781572225837877,0.0901464711899027,0.026741921747635938,1.2468106348452794,False,False,False,True,False,False,repeatable_but_nonelliptic
5400,7449,42.82539457310268,47.90576156610967,1014,0.3381306068565262,1.263328547065638,1.4452994772423242,1.263328547065638,1.4452994772423242,True,1.263328547065641,1.4452994772423178,0.2042693314081349,0.560741084944949,2.2523538385627364,357.54003232009427,2.4599676799057586,15.508552741135576,33.449618476872814,0.4636391518742806,0.24009747418403413,0.546796928252439,1.2387082427157934,1.429598495683009,0.26428108642514225,0.579694581478357,0.08635919936384957,2.1146822487897076e-14,0.0,2.1146822487897076e-14,0.10474749542652001,4.0,0.04713369529571878,0.037565764265055666,0.4870925875954098,344.7736045066981,0.5734911795112109,4.0,0.009207264639645801,0.011779711999121433,0.06150582490928584,0.019935986330766996,1.2472853119090515,False,False,False,True,False,False,repeatable_but_nonelliptic
5500,7549,43.32621623186384,48.40658322487083,1014,0.3372184905660376,1.261446271008153,1.465223443561927,1.261446271008153,1.465223443561927,True,1.2614462710081542,1.4652234435619265,0.21230290056802784,0.49597663825028887,2.129758120576004,356.46156836809405,3.5384316319059765,16.123594250224194,36.28940393471243,0.4443058441861388,0.24884133657771537,0.5657165347315373,1.2404536587185189,1.4541964612617486,0.2626840830901495,0.5678882789878121,0.07031800243518088,3.5459111095872718e-15,0.0,3.5459111095872718e-15,0.11685417808045258,4.0,0.021430948776699016,0.030611811592153756,0.2969308934819717,345.9910523710193,0.6307263786159614,4.0,0.004854821202549495,0.01409072866890883,0.08510925663095935,0.05934633321204939,1.2439207266606,False,False,False,True,False,False,repeatable_but_nonelliptic
5600,7649,43.827037890625,48.90740488363199,1014,0.3420445407226985,1.2638325196686586,1.4633458248387596,1.2638325196686586,1.4633458248387596,True,1.2638325196686582,1.4633458248387603,0.2128753861073751,0.49235446025907365,2.054181636487914,356.3990811191646,3.6009188808354304,15.963525987791938,38.46677720787021,0.4149951502702399,0.25781828161742815,0.5629534656785673,1.24865353541802,1.447218361408567,0.25715034180122875,0.5555750158463967,0.06474934135133988,2.340610982434592e-15,0.0,2.340610982434592e-15,0.052048717352996744,4.0,0.021831827144863387,0.015692221915797226,0.21158331426799606,347.37061851481974,0.5794534041621183,4.0,0.005602689837470534,0.004111902651978363,0.02699669883706047,0.008877163006410348,1.2617229053243424,False,False,False,True,False,False,repeatable_but_nonelliptic
5700,7749,44.32785954938616,49.40822654239315,1014,0.337628203259005,1.267649252213165,1.4605914827856616,1.267649252213165,1.4605914827856616,True,1.267649252213166,1.4605914827856614,0.21009225516861427,0.4844818233424679,2.0552555443298695,356.1103373655322,3.8896626344678356,12.758955142527142,38.490488552840105,0.331483325419773,0.25962484185836215,0.5638233288723223,1.2555685522918982,1.4401586478362025,0.25227658118558627,0.5706808574195212,0.07030507611099014,2.711602143622252e-15,0.0,2.711602143622252e-15,0.06715657170264788,4.0,0.026180741313795445,0.04009423763371267,0.3509697746451649,347.75776338149893,0.5911315205058467,4.0,0.0065516078912143385,0.013515444617123513,0.07206294079193672,0.01394074113721084,1.2454320616704406,False,False,False,True,False,False,repeatable_but_nonelliptic
5800,7849,44.82868120814732,49.90904820115431,1014,0.34696658712471606,1.263988543267025,1.4644346721076664,1.263988543267025,1.4644346721076664,True,1.2639885432670233,1.4644346721076675,0.20871753517107272,0.48296684274681806,2.170378659387308,357.338173557487,2.6618264425129965,10.127412689878591,35.21546773036594,0.2875842163284921,0.24209094652361549,0.5388968483589458,1.2559383380025912,1.45243510191134,0.257816684715408,0.5433071676136325,0.041645962358041716,6.037366971548622e-15,0.0,6.037366971548622e-15,0.06715985232283181,4.0,0.023295503195005323,0.031339038113408026,0.3103465498451397,349.14494643656445,0.5769152497932473,4.0,0.007750017391383549,0.013030758111193148,0.07143139802040811,0.01529722524986043,1.279879191851744,False,False,False,True,False,False,repeatable_but_nonelliptic
5900,7949,45.329502866908484,50.409869859915474,1014,0.34777782566270943,1.258558399333798,1.4591454066293108,1.258558399333798,1.4591454066293108,True,1.2585583993337972,1.4591454066293115,0.20770071268014484,0.48988526382950626,2.21840753979009,356.71041117352513,3.2895888264748674,4.686453082869873,34.71407767009972,0.13500151516070544,0.23784367077156823,0.5352875062384282,1.2437179796206652,1.445616900046948,0.2547265855864711,0.5457948075194204,0.057741744793651885,3.1923341360524256e-15,0.0,3.1923341360524256e-15,0.060726520556576305,4.0,0.02359527994475434,0.023826995037075648,0.20428772950862983,345.89775261647236,0.5605102111128414,4.0,0.011685776412785204,0.007511881402397792,0.060824348595202714,0.021796736575935824,1.2828716624899406,False,False,False,True,False,False,repeatable_but_nonelliptic
6000,8049,45.83032452566964,50.91069151867663,1014,0.34881170374115256,1.2788715388845582,1.4480031894994243,1.2788715388845582,1.4480031894994243,True,1.2788715388845582,1.4480031894994232,0.21272842907218556,0.47470928775900767,2.245986054053684,354.8855897901895,5.114410209810527,3.9278402910167034,33.85518961954767,0.11601885368702247,0.2390754767277862,0.5403997929046133,1.2585714075849066,1.4521381161192934,0.2579107594339203,0.5395434182726403,0.059392997031274646,3.1828720559475115e-15,0.0,3.1828720559475115e-15,0.10350867386868193,4.0,0.020883831855757193,0.029329331595811886,0.24470799193228365,346.02909846415184,0.5956325979081957,4.0,0.01150843463504484,0.01551282621342077,0.07236988978506675,0.06642080541357784,1.286685398707242,False,False,False,True,False,False,repeatable_but_nonelliptic
6100,8149,46.33114618443081,51.4115131774378,1014,0.3352390404040404,1.286468621446374,1.4369414936290503,1.286468621446374,1.4369414936290503,True,1.2864686214463747,1.4369414936290525,0.21448067225299638,0.44428121221400724,2.2962970839410386,356.3356901289486,3.6643098710513775,1.9245582649964492,32.44445018258701,0.05931856616973472,0.22770241786892279,0.5410795779283931,1.2605401220794106,1.4452739089684985,0.25441596897873375,0.5346683465371942,0.08123894984115647,6.915106699008843e-15,0.0,6.915106699008843e-15,0.15850667991154013,4.0,0.022353808671588697,0.011389410233887495,0.16953410291042983,347.76954652097766,0.593174386090739,4.0,0.011537183687028189,0.008971107928336356,0.06148797058866744,0.04002895643475918,1.2366189945409676,False,False,False,True,False,False,repeatable_but_nonelliptic
6200,8249,46.83196784319196,51.91233483619895,1014,0.335972621414518,1.2861079793324068,1.4277604046130106,1.2861079793324068,1.4277604046130106,True,1.2861079793324068,1.4277604046130103,0.20893643280174948,0.4492482809886064,2.3448594918401575,356.1666930641789,3.8333069358210765,1.2792132736215212,33.78549209206131,0.037862798331775735,0.21961758114124869,0.5237302252705673,1.2633734890782118,1.4440591757007846,0.2503236381872245,0.5279050731670609,0.08326073182529564,6.609008912398132e-16,0.0,6.609008912398132e-16,0.19014520976882024,4.0,0.030019376282184033,0.013946854358846902,0.2511306661797671,345.80770621599453,0.5911072425441122,4.0,0.012293192508105743,0.004381429162963701,0.0631580071933603,0.027347970896511975,1.2393250045882993,False,False,False,True,False,False,repeatable_but_nonelliptic
6300,8349,47.33278950195313,52.41315649496012,1014,0.3338304170804366,1.282368391874232,1.4434098269165268,1.282368391874232,1.4434098269165268,True,1.2823683918742326,1.443409826916526,0.19727046446574067,0.4635804324654264,2.423905263706202,356.6683126833738,3.3316873166261782,4.958852093984545,33.85724681102648,0.14646353620134192,0.2152198186548234,0.5035969091567472,1.268621824079056,1.4509965813129782,0.245054004416686,0.5385084323696393,0.047033393276070444,2.8219581769964245e-15,0.0,2.8219581769964245e-15,0.13420647105195682,4.0,0.03543939963247035,0.08538415038535077,0.7430458948904727,343.4844678516236,0.5949149476997885,4.0,0.011789997348283085,0.022866699413421513,0.12310058828567741,0.04819820200882065,1.2314229101111158,False,False,False,True,False,False,repeatable_but_nonelliptic
6400,8449,47.833611160714284,52.913978153721274,1014,0.32629655788407186,1.298140590161752,1.4419160042369046,1.298140590161752,1.4419160042369046,True,1.2981405901617524,1.4419160042369046,0.1910021869084435,0.4607667266388267,2.566330670983104,355.70404566707674,4.295954332923283,2.489481892403439,31.686183992512856,0.07856679406367394,0.2255346024640125,0.4967894247036965,1.2747783521282692,1.460168590276329,0.24278353153884713,0.5338821365722617,0.09085939809018397,1.3609987574795094e-15,0.0,1.3609987574795094e-15,0.2503174535378826,4.0,0.028040433667640273,0.0601995315510673,0.49027622877723454,347.762281456477,0.5978707685147032,4.0,0.010694468545903427,0.013361764093630291,0.0820467649780615,0.04855332282329473,1.203632252515887,False,False,False,True,False,False,repeatable_but_nonelliptic
6500,8549,48.334432819475445,53.414799812482435,1014,0.3210450704783022,1.2924199206197726,1.4573537107663066,1.2924199206197726,1.4573537107663066,True,1.2924199206197717,1.457353710766308,0.18351129892784568,0.4579532913065125,2.8182679611767214,356.6171526678133,3.382847332186702,4.579676327441184,28.981181476625128,0.1580224164130416,0.21873113759510382,0.48806843218944596,1.2756597284243527,1.4671392943467834,0.23611773136902195,0.5419320003633371,0.06045186705005669,4.987419413134719e-15,0.0,4.987419413134719e-15,0.2633002741788123,4.0,0.025826718076854854,0.05198546711326228,0.37143607801229733,345.84362600227877,0.516547396533961,4.0,0.013372805254998475,0.022126836085660986,0.13473471347239083,0.05128115201744191,1.1842607346051433,False,False,False,True,False,False,repeatable_but_nonelliptic
6600,8649,48.83525447823661,53.9156214712436,1014,0.31316645021645007,1.288056148173475,1.471665915494892,1.288056148173475,1.471665915494892,True,1.288056148173475,1.4716659154948915,0.1805542343409485,0.426170749281487,2.67054795627528,356.8856071452467,3.1143928547533055,0.3387179651336376,30.176667024161137,0.011224498877309443,0.207839152150447,0.4983630230726842,1.2826648059529333,1.4674391157892521,0.23430266473356404,0.5305074760528906,0.021875660924733923,1.4180612563801875e-15,0.0,1.4180612563801875e-15,0.19393982590743425,4.0,0.047231716992853286,0.0639403862124539,0.6325160227985223,347.1451314964673,0.48755474948760646,4.0,0.014280550216130785,0.021934199989190942,0.1333934261918417,0.047778672850304606,1.1551983334753724,False,False,False,True,False,False,repeatable_but_nonelliptic
6700,8749,49.33607613699777,54.41644313000476,1014,0.3106949312291083,1.3115862455800698,1.4572024229780982,1.3115862455800698,1.4572024229780982,True,1.3115862455800698,1.4572024229780975,0.18059472014364888,0.43067830952048747,2.819310558492544,356.919808293459,3.080191706540965,0.2604401572205583,26.96848193273456,0.009657204950213901,0.19320795974329089,0.4919672539579517,1.292084993338671,1.467650343044224,0.23911670794513656,0.5321364098330077,0.07120713150050892,2.144012495279116e-15,0.0,2.144012495279116e-15,0.2780528876035206,4.0,0.024237152620322975,0.06861346680476392,0.5956864228395727,344.2230328612544,0.49446952388918597,4.0,0.009857534593539887,0.024021059897213967,0.13297399627008347,0.08889712438542935,1.1460814736924785,False,False,False,True,False,False,repeatable_but_nonelliptic
6800,8849,49.83689779575893,54.91726478876592,1014,0.29615973181178856,1.319171936414394,1.444272534585835,1.319171936414394,1.444272534585835,True,1.3191719364143932,1.444272534585835,0.1819802690637044,0.41351766821584746,2.980627212610188,356.81608875924934,3.1839112407506613,1.6254779181689516,24.932291364239056,0.06519568917361566,0.20052677054321014,0.520573658228655,1.2892204685150754,1.4624160472446883,0.24057624667063449,0.5558591984517336,0.11824107469935144,2.249238310353503e-15,0.0,2.249238310353503e-15,0.4344181917751403,4.0,0.05500649183488021,0.07939449613933734,0.8112231266167942,337.78495375257046,0.5201724589007468,4.0,0.010895243458473336,0.029614963350074935,0.18841097983075494,0.05061735123679445,1.0924644973783983,False,False,False,True,False,False,repeatable_but_nonelliptic
6900,8949,50.33771945452009,55.41808644752708,1014,0.27232013102362074,1.3219085161823108,1.4756669220356096,1.3219085161823108,1.4756669220356096,True,1.3219085161823103,1.4756669220356093,0.17597815752641202,0.38356159076190305,4.654581735024704,356.3765248918418,3.623475108158201,1.6255016120388162,21.980749737254815,0.0739511450459663,0.21150546964921763,0.5180692840960065,1.2940354549623305,1.4750519339092538,0.23850108293813052,0.5604173753704197,0.10237893469180152,1.823246885138977e-15,0.0,1.823246885138977e-15,0.6572451850576304,4.0,0.032441131933059836,0.05054044553146949,0.5217612768287291,245.51821051619953,0.5285858811245755,4.0,0.012247022927277649,0.02193078426233702,0.1282082442808051,0.1157220086845151,1.004525744417552,False,False,False,True,False,False,repeatable_but_nonelliptic
7000,9049,50.83854111328125,55.91890810628824,1014,0.27487002908770886,1.3175931376343066,1.4795179015339492,1.3175931376343066,1.4795179015339492,True,1.3175931376343073,1.4795179015339497,0.17742662449476382,0.3763842660227686,4.776554701404637,356.6288994509687,3.371100549031336,2.9430493630072543,22.16169624947144,0.13279892161131152,0.21129168171500276,0.509759887392952,1.2989436564397856,1.4750707716367548,0.237832300629139,0.5617334568688723,0.06975070718217687,2.912624599904565e-15,0.0,2.912624599904565e-15,0.6235425326759424,4.0,0.06256465241528678,0.04698443810997188,0.7493297776404758,301.7209658749779,0.5415663172261077,4.0,0.013060638751118597,0.00956270720295036,0.07636658987532037,0.02104200547112603,1.013931726418915,False,False,False,True,False,False,repeatable_but_nonelliptic
7100,9149,51.33936277204241,56.419729765049404,1014,0.26977753441802266,1.327639002188286,1.4838343918171284,1.327639002188286,1.4838343918171284,True,1.3276390021882865,1.4838343918171284,0.16613757944361335,0.3994661087139333,5.259237522248075,355.9590350796023,4.040964920397716,8.740781935758791,19.446612879688818,0.44947580279587795,0.22490843144029316,0.5200800799218135,1.3012379239124616,1.4809229307309055,0.23541724875491585,0.5687935702797198,0.0984556716992628,1.6461311754815822e-15,0.0,1.6461311754815822e-15,0.7022236633248529,4.0,0.20692974478824294,0.15709083005633598,2.527435051981051,68.78062056975256,0.5322791535166799,4.0,0.020097906551736894,0.020262975671656053,0.1595065194151339,0.04052954261830931,0.9951466958015301,False,False,False,True,False,False,repeatable_but_nonelliptic
7200,9249,51.84018443080357,56.92055142381056,1014,0.26977753441802266,1.3290540074352386,1.4927418806581954,1.3290540074352386,1.4927418806581954,True,1.3290540074352384,1.492741880658195,0.1630016739622846,0.4075530612817414,4.527938208010518,354.9605153068079,5.039484693192109,9.501321172405833,18.676302403653555,0.5087367385177451,0.22736270452255522,0.5133615116569493,1.298717068352926,1.4737871098033837,0.24075874046541554,0.566578477440448,0.13259696278538896,1.8404306041292266e-15,0.0,1.8404306041292266e-15,0.6213295831132187,4.0,0.10891399233639394,0.0600056594923298,1.069919162974591,93.26874625440576,0.5692164971686812,4.0,0.016392367909849524,0.023453528146364554,0.16725118094218805,0.03343191431227296,0.9951466958015301,False,False,False,True,False,False,repeatable_but_nonelliptic
7300,9349,52.34100608956473,57.42137308257172,1014,0.25842334800452016,1.3376975198296166,1.4744330657174969,1.3376975198296166,1.4744330657174969,True,1.3376975198296162,1.474433065717496,0.16601926904657496,0.3606450949222803,4.392841951394287,355.519447608367,4.480552391633016,11.705809477585136,18.830125224368874,0.6216532995986743,0.20375169848989366,0.49784804450713643,1.3007210401140945,1.4706826508333335,0.23577751943363298,0.5138275518547011,0.1438190089364377,3.842584924956317e-15,0.0,3.842584924956317e-15,0.658060943969602,4.0,0.21496001357081532,0.1478589005514392,2.4266779834524757,60.466112107231936,0.4948453269577621,4.0,0.0033183877751238483,0.007253683873200965,0.049043745171618996,0.07834646401593236,0.9532637379885804,False,False,False,True,False,False,repeatable_but_nonelliptic
7400,9449,52.84182774832589,57.92219474133288,1014,0.2661927167276191,1.3310579401531986,1.4697239391103638,1.3310579401531986,1.4697239391103638,True,1.3310579401531981,1.4697239391103631,0.17219664360408796,0.36436847818997803,3.3227319533789714,355.77985883086194,4.220141169138046,16.65183071969505,21.57246988107523,0.7719019106988355,0.2068985420036312,0.5004464526790335,1.301306157729026,1.4668638881340945,0.23748385519782397,0.5294394982372214,0.11228306917786904,3.0075699227960048e-15,0.0,3.0075699227960048e-15,0.49355363418214987,4.0,0.02399677078501893,0.06110283327128088,0.5811063720685992,250.68363943264382,0.5361540277818349,4.0,0.01424388717902041,0.021621697549570468,0.1240879505660253,0.03057941635895444,0.9819231355545593,False,False,False,True,False,False,repeatable_but_nonelliptic
7500,9549,53.34264940708705,58.42301640009404,1014,0.26223463200337416,1.3269237939745104,1.455137604323205,1.3269237939745104,1.455137604323205,True,1.3269237939745109,1.4551376043232052,0.178795159368888,0.33321969485976854,3.914614178516139,355.22374154702084,4.776258452979148,15.054062799469785,20.071446212715394,0.7500238218974444,0.18257745381122403,0.46670214725553516,1.2996755191144023,1.4625536237967043,0.2393688054278229,0.4855478623206441,0.10768767358316106,1.8933686479788304e-15,0.0,1.8933686479788304e-15,0.5290676095564557,4.0,0.06307456160664188,0.036407610449631644,0.6648601853555702,285.48880881150023,0.5292471658233903,4.0,0.007374072469472907,0.005837862475870244,0.04764523930397274,0.05781418480409467,0.9673226798734292,False,False,False,True,False,False,repeatable_but_nonelliptic
7600,9649,53.84347106584821,58.9238380588552,1014,0.2652038380452063,1.3269641829467242,1.4538993075354527,1.3269641829467242,1.4538993075354527,True,1.326964182946724,1.4538993075354525,0.17675199889111767,0.33820555609815567,3.7639508067832694,354.6676000616929,5.33239993830711,10.189318342198925,17.60810717391429,0.578671985668851,0.1877033627836314,0.484540543117208,1.2977859978390622,1.4664438287401034,0.2367560366683877,0.4859787314067108,0.11975895181266821,1.1840646577793034e-15,0.0,1.1840646577793034e-15,0.5403593527064716,4.0,0.2849981990142484,0.19135157527812177,3.0766621134099954,46.13878779640254,0.542848866133154,4.0,0.00944835448138805,0.002795585322569114,0.04807063365018809,0.004671709490757425,0.9782753916626352,False,False,False,True,False,False,repeatable_but_nonelliptic
7700,9749,54.344292724609375,59.424659717616365,1014,0.267269082819408,1.3205687817195575,1.4466263383655271,1.3205687817195575,1.4466263383655271,True,1.3205687817195586,1.4466263383655267,0.17444486769707218,0.34420471924061175,3.7227918098283492,355.7568128441557,4.243187155844276,14.368235232070676,21.092807750924578,0.6811912099014349,0.2007420214195963,0.49365766746705686,1.2854701188437747,1.4689984746927198,0.22768788828418843,0.4899401834452774,0.15573239100659989,4.473943560708523e-15,0.0,4.473943560708523e-15,0.6110919530939634,3.0,0.013872102505321312,0.011124039136463738,0.13613740848641426,344.47424410130066,0.5484134567705898,4.0,0.012752270662493423,0.004901107580380119,0.08181441802615594,0.036236504743330886,0.9858936001895305,False,False,False,True,False,False,repeatable_but_nonelliptic
7800,9849,54.845114383370536,59.925481376377526,1014,0.28106951882290554,1.3129111884680746,1.4407334363513344,1.3129111884680746,1.4407334363513344,True,1.3129111884680749,1.4407334363513347,0.17900059171749674,0.3483507798090331,2.931387866404643,354.5491602140502,5.45083978594982,15.317279790105632,23.60340645280925,0.6489436099289214,0.19775311741347207,0.49517851138758257,1.2891182106560715,1.4584528595820756,0.22731936668206157,0.47846177356345204,0.10554757304195456,1.117227129614897e-15,0.0,1.117227129614897e-15,0.32867863998534125,4.0,0.1926050734757704,0.10756396816734458,1.867176371637414,73.1843705916582,0.5198299824858069,4.0,0.00883594429909853,0.006917668865305555,0.05672439943376391,0.03437782266655024,1.036800204844835,False,False,False,True,False,False,repeatable_but_nonelliptic
7900,9949,55.3459360421317,60.42630303513869,1014,0.2836789586995847,1.305987640179367,1.4495683914962787,1.305987640179367,1.4495683914962787,True,1.3059876401793675,1.4495683914962783,0.17794177883956294,0.35644650883835716,2.7056586068104336,355.2654534137236,4.734546586276399,15.971039946126616,25.67611224975313,0.6220194003973547,0.2018433024939919,0.4958137594757351,1.2952939950482323,1.4564927250099504,0.2232276268830293,0.4864725710334092,0.044908931850140284,2.2139004822652345e-15,0.0,2.2139004822652345e-15,0.20117749115213562,4.0,0.027107627877848095,0.017933644170163,0.2567558009070073,331.7488074433915,0.5177036720855399,4.0,0.007564476339223807,0.005646631690335218,0.047840244048995895,0.03956801652968979,1.046425822770256,False,False,False,True,False,False,repeatable_but_nonelliptic
8000,10049,55.84675770089286,60.92712469389985,1014,0.27988537702000615,1.299521910459877,1.444603114596669,1.299521910459877,1.444603114596669,True,1.2995219104598763,1.4446031145966687,0.16741024957787723,0.3799673513297786,2.538417429140866,355.64145840942416,4.358541590575816,18.032004992138745,28.52129779089006,0.6322294702136001,0.2165286590030694,0.4999325890707113,1.2942669411531573,1.4524738981650047,0.21388649231127974,0.5065005190017101,0.033813208125159304,2.50876519949504e-15,0.0,2.50876519949504e-15,0.1386009968785369,4.0,0.010634323298893505,0.014047073140782655,0.14995580164697433,342.2626001617762,0.4951290546545386,4.0,0.005671098895566572,0.005793159167624163,0.035073795658690766,0.02912720207001104,1.0324321806316332,False,False,False,True,False,False,repeatable_but_nonelliptic
8100,10149,56.34757935965402,61.42794635266101,1014,0.2739859808533589,1.2888428101632523,1.4555687956954042,1.2888428101632523,1.4555687956954042,True,1.2888428101632525,1.4555687956954046,0.16969333008090878,0.3825695948844665,2.3597941588309252,355.69346400283183,4.306535997168165,18.645877729981116,31.516409572481844,0.5916244262246652,0.22196958427613203,0.5282763640107826,1.2989938444056426,1.4450953187096427,0.21100314074020793,0.5171877837310779,0.053234526366343037,1.812161443819244e-15,0.0,1.812161443819244e-15,0.14885509132381292,4.0,0.07594359214877273,0.07368491235178908,0.9671896804014642,283.3682033517599,0.5370419376153327,4.0,0.008337011837182214,0.01351501727982261,0.09125434176677981,0.055866045087090185,1.0106706777135792,False,False,False,True,False,False,repeatable_but_nonelliptic
8200,10249,56.84840101841518,61.92876801142217,1014,0.2729453914141413,1.2820536895013823,1.4552804717977486,1.2820536895013823,1.4552804717977486,True,1.282053689501383,1.4552804717977492,0.16481218846270212,0.38879372208755436,2.364857243988716,355.6450874256739,4.354912574326058,22.191051398158702,34.785563410339066,0.6379385360641596,0.22219381956458248,0.5205209842551815,1.2897498622307373,1.44476448022821,0.20594604224267354,0.5065435810242492,0.04774358346295168,3.451443053606572e-15,0.0,3.451443053606572e-15,0.11271512436095499,4.0,0.013598778666545465,0.016847246072511094,0.17944813515483427,348.11697162348975,0.5324972144509441,4.0,0.0061226565784044005,0.0078094292995566,0.04856815816422392,0.024895969897275386,1.0068321848444184,False,False,False,True,False,False,repeatable_but_nonelliptic
8300,10349,57.34922267717634,62.42958967018333,1014,0.2720360335280517,1.280970265430548,1.4536577582082653,1.280970265430548,1.4536577582082653,True,1.2809702654305493,1.4536577582082642,0.16368611987687556,0.4000058149421829,2.3233301235467927,356.0459112270127,3.954088772987293,22.886696187381766,34.76110640676088,0.658399531924289,0.23501721982201068,0.5269136808691495,1.28549689670243,1.4460629550193387,0.20301970718905568,0.5086129394916754,0.03250106436180261,6.374978274610513e-15,0.0,6.374978274610513e-15,0.09128592451709683,4.0,0.010780054896976655,0.017801568270348383,0.18954896323788578,347.3258772997524,0.5346079713365198,4.0,0.004958369126355205,0.011514248680306729,0.06734668853945504,0.007172414999104145,1.0034777747094334,False,False,False,True,False,False,repeatable_but_nonelliptic
8400,10449,57.8500443359375,62.93041132894449,1014,0.2666949311582465,1.2818066942112825,1.4532868105419925,1.2818066942112825,1.4532868105419925,True,1.281806694211282,1.4532868105419925,0.1627607975803884,0.3856345756956328,2.324164133826376,357.0137234690835,2.9862765309165074,20.124495910415614,34.34670959077943,0.5859220912333958,0.2347118419154637,0.5306319081475394,1.2855960879535022,1.442379399832876,0.2011227618702245,0.5078465079151719,0.04329632064417012,1.665158043767083e-15,0.0,1.665158043767083e-15,0.08846157039641564,4.0,0.038796034759429616,0.035421648234542844,0.5016016776495404,343.09583039835746,0.5452044673234004,4.0,0.004495660016933709,0.011013723588245612,0.0726286243997717,0.0034308664305810824,0.9837756880004137,False,False,False,True,False,False,repeatable_but_nonelliptic
8500,10549,58.35086599469866,63.43123298770565,1014,0.25547889790597933,1.2913876328598723,1.4273612860139362,1.2913876328598723,1.4273612860139362,True,1.2913876328598723,1.4273612860139364,0.15589970160402766,0.3942221392613548,2.356710894277364,355.13425160055937,4.865748399440655,19.64102300189236,35.85188439741821,0.5478379541831492,0.2273939272535226,0.5377079845802862,1.2800541247250181,1.429006548937325,0.1934201991711184,0.5085823182232401,0.04482681503581596,8.69130901788795e-16,0.0,8.69130901788795e-16,0.04507419277004545,4.0,0.0263126991670121,0.028815040677230196,0.4078656887293031,347.3450128881371,0.536088597813984,4.0,0.010989936777187573,0.012238066643650979,0.10523851665508702,0.10818597287761665,0.9424023451271011,False,False,False,True,False,False,repeatable_but_nonelliptic
8600,10649,58.85168765345982,63.93205464646681,1014,0.25555318567503094,1.2981716910870431,1.4156201677412064,1.2981716910870431,1.4156201677412064,True,1.298171691087043,1.4156201677412064,0.15793505948986397,0.38735330941096946,2.3038911844333763,356.4848015250228,3.5151984749771708,17.24879558346009,35.57443260442219,0.48486495273900515,0.2338940078792227,0.537009073995342,1.2783780376922804,1.4234661831658466,0.19517365525109956,0.5063630521483434,0.08331724004756386,8.68878250680036e-16,0.0,8.68878250680036e-16,0.023829124766020348,4.0,0.08453973579984138,0.0964662179350826,1.2725217725694884,282.87565718417966,0.5836396115259611,4.0,0.010297789279541643,0.015070387074542274,0.10048883297777439,0.05306189611218106,0.9426763754612787,False,False,False,True,False,False,repeatable_but_nonelliptic
8700,10749,59.35250931222098,64.43287630522798,1014,0.26106991781930766,1.2923724084423265,1.4272791586482148,1.2923724084423265,1.4272791586482148,True,1.292372408442325,1.4272791586482156,0.16325673893594644,0.38753363745552855,2.206933153085727,357.37694765419985,2.623052345800143,18.98370743887545,34.84419505385907,0.544816931759569,0.24388611054621737,0.5436891681022815,1.281182220246545,1.427302906489911,0.20220357390461982,0.5109768957688591,0.042862898521909075,6.85709350000159e-15,0.0,6.85709350000159e-15,0.051628289679313974,4.0,0.032918196425473625,0.0309433312511877,0.4793100270193235,346.09284801811026,0.5544349856249507,4.0,0.005858608461132851,0.005431546306983152,0.040425201357774394,0.049878073576467896,0.9630263196359938,False,False,False,True,False,False,repeatable_but_nonelliptic
8800,10849,59.85333097098214,64.93369796398913,1014,0.25953808063749606,1.2998174586370972,1.436656473891469,1.2998174586370972,1.436656473891469,True,1.2998174586370965,1.4366564738914693,0.1607391751393484,0.4054110219161622,2.450387396668423,356.6902190687175,3.30978093128251,17.41565967852818,33.526797072347094,0.5194549196258481,0.24766743514587106,0.5297881218849789,1.2854843968999932,1.431354707944575,0.2003469495004152,0.5141541179781708,0.058882271107059035,2.705447662981201e-15,0.0,2.705447662981201e-15,0.1398691718900787,4.0,0.012978338363271336,0.03474369216788792,0.37593306710973357,347.30599745065007,0.5680218148979949,4.0,0.014577711796320674,0.020736443211384174,0.16825236311286348,0.046133581250693424,0.9573757278872248,False,False,False,True,False,False,repeatable_but_nonelliptic
8900,10949,60.354152629743304,65.4345196227503,1014,0.24893799557440532,1.3117618350722182,1.4132900689911183,1.3117618350722182,1.4132900689911183,True,1.3117618350722182,1.4132900689911188,0.1644963039733861,0.38733588582376055,2.4035784984236677,356.7855264746674,3.21447352533263,15.230436691574853,32.63605470101946,0.46667517967786404,0.24497042322336726,0.5673363333284529,1.280085402407927,1.4224020433647302,0.20135393339947136,0.5247833179574535,0.13240627868245722,1.7839350269747327e-15,0.0,1.7839350269747327e-15,0.2439664091076582,4.0,0.04131780781007652,0.033118797432508056,0.5092301999606922,347.0529632501865,0.583652327341489,4.0,0.008063030715359677,0.0100440944718478,0.0669541918530759,0.10541691361750875,0.9182744748918412,False,False,False,True,False,False,repeatable_but_nonelliptic
9000,11049,60.854974288504465,65.93534128151146,1014,0.25640415161096053,1.3054542436116252,1.421544897785097,1.3054542436116252,1.421544897785097,True,1.3054542436116252,1.421544897785096,0.17327381498524275,0.3717503987466342,2.3079238278523313,356.72487891678776,3.275121083212262,15.297183574682869,34.60689087815877,0.4420270988382052,0.24607082018662305,0.5703749399074975,1.282822025661164,1.4199969892717763,0.20828272585012259,0.5265133480054013,0.08847395760743064,4.329972887138297e-15,0.0,4.329972887138297e-15,0.18539602242220798,4.0,0.026894741748917213,0.02927122260160995,0.42508049609213894,344.2020316779208,0.6267144529826365,4.0,0.006257170182472391,0.006288686252959877,0.052781801907220004,0.040517424132531704,0.9458153912477741,False,False,False,True,False,False,repeatable_but_nonelliptic
9100,11149,61.35579594726563,66.43616294027262,1014,0.2530053922636174,1.3030585690848795,1.4134327560905149,1.3030585690848795,1.4134327560905149,True,1.3030585690848797,1.4134327560905149,0.17814796317376436,0.3462901640817014,2.201448713335984,356.77897700678733,3.221022993212648,18.738303706882483,33.72210721979845,0.5556682322592555,0.23587488543652474,0.5827094372890331,1.2816232822662739,1.4126579592532127,0.2097412548334666,0.5281115807232983,0.08477797609064133,8.77627954639296e-16,0.0,8.77627954639296e-16,0.15507798104922363,4.0,0.014681508765419772,0.022998066161161033,0.2753960635930305,338.7084024423118,0.5823006279846722,4.0,0.008039454242633984,0.008490529217823775,0.0643602287354909,0.033432065052595036,0.9332781570350386,False,False,False,True,False,False,repeatable_but_nonelliptic
9200,11249,61.85661760602679,66.93698459903378,1014,0.2603646006879483,1.3032125084431598,1.4052864240338931,1.3032125084431598,1.4052864240338931,True,1.3032125084431598,1.4052864240338938,0.18743322967411102,0.33145299413597107,2.2478618935973653,356.8642542961611,3.1357457038388694,17.618175715084632,30.44324955041426,0.5787219161971784,0.2220996464448293,0.5707270703994926,1.284155747120271,1.400339053913695,0.2182313917928503,0.5340941650228092,0.07561891885661774,2.5584653713100857e-15,0.0,2.5584653713100857e-15,0.05000806899489939,4.0,0.029555073228690092,0.018670219868667553,0.31529263763086657,343.8514877122642,0.6116015102018002,4.0,0.006305823881221919,0.006174633197465391,0.055841901629402335,0.03129375646132125,0.9604245684772896,False,False,False,True,False,False,repeatable_but_nonelliptic
9300,11349,62.35743926478795,67.43780625779495,1014,0.2991432831181252,1.28571268941068,1.4343578580667509,1.28571268941068,1.4343578580667509,True,1.28571268941068,1.4343578580667509,0.19447737626234995,0.35943745417963907,2.426698156159068,357.075397683363,2.924602316636992,14.324941714965908,28.14158024568277,0.5090311769952404,0.21301925155298213,0.5070884245500052,1.2788804506866875,1.4135688901285,0.2315270769456777,0.4846561821717172,0.07315185279473033,0.0,0.0,0.0,0.05076587798729941,4.0,0.019952732465552275,0.035825902266142656,0.34174752334946684,347.2262129726682,0.5377392967057777,4.0,0.009317594045452876,0.011498079975159206,0.0856666743581167,0.11343115056380795,1.1034701255181183,False,False,False,True,False,False,repeatable_but_nonelliptic
9400,11449,62.85826092354911,67.9386279165561,1014,0.3013604494705241,1.2897557337650256,1.4339664745419625,1.2897557337650256,1.4339664745419625,True,1.289755733765025,1.4339664745419622,0.19909878475046272,0.34947591697275066,2.39396728424285,356.3018846385665,3.6981153614335023,14.035382423640762,25.815152232021582,0.5436877651347343,0.20328621473566258,0.5055561750597283,1.2835858053384348,1.420664902725483,0.23676179186704827,0.4662760180117849,0.04865559668842042,2.3299895356176086e-15,0.0,2.3299895356176086e-15,0.05723244223683463,4.0,0.01912927802708272,0.03145874485337698,0.2999131780135867,339.4900150262364,0.4854070687564791,4.0,0.007908333173735098,0.010676583736385581,0.07806628643336146,0.013478689604878153,1.1116487374784947,False,False,False,True,False,False,repeatable_but_nonelliptic
9500,11549,63.359082582310265,68.43944957531725,1014,0.30217761324041803,1.2880233178654217,1.437206804955088,1.2880233178654217,1.437206804955088,True,1.288023317865422,1.4372068049550877,0.20360068906214052,0.34637161735492183,2.4204438164361743,356.2805383191674,3.7194616808325986,14.113421153603323,25.759023154529807,0.5479020329667056,0.1910201958652929,0.49509334790127957,1.2852616922757227,1.4286515302573604,0.2410169819487075,0.43990234335237394,0.029750567780557315,1.0391851612346814e-15,0.0,1.0391851612346814e-15,0.11619381456052627,4.0,0.021212257076376372,0.025721808303214563,0.2839745153484884,338.9688286625236,0.532776346353846,4.0,0.005566890240179875,0.013791285274672504,0.07757159397855529,0.012159641729587237,1.1146630649216338,False,False,False,True,False,False,repeatable_but_nonelliptic
9600,11649,63.859904241071426,68.94027123407842,1014,0.3021465434910374,1.2879017795097596,1.4409588083087113,1.2879017795097596,1.4409588083087113,True,1.2879017795097603,1.4409588083087113,0.20979977881655454,0.3405822818283335,2.3454623327374162,355.85419396738064,4.1458060326193396,18.160143471930596,27.112812533821394,0.66979932271051,0.17810896797498282,0.4910942443817839,1.2870073488266882,1.4336742429572262,0.24650225504232948,0.42168810708228865,0.024290435036141457,2.2046713064412518e-15,0.0,2.2046713064412518e-15,0.08928889655431294,4.0,0.008936388781183757,0.0173875367695441,0.13927033912308573,341.9032299393094,0.48956875327919996,4.0,0.004012588583435177,0.004309127589487849,0.02973178108024062,0.012424339810186898,1.1145484558289895,False,False,False,True,False,False,repeatable_but_nonelliptic
9700,11749,64.36072589983259,69.44109289283958,1014,0.300674342105263,1.2874806291000014,1.4440615049188652,1.2874806291000014,1.4440615049188652,True,1.2874806291000014,1.4440615049188654,0.20467737767364494,0.3433568048592752,2.5217163199911115,356.77966697367395,3.220333026326059,21.64047635754554,28.089096283268674,0.7704226629190536,0.18405254766694648,0.488346294401757,1.2853888117899157,1.4354300183758504,0.24202727322086892,0.4315625327073666,0.029538081906853968,7.384887029944703e-16,0.0,7.384887029944703e-16,0.08494902708735809,4.0,0.016274375060742974,0.035804587900551174,0.3195394328919624,341.5275270349999,0.5145503377482888,4.0,0.005487962714770223,0.014441687627251376,0.07985657161311426,0.010413755148029993,1.109117846687393,False,False,False,True,False,False,repeatable_but_nonelliptic
9800,11849,64.86154755859374,69.94191455160073,1014,0.30024925662821955,1.2859772626981876,1.4437180072702576,1.2859772626981876,1.4437180072702576,True,1.2859772626981876,1.4437180072702576,0.20449421877975132,0.3405452694061522,2.685565543937012,357.0576513837076,2.942348616292434,22.683163329554795,28.49906735845941,0.795926513813503,0.17613531467089394,0.48680374669035953,1.2871346978401776,1.4407803759418212,0.24507482188652477,0.4398897005654539,0.01051601339893073,0.0,0.0,0.0,0.18629045655008922,4.0,0.013615616459319907,0.017732856827819322,0.16368876673224597,342.03172845756285,0.5448209717218715,4.0,0.0055842309050337735,0.0044159870576269715,0.030659834066695865,0.005136097065191889,1.107549805045877,False,False,False,True,False,False,repeatable_but_nonelliptic
9900,11949,65.36236921735491,70.4427362103619,1014,0.2981982355005782,1.290045563270646,1.4473902708738688,1.290045563270646,1.4473902708738688,True,1.2900455632706467,1.4473902708738684,0.2047848153052618,0.3310941469753182,2.685999437731009,357.1582481685163,2.8417518314837125,21.14002359835923,27.460872819780658,0.769823440685819,0.16911614320368584,0.4737066269450935,1.291438848187431,1.4517343473393554,0.24593030825648293,0.4263973345329308,0.015298694657197088,2.684768429811154e-15,0.0,2.684768429811154e-15,0.20323997319664408,4.0,0.008687713078250241,0.013755849018522818,0.12321170177239066,345.7572460592243,0.49614789946382787,4.0,0.004491628031899549,0.0035373922208180785,0.028328140025419554,0.01837893071076474,1.0999840642491332,False,False,False,True,False,False,repeatable_but_nonelliptic
10000,12049,65.86319087611608,70.94355786912307,1014,0.29861280487804875,1.2892962402557155,1.447845592256809,1.2892962402557155,1.447845592256809,True,1.2892962402557153,1.4478455922568094,0.20111093670946575,0.3346393601926588,2.4608422770234823,356.7173643111763,3.2826356888236674,21.45133810095495,26.93432521628868,0.7964312426131298,0.1640354630859262,0.47603136065730445,1.2883731737860444,1.4555547065673327,0.24499299233883373,0.42766923584642724,0.026000828284690098,1.6627111180052186e-15,0.0,1.6627111180052186e-15,0.17357073591141395,4.0,0.0185152445635188,0.03582788005836986,0.3270697087653706,338.95877256846796,0.4414844436517916,4.0,0.0055831284963770095,0.01513710780319137,0.08891900856074858,0.0029362902199167704,1.10151331444063,False,False,False,True,False,False,repeatable_but_nonelliptic
10100,12149,66.36401253487723,71.44437952788422,1014,0.29640055352181016,1.2978850661970078,1.45065401685063,1.2978850661970078,1.45065401685063,True,1.2978850661970092,1.450654016850629,0.19958863724386547,0.3371605284764572,2.5691214053495033,356.60493254916764,3.3950674508323573,22.967611930141356,28.182571586995174,0.8149579912977049,0.1635702381168263,0.47074460728109935,1.2948581673656157,1.4602232701024533,0.24253117198867494,0.42398958389239266,0.03386150677361252,5.402103329327513e-15,0.0,5.402103329327513e-15,0.19414572191541396,4.0,0.01836456508384806,0.004513886219325214,0.17556152734724742,346.69310987729153,0.43881041468105525,4.0,0.004944415303349288,0.006369350810887636,0.04574785580580398,0.03048687142928519,1.0933528327600759,False,False,False,True,False,False,repeatable_but_nonelliptic
10200,12249,66.86483419363839,71.94520118664538,1014,0.2784027173913044,1.292352863092243,1.4676302539169124,1.292352863092243,1.4676302539169124,True,1.292352863092243,1.4676302539169122,0.19506140644225356,0.32140681858763887,2.7584085349522165,355.36215063231936,4.637849367680655,27.361154628899325,32.65254814700416,0.8379485271935717,0.18316150798765657,0.4943067194985865,1.2944025062403006,1.4780724115984103,0.23220834585072322,0.4525283258718607,0.03822309710628779,7.97566227103093e-16,0.0,7.97566227103093e-16,0.2754432169401775,4.0,0.01587975481829778,0.005744251768465979,0.14786407877774987,337.3941550845982,0.46937927419627395,4.0,0.00597686436051203,0.0036211785806917946,0.04025250715999296,0.06413339836629131,1.0269629934597517,False,False,False,True,False,False,repeatable_but_nonelliptic
10300,12349,67.36565585239956,72.44602284540655,1014,0.26652780666757603,1.312147004350446,1.4727433938960617,1.312147004350446,1.4727433938960617,True,1.3121470043504455,1.4727433938960615,0.1947407041419863,0.3063391318406814,2.4983283201827744,356.89848918076905,3.101510819230967,28.084941073007535,32.53124552468714,0.8633220345558114,0.17974670093550105,0.49038702387823974,1.3051939631215514,1.4788883895483877,0.2266749976254302,0.4572518368011393,0.03481557413367132,1.8628706582526207e-15,0.0,1.8628706582526207e-15,0.20206211594194046,4.0,0.013779199932162364,0.019069498879709153,0.21958933145128445,342.3153422349396,0.4946830332308691,4.0,0.007066585760276151,0.004414325348765872,0.047990285068297694,0.0767044918675448,0.9831592045521644,False,False,False,True,False,False,repeatable_but_nonelliptic
10400,12449,67.86647751116072,72.94684450416771,1014,0.26610020885547214,1.3098330666392073,1.469896202901219,1.3098330666392073,1.469896202901219,True,1.3098330666392068,1.4698962029012186,0.1948313955518596,0.31248254776456397,2.4185688246415014,355.866491787803,4.133508212197016,25.853654257712527,31.107413458290573,0.8311090953408136,0.18865286465661857,0.5050350034107229,1.3052456356201831,1.4751661258432338,0.2282955212326215,0.45343820493610615,0.026256606668928636,2.3601521628816828e-15,0.0,2.3601521628816828e-15,0.20168184150989518,4.0,0.012265570764849592,0.009996660357579023,0.15389716433637465,345.8380498367886,0.48669494606394176,4.0,0.004589422131846743,0.0037980038601324543,0.030330383500782043,0.013787651248310127,0.9815818954898472,False,False,False,True,False,False,repeatable_but_nonelliptic
10500,12549,68.36729916992188,73.44766616292887,1014,0.264778429628616,1.3141906607991158,1.479041338659077,1.3141906607991158,1.479041338659077,True,1.3141906607991158,1.4790413386590782,0.19613717121175775,0.30879527156925407,2.5308595252259907,356.93647987140673,3.063520128593274,25.711673483909735,29.35914112263043,0.8757638166768722,0.1884001147489042,0.48979603590859566,1.3048936584530215,1.4812955743778764,0.22902002631630114,0.4683811385017117,0.03612979625170544,4.193026698520645e-15,0.0,4.193026698520645e-15,0.22696106278149697,4.0,0.013917125373962854,0.011356667114550243,0.1789835632886081,330.6058126206885,0.501388290449687,4.0,0.003921317140901996,0.004211272249072576,0.025191524399831813,0.03825937934788383,0.9767061587721009,False,False,False,True,False,False,repeatable_but_nonelliptic
10600,12649,68.86812082868303,73.94848782169002,1014,0.2659663106909431,1.3146490988059,1.4749115801442012,1.3146490988059,1.4749115801442012,True,1.3146490988058999,1.474911580144201,0.19963679685954197,0.30437047003774026,2.5113585916082477,356.8625182611324,3.137481738867632,23.646097830748072,27.193681658772142,0.8695438200483718,0.19071824761429484,0.4852926634555016,1.3074608332951543,1.4758370230472726,0.22963548037615944,0.4611144139280928,0.027250041829215966,1.1806701793207534e-15,0.0,1.1806701793207534e-15,0.219530054996683,4.0,0.014874554119337488,0.01568966323720596,0.19921423451817444,341.96857570178116,0.48984683479882973,4.0,0.007074849099900791,0.002852250279130041,0.04351730007641594,0.015622752503295442,0.9810879762452652,False,False,False,True,False,False,repeatable_but_nonelliptic
10700,12749,69.3689424874442,74.44930948045119,1014,0.27105514520202023,1.3169043043326147,1.4708226206344923,1.3169043043326147,1.4708226206344923,True,1.3169043043326139,1.470822620634492,0.2061629248633198,0.3036577514647106,2.567580633832158,356.7129924088882,3.2870075911117835,22.006165336373257,26.305472304214486,0.836562259056933,0.17313186810891193,0.4684634725042232,1.3102338957862198,1.4718681243635814,0.23515529346513542,0.43058383371095477,0.024909493149557215,3.377590781470338e-15,0.0,3.377590781470338e-15,0.23562684219903277,4.0,0.006925955807567466,0.00652019143867501,0.07336899357930772,330.3984361499208,0.4704668387677831,4.0,0.0028007142963398634,0.0008911183837403661,0.018423543043909793,0.017227639920333777,0.9998595053872443,False,False,False,True,False,False,repeatable_but_nonelliptic
10800,12849,69.86976414620536,74.95013113921235,1014,0.26701820324283565,1.3201728013978855,1.4709984693252716,1.3201728013978855,1.4709984693252716,True,1.3201728013978857,1.4709984693252718,0.20343694137741575,0.2980221703576091,2.6370327807111913,356.2868455391979,3.7131544608020968,23.08035344195138,28.43020615467712,0.8118250467963763,0.1817877949549216,0.4769216102210173,1.313688324055175,1.4750106667475422,0.22955824831111935,0.43686326872762093,0.028557468384200996,1.1760190426087755e-15,0.0,1.1760190426087755e-15,0.24066959764625748,4.0,0.00556632025600986,0.018581014465659015,0.1909737512941787,345.99611474042877,0.49492166974074986,4.0,0.0031536440486923728,0.004689971946300388,0.028419448594028156,0.012258430446261119,0.984968163673074,False,False,False,True,False,False,repeatable_but_nonelliptic
10900,12949,70.37058580496651,75.4509527979735,1014,0.26792498432512535,1.3184208396090369,1.4706457904916537,1.3184208396090369,1.4706457904916537,True,1.3184208396090369,1.4706457904916537,0.202586595890336,0.30431920492896297,2.686999798218028,355.95398627682874,4.046013723171256,26.044778789877242,29.57965544676037,0.8804963545553984,0.1818070482049081,0.4830484472066606,1.3109444026886041,1.4725791186054635,0.2311964903371985,0.4407898286091786,0.028822849373505426,0.0,0.0,0.0,0.26011890080381445,4.0,0.008909745741908111,0.012164619044609092,0.11395462663247058,345.6579866538156,0.5175067788188122,4.0,0.0014131518821109742,0.0025256649512355902,0.013361449611753977,0.006670177831395086,0.9883130685770446,False,False,False,True,False,False,repeatable_but_nonelliptic
11000,13049,70.87140746372768,75.95177445673467,1014,0.2625643955785233,1.3178769517412785,1.4691811363085898,1.3178769517412785,1.4691811363085898,True,1.3178769517412783,1.4691811363085898,0.20471110718106184,0.2968916796707415,2.7399436957383236,355.65763261970085,4.342367380299132,27.735437868674683,31.706310949723655,0.8747607980207619,0.18676768344271485,0.48707500295175654,1.3125949782800774,1.468280744296842,0.2301072508541217,0.4456445214098542,0.02040705708827318,8.456767507863646e-16,0.0,8.456767507863646e-16,0.26518856523604406,4.0,0.011946346779329074,0.01785224306105989,0.1649288871917027,331.51903361842784,0.5108375077768929,4.0,0.002787187668119876,0.0076773058484329035,0.043462303428649166,0.005950457510387251,0.9685391011477703,False,False,False,True,False,False,repeatable_but_nonelliptic
11100,13149,71.37222912248885,76.45259611549584,1014,0.2656037129222053,1.315475915471674,1.4678022827699877,1.315475915471674,1.4678022827699877,True,1.3154759154716742,1.4678022827699875,0.20820508336437724,0.2974127557878402,2.7211612791390194,355.0784043078484,4.921595692151568,27.17699444601333,31.165650774731798,0.8720175504259853,0.18162743386039218,0.48476047570435926,1.3095929195016298,1.466832934638408,0.23418040876684673,0.4375250122422743,0.022448185721693416,1.1822820106009976e-15,0.0,1.1822820106009976e-15,0.2617757331975614,4.0,0.014021739895011372,0.01727462314065788,0.2139798048161848,341.9668843143925,0.5367731013999586,4.0,0.005735904245011621,0.0037956242477651175,0.03689053768901098,0.010424525060599937,0.9797504372532106,False,False,False,True,False,False,repeatable_but_nonelliptic
11200,13249,71.87305078125,76.95341777425699,1014,0.2772220238095239,1.3163586762079915,1.4647782145202215,1.3163586762079915,1.4647782145202215,True,1.3163586762079913,1.4647782145202215,0.21417130857134178,0.30532442184627784,2.8048203464664088,356.14698147429516,3.853018525704865,26.27043914566142,29.954308635466536,0.8770170417005273,0.166244226751663,0.4683037710042611,1.3075532901681883,1.4621257972244632,0.24150961705960136,0.42024790153423985,0.033172698169374897,8.009630759985925e-16,0.0,8.009630759985925e-16,0.2692987792873773,4.0,0.006560514890039148,0.011144197514547273,0.11402640918555136,330.3317749108462,0.4909247454313675,4.0,0.0021384063531501964,0.002704720414376265,0.015775440523141133,0.011363738576512844,1.0226076889337554,False,False,False,True,False,False,repeatable_but_nonelliptic
11300,13349,72.37387244001116,77.45423943301815,1014,0.27801286672563763,1.3129892993631,1.4627944878955257,1.3129892993631,1.4627944878955257,True,1.3129892993631,1.4627944878955255,0.21000427115251144,0.3058996768813726,2.5156278174956137,357.16133437922434,2.83866562077564,31.082854301295825,34.57151679409907,0.8990885325170714,0.1737197282941268,0.47265861036513274,1.309887030675593,1.4591937680625815,0.2382063562875075,0.4190642304388561,0.017095667068670453,7.986846347804482e-16,0.0,7.986846347804482e-16,0.18612278463633158,4.0,0.0076688586472148275,0.00524902908398906,0.07270012035856883,348.9568740201001,0.4935791807137386,4.0,0.0020722358400530345,0.0036988028092308084,0.025289762090329543,0.01406399223338282,1.0255249248576672,False,False,False,True,False,False,repeatable_but_nonelliptic
11400,13449,72.87469409877232,77.95506109177931,1014,0.2799069866409629,1.313643111594618,1.4650495282654268,1.313643111594618,1.4650495282654268,True,1.3136431115946179,1.465049528265427,0.20358552117955522,0.308682821178613,2.6811446822109994,357.1951118172239,2.804888182776115,32.52895828037401,37.16731970733404,0.8752032305938715,0.17420100970540697,0.4693248711478387,1.3102894307639221,1.4634169316088657,0.23486958928505108,0.42351969633795555,0.013325686220583461,1.1218672870768567e-15,0.0,1.1218672870768567e-15,0.2209680928573389,4.0,0.00874517869920389,0.011223249286637418,0.11907183438838231,348.3449833382338,0.5099539622936683,4.0,0.0034739211705538797,0.001691148805367019,0.021758494076487233,0.00838817639133663,1.0325118935066844,False,False,False,True,False,False,repeatable_but_nonelliptic
11500,13549,73.37551575753349,78.45588275054048,1014,0.2745087398373983,1.3068547793123428,1.457622172833908,1.3068547793123428,1.457622172833908,True,1.3068547793123428,1.4576221728339085,0.20152749627977556,0.3134440302826334,2.2015935863257843,357.12923814036895,2.8707618596310636,37.46969730542073,39.90268788176416,0.9390269000536345,0.1856768009809148,0.4869288578378513,1.3058225456496462,1.4539952531795095,0.23333764366906867,0.42979290036353685,0.013737079891101036,1.61775982110119e-15,0.0,1.61775982110119e-15,0.07660575444896632,4.0,0.01340667092447448,0.01056609299717305,0.16017657730045604,348.6039457756549,0.5129720188184222,4.0,0.004161681266203264,0.003322622014792116,0.02481404247454818,0.03665515351791749,1.012599014247567,False,False,False,True,False,False,repeatable_but_nonelliptic
11600,13649,73.87633741629465,78.95670440930164,1014,0.2746609043395627,1.3074643295672297,1.45873658616369,1.3074643295672297,1.45873658616369,True,1.3074643295672295,1.4587365861636898,0.20073198799940922,0.31338091023551157,2.308463617779881,357.1418171097485,2.8581828902515167,36.82632914655216,40.29948723915415,0.9138163204908588,0.18522271721204928,0.5058666134356727,1.3035736274825036,1.4566476228166398,0.23362356993300806,0.43115496248770685,0.01607812039881231,1.1432951933651782e-15,0.0,1.1432951933651782e-15,0.10677415198469349,4.0,0.012726287499391092,0.005796436586539867,0.12325401558407795,346.0607167706785,0.5073112172792776,4.0,0.004721042023237506,0.0025083433836129835,0.029144008866784588,0.0046246983524536175,1.0131603137711682,False,False,False,True,False,False,repeatable_but_nonelliptic
11700,13749,74.3771590750558,79.45752606806279,1014,0.26748773752127053,1.3048408828535378,1.4612579484791357,1.3048408828535378,1.4612579484791357,True,1.3048408828535376,1.4612579484791357,0.1946743283692842,0.31619576323246334,2.3684673546866826,357.2055974002131,2.794402599786896,37.101652234542904,42.0238852495539,0.8828705869107321,0.19459089387075879,0.5173864865668731,1.3002277486644922,1.4617601145487586,0.22853147760922143,0.4430090123882528,0.017348030854047083,8.301113426082734e-16,0.0,8.301113426082734e-16,0.13757538800723407,4.0,0.00911332838083119,0.013318688457103522,0.15461275897930932,348.25323416351955,0.5311760169433464,4.0,0.0032776932107901192,0.004236300217495759,0.028633606153315828,0.013603036410102978,0.9867001666241649,False,False,False,True,False,False,repeatable_but_nonelliptic
11800,13849,74.87798073381697,79.95834772682396,1014,0.26677784090909096,1.3001848932130309,1.4636944395998557,1.3001848932130309,1.4636944395998557,True,1.3001848932130309,1.4636944395998555,0.19481154158147113,0.3166559574751524,2.315181857610685,357.282462957297,2.717537042702982,37.17132353222382,41.68185420446089,0.8917867077095064,0.1981430934529919,0.5204616447463317,1.2948723803480504,1.4624694903304258,0.22868500105174017,0.4361983362853131,0.02043613263483888,8.323202713103025e-16,0.0,8.323202713103025e-16,0.12297369619215799,4.0,0.01528145951419968,0.0066800716547839025,0.1742862322099723,349.14174399643986,0.5169698156806054,4.0,0.004475940226675948,0.002147927216017677,0.03071279507004619,0.019697932077521758,0.9840815228238381,False,False,False,True,False,False,repeatable_but_nonelliptic
11900,13949,75.37880239257812,80.45916938558511,1014,0.2623373093151574,1.299688207458803,1.4638554066143523,1.299688207458803,1.4638554066143523,True,1.2996882074588025,1.4638554066143514,0.19257969269624153,0.3114611727261322,2.300903841093884,357.3693038241581,2.6306961758418694,37.033866777135565,41.82215730151321,0.8855082847626229,0.21167922430531616,0.5263152732191013,1.2933578113128834,1.4619632611900006,0.22409783763589497,0.44836591943144327,0.025185617725132486,3.785255188791915e-15,0.0,3.785255188791915e-15,0.10368242110899739,4.0,0.019263655306431777,0.015520766427375944,0.2050100776294018,348.33519527059536,0.5394916786979616,4.0,0.005867241341005814,0.004281413215718447,0.04380392600295338,0.001990254140227691,0.9677014326401314,False,False,False,True,False,False,repeatable_but_nonelliptic
12000,14049,75.87962405133928,80.95999104434627,1014,0.26282639380971473,1.302192362561522,1.4584433199068985,1.302192362561522,1.4584433199068985,True,1.302192362561522,1.4584433199068976,0.19114821382296496,0.31726663606628547,2.3981740833031897,357.367002186576,2.6329978134240304,36.445169785187076,40.64195964241972,0.896737512310989,0.22178891600673697,0.5383561599842319,1.2915028200724448,1.4547799975356537,0.22360286597752743,0.4515553953071041,0.04299352846639496,3.3793349550089815e-15,0.0,3.3793349550089815e-15,0.13461127152240315,4.0,0.012238143836295907,0.013175756235595934,0.15840755439413437,348.4806800700738,0.5386311596735658,4.0,0.005257696059469229,0.0042172988354147135,0.03723454307764338,0.02268929014011415,0.9695055517999288,False,False,False,True,False,False,repeatable_but_nonelliptic
12100,14149,76.38044571010045,81.46081270310744,1014,0.26068137474659236,1.2939043295922623,1.4690163337126028,1.2939043295922623,1.4690163337126028,True,1.2939043295922625,1.4690163337126025,0.18974720284424917,0.3220647319490111,2.431755013975016,357.15876560625605,2.841234393743963,34.15538207951475,39.30010828701878,0.8690912969009966,0.22875825024805718,0.5378925271803936,1.2848941366111715,1.4618955753121772,0.2222269438899388,0.4667854449649957,0.044054869501988114,1.2046065509743898e-15,0.0,1.2046065509743898e-15,0.14268387368357732,4.0,0.019598493596464518,0.014665043499347663,0.22149871766941423,346.1138851833653,0.5334181711670964,4.0,0.005722952666020398,0.003891933135193127,0.04277526407337809,0.05153528386702998,0.9615930744407506,False,False,False,True,False,False,repeatable_but_nonelliptic
12200,14249,76.88126736886161,81.9616343618686,1014,0.26316696079404267,1.2906789745625074,1.4714499701552697,1.2906789745625074,1.4714499701552697,True,1.2906789745625074,1.47144997015527,0.1925157580846471,0.31098684283362144,2.39755820279399,357.43946438072413,2.5605356192758757,34.38829202110938,39.68726083303385,0.8664818709908583,0.22393796078775693,0.5364772763237263,1.2849457446543386,1.463971480103128,0.2196767713117228,0.46197733206599473,0.03580713618296834,8.437404309988815e-16,0.0,8.437404309988815e-16,0.1434023526095525,4.0,0.00993008920388666,0.0107919805723115,0.11371307912581823,349.54937396444313,0.5265077368110256,4.0,0.00448342325058798,0.003882877881696978,0.0266459993930942,0.0153533057716262,0.9707618243427266,False,False,False,True,False,False,repeatable_but_nonelliptic
12300,14349,77.38208902762277,82.46245602062976,1014,0.26611535087719296,1.288404494508406,1.4701795063389675,1.288404494508406,1.4701795063389675,True,1.2884044945084059,1.4701795063389675,0.19136904367799226,0.3063589722340675,2.4211084727976866,357.38773302819027,2.612266971809724,34.21384071759589,39.479468194297624,0.8666236472389389,0.2117163258360787,0.5255205474409855,1.2818265727072795,1.464906020483063,0.21901822104250898,0.4429989013640781,0.03168106961778262,8.343923196956066e-16,0.0,8.343923196956066e-16,0.11950268391058314,4.0,0.0061602240501073624,0.0043778792518429435,0.06417196140611449,347.4576739541817,0.5299474334764083,4.0,0.0018877318192373816,0.0009799304244507974,0.010076489656768915,0.009789934932349545,0.9816377508927655,False,False,False,True,False,False,repeatable_but_nonelliptic
12400,14449,77.88291068638392,82.96327767939091,1014,0.27183466486940855,1.2864429389146912,1.472653280038666,1.2864429389146912,1.472653280038666,True,1.2864429389146914,1.4726532800386665,0.1914314231451924,0.30829609193634366,2.49949456210051,357.70038431628626,2.299615683713727,32.838538072399636,38.457275447664564,0.8538966343855714,0.2051040795706976,0.5112984166371435,1.2783129171104282,1.4680879036071233,0.22210176932755485,0.42900104565274166,0.03430084123961412,1.8265029991225743e-15,0.0,1.8265029991225743e-15,0.12920351750437026,4.0,0.010842939610204841,0.01208858763454317,0.14753465133962898,348.92339296610044,0.51688899283202,4.0,0.0020075675699241474,0.00368842560419851,0.02183428699227883,0.011614031054032182,1.0027349724752923,False,False,False,True,False,False,repeatable_but_nonelliptic
12500,14549,78.38373234514509,83.46409933815208,1014,0.2726000984633514,1.2879285618263387,1.4752837320946184,1.2879285618263387,1.4752837320946184,True,1.287928561826339,1.4752837320946186,0.1911036624160554,0.3008434106617466,2.4446211713510184,357.1751023873798,2.8248976126202012,32.37875788792824,38.312066927292534,0.8451321080999271,0.20160916103539525,0.4980610482244036,1.2789621451458333,1.4712184212067694,0.2200101097560462,0.4280130987685133,0.03611505400554209,1.15193829168397e-15,0.0,1.15193829168397e-15,0.10942498016998974,4.0,0.008803948345913437,0.018566033564388216,0.18937483750353692,351.15118211362676,0.5158718864839678,4.0,0.002439113533355506,0.004466004628576898,0.023104922638645397,0.011082114524049272,1.0055584793084724,False,False,False,True,False,False,repeatable_but_nonelliptic
12600,14649,78.88455400390626,83.96492099691325,1014,0.26302988196767807,1.2890517348843238,1.4785212143559026,1.2890517348843238,1.4785212143559026,True,1.2890517348843233,1.478521214355902,0.18625551529260126,0.300364495284907,2.5431679879077227,356.7426916142794,3.2573083857206164,30.643707346501987,36.597048314244205,0.8373272916268203,0.20116097740373654,0.5110979421437226,1.2759955429172092,1.4795783986427895,0.21621109599282254,0.4335821110176621,0.04980013311447136,3.04373481259336e-15,0.0,3.04373481259336e-15,0.17718549398495712,4.0,0.009940391092742357,0.011041508748364683,0.12366472853057602,349.3024194924852,0.5229697221856451,4.0,0.0024586192116184367,0.004572787308325362,0.030754668602287455,0.013028094811791619,0.9702561723750216,False,False,False,True,False,False,repeatable_but_nonelliptic
12700,14749,79.38537566266741,84.4657426556744,1014,0.2616911538044069,1.295224018186148,1.468283377370195,1.295224018186148,1.468283377370195,True,1.2952240181861476,1.468283377370195,0.1834464781599217,0.30047454751353997,2.9435864213384875,356.97290898956385,3.0270910104361772,27.151812606632426,31.830286761658115,0.8530181587725671,0.20155492711631096,0.516152654702233,1.2765069294015032,1.4741309214162979,0.21527421207117114,0.43488761904473494,0.0749328451601108,1.6969974085634687e-15,0.0,1.6969974085634687e-15,0.36785483400292396,4.0,0.010663013206377789,0.023734206284377803,0.23133063781729116,342.67235161869127,0.5307032495600316,4.0,0.004922515645854712,0.00788738940557253,0.05091200277766225,0.04568176297540248,0.965317914965524,False,False,False,True,False,False,repeatable_but_nonelliptic
12800,14849,79.88619732142857,84.96656431443556,1014,0.2592966991846303,1.304232357753529,1.4625970055179454,1.304232357753529,1.4625970055179454,True,1.304232357753529,1.4625970055179456,0.1827554225854294,0.30520656784428984,3.115134367374605,355.20576775696685,4.794232243033152,22.572606334392987,26.62030550538678,0.8479469302042864,0.2058355555979168,0.5273887120345383,1.2766970410540668,1.4665215171670665,0.21663920047502358,0.4457503901101393,0.107265476700552,8.563340976698131e-16,0.0,8.563340976698131e-16,0.4368322693175302,4.0,0.00983841182675103,0.06552234010211234,0.6307756119647234,341.20147049922434,0.5370410434807181,4.0,0.010159869967033273,0.009542335829377052,0.08118475663696036,0.041083955991788344,0.956485327744139,False,False,False,True,False,False,repeatable_but_nonelliptic
12900,14949,80.38701898018974,85.46738597319673,1014,0.2594864809390671,1.3098712843406275,1.463135650709573,1.3098712843406275,1.463135650709573,True,1.3098712843406268,1.4631356507095734,0.18518337542460514,0.3052476762863672,3.0143320670196454,356.2410956436266,3.7589043563734448,22.5008126972979,26.025345284210587,0.8645730710419816,0.19493948925993215,0.5208744780856635,1.2862067335320628,1.4717141194130388,0.21892319123875473,0.44628021058948314,0.09700479933227736,3.0852983384723627e-15,0.0,3.0852983384723627e-15,0.42813190210971164,4.0,0.028744483198475654,0.006581400342150027,0.3046316039671489,339.7787508534773,0.5392802541976316,4.0,0.007573072527790212,0.0031824485600978818,0.049260571098676036,0.021830018096997632,0.9571853885785545,False,False,False,True,False,False,repeatable_but_nonelliptic
13000,15049,80.88784063895089,85.96820763195788,1014,0.25601170421015773,1.3060574440003208,1.4692675737060006,1.3060574440003208,1.4692675737060006,True,1.306057444000321,1.4692675737060004,0.18202304369943767,0.29882712815363976,3.19846046864229,356.69867498214114,3.3013250178588627,20.949758762451683,25.64808527576101,0.8168157013362114,0.19473195799212584,0.5256938024616249,1.285055536140025,1.4753854716283732,0.2146750015789193,0.44528380084437374,0.08544470365986928,1.2265786546968963e-15,0.0,1.2265786546968963e-15,0.4515165103220439,4.0,0.05279233187261205,0.05453120051516701,0.7463797426023198,132.0704094239557,0.502923817243704,4.0,0.010582639301108742,0.007234117455838386,0.06907808058746402,0.028206557619286234,0.9443677438926031,False,False,False,True,False,False,repeatable_but_nonelliptic
13100,15149,81.38866229771206,86.46902929071905,1014,0.2537678236397748,1.313311144214111,1.4617716859585637,1.313311144214111,1.4617716859585637,True,1.3133111442141112,1.461771685958564,0.18307463848883868,0.3041743445941819,3.322443635272187,355.5764436204373,4.423556379562709,23.31776743210662,27.82045158413965,0.8381520106381021,0.18616110160965163,0.5327677865612566,1.2902145453602163,1.474261812314053,0.21504120049177106,0.44376771377343566,0.10347055179139542,1.9565397359211683e-15,0.0,1.9565397359211683e-15,0.5260719823579086,4.0,0.08514065660411523,0.03184950718245588,0.8800356602465119,281.3311288436204,0.4807390445916739,4.0,0.009803276009083572,0.009907949316686506,0.0742895000028466,0.04110426373702821,0.9360905893837707,False,False,False,True,False,False,repeatable_but_nonelliptic
13200,15249,81.88948395647321,86.9698509494802,1014,0.2421225070915355,1.3157362767340517,1.4658823654848003,1.3157362767340517,1.4658823654848003,True,1.3157362767340512,1.4658823654848,0.1760669262846088,0.30188125372747765,3.164912880741808,355.62522917579525,4.374770824204731,22.76773729309502,27.725354226971156,0.8211883284415036,0.20129719525105258,0.5293195638952662,1.2879433396028834,1.4758398244793722,0.20957617387048566,0.45614316288774,0.12193349886237427,2.0506430261840467e-15,0.0,2.0506430261840467e-15,0.535748938189528,4.0,0.01999110407432596,0.020723560183483248,0.2632219838761323,342.6542924232577,0.522491998694103,4.0,0.005309917303041091,0.005259064533097181,0.03846513876443342,0.019712046985815294,0.8931337200894347,False,False,False,True,False,False,repeatable_but_nonelliptic
13300,15349,82.39030561523437,87.47067260824136,1014,0.23187742570502345,1.3140010228447925,1.4755177938550228,1.3140010228447925,1.4755177938550228,True,1.3140010228447923,1.4755177938550235,0.1734293707359044,0.29195432213598693,3.1246747491766116,356.10145347655424,3.8985465234457792,23.459254052976085,28.142468734208848,0.8335890598133618,0.21422065666787443,0.5414546563504031,1.2876399316256422,1.479133094625786,0.20621621041504737,0.477082667932603,0.11474962286013299,3.028180477596739e-15,0.0,3.028180477596739e-15,0.5320003362916899,4.0,0.019749331208648857,0.06304759712032287,0.7163014063743811,340.765270350628,0.560980758307213,4.0,0.010638617206001632,0.007294057272203167,0.07438645996511382,0.04222245162027614,0.8553419932430939,False,False,False,True,False,False,repeatable_but_nonelliptic
