window,source_frame_1based,time_sec,selected_image_number,displayed_in_continuous_burst,tiff_log_time_error_sec,saved_x_px,saved_y_px,measured_x_px,measured_y_px,centroid_error_px,contour_count,max_contour_area_px2,max_contour_circularity,border_touch
initial_invalid,2049,15.781025,,False,,58.4390243902439,79.1219512195122,58.4390243902439,79.1219512195122,0.0,1,2791.0,0.8962196992292601,False
initial_invalid,2050,15.786034,,False,,68.89010989010988,83.65934065934066,68.89010989010988,83.65934065934066,0.0,1,2848.5,0.8912323675928119,False
initial_invalid,2051,15.791042,,False,,70.59302325581395,79.03488372093024,70.59302325581395,79.03488372093024,0.0,1,2871.5,0.8880156939193427,False
initial_invalid,2052,15.796051,,False,,73.93939393939394,77.5959595959596,73.93939393939394,77.5959595959596,0.0,1,2937.5,0.876342626636452,False
initial_invalid,2053,15.801059,,False,,74.07142857142857,73.58163265306122,74.07142857142857,73.58163265306122,0.0,1,2901.5,0.886953458963784,False
initial_invalid,2054,15.806068,,False,,71.05813953488372,69.19767441860465,71.05813953488372,69.19767441860465,0.0,1,2884.5,0.8920359624171217,False
initial_invalid,2055,15.811077,,False,,72.55813953488372,68.53488372093024,72.55813953488372,68.53488372093024,0.0,1,2912.0,0.8880364209944666,False
initial_invalid,2056,15.816085,,False,,76.1304347826087,65.08695652173913,76.1304347826087,65.08695652173913,0.0,1,2896.0,0.8831571031118088,False
initial_invalid,2057,15.821094,,False,,71.72619047619048,65.1547619047619,71.72619047619048,65.1547619047619,0.0,1,2886.5,0.8926544612013879,False
initial_invalid,2058,15.826102,,False,,71.80681818181819,64.98863636363636,71.80681818181819,64.98863636363636,0.0,1,2894.5,0.8878162445124959,False
initial_invalid,2059,15.831111,,False,,71.5,59.67021276595744,71.5,59.670212765957444,7.105427357601002e-15,1,2842.5,0.8863173474344769,False
initial_invalid,2060,15.836119,,False,,68.02173913043478,61.08695652173913,68.02173913043478,61.08695652173913,0.0,1,2833.0,0.8885329987257183,False
initial_invalid,2061,15.841128,,False,,69.34693877551021,64.36734693877551,69.34693877551021,64.36734693877551,0.0,1,2852.0,0.8798658431684344,False
initial_invalid,2062,15.846137,,False,,67.91919191919192,60.81818181818182,67.91919191919192,60.81818181818182,0.0,1,2843.5,0.8823581231745282,False
initial_invalid,2063,15.851145,,False,,68.31632653061224,59.95918367346939,68.31632653061224,59.95918367346939,0.0,1,2823.0,0.8781131106985817,False
initial_invalid,2064,15.856154,,False,,59.92553191489362,61.98936170212766,59.92553191489362,61.98936170212766,0.0,1,2787.5,0.886748343071979,False
initial_invalid,2065,15.861162,,False,,56.175824175824175,62.175824175824175,56.175824175824175,62.175824175824175,0.0,1,2774.0,0.8876786060264987,False
initial_invalid,2066,15.866171,,False,,58.906976744186046,65.74418604651163,58.906976744186046,65.74418604651163,0.0,1,2861.0,0.8973148253690824,False
initial_invalid,2067,15.871179,,False,,67.14583333333333,73.20833333333333,67.14583333333333,73.20833333333333,0.0,1,2851.0,0.8868227008646546,False
initial_invalid,2068,15.876188,,False,,67.61111111111111,75.61111111111111,67.61111111111111,75.61111111111111,0.0,1,2861.5,0.8879436481382731,False
initial_invalid,2069,15.881197,,False,,68.21428571428571,71.22448979591837,68.21428571428571,71.22448979591837,0.0,1,2861.5,0.8776943173699089,False
initial_invalid,2070,15.886205,,False,,72.6,68.76470588235294,72.6,68.76470588235294,0.0,1,2841.5,0.8890422104132484,False
initial_invalid,2071,15.891214,,False,,74.34146341463415,65.60975609756098,74.34146341463415,65.60975609756098,0.0,1,2819.0,0.8945834071426968,False
initial_invalid,2072,15.896222,,False,,68.21176470588236,68.18823529411765,68.21176470588236,68.18823529411765,0.0,1,2869.0,0.8924217217750594,False
initial_invalid,2073,15.901231,,False,,69.88636363636364,67.02272727272727,69.88636363636364,67.02272727272727,0.0,1,2868.0,0.8921106671742436,False
initial_invalid,2074,15.906239,,False,,66.20270270270271,67.36486486486487,66.20270270270271,67.36486486486487,0.0,1,2871.5,0.9090256277789972,False
initial_invalid,2075,15.911248,,False,,66.02222222222223,68.31111111111112,66.02222222222223,68.31111111111112,0.0,1,2856.0,0.8883779812895178,False
initial_invalid,2076,15.916256,,False,,65.40449438202248,76.02247191011236,65.40449438202248,76.02247191011236,0.0,1,2835.5,0.8945451883934639,False
initial_invalid,2077,15.921265,,False,,67.93333333333334,76.37777777777778,67.93333333333334,76.37777777777778,0.0,1,2873.0,0.8936659465239196,False
initial_invalid,2078,15.926274,,False,,69.51315789473684,77.5657894736842,69.51315789473684,77.5657894736842,0.0,1,2875.5,0.9071644062286387,False
initial_invalid,2079,15.931282,,False,,68.96341463414635,78.23170731707317,68.96341463414635,78.23170731707317,0.0,1,2880.5,0.8938394843693436,False
initial_invalid,2080,15.936291,,False,,68.80952380952381,76.54761904761905,68.80952380952381,76.54761904761905,0.0,1,2878.0,0.8952212290445491,False
initial_invalid,2081,15.941299,,False,,65.15277777777777,78.76388888888889,65.15277777777777,78.76388888888889,0.0,1,2890.5,0.9118966170991921,False
initial_invalid,2082,15.946308,,False,,64.67857142857143,75.98809523809526,64.67857142857143,75.98809523809524,1.4210854715202004e-14,1,2897.5,0.8960562277259732,False
initial_invalid,2083,15.951316,,False,,67.29761904761905,75.67857142857143,67.29761904761905,75.67857142857143,0.0,1,2898.5,0.8963654792282082,False
initial_invalid,2084,15.956325,,False,,68.86206896551724,74.17241379310344,68.86206896551724,74.17241379310344,0.0,1,2880.5,0.8907989574559172,False
initial_invalid,2085,15.961334,,False,,69.78888888888889,74.12222222222222,69.78888888888889,74.12222222222222,0.0,1,2880.5,0.890798959563093,False
initial_invalid,2086,15.966342,,False,,66.45238095238095,76.73809523809526,66.45238095238095,76.73809523809524,1.4210854715202004e-14,1,2897.0,0.8937487172638983,False
initial_invalid,2087,15.971351,,False,,66.48684210526316,76.61842105263156,66.48684210526316,76.61842105263158,1.4210854715202004e-14,1,2874.5,0.9068489310657774,False
initial_invalid,2088,15.976359,,False,,67.26315789473684,74.3157894736842,67.26315789473684,74.3157894736842,0.0,1,2874.0,0.9013920981307905,False
initial_invalid,2089,15.981368,,False,,67.20224719101124,79.23595505617978,67.20224719101124,79.23595505617978,0.0,1,2918.0,0.889866163231938,False
initial_invalid,2090,15.986376,,False,,66.57471264367815,77.816091954023,66.57471264367815,77.816091954023,0.0,1,2924.0,0.8916959148822269,False
initial_invalid,2091,15.991385,,False,,67.75641025641026,74.08974358974358,67.75641025641026,74.08974358974359,1.4210854715202004e-14,1,2921.5,0.9034782669853665,False
initial_invalid,2092,15.996394,,False,,65.75,76.13095238095238,65.75,76.13095238095238,0.0,1,2905.5,0.8985302354929252,False
initial_invalid,2093,16.001402,,False,,65.75581395348837,72.59302325581395,65.75581395348837,72.59302325581395,0.0,1,2886.5,0.8926544664803003,False
initial_invalid,2094,16.006411,,False,,69.21428571428571,71.07142857142857,69.21428571428571,71.07142857142857,0.0,1,2880.0,0.8958433467273933,False
initial_invalid,2095,16.011419,,False,,66.15,69.375,66.15,69.375,0.0,1,2877.0,0.9023330106124082,False
initial_invalid,2096,16.016428,,False,,65.52222222222223,68.07777777777778,65.52222222222223,68.07777777777778,0.0,1,2874.5,0.8993671889056739,False
initial_invalid,2097,16.021436,,False,,68.71052631578948,67.71052631578948,68.71052631578948,67.71052631578948,0.0,1,2860.0,0.9044723544423492,False
initial_invalid,2098,16.026445,,False,,66.04444444444445,66.68888888888888,66.04444444444445,66.68888888888888,0.0,1,2856.0,0.8883779865584517,False
initial_invalid,2099,16.031454,,False,,64.27777777777777,66.45555555555555,64.27777777777777,66.45555555555555,0.0,1,2839.5,0.8884164569680992,False
initial_invalid,2100,16.036462,,False,,61.08536585365854,65.96341463414635,61.08536585365854,65.96341463414635,0.0,1,2825.5,0.8988367434299707,False
initial_invalid,2101,16.041471,,False,,63.25,70.57608695652173,63.25,70.57608695652173,0.0,1,2837.5,0.8847582998669298,False
initial_invalid,2102,16.046479,,False,,65.02380952380952,77.38095238095238,65.02380952380952,77.38095238095238,0.0,1,2841.0,0.8910420908458594,False
initial_invalid,2103,16.051488,,False,,67.55555555555556,76.46666666666667,67.55555555555556,76.46666666666667,0.0,1,2868.0,0.8921106544756703,False
initial_invalid,2104,16.056496,,False,,68.6375,70.2375,68.6375,70.2375,0.0,1,2872.5,0.9031098105861665,False
initial_invalid,2105,16.061505,,False,,66.5,68.26744186046511,66.5,68.26744186046511,0.0,1,2848.5,0.8986464391714633,False
initial_invalid,2106,16.066513,,False,,63.83157894736842,62.94736842105263,63.83157894736842,62.94736842105263,0.0,1,2748.0,0.8793586212078117,False
initial_invalid,2107,16.071522,,False,,60.28048780487805,62.91463414634146,60.28048780487805,62.91463414634146,0.0,1,2766.5,0.8980507296604826,False
initial_invalid,2108,16.076531,,False,,57.55172413793103,61.13793103448276,57.55172413793103,61.13793103448276,0.0,1,2782.5,0.8882221464542333,False
initial_invalid,2109,16.081539,,False,,55.56976744186046,64.31395348837209,55.56976744186046,64.31395348837209,0.0,1,2808.5,0.8934287725893694,False
initial_invalid,2110,16.086548,,False,,56.55128205128205,68.83333333333333,56.55128205128205,68.83333333333333,0.0,1,2858.5,0.9018012449961832,False
initial_invalid,2111,16.091556,,False,,59.329268292682926,74.76829268292683,59.329268292682926,74.76829268292683,0.0,1,2843.5,0.8970690287576504,False
initial_invalid,2112,16.096565,,False,,58.03370786516854,75.29213483146067,58.03370786516854,75.29213483146067,0.0,1,2854.0,0.8877558741755355,False
initial_invalid,2113,16.101573,,False,,58.84883720930232,75.82558139534883,58.848837209302324,75.82558139534883,7.105427357601002e-15,1,2849.5,0.8915452358310517,False
initial_invalid,2114,16.106582,,False,,66.6046511627907,78.51162790697674,66.6046511627907,78.51162790697674,0.0,1,2841.5,0.8890422061826198,False
initial_invalid,2115,16.111591,,False,,68.20454545454545,73.9090909090909,68.20454545454545,73.9090909090909,0.0,1,2876.0,0.8945991103064427,False
initial_invalid,2116,16.116599,,False,,68.875,73.91666666666667,68.875,73.91666666666667,0.0,1,2888.0,0.8807174343307187,False
initial_invalid,2117,16.121608,,False,,69.75268817204301,72.98924731182795,69.75268817204301,72.98924731182795,0.0,1,2869.5,0.8873971919607793,False
initial_invalid,2118,16.126616,,False,,71.09708737864078,70.67961165048544,71.09708737864078,70.67961165048544,0.0,1,2873.0,0.8761430760704335,False
initial_invalid,2119,16.131625,,False,,69.08045977011494,65.58620689655173,69.08045977011494,65.58620689655173,0.0,1,2825.0,0.8890695578827179,False
initial_invalid,2120,16.136633,,False,,66.11363636363636,63.45454545454545,66.11363636363636,63.45454545454545,0.0,1,2783.0,0.8905586036467757,False
initial_invalid,2121,16.141642,,False,,66.05555555555556,59.81111111111111,66.05555555555556,59.81111111111111,0.0,1,2780.5,0.8875837022485241,False
initial_invalid,2122,16.146651,,False,,67.91666666666667,59.0,67.91666666666667,59.0,0.0,1,2792.0,0.8860152053085869,False
initial_invalid,2123,16.151659,,False,,65.53191489361703,62.234042553191486,65.53191489361703,62.234042553191486,0.0,1,2791.0,0.8856978614355062,False
initial_invalid,2124,16.156668,,False,,58.06382978723404,67.23404255319149,58.06382978723404,67.23404255319149,0.0,1,2839.0,0.8861130344782564,False
initial_invalid,2125,16.161676,,False,,56.76829268292683,69.20731707317073,56.76829268292683,69.20731707317073,0.0,1,2864.5,0.9036941274114646,False
initial_invalid,2126,16.166685,,False,,58.723684210526315,69.4342105263158,58.723684210526315,69.4342105263158,0.0,1,2871.5,0.9059024882395649,False
initial_invalid,2127,16.171693,,False,,59.05128205128205,69.1025641025641,59.05128205128205,69.1025641025641,0.0,1,2877.0,0.9023330041637887,False
initial_invalid,2128,16.176702,,False,,57.84090909090909,69.81818181818181,57.84090909090909,69.81818181818181,0.0,1,2879.0,0.8955322772625018,False
initial_invalid,2129,16.18171,,False,,67.4,74.06666666666666,67.4,74.06666666666666,0.0,1,2851.0,0.8941784533165822,False
initial_invalid,2130,16.186719,,False,,66.94871794871794,78.35897435897436,66.94871794871794,78.35897435897436,0.0,1,2879.0,0.9060641542535353,False
initial_invalid,2131,16.191728,,False,,67.3048780487805,77.2560975609756,67.3048780487805,77.2560975609756,0.0,1,2892.5,0.8945099670408668,False
initial_invalid,2132,16.196736,,False,,68.08080808080808,72.56565656565658,68.08080808080808,72.56565656565657,1.4210854715202004e-14,1,2870.0,0.8824158247240956,False
initial_invalid,2133,16.201745,,False,,68.35897435897436,68.23076923076923,68.35897435897436,68.23076923076923,0.0,1,2849.0,0.9041036332804239,False
initial_invalid,2134,16.206753,,False,,68.34146341463415,68.3170731707317,68.34146341463415,68.3170731707317,0.0,1,2829.0,0.8977568151255222,False
initial_invalid,2135,16.211762,,False,,68.07692307692308,64.76923076923077,68.07692307692308,64.76923076923077,0.0,1,2803.0,0.9045052769549116,False
initial_invalid,2136,16.21677,,False,,68.08045977011494,66.71264367816092,68.08045977011494,66.71264367816092,0.0,1,2809.0,0.8840341133500866,False
initial_invalid,2137,16.221779,,False,,69.39473684210526,66.92105263157895,69.39473684210526,66.92105263157895,0.0,1,2870.0,0.9032317235205406,False
initial_invalid,2138,16.226788,,False,,76.63636363636364,64.20454545454545,76.63636363636364,64.20454545454545,0.0,1,2967.0,0.8974689597951522,False
initial_invalid,2139,16.231796,,False,,76.17977528089888,64.79775280898876,76.17977528089888,64.79775280898876,0.0,1,2996.0,0.8887145275465325,False
initial_invalid,2140,16.236805,,False,,60.69318181818182,64.14772727272727,60.69318181818182,64.14772727272727,0.0,1,2840.5,0.8961225913001708,False
initial_invalid,2141,16.241813,,False,,41.58064516129032,69.48387096774194,41.58064516129032,69.48387096774194,0.0,1,2750.0,0.8799986202043238,False
initial_invalid,2142,16.246822,,False,,37.22826086956522,75.1195652173913,37.22826086956522,75.1195652173913,0.0,1,2807.5,0.8857117363481805,False
initial_invalid,2143,16.25183,,False,,37.53260869565218,75.8804347826087,37.53260869565217,75.8804347826087,7.105427357601002e-15,1,2871.0,0.8857275072430728,False
initial_invalid,2144,16.256839,,False,,37.892857142857146,75.46428571428571,37.892857142857146,75.46428571428571,0.0,1,2904.5,0.8982209956781821,False
initial_invalid,2145,16.261848,,False,,37.3625,77.6125,37.3625,77.6125,0.0,1,2901.5,0.8972932358574511,False
initial_invalid,2146,16.266856,,False,,43.792682926829265,85.52439024390245,43.792682926829265,85.52439024390245,0.0,1,2874.5,0.8962952299013232,False
initial_invalid,2147,16.271865,1.0,True,0.0,47.6,87.85,47.6,87.85,0.0,1,2901.0,0.902375534586109,False
initial_invalid,2148,16.276873,,True,0.0,48.370370370370374,87.03703703703704,48.370370370370374,87.03703703703704,0.0,1,2926.5,0.8976314473186047,False
initial_invalid,2149,16.281882,,True,0.0,52.11,81.03,52.11,81.03,0.0,1,2895.5,0.8779303877901733,False
initial_invalid,2150,16.28689,,True,0.0,57.96,83.85,57.96,83.85,0.0,1,2923.5,0.8792497428568492,False
initial_invalid,2151,16.291899,,True,0.0,57.95,77.95,57.95,77.95,0.0,1,2907.0,0.8968337976798306,False
initial_invalid,2152,16.296908,,True,0.0,62.833333333333336,69.7156862745098,62.833333333333336,69.7156862745098,0.0,1,2839.0,0.8728845049986442,False
initial_invalid,2153,16.301916,,True,0.0,57.464285714285715,65.51190476190476,57.464285714285715,65.51190476190476,0.0,1,2806.5,0.8958833541978486,False
initial_invalid,2154,16.306925,,True,0.0,47.536842105263155,65.14736842105263,47.536842105263155,65.14736842105263,0.0,1,2699.0,0.8813795536818286,False
initial_invalid,2155,16.311933,2.0,True,0.0,43.01063829787234,64.94680851063829,43.01063829787234,64.94680851063829,0.0,1,2608.5,0.8791371088850258,False
initial_invalid,2156,16.316942,,True,0.0,36.31707317073171,66.5609756097561,36.31707317073171,66.5609756097561,0.0,1,2615.0,0.8975913763183798,False
initial_invalid,2157,16.32195,,True,0.0,35.42857142857143,67.31428571428572,35.42857142857143,67.31428571428572,0.0,1,2647.0,0.9085752849538083,False
initial_invalid,2158,16.326959,,True,0.0,42.13953488372093,78.32558139534883,42.13953488372093,78.32558139534883,0.0,1,2679.0,0.8853925459901987,False
initial_invalid,2159,16.331967,,True,0.0,48.68539325842696,86.6067415730337,48.68539325842696,86.6067415730337,0.0,1,2741.5,0.8855615447916348,False
initial_invalid,2160,16.336976,,True,0.0,61.80246913580246,89.65432098765432,61.80246913580247,89.65432098765432,7.105427357601002e-15,1,2781.0,0.89300859102432,False
initial_invalid,2161,16.341985,,True,0.0,69.5375,87.8625,69.5375,87.8625,0.0,1,2863.5,0.903378647908543,False
initial_invalid,2162,16.346993,,True,0.0,66.2439024390244,85.70731707317071,66.2439024390244,85.70731707317073,1.4210854715202004e-14,1,2919.0,0.9005359054266164,False
initial_invalid,2163,16.352002,3.0,True,0.0,72.3875,85.8375,72.3875,85.8375,0.0,1,2922.5,0.9037875249023992,False
initial_invalid,2164,16.35701,,True,0.0,79.12222222222222,84.23333333333333,79.12222222222222,84.23333333333333,0.0,1,2984.5,0.8873942760263497,False
initial_invalid,2165,16.362019,,True,0.0,87.2,78.8,87.2,78.8,0.0,1,3088.0,0.8913389263245605,False
initial_invalid,2166,16.367027,,True,0.0,87.96341463414635,77.67073170731707,87.96341463414635,77.67073170731707,0.0,1,3081.5,0.9016437559065992,False
initial_invalid,2167,16.372036,,True,0.0,89.11688311688312,75.42857142857143,89.11688311688312,75.42857142857143,0.0,1,3074.0,0.901559170931773,False
initial_invalid,2168,16.377045,,True,0.0,87.78313253012048,68.6144578313253,87.78313253012048,68.6144578313253,0.0,1,3064.5,0.8966695701571664,False
initial_invalid,2169,16.382053,,True,0.0,90.0,68.38461538461539,90.0,68.38461538461539,0.0,1,3034.0,0.8999866076689517,False
initial_invalid,2170,16.387062,,True,0.0,81.94897959183673,60.60204081632653,81.94897959183673,60.60204081632653,0.0,1,2948.5,0.8837987609105459,False
initial_invalid,2171,16.39207,4.0,True,0.0,76.84146341463415,58.15853658536586,76.84146341463415,58.15853658536585,7.105427357601002e-15,1,2923.5,0.8997594293875818,False
initial_invalid,2172,16.397079,,True,0.0,67.52325581395348,58.593023255813954,67.52325581395348,58.593023255813954,0.0,1,2889.5,0.8966322510901042,False
initial_invalid,2173,16.402087,,True,0.0,65.91463414634147,67.45121951219512,65.91463414634147,67.45121951219512,0.0,1,2878.5,0.9006186850399921,False
initial_invalid,2174,16.407096,,True,0.0,66.13333333333334,66.97777777777777,66.13333333333334,66.97777777777777,0.0,1,2871.0,0.8930438288536208,False
initial_invalid,2175,16.412105,,True,0.0,66.81318681318682,76.26373626373626,66.81318681318682,76.26373626373626,0.0,1,2874.5,0.8889434505343207,False
initial_invalid,2176,16.417113,,True,0.0,67.20879120879121,76.76923076923077,67.20879120879121,76.76923076923077,0.0,1,2845.0,0.884956354262818,False
initial_invalid,2177,16.422122,,True,0.0,67.0421052631579,73.98947368421052,67.0421052631579,73.98947368421052,0.0,1,2849.5,0.8885000037004724,False
initial_invalid,2178,16.42713,,True,0.0,64.71428571428571,73.73469387755102,64.71428571428571,73.73469387755102,0.0,1,2848.0,0.8786318097278055,False
initial_invalid,2179,16.432139,5.0,True,0.0,66.62222222222222,73.31111111111112,66.62222222222222,73.31111111111112,0.0,1,2857.0,0.8886890358973442,False
initial_invalid,2180,16.437147,,False,,62.9126213592233,68.8252427184466,62.9126213592233,68.8252427184466,0.0,1,2849.5,0.8740136122501145,False
initial_invalid,2181,16.442156,,False,,64.91111111111111,69.64444444444445,64.91111111111111,69.64444444444445,0.0,1,2823.0,0.885396625649254,False
initial_invalid,2182,16.447164,,False,,67.90789473684211,67.85526315789474,67.90789473684211,67.85526315789474,0.0,1,2853.5,0.9077440010857599,False
initial_invalid,2183,16.452173,,False,,66.32183908045977,67.65517241379311,66.32183908045977,67.65517241379311,0.0,1,2828.5,0.8849748108609146,False
initial_invalid,2184,16.457182,,False,,59.7,65.0,59.7,65.0,0.0,1,2766.0,0.8956779066736665,False
initial_invalid,2185,16.46219,,False,,58.75903614457831,70.6144578313253,58.75903614457831,70.6144578313253,0.0,1,2783.5,0.896008031922699,False
initial_invalid,2186,16.467199,,False,,56.32222222222222,72.16666666666667,56.32222222222222,72.16666666666667,0.0,1,2811.5,0.8869736629178807,False
initial_invalid,2187,16.472207,,False,,60.69135802469136,78.37037037037037,60.69135802469136,78.37037037037037,0.0,1,2848.0,0.8932375493670012,False
initial_invalid,2188,16.477216,,False,,69.07317073170732,77.65853658536585,69.07317073170732,77.65853658536585,0.0,1,2897.0,0.9011313045133379,False
initial_invalid,2189,16.482224,,False,,68.45454545454545,76.70454545454545,68.45454545454545,76.70454545454545,0.0,1,2878.0,0.9026466495408018,False
initial_invalid,2190,16.487233,,False,,68.32894736842105,68.01315789473684,68.32894736842105,68.01315789473684,0.0,1,2872.5,0.9062179677379639,False
initial_invalid,2191,16.492242,,False,,59.75,64.27173913043478,59.75,64.27173913043478,0.0,1,2790.5,0.8833836129799978,False
initial_invalid,2192,16.49725,,False,,57.97701149425287,65.44827586206897,57.97701149425287,65.44827586206897,0.0,1,2786.5,0.8894990124608625,False
initial_invalid,2193,16.502259,,False,,58.0125,74.3125,58.0125,74.3125,0.0,1,2826.5,0.899154862660629,False
initial_invalid,2194,16.507267,,False,,57.97727272727273,75.25,57.97727272727273,75.25,0.0,1,2868.0,0.8921106650578147,False
initial_invalid,2195,16.512276,,False,,66.69791666666667,70.94791666666667,66.69791666666667,70.94791666666667,0.0,1,2883.5,0.8844422656888326,False
initial_invalid,2196,16.517284,,False,,64.98,61.03,64.98,61.03,0.0,1,2756.0,0.8745909457229881,False
initial_invalid,2197,16.522293,,False,,58.91358024691358,57.4320987654321,58.91358024691358,57.4320987654321,0.0,1,2691.5,0.894892341670764,False
initial_invalid,2198,16.527302,,False,,46.74683544303797,69.22784810126582,46.74683544303797,69.22784810126582,0.0,1,2716.5,0.9000245349052476,False
initial_invalid,2199,16.53231,,False,,56.23170731707317,83.6219512195122,56.23170731707317,83.6219512195122,0.0,1,2736.5,0.8958402470688239,False
initial_invalid,2200,16.537319,,False,,67.82608695652173,81.17391304347827,67.82608695652173,81.17391304347827,0.0,1,2845.0,0.8849563616109145,False
initial_invalid,2201,16.542327,,False,,69.975,76.7,69.975,76.7,0.0,1,2891.0,0.8962023036850634,False
initial_invalid,2202,16.547336,,False,,74.31914893617021,71.38297872340425,74.31914893617021,71.38297872340425,0.0,1,2871.0,0.8900023474431066,False
initial_invalid,2203,16.552344,,False,,73.43023255813954,66.73255813953489,73.43023255813954,66.73255813953489,0.0,1,2902.5,0.8976024884220524,False
initial_invalid,2204,16.557353,,False,,72.02439024390245,66.2439024390244,72.02439024390245,66.2439024390244,0.0,1,2857.0,0.8960602761175767,False
initial_invalid,2205,16.562361,,False,,67.50526315789473,64.6,67.50526315789473,64.6,0.0,1,2818.5,0.8818460277796166,False
initial_invalid,2206,16.56737,,False,,61.0625,69.7375,61.0625,69.7375,0.0,1,2818.5,0.8966099314660672,False
initial_invalid,2207,16.572379,,False,,68.2625,76.6875,68.2625,76.6875,0.0,1,2854.5,0.9005393151358231,False
initial_invalid,2208,16.577387,,False,,78.70930232558139,74.8953488372093,78.70930232558139,74.8953488372093,0.0,1,2846.5,0.898015474788219,False
initial_invalid,2209,16.582396,,False,,78.5,69.425,78.5,69.425,0.0,1,2796.0,0.8947186025063854,False
initial_invalid,2210,16.587404,,False,,78.5952380952381,62.57142857142857,78.5952380952381,62.57142857142857,0.0,1,2756.0,0.8924397331272436,False
initial_invalid,2211,16.592413,,False,,77.63855421686748,58.24096385542169,77.63855421686748,58.24096385542169,0.0,1,2743.0,0.8957480977211026,False
initial_invalid,2212,16.597421,,False,,72.08510638297872,58.276595744680854,72.08510638297872,58.276595744680854,0.0,1,2752.0,0.8836963909500342,False
initial_invalid,2213,16.60243,,False,,67.10989010989012,65.18681318681318,67.10989010989012,65.18681318681318,0.0,1,2812.5,0.8872891382024717,False
initial_invalid,2214,16.607439,,False,,67.35227272727273,63.35227272727273,67.35227272727273,63.35227272727273,0.0,1,2788.5,0.8901374427866383,False
initial_invalid,2215,16.612447,,False,,57.495049504950494,61.17821782178218,57.495049504950494,61.17821782178218,0.0,1,2749.5,0.8746599341172024,False
initial_invalid,2216,16.617456,,False,,56.97802197802198,59.53846153846154,56.97802197802198,59.53846153846154,0.0,1,2723.0,0.8892169380973814,False
initial_invalid,2217,16.622464,,False,,55.922077922077925,67.59740259740259,55.922077922077925,67.59740259740259,0.0,1,2722.5,0.8943872620834674,False
initial_invalid,2218,16.627473,,False,,48.56410256410256,68.94871794871794,48.56410256410256,68.94871794871794,0.0,1,2719.0,0.9062966486171979,False
initial_invalid,2219,16.632481,,False,,45.19277108433735,79.08433734939759,45.19277108433735,79.08433734939759,0.0,1,2752.0,0.8986871159082638,False
initial_invalid,2220,16.63749,,False,,48.97826086956522,84.45652173913044,48.97826086956522,84.45652173913044,0.0,1,2757.0,0.8822386082005885,False
initial_invalid,2221,16.642499,,False,,51.86842105263158,86.13157894736844,51.86842105263158,86.13157894736842,1.4210854715202004e-14,1,2794.0,0.9016010513254736,False
initial_invalid,2222,16.647507,,False,,53.28378378378378,87.52702702702705,53.28378378378378,87.52702702702703,1.4210854715202004e-14,1,2814.5,0.9028481727297352,False
initial_invalid,2223,16.652516,,False,,58.476190476190474,85.97619047619048,58.476190476190474,85.97619047619048,0.0,1,2810.0,0.8917273366526441,False
initial_invalid,2224,16.657524,,False,,52.47560975609756,85.2560975609756,52.47560975609756,85.2560975609756,0.0,1,2828.5,0.8892762726372077,False
initial_invalid,2225,16.662533,,False,,68.95348837209302,86.55813953488372,68.95348837209302,86.55813953488372,0.0,1,2860.0,0.8970011896582746,False
initial_invalid,2226,16.667541,,False,,68.61363636363636,86.13636363636364,68.61363636363636,86.13636363636364,0.0,1,2807.0,0.8982385905242317,False
initial_invalid,2227,16.67255,,False,,55.40594059405941,82.52475247524752,55.40594059405941,82.52475247524752,0.0,1,2856.5,0.8761606910945815,False
initial_invalid,2228,16.677559,,False,,48.41463414634146,82.02439024390245,48.41463414634146,82.02439024390245,0.0,1,2863.0,0.897942096788457,False
initial_invalid,2229,16.682567,,False,,49.01010101010101,84.93939393939394,49.01010101010101,84.93939393939394,0.0,1,2895.0,0.882852139327094,False
initial_invalid,2230,16.687576,,False,,54.60576923076923,80.1826923076923,54.60576923076923,80.1826923076923,0.0,1,2881.5,0.8808397018816075,False
initial_invalid,2231,16.692584,,False,,59.25581395348837,73.72093023255815,59.25581395348837,73.72093023255815,0.0,1,2860.0,0.8896222049882813,False
initial_invalid,2232,16.697593,,False,,62.53658536585366,68.04878048780488,62.53658536585366,68.04878048780488,0.0,1,2794.0,0.8940785916734771,False
initial_invalid,2233,16.702601,,False,,57.671052631578945,69.90789473684211,57.671052631578945,69.90789473684211,0.0,1,2731.5,0.9049943004210137,False
initial_invalid,2234,16.70761,,False,,49.170731707317074,77.85365853658537,49.170731707317074,77.85365853658537,0.0,1,2678.0,0.8926305406023906,False
initial_invalid,2235,16.712618,,False,,50.41860465116278,89.32558139534883,50.41860465116279,89.32558139534883,7.105427357601002e-15,1,2702.0,0.8929938982513453,False
initial_invalid,2236,16.717627,,False,,58.04878048780488,88.36585365853658,58.048780487804876,88.36585365853658,7.105427357601002e-15,1,2777.0,0.8992399081586911,False
initial_invalid,2237,16.722636,,False,,70.52272727272727,87.63636363636364,70.52272727272727,87.63636363636364,0.0,1,2873.0,0.8936659454638602,False
initial_invalid,2238,16.727644,,False,,79.21951219512195,78.70731707317071,79.21951219512195,78.70731707317073,1.4210854715202004e-14,1,2955.0,0.9011495876998808,False
initial_invalid,2239,16.732653,,False,,76.67647058823529,71.1470588235294,76.67647058823529,71.1470588235294,0.0,1,2906.5,0.8812656480972556,False
initial_invalid,2240,16.737661,,False,,69.44047619047619,65.60714285714286,69.44047619047619,65.60714285714286,0.0,1,2853.5,0.8927967490777151,False
initial_invalid,2241,16.74267,,False,,70.23529411764706,66.11764705882354,70.23529411764706,66.11764705882354,0.0,1,2880.0,0.895843343539467,False
initial_invalid,2242,16.747678,,False,,64.31914893617021,66.38297872340425,64.31914893617021,66.38297872340425,0.0,1,2781.0,0.8825244682968489,False
initial_invalid,2243,16.752687,,False,,61.670103092783506,66.31958762886597,61.670103092783506,66.31958762886597,0.0,1,2738.5,0.8815225387237954,False
initial_invalid,2244,16.757696,,False,,68.11363636363636,60.68181818181818,68.11363636363636,60.68181818181818,0.0,1,2817.0,0.8939487289744112,False
initial_invalid,2245,16.762704,,False,,68.1829268292683,59.01219512195122,68.1829268292683,59.01219512195122,0.0,1,2800.5,0.8939680568395378,False
initial_invalid,2246,16.767713,,False,,60.25,57.525,60.25,57.525,0.0,1,2741.0,0.8875824852052435,False
initial_invalid,2247,16.772721,,False,,63.655913978494624,59.956989247311824,63.655913978494624,59.956989247311824,0.0,1,2777.0,0.8812550991882557,False
initial_invalid,2248,16.77773,,False,,58.71052631578947,70.44736842105263,58.71052631578947,70.44736842105263,0.0,1,2827.0,0.9046385717745267,False
initial_invalid,2249,16.782738,,False,,62.53191489361702,75.55319148936171,62.53191489361702,75.55319148936171,0.0,1,2821.0,0.8921386383840483,False
initial_invalid,2250,16.787747,,False,,68.2,74.44444444444444,68.2,74.44444444444444,0.0,1,2836.0,0.8894739048289485,False
initial_invalid,2251,16.792756,,False,,68.42553191489361,69.04255319148936,68.42553191489361,69.04255319148936,0.0,1,2844.0,0.8846453048933008,False
initial_invalid,2252,16.797764,,False,,68.81720430107526,67.64516129032258,68.81720430107526,67.64516129032258,0.0,1,2837.0,0.8824679068232288,False
initial_invalid,2253,16.802773,,False,,67.05952380952381,66.89285714285714,67.05952380952381,66.89285714285714,0.0,1,2805.0,0.8901406385390914,False
initial_invalid,2254,16.807781,,False,,58.26829268292683,65.02439024390245,58.26829268292683,65.02439024390245,0.0,1,2759.0,0.8934111863781046,False
initial_invalid,2255,16.81279,,False,,56.95,68.5,56.95,68.5,0.0,1,2754.0,0.899340238103113,False
initial_invalid,2256,16.817798,,False,,55.3974358974359,69.34615384615384,55.3974358974359,69.34615384615384,0.0,1,2770.5,0.9024944411714656,False
initial_invalid,2257,16.822807,,False,,58.96296296296296,69.04938271604938,58.96296296296296,69.04938271604938,0.0,1,2743.0,0.8957480955437384,False
initial_invalid,2258,16.827815,,False,,57.51162790697674,69.97674418604652,57.51162790697674,69.97674418604652,0.0,1,2725.0,0.8974339161470137,False
initial_invalid,2259,16.832824,,False,,58.195402298850574,72.40229885057471,58.195402298850574,72.40229885057471,0.0,1,2753.0,0.8883706894396179,False
initial_invalid,2260,16.837833,,False,,63.611111111111114,67.65555555555555,63.611111111111114,67.65555555555555,0.0,1,2795.5,0.8892932635846694,False
initial_invalid,2261,16.842841,,False,,46.75,76.75,46.75,76.75,0.0,1,2730.5,0.8970153940083919,False
initial_invalid,2262,16.84785,,False,,46.40909090909091,77.81818181818181,46.40909090909091,77.81818181818181,0.0,1,2839.0,0.8934755599148791,False
initial_invalid,2263,16.852858,,False,,55.63636363636363,78.32467532467533,55.63636363636363,78.32467532467533,0.0,1,2854.5,0.9005393194389499,False
initial_invalid,2264,16.857867,,False,,58.54444444444445,67.87777777777778,58.544444444444444,67.87777777777778,7.105427357601002e-15,1,2821.5,0.897564281603991,False
initial_invalid,2265,16.862875,,False,,49.426829268292686,68.5,49.426829268292686,68.5,0.0,1,2642.5,0.8937698261819975,False
initial_invalid,2266,16.867884,,False,,47.18604651162791,65.62790697674419,47.18604651162791,65.62790697674419,0.0,1,2637.0,0.8896682938152565,False
initial_invalid,2267,16.872893,,False,,46.625,75.23863636363636,46.625,75.23863636363636,0.0,1,2655.5,0.8873472069771504,False
initial_invalid,2268,16.877901,,False,,47.108695652173914,81.80434782608695,47.108695652173914,81.80434782608695,0.0,1,2741.0,0.8844983849873342,False
initial_invalid,2269,16.88291,,False,,52.60526315789474,89.07894736842105,52.60526315789474,89.07894736842105,0.0,1,2789.0,0.8999875844239567,False
initial_invalid,2270,16.887918,,False,,58.30487804878049,88.35365853658537,58.30487804878049,88.35365853658537,0.0,1,2853.5,0.9002238399330135,False
initial_invalid,2271,16.892927,,False,,58.833333333333336,80.9111111111111,58.833333333333336,80.91111111111111,1.4210854715202004e-14,1,2898.5,0.8818101700025962,False
initial_invalid,2272,16.897935,,False,,66.43037974683544,76.32911392405062,66.43037974683544,76.32911392405063,1.4210854715202004e-14,1,2861.0,0.8973148168187405,False
initial_invalid,2273,16.902944,,False,,66.91489361702128,70.27659574468085,66.91489361702128,70.27659574468085,0.0,1,2849.0,0.8862005853277576,False
initial_invalid,2274,16.907953,,False,,63.01123595505618,67.65168539325843,63.01123595505618,67.65168539325843,0.0,1,2751.0,0.8877253014303429,False
initial_invalid,2275,16.912961,,False,,58.5,61.416666666666664,58.5,61.416666666666664,0.0,1,2693.0,0.8794202056985446,False
initial_invalid,2276,16.91797,,False,,57.02325581395349,64.65116279069767,57.02325581395349,64.65116279069767,0.0,1,2712.0,0.8931525920247292,False
initial_invalid,2277,16.922978,,False,,56.31818181818182,67.81818181818181,56.31818181818182,67.81818181818181,0.0,1,2775.0,0.8910819284714546,False
initial_invalid,2278,16.927987,,False,,59.69565217391305,75.28260869565217,59.69565217391305,75.28260869565217,0.0,1,2812.0,0.8849782632861096,False
initial_invalid,2279,16.932995,,False,,66.32432432432432,78.13513513513513,66.32432432432432,78.13513513513513,0.0,1,2841.0,0.9091185745456307,False
initial_invalid,2280,16.938004,,False,,68.5,74.57317073170732,68.5,74.57317073170732,0.0,1,2820.5,0.8972461623794384,False
initial_invalid,2281,16.943013,,False,,68.48453608247422,75.44329896907216,68.48453608247422,75.44329896907216,0.0,1,2831.5,0.8828874474092246,False
initial_invalid,2282,16.948021,,False,,74.5952380952381,69.88095238095238,74.5952380952381,69.88095238095238,0.0,1,2796.0,0.8947185992770172,False
initial_invalid,2283,16.95303,,False,,78.11458333333333,68.53125,78.11458333333333,68.53125,0.0,1,2875.5,0.8819884647074389,False
initial_invalid,2284,16.958038,,False,,66.0609756097561,68.13414634146342,66.0609756097561,68.13414634146342,0.0,1,2796.5,0.9001927192597665,False
initial_invalid,2285,16.963047,,False,,57.76744186046512,63.88372093023256,57.76744186046512,63.883720930232556,7.105427357601002e-15,1,2680.0,0.893297179192287,False
initial_invalid,2286,16.968055,,False,,63.28735632183908,59.735632183908045,63.28735632183908,59.735632183908045,0.0,1,2688.5,0.8832176971505816,False
initial_invalid,2287,16.973064,,False,,56.573170731707314,60.426829268292686,56.573170731707314,60.426829268292686,0.0,1,2702.5,0.8953860980519781,False
initial_invalid,2288,16.978072,,False,,52.26190476190476,63.38095238095238,52.26190476190476,63.38095238095238,0.0,1,2639.0,0.8948374916238686,False
initial_invalid,2289,16.983081,,False,,56.28089887640449,58.146067415730336,56.28089887640449,58.146067415730336,0.0,1,2687.0,0.8880364942765289,False
initial_invalid,2290,16.98809,,False,,58.46511627906977,60.72093023255814,58.46511627906977,60.72093023255814,0.0,1,2703.0,0.8933243886452736,False
initial_invalid,2291,16.993098,,False,,54.388888888888886,66.83333333333333,54.388888888888886,66.83333333333333,0.0,1,2692.5,0.8845317615328827,False
initial_invalid,2292,16.998107,,False,,52.41025641025641,71.2051282051282,52.41025641025641,71.2051282051282,0.0,1,2710.0,0.900112466511741,False
initial_invalid,2293,17.003115,,False,,53.854166666666664,70.45833333333333,53.854166666666664,70.45833333333333,0.0,1,2747.0,0.8790386164216004,False
initial_invalid,2294,17.008124,,False,,49.641304347826086,70.53260869565217,49.641304347826086,70.53260869565217,0.0,1,2757.5,0.8920150384582554,False
initial_invalid,2295,17.013132,,False,,55.270833333333336,71.54166666666667,55.270833333333336,71.54166666666667,0.0,1,2793.0,0.8789986772797457,False
initial_invalid,2296,17.018141,,False,,58.19512195121951,77.95121951219512,58.19512195121951,77.95121951219512,0.0,1,2840.0,0.9012475627276363,False
initial_invalid,2297,17.02315,,False,,58.35526315789474,75.11842105263156,58.35526315789474,75.11842105263158,1.4210854715202004e-14,1,2853.5,0.9077439923744938,False
initial_invalid,2298,17.028158,,False,,57.34615384615385,76.06410256410257,57.34615384615385,76.06410256410257,0.0,1,2864.5,0.9036941274114646,False
initial_invalid,2299,17.033167,,False,,60.53846153846154,79.23076923076923,60.53846153846154,79.23076923076923,0.0,1,2844.0,0.8994123692426715,False
initial_invalid,2300,17.038175,,False,,54.21590909090909,79.23863636363636,54.21590909090909,79.23863636363636,0.0,1,2859.5,0.8916180935476896,False
initial_invalid,2301,17.043184,,False,,52.45454545454545,81.36363636363636,52.45454545454545,81.36363636363636,0.0,1,2866.0,0.8884523691870743,False
initial_invalid,2302,17.048192,,False,,52.55769230769231,82.59615384615384,52.55769230769231,82.59615384615384,0.0,1,2852.0,0.8697389662436722,False
initial_invalid,2303,17.053201,,False,,54.48837209302326,85.13953488372093,54.48837209302326,85.13953488372093,0.0,1,2869.0,0.8924217143649755,False
initial_invalid,2304,17.05821,,False,,58.47727272727273,79.29545454545455,58.47727272727273,79.29545454545455,0.0,1,2906.0,0.8965252903805814,False
initial_invalid,2305,17.063218,,False,,57.5609756097561,77.95121951219512,57.5609756097561,77.95121951219512,0.0,1,2872.0,0.9007648256489736,False
initial_invalid,2306,17.068227,,False,,63.287234042553195,68.2872340425532,63.287234042553195,68.2872340425532,0.0,1,2811.5,0.8869736586795759,False
initial_invalid,2307,17.073235,,False,,58.43055555555556,67.48611111111111,58.43055555555556,67.48611111111111,0.0,1,2744.5,0.9093014383269371,False
initial_invalid,2308,17.078244,,False,,62.425,66.45,62.425,66.45,0.0,1,2756.0,0.8999933460875444,False
initial_invalid,2309,17.083252,,False,,56.84285714285714,67.24285714285715,56.84285714285714,67.24285714285715,0.0,1,2765.5,0.9085134854899131,False
initial_invalid,2310,17.088261,,False,,48.96511627906977,75.56976744186046,48.96511627906977,75.56976744186046,0.0,1,2714.5,0.8917591290522401,False
initial_invalid,2311,17.093269,,False,,48.58139534883722,79.48837209302326,48.58139534883721,79.48837209302326,7.105427357601002e-15,1,2736.0,0.8934621962452932,False
initial_invalid,2312,17.098278,,False,,59.154761904761905,88.94047619047619,59.154761904761905,88.94047619047619,0.0,1,2744.5,0.9016146415919438,False
initial_invalid,2313,17.103287,,False,,56.390243902439025,89.31707317073169,56.390243902439025,89.3170731707317,1.4210854715202004e-14,1,2744.0,0.8960746500947818,False
initial_invalid,2314,17.108295,,False,,58.5125,87.5625,58.5125,87.5625,0.0,1,2851.5,0.8995928809188793,False
initial_invalid,2315,17.113304,,False,,70.05681818181819,78.32954545454545,70.05681818181819,78.32954545454545,0.0,1,2864.5,0.8931771527887814,False
initial_invalid,2316,17.118312,,False,,72.02564102564102,78.1025641025641,72.02564102564102,78.1025641025641,0.0,1,2860.0,0.8970011843161786,False
initial_invalid,2317,17.123321,,False,,68.4186046511628,77.30232558139534,68.4186046511628,77.30232558139535,1.4210854715202004e-14,1,2893.0,0.8925146764457484,False
initial_invalid,2318,17.128329,,False,,68.82417582417582,74.68131868131869,68.82417582417582,74.68131868131869,0.0,1,2892.0,0.8891799867918219,False
initial_invalid,2319,17.133338,,False,,76.87234042553192,69.0,76.87234042553192,69.0,0.0,1,2908.0,0.8868165897042773,False
initial_invalid,2320,17.138347,,False,,78.5,68.45121951219512,78.5,68.45121951219512,0.0,1,2935.5,0.9003919735178505,False
initial_invalid,2321,17.143355,,False,,76.05813953488372,65.66279069767442,76.05813953488372,65.66279069767442,0.0,1,2914.5,0.8939507506234388,False
initial_invalid,2322,17.148364,,False,,76.34883720930233,64.93023255813954,76.34883720930233,64.93023255813954,0.0,1,2868.0,0.8995102763952265,False
initial_invalid,2323,17.153372,,False,,68.6043956043956,62.16483516483517,68.6043956043956,62.16483516483517,0.0,1,2836.0,0.8894739048289485,False
initial_invalid,2324,17.158381,,False,,67.07142857142857,66.66666666666667,67.07142857142857,66.66666666666667,0.0,1,2811.0,0.8995185874334851,False
initial_invalid,2325,17.163389,,False,,65.65384615384616,68.21794871794872,65.65384615384616,68.21794871794872,0.0,1,2840.5,0.9036084822686741,False
initial_invalid,2326,17.168398,,False,,66.5625,66.6875,66.5625,66.6875,0.0,1,2862.5,0.9030631576169009,False
initial_invalid,2327,17.173407,,False,,74.16666666666667,72.39583333333333,74.16666666666667,72.39583333333333,0.0,1,2811.0,0.881632984307493,False
initial_invalid,2328,17.178415,,False,,73.46875,70.26041666666667,73.46875,70.26041666666667,0.0,1,2809.5,0.8833027035222517,False
initial_invalid,2329,17.183424,,False,,69.96078431372548,74.49019607843135,69.96078431372548,74.49019607843137,1.4210854715202004e-14,1,2821.0,0.877490998306441,False
initial_invalid,2330,17.188432,,False,,67.94047619047619,78.8452380952381,67.94047619047619,78.8452380952381,0.0,1,2821.5,0.8975642805272942,False
initial_invalid,2331,17.193441,,False,,70.8,79.6,70.8,79.6,0.0,1,2823.0,0.8958527688322475,False
initial_invalid,2332,17.198449,,False,,73.13513513513513,79.29729729729729,73.13513513513513,79.29729729729729,0.0,1,2806.0,0.905473349245915,False
initial_invalid,2333,17.203458,,False,,76.44565217391305,75.18478260869564,76.44565217391305,75.18478260869566,1.4210854715202004e-14,1,2824.5,0.8837232923672815,False
initial_invalid,2334,17.208467,,False,,77.66279069767444,73.40697674418605,77.66279069767442,73.40697674418605,1.4210854715202004e-14,1,2811.5,0.8943831184292825,False
initial_invalid,2335,17.213475,,False,,82.6413043478261,71.90217391304348,82.6413043478261,71.90217391304348,0.0,1,2845.5,0.8872527704991946,False
initial_invalid,2336,17.218484,,False,,71.72727272727273,66.61363636363636,71.72727272727273,66.61363636363636,0.0,1,2859.0,0.8966875486064914,False
initial_invalid,2337,17.223492,,False,,56.735632183908045,65.79310344827586,56.735632183908045,65.79310344827586,0.0,1,2701.5,0.8874884114968214,False
initial_invalid,2338,17.228501,,False,,47.14634146341464,66.8048780487805,47.146341463414636,66.8048780487805,7.105427357601002e-15,1,2646.0,0.8972110669833818,False
initial_invalid,2339,17.233509,,False,,48.5,62.80952380952381,48.5,62.80952380952381,0.0,1,2623.0,0.8925914070140547,False
initial_invalid,2340,17.238518,,False,,56.604651162790695,60.81395348837209,56.604651162790695,60.81395348837209,0.0,1,2652.0,0.8915557861803225,False
initial_invalid,2341,17.243526,,False,,49.077777777777776,62.522222222222226,49.077777777777776,62.522222222222226,0.0,1,2630.5,0.8897110883770241,False
initial_invalid,2342,17.248535,,False,,42.9,67.525,42.9,67.525,0.0,1,2661.0,0.894581423575946,False
initial_invalid,2343,17.253544,,False,,45.82022471910113,72.38202247191012,45.82022471910113,72.38202247191012,0.0,1,2666.5,0.8834586552604078,False
initial_invalid,2344,17.258552,,False,,45.475,79.675,45.475,79.675,0.0,1,2698.0,0.8961267286526484,False
initial_invalid,2345,17.263561,,False,,47.68292682926829,86.5609756097561,47.68292682926829,86.5609756097561,0.0,1,2806.0,0.8979185975081964,False
initial_invalid,2346,17.268569,,False,,51.376344086021504,83.33333333333333,51.376344086021504,83.33333333333333,0.0,1,2799.5,0.8831878916853895,False
initial_invalid,2347,17.273578,,False,,54.90625,84.48958333333333,54.90625,84.48958333333333,0.0,1,2828.5,0.8892762726372077,False
initial_invalid,2348,17.278586,,False,,42.873684210526314,81.63157894736844,42.873684210526314,81.63157894736842,1.4210854715202004e-14,1,2844.0,0.881632428806752,False
initial_invalid,2349,17.283595,,False,,48.154639175257735,83.10309278350516,48.154639175257735,83.10309278350516,0.0,1,2861.5,0.8776943132345499,False
initial_invalid,2350,17.288604,,False,,50.229166666666664,81.27083333333333,50.229166666666664,81.27083333333333,0.0,1,2864.0,0.88057105608051,False
initial_invalid,2351,17.293612,,False,,59.41860465116278,76.16279069767444,59.41860465116279,76.16279069767442,1.5888218580782548e-14,1,2879.0,0.895532278324775,False
initial_invalid,2352,17.298621,,False,,70.16279069767442,74.46511627906976,70.16279069767442,74.46511627906976,0.0,1,2855.0,0.895433004693719,False
initial_invalid,2353,17.303629,,False,,70.52173913043478,69.3913043478261,70.52173913043478,69.3913043478261,0.0,1,2849.0,0.8935511808254263,False
initial_invalid,2354,17.308638,,False,,69.07142857142857,67.19047619047619,69.07142857142857,67.19047619047619,0.0,1,2828.0,0.89743947658489,False
initial_invalid,2355,17.313646,,False,,59.57303370786517,68.02247191011236,59.57303370786517,68.02247191011236,0.0,1,2772.0,0.8870386070315264,False
initial_invalid,2356,17.318655,,False,,56.16867469879518,66.6144578313253,56.16867469879518,66.6144578313253,0.0,1,2717.5,0.892744675403537,False
initial_invalid,2357,17.323664,,False,,52.625,64.375,52.625,64.375,0.0,1,2639.5,0.8820007364698681,False
initial_invalid,2358,17.328672,,False,,55.32142857142857,63.154761904761905,55.32142857142857,63.154761904761905,0.0,1,2636.5,0.891740460598578,False
initial_invalid,2359,17.333681,,False,,58.73913043478261,59.0,58.73913043478261,59.0,0.0,1,2728.0,0.883372863786904,False
initial_invalid,2360,17.338689,,False,,73.38372093023256,57.47674418604651,73.38372093023256,57.47674418604651,0.0,1,2841.5,0.8964380729523945,False
initial_invalid,2361,17.343698,,False,,77.62650602409639,59.1566265060241,77.62650602409639,59.1566265060241,0.0,1,2892.0,0.8995760273387575,False
initial_invalid,2362,17.348706,,False,,65.2840909090909,59.32954545454545,65.2840909090909,59.32954545454545,0.0,1,2766.5,0.890535737846756,False
initial_invalid,2363,17.353715,,False,,63.831460674157306,59.348314606741575,63.831460674157306,59.348314606741575,0.0,1,2780.0,0.8852575527276358,False
initial_invalid,2364,17.358723,,False,,67.70930232558139,60.7093023255814,67.70930232558139,60.7093023255814,0.0,1,2802.5,0.8946064817703429,False
initial_invalid,2365,17.363732,,False,,66.25531914893617,65.2127659574468,66.25531914893617,65.2127659574468,0.0,1,2835.0,0.8848645567543416,False
initial_invalid,2366,17.368741,,False,,80.6025641025641,69.83333333333333,80.6025641025641,69.83333333333333,0.0,1,2864.5,0.9036941187750611,False
initial_invalid,2367,17.373749,,False,,86.52,72.48,86.52,72.48,0.0,1,2819.0,0.8768688859128241,False
initial_invalid,2368,17.378758,,False,,87.11111111111111,70.6,87.11111111111111,70.6,0.0,1,2789.0,0.8924785995625516,False
initial_invalid,2369,17.383766,,False,,86.67948717948718,70.37179487179488,86.67948717948718,70.37179487179488,0.0,1,2803.5,0.9024460198588863,False
initial_invalid,2370,17.388775,,False,,88.64367816091954,69.65517241379311,88.64367816091954,69.65517241379311,0.0,1,2785.0,0.886849753214494,False
initial_invalid,2371,17.393783,,False,,89.26829268292683,68.39024390243902,89.26829268292683,68.39024390243902,0.0,1,2775.0,0.8985922686495462,False
initial_invalid,2372,17.398792,,False,,87.20987654320987,67.29629629629629,87.20987654320987,67.29629629629629,0.0,1,2758.5,0.8985854202871172,False
initial_invalid,2373,17.403801,,False,,87.31818181818181,66.97727272727273,87.31818181818181,66.97727272727273,0.0,1,2766.0,0.8956779077576854,False
initial_invalid,2374,17.408809,,False,,88.07865168539325,65.49438202247191,88.07865168539325,65.49438202247191,0.0,1,2723.5,0.8871841189602915,False
initial_invalid,2375,17.413818,,False,,89.4235294117647,58.09411764705882,89.4235294117647,58.09411764705882,0.0,1,2641.0,0.8910178162236754,False
initial_invalid,2376,17.418826,,False,,78.79518072289157,47.746987951807235,78.79518072289157,47.74698795180723,7.105427357601002e-15,1,2592.0,0.8928964580733215,False
initial_invalid,2377,17.423835,,False,,75.33695652173913,46.05434782608695,75.33695652173913,46.05434782608695,0.0,1,2568.5,0.8870535445159823,False
initial_invalid,2378,17.428843,,False,,68.69047619047619,44.357142857142854,68.69047619047619,44.357142857142854,0.0,1,2573.0,0.890872627721858,False
initial_invalid,2379,17.433852,,False,,67.21951219512195,46.26829268292683,67.21951219512195,46.26829268292683,0.0,1,2548.0,0.8931682759467987,False
initial_invalid,2380,17.438861,,False,,67.21176470588236,42.8235294117647,67.21176470588236,42.8235294117647,0.0,1,2599.0,0.8844243509668063,False
initial_invalid,2381,17.443869,,False,,66.09302325581395,45.74418604651163,66.09302325581395,45.74418604651163,0.0,1,2652.0,0.891555780683127,False
initial_invalid,2382,17.448878,,False,,60.666666666666664,47.11904761904762,60.666666666666664,47.11904761904762,0.0,1,2708.0,0.8949768602755896,False
initial_invalid,2383,17.453886,,False,,55.925,52.7,55.925,52.7,0.0,1,2753.0,0.8990136693559402,False
initial_invalid,2384,17.458895,,False,,59.45238095238095,63.857142857142854,59.45238095238095,63.857142857142854,0.0,1,2823.0,0.895852765612247,False
initial_invalid,2385,17.463903,,False,,56.13414634146341,67.59756097560975,56.13414634146341,67.59756097560975,0.0,1,2865.5,0.8965512792541251,False
initial_invalid,2386,17.468912,,False,,57.064516129032256,72.0752688172043,57.064516129032256,72.0752688172043,0.0,1,2813.0,0.8822602599661757,False
initial_invalid,2387,17.47392,,False,,47.93333333333333,74.84444444444445,47.93333333333333,74.84444444444445,0.0,1,2845.0,0.8922966326501846,False
initial_invalid,2388,17.478929,,False,,47.17857142857143,78.48809523809526,47.17857142857143,78.48809523809524,1.4210854715202004e-14,1,2872.0,0.8903123511033273,False
initial_invalid,2389,17.483938,,False,,46.98571428571429,78.72857142857143,46.98571428571429,78.72857142857143,0.0,1,2872.5,0.9062179644902678,False
initial_invalid,2390,17.488946,,False,,48.0,80.04651162790698,48.0,80.04651162790698,0.0,1,2875.0,0.8942880557137441,False
initial_invalid,2391,17.493955,,False,,46.973684210526315,76.0,46.973684210526315,76.0,0.0,1,2878.0,0.9026466527662321,False
initial_invalid,2392,17.498963,,False,,51.972972972972975,75.83783783783784,51.972972972972975,75.83783783783784,0.0,1,2868.0,0.8995102731810032,False
initial_invalid,2393,17.503972,,False,,46.41573033707865,78.12359550561797,46.41573033707865,78.12359550561797,0.0,1,2897.5,0.8887364275991129,False
initial_invalid,2394,17.50898,,False,,47.78481012658228,77.20253164556962,47.78481012658228,77.20253164556962,0.0,1,2890.0,0.8989539011075479,False
initial_invalid,2395,17.513989,,False,,51.05555555555556,81.83333333333333,51.05555555555556,81.83333333333333,0.0,1,2878.0,0.8848755193592196,False
initial_invalid,2396,17.518998,,False,,57.434210526315795,76.82894736842105,57.43421052631579,76.82894736842105,7.105427357601002e-15,1,2882.5,0.9018702025909832,False
initial_invalid,2397,17.524006,,False,,65.14772727272727,71.7840909090909,65.14772727272727,71.7840909090909,0.0,1,2787.5,0.8941869936438179,False
initial_invalid,2398,17.529015,,False,,58.01136363636363,77.97727272727273,58.01136363636363,77.97727272727273,0.0,1,2727.0,0.8830490467547243,False
initial_invalid,2399,17.534023,,False,,56.13095238095238,82.04761904761905,56.13095238095238,82.04761904761905,0.0,1,2722.0,0.8888903835205401,False
initial_invalid,2400,17.539032,,False,,57.170731707317074,86.82926829268293,57.170731707317074,86.82926829268293,0.0,1,2778.0,0.8995637077748486,False
initial_invalid,2401,17.54404,,False,,55.46875,84.67708333333333,55.46875,84.67708333333333,0.0,1,2800.5,0.8835033701573771,False
initial_invalid,2402,17.549049,,False,,53.0,86.39583333333333,53.0,86.39583333333333,0.0,1,2802.0,0.8788102553946763,False
initial_invalid,2403,17.554058,,False,,55.43333333333333,82.47777777777777,55.43333333333333,82.47777777777777,0.0,1,2803.5,0.8918381926132445,False
initial_invalid,2404,17.559066,,False,,54.66,80.7,54.66,80.7,0.0,1,2801.0,0.8784966123371789,False
initial_invalid,2405,17.564075,,False,,55.9468085106383,82.11702127659575,55.9468085106383,82.11702127659575,0.0,1,2805.5,0.8850807730678527,False
initial_invalid,2406,17.569083,,False,,65.56976744186046,78.9186046511628,65.56976744186046,78.9186046511628,0.0,1,2821.5,0.8901284591913399,False
initial_invalid,2407,17.574092,,False,,66.37974683544304,77.24050632911391,66.37974683544304,77.24050632911393,1.4210854715202004e-14,1,2822.5,0.897882401907912,False
initial_invalid,2408,17.5791,,False,,67.10666666666667,81.17333333333333,67.10666666666667,81.17333333333333,0.0,1,2840.5,0.9036084931081484,False
initial_invalid,2409,17.584109,,False,,66.91111111111111,79.06666666666666,66.91111111111111,79.06666666666666,0.0,1,2824.0,0.8887548429949718,False
initial_invalid,2410,17.589118,,False,,64.29166666666667,73.93055555555556,64.29166666666667,73.93055555555556,0.0,1,2824.5,0.9060560217056843,False
initial_invalid,2411,17.594126,,False,,62.51063829787234,72.87234042553192,62.51063829787234,72.87234042553192,0.0,1,2824.0,0.8857102550429403,False
initial_invalid,2412,17.599135,,False,,64.64634146341463,75.6951219512195,64.64634146341463,75.6951219512195,0.0,1,2820.5,0.8972461677610151,False
initial_invalid,2413,17.604143,,False,,66.91566265060241,76.89156626506023,66.91566265060241,76.89156626506023,0.0,1,2852.5,0.8924838691728636,False
initial_invalid,2414,17.609152,,False,,68.01351351351352,76.6891891891892,68.01351351351352,76.6891891891892,0.0,1,2844.5,0.9080136050748214,False
initial_invalid,2415,17.61416,,False,,67.16470588235295,76.95294117647059,67.16470588235295,76.95294117647059,0.0,1,2847.5,0.8909194845094055,False
initial_invalid,2416,17.619169,,False,,65.93589743589743,78.88461538461539,65.93589743589743,78.88461538461539,0.0,1,2844.5,0.9048809505884166,False
initial_invalid,2417,17.624177,,False,,69.0375,76.1125,69.0375,76.1125,0.0,1,2849.5,0.8989619165322431,False
initial_invalid,2418,17.629186,,False,,70.03571428571429,77.08333333333333,70.03571428571429,77.08333333333333,0.0,1,2824.5,0.8985186328243361,False
initial_invalid,2419,17.634195,,False,,77.93478260869564,72.69565217391305,77.93478260869566,72.69565217391305,1.4210854715202004e-14,1,2841.0,0.8910420887232168,False
initial_invalid,2420,17.639203,,False,,77.8048780487805,67.95121951219512,77.8048780487805,67.95121951219512,0.0,1,2885.0,0.8973986239285398,False
initial_invalid,2421,17.644212,,False,,78.70886075949367,68.58227848101266,78.70886075949367,68.58227848101266,0.0,1,2869.0,0.8998239163875563,False
initial_invalid,2422,17.64922,,False,,68.8048780487805,64.0,68.8048780487805,64.0,0.0,1,2821.0,0.8952180906692853,False
initial_invalid,2423,17.654229,,False,,69.42307692307692,64.3076923076923,69.42307692307692,64.3076923076923,0.0,1,2812.0,0.8746914878545592,False
initial_invalid,2424,17.659237,,False,,67.13636363636364,61.54545454545455,67.13636363636364,61.54545454545455,0.0,1,2809.0,0.8914100002354861,False
initial_invalid,2425,17.664246,,False,,68.0,61.80487804878049,68.0,61.80487804878049,0.0,1,2820.0,0.9023985850822522,False
initial_invalid,2426,17.669255,,False,,64.56521739130434,59.23913043478261,64.56521739130434,59.23913043478261,0.0,1,2762.5,0.8818378014477366,False
initial_invalid,2427,17.674263,,False,,67.8157894736842,58.0,67.8157894736842,58.0,0.0,1,2809.0,0.909602031283899,False
initial_invalid,2428,17.679272,,False,,67.48717948717949,55.76923076923077,67.48717948717949,55.76923076923077,0.0,1,2769.0,0.9042385911260246,False
initial_invalid,2429,17.68428,,False,,68.43055555555556,57.958333333333336,68.43055555555556,57.958333333333336,0.0,1,2799.5,0.9119412337338091,False
initial_invalid,2430,17.689289,,False,,68.5909090909091,58.61363636363637,68.5909090909091,58.61363636363637,0.0,1,2826.0,0.8893842695869666,False
initial_invalid,2431,17.694297,,False,,56.52808988764045,59.82022471910113,56.52808988764045,59.82022471910113,0.0,1,2777.0,0.8886386045189572,False
initial_invalid,2432,17.699306,,False,,57.68292682926829,60.53658536585366,57.68292682926829,60.53658536585366,0.0,1,2773.0,0.8979446258879527,False
initial_invalid,2433,17.704315,,False,,57.82142857142857,57.535714285714285,57.82142857142857,57.535714285714285,0.0,1,2712.5,0.9018746054605716,False
initial_invalid,2434,17.709323,,False,,55.9625,57.8625,55.9625,57.8625,0.0,1,2686.5,0.900891402329754,False
initial_invalid,2435,17.714332,,False,,56.36904761904762,58.035714285714285,56.36904761904762,58.035714285714285,0.0,1,2647.5,0.8954609728176204,False
initial_invalid,2436,17.71934,,False,,58.6,55.725,58.6,55.725,0.0,1,2688.5,0.8938948832566223,False
initial_invalid,2437,17.724349,,False,,56.05681818181818,56.03409090909091,56.05681818181818,56.03409090909091,0.0,1,2693.5,0.8924042343360375,False
initial_invalid,2438,17.729357,,False,,57.0,57.390243902439025,57.0,57.390243902439025,0.0,1,2715.0,0.8972903104849972,False
initial_invalid,2439,17.734366,,False,,58.30769230769231,62.23076923076923,58.30769230769231,62.23076923076923,0.0,1,2749.0,0.897707442453422,False
initial_invalid,2440,17.739374,,False,,55.31683168316832,65.42574257425743,55.31683168316832,65.42574257425743,0.0,1,2750.0,0.8726869057564117,False
initial_invalid,2441,17.744383,,False,,57.7093023255814,66.45348837209302,57.7093023255814,66.45348837209302,0.0,1,2789.5,0.8979394262562606,False
initial_invalid,2442,17.749392,,False,,59.3,71.8,59.3,71.8,0.0,1,2790.0,0.900310282805638,False
initial_invalid,2443,17.7544,,False,,60.93877551020408,71.53061224489795,60.93877551020408,71.53061224489795,0.0,1,2784.0,0.8804374279030259,False
initial_invalid,2444,17.759409,,False,,62.48888888888889,75.0888888888889,62.48888888888889,75.08888888888889,1.4210854715202004e-14,1,2774.0,0.8876786060264987,False
initial_invalid,2445,17.764417,,False,,58.36842105263158,75.60526315789474,58.36842105263158,75.60526315789474,0.0,1,2774.0,0.9027104787255127,False
initial_invalid,2446,17.769426,,False,,57.98717948717949,78.01282051282051,57.98717948717949,78.01282051282051,0.0,1,2777.5,0.9016215188352104,False
initial_invalid,2447,17.774434,,False,,60.63636363636363,75.38636363636364,60.63636363636363,75.38636363636364,0.0,1,2800.0,0.8885539361481738,False
initial_invalid,2448,17.779443,,False,,59.54255319148936,74.5,59.54255319148936,74.5,0.0,1,2795.5,0.881925965139809,False
initial_invalid,2449,17.784452,,False,,59.48351648351648,75.0,59.48351648351648,75.0,0.0,1,2798.0,0.877555712458798,False
initial_invalid,2450,17.78946,,False,,59.17977528089887,79.19101123595506,59.17977528089887,79.19101123595506,0.0,1,2788.5,0.8901374459955421,False
initial_invalid,2451,17.794469,,False,,58.0,79.32558139534883,58.0,79.32558139534883,0.0,1,2804.0,0.8972785898715465,False
initial_invalid,2452,17.799477,,False,,57.895348837209305,76.61627906976744,57.895348837209305,76.61627906976744,0.0,1,2817.5,0.8888665400529941,False
initial_invalid,2453,17.804486,,False,,60.56,76.12,60.56,76.12,0.0,1,2824.0,0.8784241726249866,False
initial_invalid,2454,17.809494,,False,,66.04597701149426,76.24137931034483,66.04597701149426,76.24137931034483,0.0,1,2816.5,0.8885510584094385,False
initial_invalid,2455,17.814503,,False,,67.0,77.31645569620254,67.0,77.31645569620254,0.0,1,2832.5,0.9010635575556636,False
initial_invalid,2456,17.819512,,False,,67.6625,77.3875,67.6625,77.3875,0.0,1,2834.5,0.9048214451389646,False
initial_invalid,2457,17.82452,,False,,67.2439024390244,76.07317073170732,67.2439024390244,76.07317073170732,0.0,1,2843.0,0.9021995750725009,False
initial_invalid,2458,17.829529,,False,,68.51282051282051,76.87179487179488,68.51282051282051,76.87179487179488,0.0,1,2810.0,0.899198590099691,False
initial_invalid,2459,17.834537,,False,,69.51851851851852,75.50617283950618,69.51851851851852,75.50617283950618,0.0,1,2806.5,0.8927925405989195,False
initial_invalid,2460,17.839546,,False,,69.4375,74.9625,69.4375,74.9625,0.0,1,2819.5,0.8969280463849766,False
initial_invalid,2461,17.844554,,False,,68.90291262135922,71.9126213592233,68.90291262135922,71.9126213592233,0.0,1,2809.5,0.8760276463183274,False
initial_invalid,2462,17.849563,,False,,70.20833333333333,69.29166666666667,70.20833333333333,69.29166666666667,0.0,1,2821.0,0.8847693531461439,False
initial_invalid,2463,17.854572,,False,,69.51807228915662,68.8433734939759,69.51807228915662,68.8433734939759,0.0,1,2824.5,0.8941469334699146,False
initial_invalid,2464,17.85958,,False,,61.43589743589744,66.46153846153847,61.43589743589744,66.46153846153847,0.0,1,2768.0,0.8963255385652855,False
initial_invalid,2465,17.864589,,False,,58.86904761904762,66.91666666666667,58.86904761904762,66.91666666666667,0.0,1,2788.5,0.8901374417170038,False
initial_invalid,2466,17.869597,,False,,60.425,69.625,60.425,69.625,0.0,1,2801.0,0.8963185946153859,False
initial_invalid,2467,17.874606,,False,,65.62068965517241,70.11494252873563,65.62068965517241,70.11494252873563,0.0,1,2821.5,0.8901284602546846,False
initial_invalid,2468,17.879614,,False,,61.57446808510638,75.59574468085107,61.57446808510638,75.59574468085107,0.0,1,2777.0,0.8886386023806752,False
initial_invalid,2469,17.884623,,False,,66.06410256410257,76.52564102564102,66.06410256410257,76.52564102564102,0.0,1,2797.5,0.9005146266407104,False
initial_invalid,2470,17.889631,,False,,66.51219512195122,77.31707317073169,66.51219512195122,77.3170731707317,1.4210854715202004e-14,1,2841.0,0.9015649098998014,False
initial_invalid,2471,17.89464,,False,,69.85882352941177,77.68235294117648,69.85882352941177,77.68235294117648,0.0,1,2825.5,0.8913903868394598,False
initial_invalid,2472,17.899649,,False,,69.01063829787235,75.67021276595744,69.01063829787235,75.67021276595744,0.0,1,2800.5,0.8908838446275696,False
initial_invalid,2473,17.904657,,False,,67.92391304347827,76.77173913043478,67.92391304347827,76.77173913043478,0.0,1,2816.5,0.888551059470899,False
initial_invalid,2474,17.909666,,False,,71.78350515463917,75.44329896907216,71.78350515463917,75.44329896907216,0.0,1,2817.5,0.8785221138442262,False
initial_invalid,2475,17.914674,,False,,76.84210526315789,69.49473684210527,76.84210526315789,69.49473684210527,0.0,1,2800.5,0.8835033617139322,False
initial_invalid,2476,17.919683,,False,,75.52,68.29333333333334,75.52,68.29333333333334,0.0,1,2824.5,0.9016292612752836,False
initial_invalid,2477,17.924691,,False,,70.24418604651163,64.5,70.24418604651163,64.5,0.0,1,2760.5,0.896103036777159,False
initial_invalid,2478,17.9297,,False,,65.48863636363636,62.96590909090909,65.48863636363636,62.96590909090909,0.0,1,2728.5,0.8857153138907019,False
initial_invalid,2479,17.934709,,False,,57.57471264367816,73.02298850574712,57.57471264367816,73.02298850574712,0.0,1,2734.0,0.8928090773494328,False
initial_invalid,2480,17.939717,,False,,56.95238095238095,74.85714285714286,56.95238095238095,74.85714285714286,0.0,1,2776.0,0.8989160845953559,False
initial_invalid,2481,17.944726,,False,,68.4090909090909,79.0909090909091,68.4090909090909,79.0909090909091,0.0,1,2824.0,0.8961701159648707,False
initial_invalid,2482,17.949734,,False,,77.4421052631579,71.66315789473684,77.4421052631579,71.66315789473684,0.0,1,2805.5,0.8850807741251677,False
initial_invalid,2483,17.954743,,False,,80.9125,67.2125,80.9125,67.2125,0.0,1,2788.5,0.905192293836972,False
initial_invalid,2484,17.959751,,False,,68.47916666666667,65.1875,68.47916666666667,65.1875,0.0,1,2782.0,0.8828418058169967,False
initial_invalid,2485,17.96476,,False,,62.7816091954023,69.10344827586206,62.7816091954023,69.10344827586206,0.0,1,2792.5,0.8914143162738053,False
initial_invalid,2486,17.969769,,False,,67.10112359550561,75.53932584269663,67.10112359550561,75.53932584269663,0.0,1,2785.5,0.8861121057621539,False
initial_invalid,2487,17.974777,,False,,68.19318181818181,76.07954545454545,68.19318181818181,76.07954545454545,0.0,1,2818.5,0.889182016386232,False
initial_invalid,2488,17.979786,,False,,72.61111111111111,74.1,72.61111111111111,74.1,0.0,1,2807.5,0.8931106640936259,False
initial_invalid,2489,17.984794,,False,,76.56842105263158,68.74736842105263,76.56842105263158,68.74736842105263,0.0,1,2818.0,0.8838284428095828,False
initial_invalid,2490,17.989803,,False,,76.20652173913044,68.31521739130434,76.20652173913044,68.31521739130434,0.0,1,2804.5,0.8921563171701468,False
initial_invalid,2491,17.994811,,False,,76.58426966292134,66.85393258426966,76.58426966292134,66.85393258426966,0.0,1,2792.0,0.8860152084932279,False
initial_invalid,2492,17.99982,,False,,70.59302325581395,68.94186046511628,70.59302325581395,68.94186046511628,0.0,1,2798.5,0.8902476201125599,False
initial_invalid,2493,18.004828,,False,,71.63953488372093,66.68604651162791,71.63953488372093,66.68604651162791,0.0,1,2738.5,0.8964949835807363,False
initial_invalid,2494,18.009837,,False,,69.28571428571429,66.42857142857143,69.28571428571429,66.42857142857143,0.0,1,2779.0,0.8818897816270624,False
initial_invalid,2495,18.014846,,False,,64.23333333333333,65.9,64.23333333333333,65.9,0.0,1,2779.5,0.8872644966766743,False
initial_invalid,2496,18.019854,,False,,61.535714285714285,64.10714285714286,61.535714285714285,64.10714285714286,0.0,1,2765.5,0.8902138348453945,False
initial_invalid,2497,18.024863,,False,,62.619565217391305,69.09782608695652,62.619565217391305,69.09782608695652,0.0,1,2797.5,0.8899294945068176,False
initial_invalid,2498,18.029871,,False,,66.38888888888889,74.34444444444445,66.38888888888889,74.34444444444445,0.0,1,2800.5,0.8908838456962528,False
initial_invalid,2499,18.03488,,False,,67.05555555555556,76.63333333333334,67.05555555555556,76.63333333333334,0.0,1,2824.5,0.8910749094500378,False
initial_invalid,2500,18.039888,,False,,68.0,67.91111111111111,68.0,67.91111111111111,0.0,1,2794.0,0.894078598127593,False
initial_invalid,2501,18.044897,,False,,67.6951219512195,68.7439024390244,67.6951219512195,68.7439024390244,0.0,1,2811.5,0.9050212147844925,False
initial_invalid,2502,18.049906,,False,,67.64473684210526,66.90789473684211,67.64473684210526,66.90789473684211,0.0,1,2808.5,0.9040555165532107,False
initial_invalid,2503,18.054914,,False,,72.3404255319149,68.12765957446808,72.34042553191489,68.12765957446808,1.4210854715202004e-14,1,2796.0,0.879942831387585,False
initial_invalid,2504,18.059923,,False,,68.74468085106383,65.06382978723404,68.74468085106383,65.06382978723404,0.0,1,2787.0,0.8844285092782063,False
initial_invalid,2505,18.064931,,False,,63.07954545454545,65.26136363636364,63.07954545454545,65.26136363636364,0.0,1,2765.5,0.8902138273259134,False
initial_invalid,2506,18.06994,,False,,58.666666666666664,67.95238095238095,58.666666666666664,67.95238095238095,0.0,1,2792.0,0.8934385937565011,False
initial_invalid,2507,18.074948,,False,,68.48148148148148,78.46913580246914,68.48148148148148,78.46913580246914,0.0,1,2812.5,0.8977986536862226,False
initial_invalid,2508,18.079957,,False,,76.72151898734175,66.72151898734177,76.72151898734177,66.72151898734177,1.4210854715202004e-14,1,2772.5,0.903145935336261,False
initial_invalid,2509,18.084966,,False,,77.83908045977012,57.67816091954023,77.83908045977012,57.67816091954023,0.0,1,2713.0,0.8966293297254272,False
initial_invalid,2510,18.089974,,False,,67.43023255813954,52.68604651162791,67.43023255813954,52.68604651162791,0.0,1,2636.5,0.8917404506714987,False
initial_invalid,2511,18.094983,,False,,65.20833333333333,51.25,65.20833333333333,51.25,0.0,1,2714.0,0.878839431718223,False
initial_invalid,2512,18.099991,,False,,58.01123595505618,56.07865168539326,58.01123595505618,56.07865168539326,0.0,1,2799.5,0.8862327269440974,False
initial_invalid,2513,18.105,,False,,59.69047619047619,67.0952380952381,59.69047619047619,67.0952380952381,0.0,1,2822.0,0.8955354313607665,False
initial_invalid,2514,18.110008,,False,,66.8625,66.8875,66.8625,66.8875,0.0,1,2807.5,0.8962025704215486,False
initial_invalid,2515,18.115017,,False,,61.90909090909091,63.25,61.90909090909091,63.25,0.0,1,2675.0,0.8916305777876958,False
initial_invalid,2516,18.120026,,False,,50.57142857142857,70.38095238095238,50.57142857142857,70.38095238095238,0.0,1,2675.0,0.891630579977376,False
initial_invalid,2517,18.125034,,False,,46.6125,76.6625,46.6125,76.6625,0.0,1,2656.5,0.8985050338932488,False
initial_invalid,2518,18.130043,,False,,48.170731707317074,79.58536585365853,48.170731707317074,79.58536585365853,0.0,1,2655.0,0.8925643301477089,False
initial_invalid,2519,18.135051,,False,,55.04255319148936,81.08510638297872,55.04255319148936,81.08510638297872,0.0,1,2723.0,0.8861141454701457,False
initial_invalid,2520,18.14006,,False,,56.13636363636363,81.5,56.13636363636363,81.5,0.0,1,2796.0,0.8947185917418256,False
initial_invalid,2521,18.145068,,False,,68.61842105263158,78.67105263157895,68.61842105263158,78.67105263157895,0.0,1,2850.5,0.9099289066779148,False
initial_invalid,2522,18.150077,,False,,70.46739130434783,74.6195652173913,70.46739130434783,74.6195652173913,0.0,1,2812.5,0.8872891286628939,False
initial_invalid,2523,18.155085,,False,,65.025,67.3,65.025,67.3,0.0,1,2783.0,0.9011828005568013,False
initial_invalid,2524,18.160094,,False,,57.07954545454545,68.30681818181819,57.07954545454545,68.30681818181819,0.0,1,2754.5,0.8941553438749539,False
initial_invalid,2525,18.165103,,False,,57.88235294117647,67.98823529411764,57.88235294117647,67.98823529411764,0.0,1,2752.5,0.8935061092942763,False
initial_invalid,2526,18.170111,,False,,58.674418604651166,67.0,58.674418604651166,67.0,0.0,1,2777.0,0.8917241453823069,False
initial_invalid,2527,18.17512,,False,,56.71951219512195,67.5,56.71951219512195,67.5,0.0,1,2774.5,0.9006476647531159,False
initial_invalid,2528,18.180128,,False,,57.416666666666664,68.10714285714286,57.416666666666664,68.10714285714286,0.0,1,2745.5,0.901943161793905,False
initial_invalid,2529,18.185137,,False,,58.8125,68.4625,58.8125,68.4625,0.0,1,2786.5,0.8969737236799668,False
initial_invalid,2530,18.190145,,False,,58.417582417582416,72.83516483516483,58.417582417582416,72.83516483516483,0.0,1,2787.5,0.886748343071979,False
initial_invalid,2531,18.195154,,False,,64.14851485148515,73.17821782178217,64.14851485148515,73.17821782178218,1.4210854715202004e-14,1,2795.5,0.87166231591302,False
initial_invalid,2532,18.200163,,False,,67.01162790697674,68.98837209302326,67.01162790697674,68.98837209302326,0.0,1,2815.5,0.8956555888535735,False
initial_invalid,2533,18.205171,,False,,71.0,67.02272727272727,71.0,67.02272727272727,0.0,1,2805.0,0.8975985872088056,False
initial_invalid,2534,18.21018,,False,,72.61538461538461,64.35164835164835,72.61538461538461,64.35164835164835,0.0,1,2700.0,0.8817061104292873,False
initial_invalid,2535,18.215188,,False,,70.04347826086956,60.32608695652174,70.04347826086956,60.32608695652174,0.0,1,2704.0,0.8830123470700136,False
initial_invalid,2536,18.220197,,False,,67.3763440860215,61.956989247311824,67.3763440860215,61.956989247311824,0.0,1,2734.0,0.8853157670514615,False
initial_invalid,2537,18.225205,,False,,59.5531914893617,64.63829787234043,59.5531914893617,64.63829787234043,0.0,1,2735.0,0.8782375148618721,False
initial_invalid,2538,18.230214,,False,,57.854166666666664,71.0625,57.854166666666664,71.0625,0.0,1,2773.0,0.8799857416954654,False
initial_invalid,2539,18.235223,,False,,64.84615384615384,78.2051282051282,64.84615384615384,78.2051282051282,0.0,1,2819.0,0.9020785844986852,False
initial_invalid,2540,18.240231,6.0,True,0.0,66.54651162790698,76.81395348837209,66.54651162790698,76.81395348837209,0.0,1,2835.5,0.8945451862562215,False
initial_invalid,2541,18.24524,,True,0.0,68.08653846153847,73.91346153846153,68.08653846153847,73.91346153846153,0.0,1,2832.5,0.8759548852608525,False
initial_invalid,2542,18.250248,,True,0.0,69.01190476190476,68.10714285714286,69.01190476190476,68.10714285714286,0.0,1,2829.5,0.9001092149675928,False
initial_invalid,2543,18.255257,,True,0.0,66.73255813953489,64.24418604651163,66.73255813953489,64.24418604651163,0.0,1,2741.5,0.8930476442728857,False
initial_invalid,2544,18.260265,,True,0.0,55.95945945945946,64.82432432432432,55.95945945945946,64.82432432432432,0.0,1,2760.5,0.9068709020980547,False
initial_invalid,2545,18.265274,,True,0.0,57.95238095238095,77.28571428571429,57.95238095238095,77.28571428571429,0.0,1,2806.0,0.8979185888657487,False
initial_invalid,2546,18.270282,,True,0.0,59.94186046511628,76.43023255813954,59.94186046511628,76.43023255813954,0.0,1,2812.5,0.8947012344237443,False
initial_invalid,2547,18.275291,,True,0.0,68.62765957446808,75.90425531914893,68.62765957446808,75.90425531914893,0.0,1,2832.5,0.8862263209409343,False
initial_invalid,2548,18.2803,7.0,True,0.0,69.72941176470589,67.81176470588235,69.72941176470589,67.81176470588235,0.0,1,2809.0,0.8988785862755911,False
initial_invalid,2549,18.285308,,True,0.0,67.68478260869566,64.72826086956522,67.68478260869566,64.72826086956522,0.0,1,2768.5,0.8837530988981084,False
initial_invalid,2550,18.290317,,True,0.0,69.79166666666667,67.04166666666667,69.79166666666667,67.04166666666667,0.0,1,2761.0,0.8835186125591791,False
initial_invalid,2551,18.295325,,True,0.0,66.95402298850574,64.32183908045977,66.95402298850574,64.32183908045977,0.0,1,2746.5,0.8915584142140356,False
initial_invalid,2552,18.300334,,True,0.0,66.475,65.325,66.475,65.325,0.0,1,2776.0,0.8989160791556657,False
initial_invalid,2553,18.305342,,True,0.0,72.33333333333333,63.354166666666664,72.33333333333333,63.354166666666664,0.0,1,2790.0,0.8780545263351267,False
initial_invalid,2554,18.310351,,True,0.0,74.67045454545455,62.46590909090909,74.67045454545455,62.46590909090909,0.0,1,2793.5,0.8917335292897522,False
initial_invalid,2555,18.31536,,True,0.0,68.6,66.22222222222223,68.6,66.22222222222223,0.0,1,2804.0,0.8898232967818809,False
initial_invalid,2556,18.320368,8.0,True,0.0,67.56521739130434,65.8695652173913,67.56521739130434,65.8695652173913,0.0,1,2820.0,0.887495973913772,False
initial_invalid,2557,18.325377,,True,0.0,66.92307692307692,66.56410256410257,66.92307692307692,66.56410256410257,0.0,1,2841.0,0.9015649098998014,False
initial_invalid,2558,18.330385,,True,0.0,62.5,67.26190476190476,62.5,67.26190476190476,0.0,1,2782.0,0.8977287446907114,False
initial_invalid,2559,18.335394,,True,0.0,59.43333333333333,71.25555555555556,59.43333333333333,71.25555555555556,0.0,1,2789.5,0.8873845750670083,False
initial_invalid,2560,18.340402,,True,0.0,62.723404255319146,72.48936170212765,62.723404255319146,72.48936170212765,0.0,1,2800.0,0.8854974141799596,False
initial_invalid,2561,18.345411,,True,0.0,63.895833333333336,73.75,63.895833333333336,73.75,0.0,1,2816.0,0.8832011681998935,False
initial_invalid,2562,18.35042,,True,0.0,64.48979591836735,74.34693877551021,64.48979591836735,74.34693877551021,0.0,1,2808.0,0.8806920771190331,False
initial_invalid,2563,18.355428,,True,0.0,67.98837209302326,75.40697674418605,67.98837209302326,75.40697674418605,0.0,1,2838.5,0.895491630137488,False
initial_invalid,2564,18.360437,9.0,True,0.0,68.1625,69.7375,68.1625,69.7375,0.0,1,2831.5,0.893283270336553,False
initial_invalid,2565,18.365445,,True,0.0,67.46428571428571,65.77380952380952,67.46428571428571,65.77380952380952,0.0,1,2823.5,0.9013100537237368,False
initial_invalid,2566,18.370454,,True,0.0,69.03333333333333,66.38888888888889,69.03333333333333,66.38888888888889,0.0,1,2777.5,0.8866260588722786,False
initial_invalid,2567,18.375462,,True,0.0,67.40963855421687,68.33734939759036,67.40963855421687,68.33734939759036,0.0,1,2791.5,0.891095101113219,False
initial_invalid,2568,18.380471,,True,0.0,67.88172043010752,66.81720430107526,67.88172043010752,66.81720430107526,0.0,1,2784.5,0.8814842047254301,False
initial_invalid,2569,18.385479,,True,0.0,70.89285714285714,66.91666666666667,70.89285714285714,66.91666666666667,0.0,1,2814.5,0.8953374728568221,False
initial_invalid,2570,18.390488,,True,0.0,68.96428571428571,68.46428571428571,68.96428571428571,68.46428571428571,0.0,1,2818.5,0.8891820153240177,False
initial_invalid,2571,18.395497,,True,0.0,73.2439024390244,66.58536585365853,73.2439024390244,66.58536585365853,0.0,1,2836.0,0.8925314152584,False
initial_invalid,2572,18.400505,10.0,True,0.0,71.76190476190476,66.07142857142857,71.76190476190476,66.07142857142857,0.0,1,2824.0,0.8930873920157879,False
initial_invalid,2573,18.405514,,False,,66.87777777777778,65.21111111111111,66.87777777777778,65.21111111111111,0.0,1,2835.5,0.8945451873248428,False
initial_invalid,2574,18.410522,,False,,66.54761904761905,67.83333333333333,66.54761904761905,67.83333333333333,0.0,1,2806.0,0.8979185910263606,False
initial_invalid,2575,18.415531,,False,,58.21176470588235,68.67058823529412,58.21176470588235,68.67058823529412,0.0,1,2781.5,0.8953642312863731,False
initial_invalid,2576,18.420539,,False,,66.41111111111111,77.38888888888889,66.41111111111111,77.38888888888889,0.0,1,2805.5,0.892474426744877,False
initial_invalid,2577,18.425548,,False,,67.46428571428571,75.25,67.46428571428571,75.25,0.0,1,2825.5,0.8988367466646409,False
initial_invalid,2578,18.430557,,False,,67.44047619047619,69.79761904761905,67.44047619047619,69.79761904761905,0.0,1,2823.5,0.8982005189825051,False
initial_invalid,2579,18.435565,,False,,68.07317073170732,67.46341463414635,68.07317073170732,67.46341463414635,0.0,1,2778.0,0.896437985929262,False
initial_invalid,2580,18.440574,,False,,67.42857142857143,66.67532467532467,67.42857142857143,66.67532467532467,0.0,1,2787.0,0.9024780697777702,False
initial_invalid,2581,18.445582,,False,,68.17073170731707,65.48780487804878,68.17073170731707,65.48780487804878,0.0,1,2750.0,0.8980339904485589,False
initial_invalid,2582,18.450591,,False,,63.97058823529411,62.30392156862746,63.970588235294116,62.30392156862745,1.0048591735576161e-14,1,2693.5,0.8743537541509356,False
initial_invalid,2583,18.455599,,False,,58.144329896907216,63.577319587628864,58.144329896907216,63.577319587628864,0.0,1,2705.0,0.8759250720467654,False
initial_invalid,2584,18.460608,,False,,59.333333333333336,67.30952380952381,59.333333333333336,67.30952380952381,0.0,1,2739.0,0.8944418675318992,False
initial_invalid,2585,18.465617,,False,,56.88235294117647,68.07058823529412,56.88235294117647,68.07058823529412,0.0,1,2765.0,0.8953540950611893,False
initial_invalid,2586,18.470625,,False,,57.3875,76.9875,57.3875,76.9875,0.0,1,2797.5,0.9005146146876543,False
initial_invalid,2587,18.475634,,False,,59.19318181818182,77.625,59.19318181818182,77.625,0.0,1,2826.5,0.891705861030933,False
initial_invalid,2588,18.480642,,False,,59.52325581395349,76.61627906976744,59.52325581395349,76.61627906976744,0.0,1,2822.5,0.8904439450909133,False
initial_invalid,2589,18.485651,,False,,57.21590909090909,77.42045454545455,57.21590909090909,77.42045454545455,0.0,1,2841.5,0.8890422135862197,False
initial_invalid,2590,18.490659,,False,,54.434210526315795,77.51315789473684,54.43421052631579,77.51315789473684,7.105427357601002e-15,1,2826.5,0.9022676958734606,False
initial_invalid,2591,18.495668,,False,,58.95555555555555,79.06666666666666,58.955555555555556,79.06666666666666,7.105427357601002e-15,1,2799.0,0.88823659013565,False
initial_invalid,2592,18.500677,,False,,51.717948717948715,78.48717948717949,51.717948717948715,78.48717948717949,0.0,1,2795.0,0.8943985943976364,False
initial_invalid,2593,18.505685,,False,,52.583333333333336,79.53571428571429,52.583333333333336,79.53571428571429,0.0,1,2806.5,0.8927925395279466,False
initial_invalid,2594,18.510694,,False,,51.11842105263158,80.53947368421052,51.11842105263158,80.53947368421052,0.0,1,2816.5,0.9034897484001134,False
initial_invalid,2595,18.515702,,False,,47.48,79.10666666666667,47.48,79.10666666666667,0.0,1,2832.5,0.8935987487844208,False
initial_invalid,2596,18.520711,,False,,47.59756097560975,78.9390243902439,47.59756097560975,78.9390243902439,0.0,1,2838.5,0.8954916279979845,False
initial_invalid,2597,18.525719,,False,,51.291666666666664,82.8125,51.291666666666664,82.8125,0.0,1,2800.0,0.8781829818362218,False
initial_invalid,2598,18.530728,,False,,50.93478260869565,80.04347826086956,50.93478260869565,80.04347826086956,0.0,1,2806.0,0.8800648025115851,False
initial_invalid,2599,18.535736,,False,,54.273809523809526,78.70238095238095,54.273809523809526,78.70238095238095,0.0,1,2810.5,0.8940650088698165,False
initial_invalid,2600,18.540745,,False,,53.31395348837209,80.68604651162791,53.31395348837209,80.68604651162791,0.0,1,2792.5,0.8883389241251826,False
initial_invalid,2601,18.545754,,False,,51.42553191489362,84.62765957446808,51.42553191489362,84.62765957446808,0.0,1,2805.0,0.8797511604929947,False
initial_invalid,2602,18.550762,,False,,48.308510638297875,82.54255319148936,48.308510638297875,82.54255319148936,0.0,1,2819.5,0.8821589055613371,False
initial_invalid,2603,18.555771,,False,,48.03658536585366,78.23170731707317,48.03658536585366,78.23170731707317,0.0,1,2820.5,0.8972461666846998,False
initial_invalid,2604,18.560779,,False,,47.107142857142854,79.8452380952381,47.107142857142854,79.8452380952381,0.0,1,2832.5,0.8935987370420252,False
initial_invalid,2605,18.565788,,False,,51.5632183908046,80.44827586206895,51.5632183908046,80.44827586206897,1.4210854715202004e-14,1,2826.0,0.8863375359846943,False
initial_invalid,2606,18.570796,,False,,55.46341463414634,79.2439024390244,55.46341463414634,79.2439024390244,0.0,1,2849.0,0.893551176568187,False
initial_invalid,2607,18.575805,,False,,59.32,78.66666666666667,59.32,78.66666666666667,0.0,1,2843.0,0.9021995815581272,False
initial_invalid,2608,18.580814,,False,,56.2125,77.2625,56.2125,77.2625,0.0,1,2846.5,0.898015474788219,False
initial_invalid,2609,18.585822,,False,,58.57692307692308,77.5,58.57692307692308,77.5,0.0,1,2867.5,0.9046405605123016,False
initial_invalid,2610,18.590831,,False,,57.42307692307692,77.8076923076923,57.42307692307692,77.8076923076923,0.0,1,2855.5,0.9008548000202914,False
initial_invalid,2611,18.595839,,False,,57.86419753086419,77.66666666666667,57.864197530864196,77.66666666666667,7.105427357601002e-15,1,2864.5,0.8962384089374205,False
initial_invalid,2612,18.600848,,False,,58.11904761904762,79.30952380952381,58.11904761904762,79.30952380952381,0.0,1,2871.0,0.9004511942338833,False
initial_invalid,2613,18.605856,,False,,59.2093023255814,81.11627906976744,59.2093023255814,81.11627906976744,0.0,1,2816.0,0.8936313861412055,False
initial_invalid,2614,18.610865,,False,,66.57894736842105,79.81052631578947,66.57894736842105,79.81052631578947,0.0,1,2835.0,0.8818457881585477,False
initial_invalid,2615,18.615874,,False,,66.06756756756756,78.98648648648648,66.06756756756756,78.98648648648648,0.0,1,2878.5,0.9081108544759697,False
initial_invalid,2616,18.620882,,False,,68.05681818181819,75.625,68.05681818181819,75.625,0.0,1,2832.5,0.8862263177780128,False
initial_invalid,2617,18.625891,,False,,67.81395348837209,68.53488372093024,67.81395348837209,68.53488372093024,0.0,1,2837.0,0.9002955406543325,False
initial_invalid,2618,18.630899,,False,,67.13186813186813,65.62637362637362,67.13186813186813,65.62637362637362,0.0,1,2775.5,0.8859876232017819,False
initial_invalid,2619,18.635908,,False,,68.5340909090909,60.46590909090909,68.5340909090909,60.46590909090909,0.0,1,2765.5,0.8902138348453945,False
initial_invalid,2620,18.640916,,False,,65.93137254901961,60.205882352941174,65.93137254901961,60.205882352941174,0.0,1,2798.5,0.8755884742285074,False
initial_invalid,2621,18.645925,,False,,59.35106382978723,61.202127659574465,59.351063829787236,61.202127659574465,7.105427357601002e-15,1,2766.5,0.8831146632341328,False
initial_invalid,2622,18.650933,,False,,57.78409090909091,69.42045454545455,57.78409090909091,69.42045454545455,0.0,1,2796.5,0.8926911801189175,False
initial_invalid,2623,18.655942,,False,,56.7375,69.5875,56.7375,69.5875,0.0,1,2814.5,0.8984370850455755,False
initial_invalid,2624,18.660951,,False,,57.5,67.79268292682927,57.5,67.79268292682927,0.0,1,2808.5,0.9040555165532107,False
initial_invalid,2625,18.665959,,False,,57.077777777777776,73.9888888888889,57.077777777777776,73.9888888888889,0.0,1,2812.5,0.8947012354970069,False
initial_invalid,2626,18.670968,,False,,57.88461538461539,78.8076923076923,57.88461538461539,78.8076923076923,0.0,1,2859.5,0.9021167201903247,False
initial_invalid,2627,18.675976,,False,,57.792682926829265,76.3780487804878,57.792682926829265,76.3780487804878,0.0,1,2850.5,0.8992773949650361,False
initial_invalid,2628,18.680985,,False,,62.69230769230769,79.6923076923077,62.69230769230769,79.6923076923077,0.0,1,2868.0,0.8995102774666343,False
initial_invalid,2629,18.685993,,False,,69.11111111111111,78.53086419753086,69.11111111111111,78.53086419753086,0.0,1,2869.5,0.8947361876379468,False
initial_invalid,2630,18.691002,,False,,66.37662337662337,77.29870129870129,66.37662337662337,77.2987012987013,1.4210854715202004e-14,1,2877.5,0.9003058158300773,False
initial_invalid,2631,18.696011,,False,,66.42307692307692,75.21794871794872,66.42307692307692,75.21794871794872,0.0,1,2860.5,0.902432209395256,False
initial_invalid,2632,18.701019,,False,,68.99038461538461,70.95192307692308,68.99038461538461,70.95192307692308,0.0,1,2841.5,0.8787381508760731,False
initial_invalid,2633,18.706028,,False,,68.11363636363636,68.20454545454545,68.11363636363636,68.20454545454545,0.0,1,2832.0,0.8882193598294522,False
initial_invalid,2634,18.711036,,False,,71.77777777777777,68.74074074074075,71.77777777777777,68.74074074074075,0.0,1,2800.0,0.8959985994291136,False
initial_invalid,2635,18.716045,,False,,68.75555555555556,66.17777777777778,68.75555555555556,66.17777777777778,0.0,1,2810.0,0.8917273484049427,False
initial_invalid,2636,18.721053,,False,,67.07777777777778,64.81111111111112,67.07777777777778,64.81111111111112,0.0,1,2788.5,0.8901374470651768,False
initial_invalid,2637,18.726062,,False,,67.34042553191489,65.53191489361703,67.34042553191489,65.53191489361703,0.0,1,2790.0,0.8853805345372917,False
initial_invalid,2638,18.731071,,False,,61.535714285714285,65.25,61.535714285714285,65.25,0.0,1,2788.5,0.897617525396719,False
initial_invalid,2639,18.736079,,False,,62.707317073170735,68.04878048780488,62.707317073170735,68.04878048780488,0.0,1,2822.0,0.8955354227771402,False
initial_invalid,2640,18.741088,,False,,59.93333333333333,67.4,59.93333333333333,67.4,0.0,1,2827.0,0.8866511695949008,False
initial_invalid,2641,18.746096,,False,,62.577777777777776,70.53333333333333,62.577777777777776,70.53333333333333,0.0,1,2808.0,0.8880274036055235,False
initial_invalid,2642,18.751105,,False,,59.38297872340426,75.06382978723404,59.38297872340426,75.06382978723404,0.0,1,2823.0,0.885396627758448,False
initial_invalid,2643,18.756113,,False,,57.92391304347826,73.98913043478261,57.92391304347826,73.98913043478261,0.0,1,2813.5,0.8876046198452735,False
initial_invalid,2644,18.761122,,False,,59.958333333333336,72.875,59.958333333333336,72.875,0.0,1,2834.0,0.8815347303974785,False
initial_invalid,2645,18.766131,,False,,63.67469879518072,75.6144578313253,63.674698795180724,75.6144578313253,7.105427357601002e-15,1,2825.5,0.8913903857746075,False
initial_invalid,2646,18.771139,,False,,61.792682926829265,74.96341463414635,61.792682926829265,74.96341463414635,0.0,1,2831.5,0.8932832714036668,False
initial_invalid,2647,18.776148,,False,,67.56470588235294,77.90588235294119,67.56470588235294,77.90588235294118,1.4210854715202004e-14,1,2836.5,0.8874778310179763,False
initial_invalid,2648,18.781156,,False,,68.47619047619048,77.66666666666667,68.47619047619048,77.66666666666667,0.0,1,2848.0,0.8963079928148902,False
initial_invalid,2649,18.786165,,False,,67.67058823529412,79.41176470588235,67.67058823529412,79.41176470588235,0.0,1,2852.0,0.8944920922251762,False
initial_invalid,2650,18.791173,,False,,67.70454545454545,77.79545454545455,67.70454545454545,77.79545454545455,0.0,1,2864.0,0.8982557357067641,False
initial_invalid,2651,18.796182,,False,,68.12162162162163,76.39189189189189,68.12162162162163,76.39189189189189,0.0,1,2863.5,0.903378638195981,False
initial_invalid,2652,18.80119,,False,,65.0909090909091,78.85714285714286,65.0909090909091,78.85714285714286,0.0,1,2850.5,0.8992774014106815,False
initial_invalid,2653,18.806199,,False,,67.3,79.12857142857143,67.3,79.12857142857143,0.0,1,2876.5,0.9074798857240228,False
initial_invalid,2654,18.811208,,False,,66.39189189189189,78.74324324324324,66.39189189189189,78.74324324324324,0.0,1,2863.5,0.9033786457501959,False
initial_invalid,2655,18.816216,,False,,65.9493670886076,79.56962025316456,65.9493670886076,79.56962025316456,0.0,1,2842.5,0.8967535556766313,False
initial_invalid,2656,18.821225,,False,,65.66326530612245,79.60204081632652,65.66326530612245,79.60204081632654,1.4210854715202004e-14,1,2840.5,0.8784288941764916,False
initial_invalid,2657,18.826233,,False,,67.5764705882353,79.04705882352941,67.5764705882353,79.04705882352941,0.0,1,2883.5,0.8917267130227939,False
initial_invalid,2658,18.831242,,False,,65.77380952380952,78.58333333333333,65.77380952380952,78.58333333333333,0.0,1,2873.5,0.8990542918698663,False
initial_invalid,2659,18.83625,,False,,68.77173913043478,79.6195652173913,68.77173913043478,79.6195652173913,0.0,1,2874.5,0.8816817456857602,False
initial_invalid,2660,18.841259,,False,,70.28395061728395,81.18518518518519,70.28395061728395,81.18518518518519,0.0,1,2889.0,0.898642851856102,False
initial_invalid,2661,18.846268,,False,,69.05681818181819,82.48863636363636,69.05681818181819,82.48863636363636,0.0,1,2883.5,0.891726707749368,False
initial_invalid,2662,18.851276,,False,,68.48837209302326,80.5813953488372,68.48837209302326,80.5813953488372,0.0,1,2876.0,0.8945991145511075,False
initial_invalid,2663,18.856285,,False,,69.32608695652173,81.15217391304348,69.32608695652173,81.15217391304348,0.0,1,2887.0,0.8906636347217762,False
initial_invalid,2664,18.861293,,False,,70.70833333333333,81.22916666666667,70.70833333333333,81.22916666666667,0.0,1,2885.0,0.887027760398134,False
initial_invalid,2665,18.866302,,False,,72.21052631578948,78.69473684210526,72.21052631578948,78.69473684210526,0.0,1,2856.0,0.8810998703638823,False
initial_invalid,2666,18.87131,,False,,72.21739130434783,79.21739130434783,72.21739130434783,79.21739130434783,0.0,1,2880.0,0.885490448499536,False
initial_invalid,2667,18.876319,,False,,70.17857142857143,76.63095238095238,70.17857142857143,76.63095238095238,0.0,1,2855.5,0.8934225057032802,False
initial_invalid,2668,18.881328,,False,,71.68181818181819,75.11363636363636,71.68181818181819,75.11363636363636,0.0,1,2844.0,0.8919829958724516,False
initial_invalid,2669,18.886336,,False,,69.36046511627907,73.84883720930233,69.36046511627907,73.84883720930233,0.0,1,2834.5,0.8942297131533441,False
initial_invalid,2670,18.891345,,False,,73.13829787234043,78.05319148936171,73.13829787234043,78.05319148936171,0.0,1,2855.5,0.8830676646321024,False
initial_invalid,2671,18.896353,,False,,73.54255319148936,76.54255319148936,73.54255319148936,76.54255319148936,0.0,1,2861.5,0.8922417180860687,False
initial_invalid,2672,18.901362,,False,,78.31111111111112,72.11111111111111,78.31111111111112,72.11111111111111,0.0,1,2851.0,0.8868226956049451,False
initial_invalid,2673,18.90637,,False,,75.90217391304348,70.1195652173913,75.90217391304348,70.1195652173913,0.0,1,2818.5,0.8891820216973036,False
initial_invalid,2674,18.911379,,False,,71.81111111111112,68.81111111111112,71.81111111111112,68.81111111111112,0.0,1,2822.5,0.8904439376448607,False
initial_invalid,2675,18.916387,,False,,69.32978723404256,67.96808510638297,69.32978723404256,67.96808510638297,0.0,1,2814.5,0.887920096185295,False
initial_invalid,2676,18.921396,,False,,67.57142857142857,68.78571428571429,67.57142857142857,68.78571428571429,0.0,1,2824.0,0.9036785776390971,False
initial_invalid,2677,18.926405,,False,,65.66666666666667,67.12820512820512,65.66666666666667,67.12820512820512,0.0,1,2788.0,0.8996648990903652,False
initial_invalid,2678,18.931413,,False,,58.391891891891895,68.33783783783784,58.391891891891895,68.33783783783784,0.0,1,2758.5,0.9062138682983096,False
initial_invalid,2679,18.936422,,False,,54.25,78.72619047619048,54.25,78.72619047619048,0.0,1,2711.5,0.8983679463999922,False
initial_invalid,2680,18.94143,,False,,57.0,84.42857142857143,57.0,84.42857142857143,0.0,1,2712.0,0.8931525909345978,False
initial_invalid,2681,18.946439,,False,,69.43023255813954,87.73255813953487,69.43023255813954,87.73255813953489,1.4210854715202004e-14,1,2765.5,0.8977261145438524,False
initial_invalid,2682,18.951447,,False,,73.3409090909091,85.5909090909091,73.3409090909091,85.5909090909091,0.0,1,2782.0,0.8902385987931899,False
initial_invalid,2683,18.956456,,False,,80.41025641025642,77.8974358974359,80.41025641025641,77.8974358974359,1.4210854715202004e-14,1,2835.0,0.8996608506489617,False
initial_invalid,2684,18.961465,,False,,76.75675675675676,78.21621621621621,76.75675675675676,78.21621621621621,0.0,1,2850.0,0.9044209728894466,False
initial_invalid,2685,18.966473,,False,,74.86021505376344,77.17204301075269,74.86021505376344,77.17204301075269,0.0,1,2822.5,0.8830975357547441,False
initial_invalid,2686,18.971482,,False,,76.6,76.31111111111112,76.6,76.31111111111112,0.0,1,2852.0,0.8944920922251762,False
initial_invalid,2687,18.97649,,False,,72.32291666666667,75.51041666666667,72.32291666666667,75.51041666666667,0.0,1,2868.5,0.8798413920826297,False
initial_invalid,2688,18.981499,,False,,74.46067415730337,78.79775280898876,74.46067415730337,78.79775280898876,0.0,1,2857.0,0.8886890337890327,False
initial_invalid,2689,18.986507,,False,,77.86046511627907,77.16279069767444,77.86046511627907,77.16279069767442,1.4210854715202004e-14,1,2885.0,0.8973986313799487,False
initial_invalid,2690,18.991516,,False,,76.44047619047619,77.75,76.44047619047619,77.75,0.0,1,2868.5,0.8974899072562852,False
initial_invalid,2691,18.996525,,False,,69.2258064516129,74.20430107526882,69.2258064516129,74.20430107526882,0.0,1,2870.0,0.88969235537631,False
initial_invalid,2692,19.001533,,False,,69.03333333333333,67.0111111111111,69.03333333333333,67.0111111111111,0.0,1,2823.5,0.8907594203532689,False
initial_invalid,2693,19.006542,,False,,69.7375,65.6375,69.7375,65.6375,0.0,1,2811.5,0.9050212191528105,False
initial_invalid,2694,19.01155,,False,,65.3375,66.4125,65.3375,66.4125,0.0,1,2765.5,0.8977261178073657,False
initial_invalid,2695,19.016559,,False,,64.96808510638297,65.45744680851064,64.96808510638297,65.45744680851064,0.0,1,2762.5,0.8818377908511233,False
initial_invalid,2696,19.021567,,False,,58.52127659574468,67.11702127659575,58.52127659574468,67.11702127659575,0.0,1,2708.5,0.8822978576731817,False
initial_invalid,2697,19.026576,,False,,57.625,64.25,57.625,64.25,0.0,1,2705.0,0.8833388995226749,False
initial_invalid,2698,19.031585,,False,,56.07608695652174,66.55434782608695,56.07608695652174,66.55434782608695,0.0,1,2760.5,0.8886043359575887,False
initial_invalid,2699,19.036593,,False,,54.10227272727273,68.01136363636364,54.10227272727273,68.01136363636364,0.0,1,2736.5,0.8883122467557361,False
initial_invalid,2700,19.041602,,False,,56.58510638297872,75.3936170212766,56.58510638297872,75.3936170212766,0.0,1,2741.5,0.8824882369892592,False
initial_invalid,2701,19.04661,,False,,56.890243902439025,75.79268292682929,56.890243902439025,75.79268292682927,1.4210854715202004e-14,1,2772.5,0.8924671322113922,False
initial_invalid,2702,19.051619,,False,,55.87640449438202,69.0,55.87640449438202,69.0,0.0,1,2802.5,0.8915200766180195,False
initial_invalid,2703,19.056627,,False,,47.26190476190476,68.28571428571429,47.26190476190476,68.28571428571429,0.0,1,2799.0,0.8956785902308191,False
initial_invalid,2704,19.061636,,False,,47.154639175257735,71.69072164948453,47.154639175257735,71.69072164948453,0.0,1,2806.5,0.878091496488228,False
initial_invalid,2705,19.066644,,False,,47.694117647058825,73.01176470588236,47.694117647058825,73.01176470588236,0.0,1,2801.5,0.8912019670371837,False
initial_invalid,2706,19.071653,,False,,47.11494252873563,75.97701149425288,47.11494252873563,75.97701149425288,0.0,1,2827.0,0.8896989812889623,False
initial_invalid,2707,19.076662,,False,,45.5875,79.0375,45.5875,79.0375,0.0,1,2808.5,0.896521792031013,False
initial_invalid,2708,19.08167,,False,,45.3,78.425,45.3,78.425,0.0,1,2839.0,0.9009302166394507,False
initial_invalid,2709,19.086679,,False,,47.5,77.78571428571429,47.5,77.78571428571429,0.0,1,2823.5,0.9088840208472014,False
initial_invalid,2710,19.091687,,False,,52.21052631578947,76.07894736842105,52.21052631578947,76.07894736842105,0.0,1,2808.0,0.8985585921842548,False
initial_invalid,2711,19.096696,,False,,54.073170731707314,77.95121951219512,54.073170731707314,77.95121951219512,0.0,1,2824.0,0.8961701116700158,False
initial_invalid,2712,19.101704,,False,,54.91489361702128,77.93617021276596,54.91489361702128,77.93617021276596,0.0,1,2823.0,0.8853966319768358,False
initial_invalid,2713,19.106713,,False,,50.75,72.3586956521739,50.75,72.3586956521739,0.0,1,2820.5,0.8824717812433768,False
initial_invalid,2714,19.111722,,False,,50.48888888888889,68.68888888888888,50.48888888888889,68.68888888888888,0.0,1,2841.0,0.8910420844779317,False
initial_invalid,2715,19.11673,,False,,51.27777777777778,74.54444444444445,51.27777777777778,74.54444444444445,0.0,1,2795.5,0.8892932667849951,False
initial_invalid,2716,19.121739,,False,,49.86046511627907,75.72093023255815,49.86046511627907,75.72093023255815,0.0,1,2806.0,0.8904579802970627,False
initial_invalid,2717,19.126747,,False,,48.88372093023256,77.95348837209302,48.883720930232556,77.95348837209302,7.105427357601002e-15,1,2842.0,0.894419696033968,False
initial_invalid,2718,19.131756,,False,,49.053763440860216,76.51612903225806,49.053763440860216,76.51612903225806,0.0,1,2857.0,0.8886890369515,False
initial_invalid,2719,19.136764,,False,,47.438202247191015,77.56179775280899,47.438202247191015,77.56179775280899,0.0,1,2843.5,0.8896679691474277,False
initial_invalid,2720,19.141773,,False,,48.82954545454545,75.14772727272727,48.82954545454545,75.14772727272727,0.0,1,2857.5,0.8940482633939466,False
initial_invalid,2721,19.146782,,False,,48.625,79.825,48.625,79.825,0.0,1,2847.0,0.8959932811369266,False
initial_invalid,2722,19.15179,,False,,45.55,78.075,45.55,78.075,0.0,1,2844.0,0.8950491322064948,False
initial_invalid,2723,19.156799,,False,,48.05555555555556,78.32222222222222,48.05555555555556,78.32222222222222,0.0,1,2811.5,0.8900315413026555,False
initial_invalid,2724,19.161807,,False,,47.17977528089887,85.64044943820225,47.17977528089887,85.64044943820225,0.0,1,2802.5,0.8915200798263587,False
initial_invalid,2725,19.166816,,False,,46.733333333333334,81.11111111111111,46.733333333333334,81.11111111111111,0.0,1,2837.5,0.8847583051207378,False
initial_invalid,2726,19.171824,,False,,46.48936170212766,81.44680851063829,46.48936170212766,81.44680851063829,0.0,1,2815.0,0.88288752721498,False
initial_invalid,2727,19.176833,,False,,47.65,78.75,47.65,78.75,0.0,1,2841.0,0.8984636166446894,False
initial_invalid,2728,19.181841,,False,,48.853932584269664,81.70786516853933,48.853932584269664,81.70786516853933,0.0,1,2830.0,0.8875920820414027,False
initial_invalid,2729,19.18685,,False,,53.13186813186813,87.35164835164835,53.13186813186813,87.35164835164835,0.0,1,2798.5,0.88287240793851,False
initial_invalid,2730,19.191859,,False,,54.525,86.525,54.525,86.525,0.0,1,2827.0,0.9015137409686819,False
initial_invalid,2731,19.196867,,False,,51.6025641025641,84.26923076923077,51.6025641025641,84.26923076923077,0.0,1,2846.5,0.898015474788219,False
initial_invalid,2732,19.201876,,False,,51.81111111111111,87.16666666666667,51.81111111111111,87.16666666666667,0.0,1,2839.5,0.8853819212063648,False
initial_invalid,2733,19.206884,,False,,53.702127659574465,81.70212765957446,53.702127659574465,81.70212765957447,1.4210854715202004e-14,1,2827.0,0.886651166426627,False
initial_invalid,2734,19.211893,,False,,59.041666666666664,80.3125,59.041666666666664,80.3125,0.0,1,2844.0,0.8846452912516327,False
initial_invalid,2735,19.216901,,False,,54.54444444444445,84.32222222222222,54.544444444444444,84.32222222222222,7.105427357601002e-15,1,2832.5,0.886226313560784,False
initial_invalid,2736,19.22191,,False,,57.51136363636363,85.4659090909091,57.51136363636363,85.4659090909091,0.0,1,2849.5,0.8989619240495248,False
initial_invalid,2737,19.226919,,False,,58.05813953488372,85.1046511627907,58.05813953488372,85.1046511627907,0.0,1,2843.5,0.8896679776146404,False
initial_invalid,2738,19.231927,,False,,58.87777777777778,82.56666666666666,58.87777777777778,82.56666666666666,0.0,1,2835.5,0.8945451851876005,False
initial_invalid,2739,19.236936,,False,,57.659574468085104,85.14893617021276,57.659574468085104,85.14893617021276,0.0,1,2879.0,0.8881955657449423,False
initial_invalid,2740,19.241944,,False,,58.50561797752809,81.07865168539325,58.50561797752809,81.07865168539325,0.0,1,2875.5,0.8892526946768027,False
initial_invalid,2741,19.246953,,False,,62.85897435897436,78.1923076923077,62.85897435897436,78.1923076923077,0.0,1,2859.5,0.9021167191126587,False
initial_invalid,2742,19.251961,,False,,68.55813953488372,72.11627906976744,68.55813953488372,72.11627906976744,0.0,1,2823.0,0.895852776345582,False
initial_invalid,2743,19.25697,,False,,64.8625,68.2875,64.8625,68.2875,0.0,1,2786.5,0.8969737225975981,False
initial_invalid,2744,19.261979,,False,,61.723684210526315,66.35526315789474,61.723684210526315,66.35526315789474,0.0,1,2778.5,0.9019461284859034,False
initial_invalid,2745,19.266987,,False,,57.07692307692308,67.71794871794872,57.07692307692308,67.71794871794872,0.0,1,2782.0,0.9008589726217268,False
initial_invalid,2746,19.271996,,False,,57.604651162790695,66.16279069767442,57.604651162790695,66.16279069767442,0.0,1,2769.0,0.8966493675322554,False
initial_invalid,2747,19.277004,,False,,55.05,70.025,55.05,70.025,0.0,1,2782.0,0.9008589813440425,False
initial_invalid,2748,19.282013,,False,,57.96296296296296,70.1358024691358,57.96296296296296,70.1358024691358,0.0,1,2773.5,0.8927890352205221,False
initial_invalid,2749,19.287021,,False,,55.69512195121951,69.96341463414635,55.69512195121951,69.96341463414635,0.0,1,2792.5,0.8989051277548467,False
initial_invalid,2750,19.29203,,False,,57.166666666666664,70.98717948717949,57.166666666666664,70.98717948717949,0.0,1,2798.5,0.9008365188086738,False
initial_invalid,2751,19.297038,,False,,62.191489361702125,73.44680851063829,62.191489361702125,73.44680851063829,0.0,1,2789.0,0.8820186743385383,False
initial_invalid,2752,19.302047,,False,,67.90697674418605,76.95348837209302,67.90697674418605,76.95348837209302,0.0,1,2843.0,0.8947344162542036,False
initial_invalid,2753,19.307056,,False,,66.97560975609755,78.46341463414635,66.97560975609755,78.46341463414635,0.0,1,2807.0,0.8982385883628499,False
initial_invalid,2754,19.312064,,False,,67.79761904761905,73.96428571428571,67.79761904761905,73.96428571428571,0.0,1,2829.5,0.8926523038390559,False
initial_invalid,2755,19.317073,,False,,68.51063829787235,75.04255319148936,68.51063829787235,75.04255319148936,0.0,1,2819.0,0.8841420732698205,False
initial_invalid,2756,19.322081,,False,,67.73469387755102,74.28571428571429,67.73469387755102,74.28571428571429,0.0,1,2813.0,0.8822602526101473,False
initial_invalid,2757,19.32709,,False,,71.64893617021276,68.30851063829788,71.64893617021276,68.30851063829788,0.0,1,2821.5,0.882784664275417,False
initial_invalid,2758,19.332098,,False,,67.67441860465117,67.90697674418605,67.67441860465117,67.90697674418605,0.0,1,2758.0,0.8930873693478841,False
initial_invalid,2759,19.337107,,False,,66.56122448979592,64.76530612244898,66.56122448979592,64.76530612244898,0.0,1,2760.5,0.8811993604869887,False
initial_invalid,2760,19.342116,,False,,63.390243902439025,67.1219512195122,63.390243902439025,67.1219512195122,0.0,1,2778.0,0.8964379837631574,False
initial_invalid,2761,19.347124,,False,,61.81818181818182,69.0,61.81818181818182,69.0,0.0,1,2782.0,0.8902386009353219,False
initial_invalid,2762,19.352133,,False,,58.204819277108435,76.90361445783132,58.204819277108435,76.90361445783132,0.0,1,2792.5,0.8957909121861024,False
initial_invalid,2763,19.357141,,False,,67.9186046511628,78.73255813953487,67.9186046511628,78.73255813953489,1.4210854715202004e-14,1,2836.5,0.8948606657678112,False
initial_invalid,2764,19.36215,,False,,68.80232558139535,77.45348837209302,68.80232558139535,77.45348837209302,0.0,1,2838.5,0.8881035781313269,False
initial_invalid,2765,19.367158,,False,,69.17073170731707,76.48780487804878,69.17073170731707,76.48780487804878,0.0,1,2855.0,0.9028911004282175,False
initial_invalid,2766,19.372167,,False,,69.91666666666667,77.60416666666667,69.91666666666667,77.60416666666667,0.0,1,2844.0,0.884645295449069,False
initial_invalid,2767,19.377176,,False,,69.77884615384616,72.85576923076923,69.77884615384616,72.85576923076923,0.0,1,2847.5,0.8776032684359625,False
initial_invalid,2768,19.382184,,False,,70.46341463414635,67.60975609756098,70.46341463414635,67.60975609756098,0.0,1,2803.0,0.8969585903744454,False
initial_invalid,2769,19.387193,,False,,67.60606060606061,64.92929292929293,67.60606060606061,64.92929292929293,0.0,1,2774.5,0.8753008792054319,False
initial_invalid,2770,19.392201,,False,,67.38297872340425,65.29787234042553,67.38297872340425,65.29787234042553,0.0,1,2775.0,0.88799861086584,False
initial_invalid,2771,19.39721,,False,,58.392857142857146,66.22619047619048,58.392857142857146,66.22619047619048,0.0,1,2782.5,0.8956861310639344,False
initial_invalid,2772,19.402218,,False,,58.07692307692308,66.76923076923077,58.07692307692308,66.76923076923077,0.0,1,2809.0,0.8988785938458179,False
initial_invalid,2773,19.407227,,False,,57.191489361702125,72.27659574468085,57.191489361702125,72.27659574468085,0.0,1,2826.0,0.8790462818908196,False
initial_invalid,2774,19.412236,,False,,62.67816091954023,76.83908045977012,62.67816091954023,76.83908045977012,0.0,1,2821.5,0.8870754839095253,False
initial_invalid,2775,19.417244,,False,,67.73033707865169,74.07865168539325,67.73033707865169,74.07865168539325,0.0,1,2814.5,0.887920097246002,False
initial_invalid,2776,19.422253,,False,,67.69135802469135,67.75308641975309,67.69135802469135,67.75308641975309,0.0,1,2807.5,0.8962025714984714,False
initial_invalid,2777,19.427261,,False,,68.57317073170732,67.8170731707317,68.57317073170732,67.8170731707317,0.0,1,2787.5,0.8972956277862258,False
initial_invalid,2778,19.43227,,False,,68.18518518518519,66.64197530864197,68.18518518518519,66.64197530864197,0.0,1,2804.5,0.895244918520831,False
initial_invalid,2779,19.437278,,False,,68.97619047619048,61.45238095238095,68.97619047619048,61.45238095238095,0.0,1,2791.0,0.8962196992292601,False
initial_invalid,2780,19.442287,,False,,67.02247191011236,67.96629213483146,67.02247191011236,67.96629213483146,0.0,1,2804.0,0.8898232999802093,False
initial_invalid,2781,19.447295,,False,,62.0919540229885,67.71264367816092,62.0919540229885,67.71264367816092,0.0,1,2809.5,0.8863426964550557,False
initial_invalid,2782,19.452304,,False,,58.61904761904762,66.64285714285714,58.61904761904762,66.64285714285714,0.0,1,2826.0,0.8968047833819514,False
initial_invalid,2783,19.457313,,False,,62.03333333333333,70.14444444444445,62.03333333333333,70.14444444444445,0.0,1,2794.5,0.8889751465234323,False
initial_invalid,2784,19.462321,,False,,68.26373626373626,72.79120879120879,68.26373626373626,72.79120879120879,0.0,1,2800.0,0.8812016856890654,False
initial_invalid,2785,19.46733,,False,,65.32530120481928,68.91566265060241,65.32530120481928,68.91566265060241,0.0,1,2803.0,0.8969585946910492,False
initial_invalid,2786,19.472338,,False,,65.6590909090909,62.75,65.6590909090909,62.75,0.0,1,2740.0,0.8872586735422101,False
initial_invalid,2787,19.477347,,False,,56.81818181818182,61.70454545454545,56.81818181818182,61.70454545454545,0.0,1,2732.0,0.8921559649642329,False
initial_invalid,2788,19.482355,,False,,59.025,69.175,59.025,69.175,0.0,1,2784.0,0.9015066154068347,False
initial_invalid,2789,19.487364,,False,,66.68478260869566,75.94565217391305,66.68478260869566,75.94565217391305,0.0,1,2815.5,0.8882355735833855,False
initial_invalid,2790,19.492373,,False,,67.65384615384616,67.98717948717949,67.65384615384616,67.98717948717949,0.0,1,2792.5,0.8989051169078538,False
initial_invalid,2791,19.497381,,False,,70.2872340425532,64.35106382978724,70.2872340425532,64.35106382978724,0.0,1,2739.5,0.8892860964502906,False
initial_invalid,2792,19.50239,,False,,65.36263736263736,59.04395604395605,65.36263736263736,59.043956043956044,7.105427357601002e-15,1,2707.5,0.8894595118261964,False
initial_invalid,2793,19.507398,,False,,58.67469879518072,67.89156626506023,58.674698795180724,67.89156626506023,7.105427357601002e-15,1,2737.0,0.8969239066972512,False
initial_invalid,2794,19.512407,,False,,56.875,75.35,56.875,75.35,0.0,1,2730.0,0.8990805904672634,False
initial_invalid,2795,19.517415,,False,,56.43529411764706,78.30588235294118,56.43529411764706,78.30588235294118,0.0,1,2793.5,0.8917335367906202,False
initial_invalid,2796,19.522424,,False,,58.76190476190476,77.97619047619048,58.76190476190476,77.97619047619048,0.0,1,2802.0,0.8861299102132318,False
initial_invalid,2797,19.527433,,False,,58.20454545454545,74.75,58.20454545454545,74.75,0.0,1,2820.0,0.8949007553387681,False
initial_invalid,2798,19.532441,,False,,57.84705882352941,76.4,57.84705882352941,76.4,0.0,1,2836.5,0.8874778246831998,False
initial_invalid,2799,19.53745,,False,,59.48717948717949,74.3076923076923,59.48717948717949,74.3076923076923,0.0,1,2836.0,0.8999781999632313,False
initial_invalid,2800,19.542458,,False,,66.40217391304348,67.46739130434783,66.40217391304348,67.46739130434783,0.0,1,2805.5,0.8850807709532227,False
initial_invalid,2801,19.547467,,False,,67.43589743589743,67.87179487179488,67.43589743589743,67.87179487179488,0.0,1,2796.0,0.9022464361315963,False
initial_invalid,2802,19.552475,,False,,66.98901098901099,64.38461538461539,66.98901098901099,64.38461538461539,0.0,1,2746.5,0.8840977326707443,False
initial_invalid,2803,19.557484,,False,,59.1530612244898,73.4795918367347,59.1530612244898,73.4795918367347,0.0,1,2729.0,0.8732786286396232,False
initial_invalid,2804,19.562492,,False,,67.32558139534883,77.4186046511628,67.32558139534883,77.4186046511628,0.0,1,2805.0,0.8901406396055812,False
initial_invalid,2805,19.567501,,False,,70.02564102564102,77.97435897435898,70.02564102564102,77.97435897435898,0.0,1,2831.0,0.905918574113415,False
initial_invalid,2806,19.57251,,False,,69.05434782608695,78.3804347826087,69.05434782608695,78.3804347826087,0.0,1,2831.5,0.8859134421037899,False
initial_invalid,2807,19.577518,,False,,70.5945945945946,80.1891891891892,70.5945945945946,80.1891891891892,0.0,1,2813.0,0.9001585853454566,False
initial_invalid,2808,19.582527,,False,,71.95238095238095,74.78571428571429,71.95238095238095,74.78571428571429,0.0,1,2830.0,0.8949848843338494,False
initial_invalid,2809,19.587535,,False,,74.4375,75.54166666666667,74.4375,75.54166666666667,0.0,1,2806.0,0.8873949054548073,False
initial_invalid,2810,19.592544,,False,,69.61363636363636,74.36363636363636,69.61363636363636,74.36363636363636,0.0,1,2844.0,0.8919829990597776,False
initial_invalid,2811,19.597552,,False,,69.95402298850574,69.0919540229885,69.95402298850574,69.0919540229885,0.0,1,2834.5,0.8942297078121226,False
initial_invalid,2812,19.602561,,False,,66.45121951219512,66.13414634146342,66.45121951219512,66.13414634146342,0.0,1,2776.5,0.9012968949816559,False
initial_invalid,2813,19.60757,,False,,64.81818181818181,64.93181818181819,64.81818181818181,64.93181818181819,0.0,1,2741.0,0.887582487353686,False
initial_invalid,2814,19.612578,,False,,60.472527472527474,65.74725274725274,60.472527472527474,65.74725274725274,0.0,1,2727.0,0.8830490467547243,False
initial_invalid,2815,19.617587,,False,,57.21111111111111,66.96666666666667,57.21111111111111,66.96666666666667,0.0,1,2730.5,0.8894643889430421,False
initial_invalid,2816,19.622595,,False,,57.17857142857143,69.8452380952381,57.17857142857143,69.8452380952381,0.0,1,2751.5,0.8963051632857924,False
initial_invalid,2817,19.627604,,False,,56.707317073170735,67.73170731707317,56.707317073170735,67.73170731707317,0.0,1,2750.0,0.8980340046375441,False
initial_invalid,2818,19.632612,,False,,57.50632911392405,68.0886075949367,57.50632911392405,68.0886075949367,0.0,1,2767.0,0.903585483182473,False
initial_invalid,2819,19.637621,,False,,59.5,69.36666666666666,59.5,69.36666666666666,0.0,1,2781.5,0.8879029216822788,False
initial_invalid,2820,19.64263,,False,,57.35897435897436,68.82051282051282,57.35897435897436,68.82051282051282,0.0,1,2776.0,0.8989160867712319,False
initial_invalid,2821,19.647638,,False,,57.54761904761905,66.47619047619048,57.54761904761905,66.47619047619048,0.0,1,2788.0,0.895256371729421,False
initial_invalid,2822,19.652647,,False,,56.151898734177216,67.0253164556962,56.151898734177216,67.0253164556962,0.0,1,2750.5,0.9035857474187932,False
initial_invalid,2823,19.657655,,False,,58.07692307692308,69.61538461538461,58.07692307692308,69.61538461538461,0.0,1,2767.0,0.9035854809860578,False
initial_invalid,2824,19.662664,,False,,58.31707317073171,67.41463414634147,58.31707317073171,67.41463414634147,0.0,1,2789.0,0.903125702749881,False
initial_invalid,2825,19.667672,,False,,55.976470588235294,67.8,55.976470588235294,67.8,0.0,1,2761.0,0.8940588247667829,False
initial_invalid,2826,19.672681,,False,,57.8780487804878,67.04878048780488,57.8780487804878,67.04878048780488,0.0,1,2766.0,0.8925656890061023,False
initial_invalid,2827,19.67769,,False,,56.90909090909091,73.18181818181819,56.90909090909091,73.18181818181819,0.0,1,2738.0,0.8866110341087037,False
initial_invalid,2828,19.682698,,False,,56.85897435897436,70.85897435897436,56.85897435897436,70.85897435897436,0.0,1,2767.5,0.8983753458649505,False
initial_invalid,2829,19.687707,,False,,59.472972972972975,67.9054054054054,59.472972972972975,67.9054054054054,0.0,1,2793.5,0.909986712776973,False
initial_invalid,2830,19.692715,,False,,58.166666666666664,70.47435897435898,58.166666666666664,70.47435897435898,0.0,1,2751.5,0.9039142566105882,False
initial_invalid,2831,19.697724,,False,,56.77173913043478,67.07608695652173,56.77173913043478,67.07608695652173,0.0,1,2761.5,0.8889262335898341,False
initial_invalid,2832,19.702732,,False,,56.08536585365854,65.6219512195122,56.08536585365854,65.6219512195122,0.0,1,2775.5,0.8934328261524305,False
initial_invalid,2833,19.707741,,False,,57.986301369863014,66.54794520547945,57.986301369863014,66.54794520547945,0.0,1,2760.0,0.9012995806453675,False
initial_invalid,2834,19.712749,,False,,57.41379310344828,65.36781609195403,57.41379310344828,65.36781609195403,0.0,1,2773.0,0.8873586140022197,False
initial_invalid,2835,19.717758,,False,,56.25,66.8409090909091,56.25,66.8409090909091,0.0,1,2797.0,0.8950385955455206,False
initial_invalid,2836,19.722767,,False,,55.69047619047619,66.42857142857143,55.69047619047619,66.42857142857143,0.0,1,2802.0,0.8966385854835144,False
initial_invalid,2837,19.727775,,False,,52.61904761904762,67.47619047619048,52.61904761904762,67.47619047619048,0.0,1,2796.0,0.8947185917418256,False
initial_invalid,2838,19.732784,,False,,53.423529411764704,70.08235294117647,53.423529411764704,70.08235294117647,0.0,1,2779.0,0.8892786003041964,False
initial_invalid,2839,19.737792,,False,,57.822916666666664,77.69791666666667,57.822916666666664,77.69791666666667,0.0,1,2815.5,0.8809073954824342,False
initial_invalid,2840,19.742801,,False,,57.98648648648648,76.22972972972973,57.986486486486484,76.22972972972973,7.105427357601002e-15,1,2836.5,0.9054598666882512,False
initial_invalid,2841,19.747809,,False,,60.30555555555556,78.83333333333333,60.30555555555556,78.83333333333333,0.0,1,2853.0,0.9053729906272132,False
initial_invalid,2842,19.752818,,False,,61.91358024691358,77.62962962962963,61.91358024691358,77.62962962962963,0.0,1,2839.0,0.8904148141049352,False
initial_invalid,2843,19.757827,,False,,66.81521739130434,76.75,66.81521739130434,76.75,0.0,1,2830.5,0.8856005674816408,False
initial_invalid,2844,19.762835,,False,,70.67708333333333,68.59375,70.67708333333333,68.59375,0.0,1,2805.5,0.8850807772971127,False
initial_invalid,2845,19.767844,,False,,68.8875,67.1875,68.8875,67.1875,0.0,1,2790.5,0.8982613238648116,False
initial_invalid,2846,19.772852,,False,,66.98837209302326,66.43023255813954,66.98837209302326,66.43023255813954,0.0,1,2771.5,0.8921452345873038,False
initial_invalid,2847,19.777861,,False,,68.19791666666667,65.44791666666667,68.19791666666667,65.44791666666667,0.0,1,2761.5,0.8815185799069342,False
initial_invalid,2848,19.782869,,False,,64.78260869565217,62.04347826086956,64.78260869565217,62.04347826086956,0.0,1,2719.0,0.8848124742488724,False
initial_invalid,2849,19.787878,,False,,58.16842105263158,63.26315789473684,58.16842105263158,63.26315789473684,0.0,1,2735.0,0.8825622349007861,False
initial_invalid,2850,19.792887,,False,,57.46590909090909,64.9659090909091,57.46590909090909,64.9659090909091,0.0,1,2782.5,0.8882221464542333,False
initial_invalid,2851,19.797895,,False,,55.475,68.4,55.475,68.4,0.0,1,2804.0,0.9003941392677277,False
initial_invalid,2852,19.802904,,False,,57.34146341463414,68.85365853658537,57.34146341463415,68.85365853658537,7.105427357601002e-15,1,2833.0,0.8990261800441985,False
initial_invalid,2853,19.807912,,False,,56.9875,78.2625,56.9875,78.2625,0.0,1,2798.5,0.9008365209827335,False
initial_invalid,2854,19.812921,,False,,59.16216216216216,78.37837837837837,59.16216216216216,78.37837837837837,0.0,1,2830.0,0.9087430106432309,False
initial_invalid,2855,19.817929,,False,,56.583333333333336,76.77380952380952,56.583333333333336,76.77380952380952,0.0,1,2841.5,0.8995285888806204,False
initial_invalid,2856,19.822938,,False,,59.0375,78.2875,59.0375,78.2875,0.0,1,2823.5,0.8907594235455648,False
initial_invalid,2857,19.827946,,False,,58.1025641025641,80.03846153846153,58.1025641025641,80.03846153846153,0.0,1,2844.5,0.8899808405753891,False
initial_invalid,2858,19.832955,,False,,61.4625,77.9875,61.4625,77.9875,0.0,1,2823.5,0.8982005114402841,False
initial_invalid,2859,19.837964,,False,,67.9047619047619,78.16666666666667,67.9047619047619,78.16666666666667,0.0,1,2836.0,0.8999781967284025,False
initial_invalid,2860,19.842972,,False,,68.80434782608695,74.17391304347827,68.80434782608695,74.17391304347827,0.0,1,2841.0,0.8910420876618954,False
initial_invalid,2861,19.847981,,False,,66.60975609756098,76.04878048780488,66.60975609756098,76.04878048780488,0.0,1,2828.0,0.9049585778019734,False
initial_invalid,2862,19.852989,,False,,68.0,78.475,68.0,78.475,0.0,1,2868.0,0.8995102892521195,False
initial_invalid,2863,19.857998,,False,,67.0,75.37209302325581,67.0,75.37209302325581,0.0,1,2830.0,0.894984886474745,False
initial_invalid,2864,19.863006,,False,,69.41304347826087,75.21739130434783,69.41304347826087,75.21739130434783,0.0,1,2825.0,0.8860239013169025,False
initial_invalid,2865,19.868015,,False,,70.30588235294118,76.65882352941176,70.30588235294118,76.65882352941176,0.0,1,2839.5,0.8884164559111865,False
initial_invalid,2866,19.873024,,False,,72.44791666666667,73.19791666666667,72.44791666666667,73.19791666666667,0.0,1,2795.5,0.8819259661933554,False
initial_invalid,2867,19.878032,,False,,72.21348314606742,69.57303370786516,72.21348314606742,69.57303370786516,0.0,1,2793.0,0.8863325523697306,False
initial_invalid,2868,19.883041,,False,,68.01098901098901,66.94505494505495,68.01098901098901,66.94505494505495,0.0,1,2769.5,0.8915014328798738,False
initial_invalid,2869,19.888049,,False,,62.28888888888889,66.46666666666667,62.28888888888889,66.46666666666667,0.0,1,2766.0,0.8851186100466099,False
initial_invalid,2870,19.893058,,False,,59.516129032258064,74.78494623655914,59.516129032258064,74.78494623655914,0.0,1,2742.5,0.8828101303739891,False
initial_invalid,2871,19.898066,,False,,55.98780487804878,76.6219512195122,55.98780487804878,76.6219512195122,0.0,1,2795.0,0.8943985943976364,False
initial_invalid,2872,19.903075,,False,,60.963855421686745,78.06024096385542,60.963855421686745,78.06024096385542,0.0,1,2809.0,0.8914099980994651,False
initial_invalid,2873,19.908084,,False,,67.52702702702703,77.17567567567568,67.52702702702703,77.17567567567568,0.0,1,2819.5,0.9075964107866406,False
initial_invalid,2874,19.913092,,False,,68.41025641025641,76.07692307692308,68.41025641025641,76.07692307692308,0.0,1,2858.0,0.8994551384465205,False
initial_invalid,2875,19.918101,,False,,69.14893617021276,70.95744680851064,69.14893617021276,70.95744680851064,0.0,1,2809.0,0.8810057117999001,False
initial_invalid,2876,19.923109,,False,,67.47368421052632,67.73684210526316,67.47368421052632,67.73684210526316,0.0,1,2768.0,0.9039120355077311,False
initial_invalid,2877,19.928118,,False,,59.422222222222224,58.22222222222222,59.422222222222224,58.22222222222222,0.0,1,2667.0,0.8889640201419526,False
initial_invalid,2878,19.933126,,False,,58.29761904761905,58.36904761904762,58.29761904761905,58.36904761904762,0.0,1,2688.5,0.9015620938001256,False
initial_invalid,2879,19.938135,,False,,59.294117647058826,60.082352941176474,59.294117647058826,60.082352941176474,0.0,1,2714.5,0.8917591366618016,False
initial_invalid,2880,19.943143,,False,,57.359550561797754,59.438202247191015,57.359550561797754,59.438202247191015,0.0,1,2733.5,0.8904416379486819,False
initial_invalid,2881,19.948152,,False,,56.80232558139535,62.08139534883722,56.80232558139535,62.08139534883721,7.105427357601002e-15,1,2720.5,0.8906023767636275,False
initial_invalid,2882,19.953161,,False,,56.735632183908045,67.48275862068965,56.735632183908045,67.48275862068965,0.0,1,2733.0,0.8924825173609322,False
initial_invalid,2883,19.958169,,False,,56.47727272727273,68.25,56.47727272727273,68.25,0.0,1,2744.0,0.8960746522729398,False
initial_invalid,2884,19.963178,,False,,52.875,72.39772727272727,52.875,72.39772727272727,0.0,1,2719.5,0.882793769120234,False
initial_invalid,2885,19.968186,,False,,52.73913043478261,74.82608695652173,52.73913043478261,74.82608695652173,0.0,1,2748.0,0.8867572269276204,False
initial_invalid,2886,19.973195,,False,,53.73076923076923,78.65384615384616,53.73076923076923,78.65384615384616,0.0,1,2788.5,0.8976175286461558,False
initial_invalid,2887,19.978203,,False,,54.47674418604651,81.02325581395348,54.47674418604651,81.02325581395348,0.0,1,2778.5,0.8838852916723319,False
initial_invalid,2888,19.983212,,False,,55.24,82.02,55.24,82.02,0.0,1,2789.0,0.8747329751809314,False
initial_invalid,2889,19.988221,,False,,56.406976744186046,87.24418604651163,56.406976744186046,87.24418604651163,0.0,1,2837.5,0.8951761452786471,False
initial_invalid,2890,19.993229,,False,,59.38461538461539,86.33333333333333,59.38461538461539,86.33333333333333,0.0,1,2864.0,0.8982557335669372,False
initial_invalid,2891,19.998238,,False,,61.89772727272727,86.80681818181819,61.89772727272727,86.80681818181819,0.0,1,2847.5,0.8909194845094055,False
initial_invalid,2892,20.003246,,False,,67.25842696629213,85.47191011235955,67.25842696629213,85.47191011235955,0.0,1,2874.5,0.8919776388430848,False
initial_invalid,2893,20.008255,,False,,66.95121951219512,88.4390243902439,66.95121951219512,88.4390243902439,0.0,1,2896.0,0.9008202467293924,False
initial_invalid,2894,20.013263,,False,,68.13095238095238,87.77380952380952,68.13095238095238,87.77380952380952,0.0,1,2920.5,0.8957911000326809,False
initial_invalid,2895,20.018272,,False,,69.98863636363636,89.0340909090909,69.98863636363636,89.0340909090909,0.0,1,2882.5,0.8914174657356421,False
initial_invalid,2896,20.023281,,False,,75.8409090909091,88.0909090909091,75.8409090909091,88.0909090909091,0.0,1,2914.0,0.8959441551832111,False
initial_invalid,2897,20.028289,,False,,75.1063829787234,89.61702127659575,75.1063829787234,89.61702127659575,0.0,1,2914.0,0.888646336118776,False
initial_invalid,2898,20.033298,,False,,76.75,89.075,76.75,89.075,0.0,1,2938.0,0.9033232369275146,False
initial_invalid,2899,20.038306,,False,,77.34146341463415,86.68292682926831,77.34146341463415,86.6829268292683,1.4210854715202004e-14,1,2952.5,0.895213079946865,False
initial_invalid,2900,20.043315,,False,,75.92307692307692,87.79120879120879,75.92307692307692,87.79120879120879,0.0,1,2957.5,0.8894753297866437,False
initial_invalid,2901,20.048323,,False,,75.57291666666667,84.90625,75.57291666666667,84.90625,0.0,1,2925.5,0.8870265410050601,False
initial_invalid,2902,20.053332,,False,,77.11904761904762,81.80952380952381,77.11904761904762,81.80952380952381,0.0,1,2902.0,0.8996122733359699,False
initial_invalid,2903,20.058341,,False,,76.4047619047619,77.35714285714286,76.4047619047619,77.35714285714286,0.0,1,2917.0,0.8968665347209206,False
initial_invalid,2904,20.063349,,False,,76.75581395348837,79.74418604651163,76.75581395348837,79.74418604651163,0.0,1,2923.0,0.8841596713625766,False
initial_invalid,2905,20.068358,,False,,78.6547619047619,78.98809523809526,78.6547619047619,78.98809523809524,1.4210854715202004e-14,1,2948.5,0.8940002574228203,False
initial_invalid,2906,20.073366,,False,,78.13513513513513,75.35135135135135,78.13513513513513,75.35135135135135,0.0,1,2948.0,0.9094826425203509,False
initial_invalid,2907,20.078375,,False,,77.4065934065934,78.14285714285714,77.4065934065934,78.14285714285714,0.0,1,2946.0,0.8911168043981199,False
initial_invalid,2908,20.083383,,False,,78.0875,77.5875,78.0875,77.5875,0.0,1,2959.5,0.9003681845145252,False
initial_invalid,2909,20.088392,,False,,77.88636363636364,77.93181818181819,77.88636363636364,77.93181818181819,0.0,1,2923.5,0.8894159147760441,False
initial_invalid,2910,20.0934,,False,,79.3953488372093,70.3953488372093,79.3953488372093,70.3953488372093,0.0,1,2894.0,0.8928231932403256,False
initial_invalid,2911,20.098409,,False,,78.02272727272727,71.36363636363636,78.02272727272727,71.36363636363636,0.0,1,2887.0,0.898020732033215,False
initial_invalid,2912,20.103418,,False,,77.1625,66.7625,77.1625,66.7625,0.0,1,2866.5,0.9043250831741341,False
initial_invalid,2913,20.108426,,False,,69.91304347826087,62.608695652173914,69.91304347826087,62.608695652173914,0.0,1,2833.5,0.8835110666449145,False
initial_invalid,2914,20.113435,,False,,70.16279069767442,62.23255813953488,70.16279069767442,62.23255813953488,0.0,1,2838.0,0.8931608407666989,False
initial_invalid,2915,20.118443,,False,,68.57894736842105,57.315789473684205,68.57894736842105,57.31578947368421,7.105427357601002e-15,1,2810.0,0.9099258593243972,False
initial_invalid,2916,20.123452,,False,,68.21052631578948,58.73684210526316,68.21052631578948,58.73684210526316,0.0,1,2804.0,0.9079829549358459,False
initial_invalid,2917,20.12846,,False,,60.86666666666667,59.977777777777774,60.86666666666667,59.977777777777774,0.0,1,2767.0,0.8928883711587636,False
initial_invalid,2918,20.133469,,False,,58.082352941176474,66.03529411764706,58.082352941176474,66.03529411764706,0.0,1,2773.5,0.8853491896605814,False
initial_invalid,2919,20.138478,,False,,59.21686746987952,67.10843373493977,59.21686746987952,67.10843373493977,0.0,1,2832.5,0.8935987509194019,False
initial_invalid,2920,20.143486,,False,,57.53488372093023,67.67441860465117,57.53488372093023,67.67441860465117,0.0,1,2809.0,0.8988785851941302,False
initial_invalid,2921,20.148495,,False,,59.65555555555556,70.1,59.65555555555556,70.1,0.0,1,2796.5,0.8896113838481401,False
initial_invalid,2922,20.153503,,False,,64.08333333333333,70.95833333333333,64.08333333333333,70.95833333333333,0.0,1,2830.0,0.8802905056257421,False
initial_invalid,2923,20.158512,,False,,67.3010752688172,70.78494623655914,67.3010752688172,70.78494623655914,0.0,1,2800.5,0.8835033712128079,False
initial_invalid,2924,20.16352,,False,,67.9875,68.7375,67.9875,68.7375,0.0,1,2801.5,0.9018022224848157,False
initial_invalid,2925,20.168529,,False,,69.44705882352942,61.78823529411765,69.44705882352942,61.78823529411765,0.0,1,2709.5,0.8870013411690726,False
initial_invalid,2926,20.173538,,False,,64.33734939759036,57.78313253012048,64.33734939759036,57.78313253012048,0.0,1,2656.0,0.8929005147718051,False
initial_invalid,2927,20.178546,,False,,61.141176470588235,58.952941176470596,61.141176470588235,58.95294117647059,7.105427357601002e-15,1,2661.0,0.8869640999974051,False
initial_invalid,2928,20.183555,,False,,59.35227272727273,62.82954545454545,59.35227272727273,62.82954545454545,0.0,1,2685.5,0.8897536927081601,False
initial_invalid,2929,20.188563,,False,,57.64772727272727,63.17045454545455,57.64772727272727,63.17045454545455,0.0,1,2691.5,0.8993767691641031,False
initial_invalid,2930,20.193572,,False,,58.51111111111111,60.666666666666664,58.51111111111111,60.666666666666664,0.0,1,2710.0,0.8924939249214662,False
initial_invalid,2931,20.19858,,False,,59.0625,61.458333333333336,59.0625,61.458333333333336,0.0,1,2748.0,0.8793586233237638,False
initial_invalid,2932,20.203589,,False,,63.3,58.725,63.3,58.725,0.0,1,2734.0,0.8928090773494328,False
initial_invalid,2933,20.208597,11.0,True,0.0,63.65384615384615,59.14102564102564,63.65384615384615,59.14102564102564,0.0,1,2724.5,0.8950442958848144,False
initial_invalid,2934,20.213606,,True,0.0,57.46590909090909,59.01136363636363,57.46590909090909,59.01136363636363,0.0,1,2717.5,0.8927446797566634,False
initial_invalid,2935,20.218615,,True,0.0,58.30434782608695,62.73913043478261,58.30434782608695,62.73913043478261,0.0,1,2703.0,0.8826857806669008,False
initial_invalid,2936,20.223623,,True,0.0,57.166666666666664,63.38095238095238,57.166666666666664,63.38095238095238,0.0,1,2733.0,0.8924825184456453,False
initial_invalid,2937,20.228632,,True,0.0,58.32142857142857,67.08333333333333,58.32142857142857,67.08333333333333,0.0,1,2732.5,0.8976724365616454,False
initial_invalid,2938,20.23364,,True,0.0,57.159574468085104,69.84042553191489,57.159574468085104,69.84042553191489,0.0,1,2751.5,0.8857072411658591,False
initial_invalid,2939,20.238649,,True,0.0,57.565789473684205,75.03947368421052,57.56578947368421,75.03947368421052,7.105427357601002e-15,1,2729.5,0.9043316705543909,False
initial_invalid,2940,20.243657,,True,0.0,57.775,80.15,57.775,80.15,0.0,1,2787.0,0.9024780643165251,False
initial_invalid,2941,20.248666,12.0,True,0.0,59.35897435897436,79.0,59.35897435897436,79.0,0.0,1,2764.0,0.9026058097276313,False
initial_invalid,2942,20.253675,,True,0.0,56.73863636363637,75.375,56.73863636363637,75.375,0.0,1,2789.5,0.8904566611572795,False
initial_invalid,2943,20.258683,,True,0.0,60.98809523809524,76.67857142857143,60.98809523809524,76.67857142857143,0.0,1,2803.5,0.8918381958227285,False
initial_invalid,2944,20.263692,,True,0.0,63.09615384615385,74.5576923076923,63.09615384615385,74.5576923076923,0.0,1,2808.0,0.8734472578788282,False
initial_invalid,2945,20.2687,,True,0.0,61.95192307692308,74.21153846153847,61.95192307692308,74.21153846153847,0.0,1,2815.5,0.8706976066023278,False
initial_invalid,2946,20.273709,,True,0.0,63.3375,75.6625,63.3375,75.6625,0.0,1,2816.5,0.8959737027007472,False
initial_invalid,2947,20.278717,,True,0.0,61.465753424657535,78.20547945205479,61.465753424657535,78.20547945205479,0.0,1,2822.0,0.899919276741016,False
initial_invalid,2948,20.283726,,True,0.0,67.13186813186813,77.76923076923077,67.13186813186813,77.76923076923077,0.0,1,2840.5,0.8887293421493256,False
initial_invalid,2949,20.288735,13.0,True,0.0,66.26923076923077,78.06410256410257,66.26923076923077,78.06410256410257,0.0,1,2878.5,0.9006187011114303,False
initial_invalid,2950,20.293743,,True,0.0,74.42268041237114,75.98969072164948,74.42268041237114,75.98969072164948,0.0,1,2825.0,0.8787352230892466,False
initial_invalid,2951,20.298752,,True,0.0,75.91836734693878,74.42857142857143,75.91836734693878,74.42857142857143,0.0,1,2841.0,0.883712129499199,False
initial_invalid,2952,20.30376,,True,0.0,75.81632653061224,68.91836734693878,75.81632653061224,68.91836734693878,0.0,1,2823.0,0.8781131086153603,False
initial_invalid,2953,20.308769,,True,0.0,74.0,75.97849462365592,74.0,75.97849462365592,0.0,1,2813.5,0.8845602976899288,False
initial_invalid,2954,20.313777,,True,0.0,70.71875,70.17708333333333,70.71875,70.17708333333333,0.0,1,2815.5,0.8851890916068792,False
initial_invalid,2955,20.318786,,True,0.0,72.38888888888889,69.63333333333334,72.38888888888889,69.63333333333334,0.0,1,2839.5,0.8884164516835358,False
initial_invalid,2956,20.323795,,True,0.0,70.65116279069767,67.83720930232558,70.65116279069767,67.83720930232558,0.0,1,2849.0,0.8935511818897361,False
initial_invalid,2957,20.328803,14.0,True,0.0,66.64285714285714,64.64285714285714,66.64285714285714,64.64285714285714,0.0,1,2805.0,0.8975985958481734,False
initial_invalid,2958,20.333812,,True,0.0,65.80232558139535,66.24418604651163,65.80232558139535,66.24418604651163,0.0,1,2765.5,0.897726121070879,False
initial_invalid,2959,20.33882,,True,0.0,64.8375,67.0625,64.8375,67.0625,0.0,1,2785.5,0.8966518260686969,False
initial_invalid,2960,20.343829,,True,0.0,63.54736842105263,69.72631578947369,63.54736842105263,69.72631578947369,0.0,1,2758.0,0.8825586119430687,False
initial_invalid,2961,20.348837,,True,0.0,68.1413043478261,77.53260869565217,68.1413043478261,77.53260869565217,0.0,1,2784.5,0.8888605778565484,False
initial_invalid,2962,20.353846,,True,0.0,67.28048780487805,78.0609756097561,67.28048780487805,78.0609756097561,0.0,1,2787.5,0.8972956267034687,False
initial_invalid,2963,20.358854,,True,0.0,67.5609756097561,77.53658536585365,67.5609756097561,77.53658536585365,0.0,1,2821.0,0.9027185802361847,False
initial_invalid,2964,20.363863,,True,0.0,67.8780487804878,77.73170731707317,67.8780487804878,77.73170731707317,0.0,1,2827.0,0.8971221358930285,False
initial_invalid,2965,20.368872,15.0,True,0.0,62.755319148936174,74.69148936170212,62.755319148936174,74.69148936170212,0.0,1,2779.5,0.8842034140311927,False
initial_invalid,2966,20.37388,,False,,58.69318181818182,75.7159090909091,58.69318181818182,75.7159090909091,0.0,1,2807.5,0.8931106630222714,False
initial_invalid,2967,20.378889,,False,,58.96703296703296,73.35164835164835,58.967032967032964,73.35164835164835,7.105427357601002e-15,1,2796.5,0.889611384915297,False
initial_invalid,2968,20.383897,,False,,58.91011235955056,70.0561797752809,58.91011235955056,70.0561797752809,0.0,1,2837.5,0.8877907024638039,False
initial_invalid,2969,20.388906,,False,,58.55,76.2,58.55,76.2,0.0,1,2821.0,0.9027185802361847,False
initial_invalid,2970,20.393914,,False,,58.785714285714285,77.47619047619048,58.785714285714285,77.47619047619048,0.0,1,2813.0,0.9001585788474508,False
initial_invalid,2971,20.398923,,False,,60.578947368421055,77.78947368421052,60.578947368421055,77.78947368421052,0.0,1,2794.0,0.9016010480576032,False
initial_invalid,2972,20.403932,,False,,60.776315789473685,78.96052631578948,60.776315789473685,78.96052631578948,0.0,1,2831.5,0.900745439399031,False
initial_invalid,2973,20.40894,,False,,65.42682926829268,77.6951219512195,65.42682926829268,77.6951219512195,0.0,1,2813.5,0.8950193568600706,False
initial_invalid,2974,20.413949,,False,,66.175,69.6,66.175,69.6,0.0,1,2807.0,0.8982385916049226,False
initial_invalid,2975,20.418957,,False,,67.0,68.35897435897436,67.0,68.35897435897436,0.0,1,2792.0,0.9040971560348381,False
initial_invalid,2976,20.423966,,False,,69.25842696629213,65.11235955056179,69.25842696629213,65.11235955056179,0.0,1,2762.5,0.8892481376588037,False
initial_invalid,2977,20.428974,,False,,65.29347826086956,62.83695652173913,65.29347826086956,62.83695652173913,0.0,1,2739.5,0.881844436372355,False
initial_invalid,2978,20.433983,,False,,61.13131313131313,64.65656565656566,61.13131313131313,64.65656565656566,0.0,1,2749.0,0.8796786196477069,False
initial_invalid,2979,20.438992,,False,,58.325581395348834,67.65116279069767,58.325581395348834,67.65116279069767,0.0,1,2775.0,0.891081938136917,False
initial_invalid,2980,20.444,,False,,58.7125,66.3125,58.7125,66.3125,0.0,1,2784.5,0.8963299306190567,False
initial_invalid,2981,20.449009,,False,,60.787234042553195,67.35106382978724,60.787234042553195,67.35106382978724,0.0,1,2801.0,0.8784966207082058,False
initial_invalid,2982,20.454017,,False,,59.68292682926829,67.70731707317073,59.68292682926829,67.70731707317073,0.0,1,2801.0,0.8963185859883382,False
initial_invalid,2983,20.459026,,False,,58.976190476190474,69.95238095238095,58.976190476190474,69.95238095238095,0.0,1,2795.0,0.8943985911694233,False
initial_invalid,2984,20.464034,,False,,62.744680851063826,72.38297872340425,62.744680851063826,72.38297872340425,0.0,1,2791.0,0.8826511672130438,False
initial_invalid,2985,20.469043,,False,,69.14285714285714,73.26530612244898,69.14285714285714,73.26530612244898,0.0,1,2814.0,0.882573891489229,False
initial_invalid,2986,20.474051,,False,,69.20238095238095,72.39285714285714,69.20238095238095,72.39285714285714,0.0,1,2813.5,0.8950193568600706,False
initial_invalid,2987,20.47906,,False,,68.3695652173913,75.80434782608695,68.3695652173913,75.80434782608695,0.0,1,2790.0,0.8853805271117857,False
initial_invalid,2988,20.484069,,False,,68.03092783505154,75.68041237113403,68.03092783505154,75.68041237113403,0.0,1,2785.0,0.880753675925714,False
initial_invalid,2989,20.489077,,False,,66.38461538461539,73.92307692307692,66.38461538461539,73.92307692307692,0.0,1,2828.0,0.9049585734468697,False
initial_invalid,2990,20.494086,,False,,69.69411764705882,74.37647058823529,69.69411764705882,74.37647058823529,0.0,1,2802.0,0.8935413895514728,False
initial_invalid,2991,20.499094,,False,,68.77631578947368,77.09210526315789,68.77631578947368,77.09210526315789,0.0,1,2844.5,0.9048809527593642,False
initial_invalid,2992,20.504103,,False,,68.1951219512195,79.68292682926831,68.1951219512195,79.6829268292683,1.4210854715202004e-14,1,2858.0,0.8963739193020889,False
initial_invalid,2993,20.509111,,False,,66.47826086956522,78.17391304347827,66.47826086956522,78.17391304347827,0.0,1,2856.0,0.8883779791819443,False
initial_invalid,2994,20.51412,,False,,73.8875,78.0625,73.8875,78.0625,0.0,1,2823.5,0.8982005082079036,False
initial_invalid,2995,20.519129,,False,,73.74468085106383,74.38297872340425,73.74468085106383,74.38297872340425,0.0,1,2832.0,0.888219357713534,False
initial_invalid,2996,20.524137,,False,,71.53191489361703,72.61702127659575,71.53191489361703,72.61702127659575,0.0,1,2819.0,0.8841420795884365,False
initial_invalid,2997,20.529146,,False,,68.47777777777777,67.34444444444445,68.47777777777777,67.34444444444445,0.0,1,2829.5,0.8852876791657817,False
initial_invalid,2998,20.534154,,False,,68.38571428571429,67.35714285714286,68.38571428571429,67.35714285714286,0.0,1,2785.5,0.9073807109835551,False
initial_invalid,2999,20.539163,,False,,64.48809523809524,65.22619047619048,64.48809523809524,65.22619047619048,0.0,1,2749.5,0.89253225742916,False
initial_invalid,3000,20.544171,,False,,59.79761904761905,68.77380952380952,59.79761904761905,68.77380952380952,0.0,1,2752.5,0.8935061082115522,False
initial_invalid,3001,20.54918,,False,,60.51162790697674,66.04651162790698,60.51162790697674,66.04651162790698,0.0,1,2797.0,0.887601908756489,False
initial_invalid,3002,20.554189,,False,,58.81111111111111,68.96666666666667,58.81111111111111,68.96666666666667,0.0,1,2777.5,0.8909791489999813,False
initial_invalid,3003,20.559197,,False,,60.05263157894737,71.3157894736842,60.05263157894737,71.3157894736842,0.0,1,2761.0,0.8761776491803956,False
initial_invalid,3004,20.564206,,False,,63.447916666666664,72.92708333333333,63.447916666666664,72.92708333333333,0.0,1,2775.5,0.8829309458060879,False
initial_invalid,3005,20.569214,,False,,66.75268817204301,70.88172043010752,66.75268817204301,70.88172043010752,0.0,1,2796.0,0.8872845733822479,False
initial_invalid,3006,20.574223,,False,,63.566265060240966,66.04819277108433,63.566265060240966,66.04819277108433,0.0,1,2714.0,0.89381124821864,False
initial_invalid,3007,20.579231,,False,,58.01052631578948,59.54736842105263,58.01052631578948,59.54736842105263,0.0,1,2654.5,0.8794828460534854,False
initial_invalid,3008,20.58424,,False,,57.36046511627907,61.75581395348837,57.36046511627907,61.75581395348837,0.0,1,2684.5,0.892564927735404,False
initial_invalid,3009,20.589249,,False,,59.6125,67.0625,59.6125,67.0625,0.0,1,2756.5,0.8979339140841842,False
initial_invalid,3010,20.594257,,False,,59.02272727272727,76.8409090909091,59.02272727272727,76.8409090909091,0.0,1,2764.0,0.891920297739873,False
initial_invalid,3011,20.599266,,False,,59.11538461538461,76.52564102564102,59.11538461538461,76.52564102564102,0.0,1,2788.5,0.8976175210641368,False
initial_invalid,3012,20.604274,,False,,59.51282051282051,75.82051282051282,59.51282051282051,75.82051282051282,0.0,1,2812.0,0.8923620223076493,False
initial_invalid,3013,20.609283,,False,,57.291666666666664,77.91666666666667,57.291666666666664,77.91666666666667,0.0,1,2834.0,0.8888466259777098,False
initial_invalid,3014,20.614291,,False,,58.91489361702128,74.0,58.91489361702128,74.0,0.0,1,2806.0,0.8873949043934376,False
initial_invalid,3015,20.6193,,False,,62.244897959183675,75.3061224489796,62.244897959183675,75.3061224489796,0.0,1,2812.0,0.8819466221364609,False
initial_invalid,3016,20.624308,,False,,63.406976744186046,77.26744186046513,63.406976744186046,77.26744186046511,1.4210854715202004e-14,1,2808.5,0.8934287736611054,False
initial_invalid,3017,20.629317,,False,,64.89411764705882,72.78823529411765,64.89411764705882,72.78823529411764,1.4210854715202004e-14,1,2809.0,0.8914100002354861,False
initial_invalid,3018,20.634326,,False,,68.6547619047619,67.29761904761905,68.6547619047619,67.29761904761905,0.0,1,2805.5,0.895564133668759,False
initial_invalid,3019,20.639334,,False,,59.86419753086419,64.30864197530865,59.864197530864196,64.30864197530865,7.105427357601002e-15,1,2725.0,0.8898700591408393,False
initial_invalid,3020,20.644343,,False,,59.333333333333336,69.46666666666667,59.333333333333336,69.46666666666667,0.0,1,2702.0,0.8898592510778556,False
initial_invalid,3021,20.649351,,False,,64.88636363636364,79.81818181818181,64.88636363636364,79.81818181818181,0.0,1,2699.0,0.8888712439195561,False
initial_invalid,3022,20.65436,,False,,75.41666666666667,80.25,75.41666666666667,80.25,0.0,1,2754.0,0.8812786203179206,False
initial_invalid,3023,20.659368,,False,,76.83333333333333,76.5,76.83333333333333,76.5,0.0,1,2795.5,0.8998708183994483,False
initial_invalid,3024,20.664377,,False,,80.81707317073169,68.71951219512195,80.8170731707317,68.71951219512195,1.4210854715202004e-14,1,2781.5,0.895364226964667,False
initial_invalid,3025,20.669386,,False,,78.0625,66.75,78.0625,66.75,0.0,1,2763.0,0.8841586136816535,False
initial_invalid,3026,20.674394,,False,,81.53191489361703,65.34042553191489,81.53191489361703,65.34042553191489,0.0,1,2803.0,0.8791238890325271,False
initial_invalid,3027,20.679403,,False,,78.5,65.88636363636364,78.5,65.88636363636364,0.0,1,2851.0,0.8941784607719813,False
initial_invalid,3028,20.684411,,False,,77.01063829787235,64.75531914893617,77.01063829787235,64.75531914893617,0.0,1,2822.5,0.8830975347041592,False
initial_invalid,3029,20.68942,,False,,76.69767441860466,58.76744186046512,76.69767441860465,58.76744186046512,1.4210854715202004e-14,1,2798.0,0.8953585950433918,False
initial_invalid,3030,20.694428,,False,,78.11702127659575,59.90425531914894,78.11702127659575,59.90425531914894,0.0,1,2810.5,0.8866581770375277,False
initial_invalid,3031,20.699437,,False,,76.40425531914893,60.0,76.40425531914893,60.0,0.0,1,2828.0,0.8869648095416544,False
initial_invalid,3032,20.704446,,False,,76.40229885057471,58.7816091954023,76.40229885057471,58.7816091954023,0.0,1,2846.5,0.8906066046082761,False
initial_invalid,3033,20.709454,,False,,77.49438202247191,61.07865168539326,77.49438202247191,61.07865168539326,0.0,1,2828.0,0.8900136972363719,False
initial_invalid,3034,20.714463,,False,,78.6734693877551,61.857142857142854,78.6734693877551,61.857142857142854,0.0,1,2835.0,0.8818457912966629,False
initial_invalid,3035,20.719471,,False,,76.23863636363636,59.76136363636363,76.23863636363636,59.76136363636363,0.0,1,2842.5,0.8893550966569705,False
initial_invalid,3036,20.72448,,False,,80.375,57.525,80.375,57.525,0.0,1,2818.0,0.8942660632376783,False
initial_invalid,3037,20.729488,,False,,84.0,60.142857142857146,84.0,60.142857142857146,0.0,1,2831.0,0.8806015571186986,False
initial_invalid,3038,20.734497,,False,,83.79069767441861,59.41860465116278,83.79069767441861,59.41860465116279,7.105427357601002e-15,1,2831.0,0.8953011280554556,False
initial_invalid,3039,20.739505,,False,,76.35714285714286,58.285714285714285,76.35714285714286,58.285714285714285,0.0,1,2809.0,0.8914100023715072,False
initial_invalid,3040,20.744514,,False,,65.85227272727273,57.03409090909091,65.85227272727273,57.03409090909091,0.0,1,2779.5,0.8872644881472157,False
initial_invalid,3041,20.749523,,False,,62.25,67.675,62.25,67.675,0.0,1,2803.0,0.8969585903744454,False
initial_invalid,3042,20.754531,,False,,66.7051282051282,66.08974358974359,66.7051282051282,66.08974358974359,0.0,1,2787.5,0.8972956245379545,False
initial_invalid,3043,20.75954,,False,,68.64285714285714,70.21428571428571,68.64285714285714,70.21428571428571,0.0,1,2794.5,0.8816104835052984,False
initial_invalid,3044,20.764548,,False,,71.47777777777777,67.05555555555556,71.47777777777777,67.05555555555556,0.0,1,2781.5,0.8879029206153294,False
initial_invalid,3045,20.769557,,False,,68.76829268292683,66.1829268292683,68.76829268292683,66.1829268292683,0.0,1,2771.5,0.8996738161338117,False
initial_invalid,3046,20.774565,,False,,67.91304347826087,64.47826086956522,67.91304347826087,64.47826086956522,0.0,1,2755.0,0.8890160720847042,False
initial_invalid,3047,20.779574,,False,,66.31521739130434,63.380434782608695,66.31521739130434,63.380434782608695,0.0,1,2725.5,0.8847414684936081,False
initial_invalid,3048,20.784583,,False,,59.71739130434782,66.32608695652173,59.71739130434783,66.32608695652173,7.105427357601002e-15,1,2756.0,0.8893387617949496,False
initial_invalid,3049,20.789591,,False,,61.138297872340424,69.6063829787234,61.138297872340424,69.6063829787234,0.0,1,2779.5,0.8872644870810333,False
initial_invalid,3050,20.7946,,False,,65.07608695652173,75.98913043478261,65.07608695652173,75.98913043478261,0.0,1,2777.5,0.8909791511465235,False
initial_invalid,3051,20.799608,,False,,64.51807228915662,77.92771084337349,64.51807228915662,77.92771084337349,0.0,1,2787.0,0.8918386037857823,False
initial_invalid,3052,20.804617,,False,,67.7159090909091,76.23863636363636,67.7159090909091,76.23863636363636,0.0,1,2816.5,0.8885510573479778,False
initial_invalid,3053,20.809625,,False,,67.81395348837209,68.48837209302326,67.81395348837209,68.48837209302326,0.0,1,2778.0,0.8920452656615248,False
initial_invalid,3054,20.814634,,False,,62.864583333333336,63.15625,62.864583333333336,63.15625,0.0,1,2712.5,0.8805214599541635,False
initial_invalid,3055,20.819643,,False,,59.94117647058823,67.02352941176471,59.94117647058823,67.02352941176471,0.0,1,2749.0,0.8901730214626832,False
initial_invalid,3056,20.824651,,False,,60.06172839506173,70.69135802469135,60.06172839506173,70.69135802469135,0.0,1,2776.0,0.8957926022100906,False
initial_invalid,3057,20.82966,,False,,68.01086956521739,75.83695652173913,68.01086956521739,75.83695652173913,0.0,1,2792.5,0.8883389177314,False
initial_invalid,3058,20.834668,,False,,67.14893617021276,72.91489361702128,67.14893617021276,72.91489361702128,0.0,1,2790.5,0.8803485674914118,False
initial_invalid,3059,20.839677,,False,,68.16666666666667,75.54444444444445,68.16666666666667,75.54444444444445,0.0,1,2792.5,0.8883389209282913,False
initial_invalid,3060,20.844685,,False,,72.60606060606061,69.32323232323232,72.60606060606061,69.32323232323232,0.0,1,2793.0,0.8759875233382417,False
initial_invalid,3061,20.849694,,False,,67.32926829268293,66.40243902439025,67.32926829268293,66.40243902439025,0.0,1,2790.5,0.8982613282005013,False
initial_invalid,3062,20.854702,,False,,63.77777777777778,66.05555555555556,63.77777777777778,66.05555555555556,0.0,1,2746.0,0.9043499327802015,False
initial_invalid,3063,20.859711,,False,,66.71428571428571,76.95238095238095,66.71428571428571,76.95238095238095,0.0,1,2736.0,0.8934621853862545,False
early_displaced,3049,20.789591,,False,,61.138297872340424,69.6063829787234,61.138297872340424,69.6063829787234,0.0,1,2779.5,0.8872644870810333,False
early_displaced,3050,20.7946,,False,,65.07608695652173,75.98913043478261,65.07608695652173,75.98913043478261,0.0,1,2777.5,0.8909791511465235,False
early_displaced,3051,20.799608,,False,,64.51807228915662,77.92771084337349,64.51807228915662,77.92771084337349,0.0,1,2787.0,0.8918386037857823,False
early_displaced,3052,20.804617,,False,,67.7159090909091,76.23863636363636,67.7159090909091,76.23863636363636,0.0,1,2816.5,0.8885510573479778,False
early_displaced,3053,20.809625,,False,,67.81395348837209,68.48837209302326,67.81395348837209,68.48837209302326,0.0,1,2778.0,0.8920452656615248,False
early_displaced,3054,20.814634,,False,,62.864583333333336,63.15625,62.864583333333336,63.15625,0.0,1,2712.5,0.8805214599541635,False
early_displaced,3055,20.819643,,False,,59.94117647058823,67.02352941176471,59.94117647058823,67.02352941176471,0.0,1,2749.0,0.8901730214626832,False
early_displaced,3056,20.824651,,False,,60.06172839506173,70.69135802469135,60.06172839506173,70.69135802469135,0.0,1,2776.0,0.8957926022100906,False
early_displaced,3057,20.82966,,False,,68.01086956521739,75.83695652173913,68.01086956521739,75.83695652173913,0.0,1,2792.5,0.8883389177314,False
early_displaced,3058,20.834668,,False,,67.14893617021276,72.91489361702128,67.14893617021276,72.91489361702128,0.0,1,2790.5,0.8803485674914118,False
early_displaced,3059,20.839677,,False,,68.16666666666667,75.54444444444445,68.16666666666667,75.54444444444445,0.0,1,2792.5,0.8883389209282913,False
early_displaced,3060,20.844685,,False,,72.60606060606061,69.32323232323232,72.60606060606061,69.32323232323232,0.0,1,2793.0,0.8759875233382417,False
early_displaced,3061,20.849694,,False,,67.32926829268293,66.40243902439025,67.32926829268293,66.40243902439025,0.0,1,2790.5,0.8982613282005013,False
early_displaced,3062,20.854702,,False,,63.77777777777778,66.05555555555556,63.77777777777778,66.05555555555556,0.0,1,2746.0,0.9043499327802015,False
early_displaced,3063,20.859711,,False,,66.71428571428571,76.95238095238095,66.71428571428571,76.95238095238095,0.0,1,2736.0,0.8934621853862545,False
early_displaced,3064,20.86472,,False,,78.375,77.225,78.375,77.225,0.0,1,2785.0,0.8942930334421901,False
early_displaced,3065,20.869728,,False,,78.0111111111111,60.5,78.0111111111111,60.5,0.0,1,2673.5,0.8857778791819615,False
early_displaced,3066,20.874737,,False,,66.97619047619048,49.726190476190474,66.97619047619048,49.726190476190474,0.0,1,2596.5,0.8889851918847803,False
early_displaced,3067,20.879745,,False,,58.96590909090909,54.46590909090909,58.96590909090909,54.46590909090909,0.0,1,2671.5,0.8882425859529847,False
early_displaced,3068,20.884754,,False,,59.18518518518518,63.03703703703704,59.18518518518518,63.03703703703704,0.0,1,2753.0,0.8914682874335547,False
early_displaced,3069,20.889762,,False,,59.282051282051285,65.76923076923077,59.282051282051285,65.76923076923077,0.0,1,2809.0,0.9019996901236087,False
early_displaced,3070,20.894771,,False,,67.91111111111111,69.84444444444445,67.91111111111111,69.84444444444445,0.0,1,2794.0,0.8940785949005352,False
early_displaced,3071,20.89978,,False,,66.6125,69.6375,66.6125,69.6375,0.0,1,2802.5,0.902124122260823,False
early_displaced,3072,20.904788,,False,,70.29268292682927,67.6829268292683,70.29268292682927,67.6829268292683,0.0,1,2751.0,0.8908206533707623,False
early_displaced,3073,20.909797,,False,,77.03896103896103,69.59740259740259,77.03896103896103,69.59740259740259,0.0,1,2802.5,0.9021241211722394,False
early_displaced,3074,20.914805,,False,,67.77272727272727,68.6590909090909,67.77272727272727,68.6590909090909,0.0,1,2738.0,0.8941152988454516,False
early_displaced,3075,20.919814,,False,,56.85365853658536,65.8048780487805,56.853658536585364,65.8048780487805,7.105427357601002e-15,1,2738.0,0.8972516034334475,False
early_displaced,3076,20.924822,,False,,56.5,68.19047619047619,56.5,68.19047619047619,0.0,1,2752.0,0.8986871148160095,False
early_displaced,3077,20.929831,,False,,59.17857142857143,75.39285714285714,59.17857142857143,75.39285714285714,0.0,1,2747.5,0.8918830239371068,False
early_displaced,3078,20.93484,,False,,57.7125,77.2875,57.7125,77.2875,0.0,1,2744.5,0.9016146448892268,False
early_displaced,3079,20.939848,,False,,67.65517241379311,82.27586206896552,67.65517241379311,82.27586206896552,0.0,1,2713.0,0.8859513620720949,False
early_displaced,3080,20.944857,,False,,78.60227272727273,82.01136363636364,78.60227272727273,82.01136363636364,0.0,1,2749.5,0.8925322541845281,False
early_displaced,3081,20.949865,,False,,83.94565217391305,75.3586956521739,83.94565217391305,75.3586956521739,0.0,1,2769.5,0.881022253003009,False
early_displaced,3082,20.954874,,False,,79.86,61.0,79.86,61.0,0.0,1,2789.0,0.8747329783066179,False
early_displaced,3083,20.959882,,False,,73.79268292682929,58.15853658536586,73.79268292682927,58.15853658536585,1.5888218580782548e-14,1,2815.5,0.8987563034235049,False
early_displaced,3084,20.964891,,False,,67.81012658227849,64.30379746835443,67.81012658227849,64.30379746835443,0.0,1,2800.5,0.8939680546910626,False
early_displaced,3085,20.9699,,False,,67.63218390804597,66.94252873563218,67.63218390804597,66.94252873563218,0.0,1,2807.0,0.890775327392045,False
early_displaced,3086,20.974908,,False,,70.17105263157895,66.82894736842105,70.17105263157895,66.82894736842105,0.0,1,2742.5,0.9009576000969363,False
early_displaced,3087,20.979917,,False,,68.29702970297029,59.92079207920792,68.29702970297029,59.92079207920792,0.0,1,2694.0,0.8723630878601905,False
early_displaced,3088,20.984925,,False,,64.88636363636364,58.20454545454545,64.88636363636364,58.20454545454545,0.0,1,2729.0,0.8911762893371863,False
early_displaced,3089,20.989934,,False,,66.89772727272727,60.28409090909091,66.89772727272727,60.28409090909091,0.0,1,2762.5,0.8892481322935722,False
early_displaced,3090,20.994942,,False,,67.5632183908046,66.88505747126437,67.5632183908046,66.88505747126437,0.0,1,2816.5,0.8916143855871089,False
early_displaced,3091,20.999951,,False,,61.55813953488372,66.76744186046511,61.55813953488372,66.76744186046511,0.0,1,2758.0,0.8930873693478841,False
early_displaced,3092,21.004959,,False,,58.367816091954026,66.816091954023,58.367816091954026,66.816091954023,0.0,1,2781.0,0.8930086017869429,False
early_displaced,3093,21.009968,,False,,57.8433734939759,68.04819277108433,57.8433734939759,68.04819277108433,0.0,1,2781.0,0.8974060615080195,False
early_displaced,3094,21.014977,,False,,55.174418604651166,67.56976744186046,55.174418604651166,67.56976744186046,0.0,1,2754.5,0.8941553362903785,False
early_displaced,3095,21.019985,,False,,56.35294117647059,70.09411764705882,56.35294117647059,70.09411764705882,0.0,1,2794.0,0.894078604581709,False
early_displaced,3096,21.024994,,False,,58.619565217391305,72.1413043478261,58.619565217391305,72.1413043478261,0.0,1,2807.5,0.8857117352901118,False
early_displaced,3097,21.030002,,False,,65.2,70.31111111111112,65.2,70.31111111111112,0.0,1,2778.0,0.8889586061554952,False
early_displaced,3098,21.035011,,False,,67.0,69.25581395348837,67.0,69.25581395348837,0.0,1,2803.0,0.8969585871369924,False
early_displaced,3099,21.040019,,False,,66.15555555555555,65.31111111111112,66.15555555555555,65.31111111111112,0.0,1,2708.0,0.8918352545526327,False
early_displaced,3100,21.045028,,False,,63.09782608695652,58.92391304347826,63.09782608695652,58.92391304347826,0.0,1,2664.5,0.8827960187735182,False
early_displaced,3101,21.050037,,False,,58.18987341772152,60.56962025316456,58.18987341772152,60.56962025316456,0.0,1,2666.0,0.8962623356833792,False
early_displaced,3102,21.055045,,False,,57.54216867469879,62.46987951807229,57.54216867469879,62.46987951807229,0.0,1,2728.0,0.890849731517715,False
early_displaced,3103,21.060054,,False,,55.65909090909091,65.93181818181819,55.65909090909091,65.93181818181819,0.0,1,2731.0,0.8918294060600485,False
early_displaced,3104,21.065062,,False,,56.44318181818182,71.92045454545455,56.44318181818182,71.92045454545455,0.0,1,2758.5,0.8879605310450036,False
early_displaced,3105,21.070071,,False,,61.36046511627907,77.94186046511628,61.36046511627907,77.94186046511628,0.0,1,2770.5,0.8918233262001241,False
early_displaced,3106,21.075079,,False,,67.29069767441861,72.80232558139534,67.29069767441861,72.80232558139535,1.4210854715202004e-14,1,2776.5,0.8937547280846299,False
early_displaced,3107,21.080088,,False,,66.43023255813954,73.75581395348837,66.43023255813954,73.75581395348837,0.0,1,2775.5,0.8903375777107901,False
early_displaced,3108,21.085097,,False,,67.46153846153847,67.58974358974359,67.46153846153847,67.58974358974359,0.0,1,2767.0,0.9035854809860578,False
early_displaced,3109,21.090105,,False,,67.87179487179488,68.33333333333333,67.87179487179488,68.33333333333333,0.0,1,2780.0,0.9002113429232276,False
early_displaced,3110,21.095114,,False,,67.03488372093024,65.96511627906976,67.03488372093024,65.96511627906976,0.0,1,2755.5,0.8976081669772701,False
early_displaced,3111,21.100122,,False,,66.90697674418605,63.74418604651163,66.90697674418605,63.74418604651163,0.0,1,2772.0,0.8976208099437106,False
early_displaced,3112,21.105131,,False,,67.80722891566265,67.42168674698796,67.80722891566265,67.42168674698796,0.0,1,2768.0,0.8963255461589048,False
early_displaced,3113,21.110139,,False,,61.037974683544306,66.37974683544304,61.037974683544306,66.37974683544304,0.0,1,2751.5,0.8931814909227869,False
early_displaced,3114,21.115148,,False,,59.253012048192765,66.46987951807229,59.25301204819277,66.46987951807229,7.105427357601002e-15,1,2757.0,0.8822386166921167,False
early_displaced,3115,21.120156,,False,,62.7875,68.0875,62.7875,68.0875,0.0,1,2747.5,0.8994412924511579,False
early_displaced,3116,21.125165,,False,,59.891304347826086,66.30434782608695,59.891304347826086,66.30434782608695,0.0,1,2763.0,0.8841586115541514,False
early_displaced,3117,21.130174,,False,,59.651685393258425,70.48314606741573,59.651685393258425,70.48314606741573,0.0,1,2758.5,0.8879605353309739,False
early_displaced,3118,21.135182,,False,,59.31521739130435,72.1195652173913,59.31521739130435,72.1195652173913,0.0,1,2756.5,0.8873167347059128,False
early_displaced,3119,21.140191,,False,,59.144444444444446,74.18888888888888,59.144444444444446,74.18888888888888,0.0,1,2753.5,0.8863510300278078,False
early_displaced,3120,21.145199,,False,,59.666666666666664,73.73333333333333,59.666666666666664,73.73333333333333,0.0,1,2771.0,0.8867186075340404,False
early_displaced,3121,21.150208,,False,,59.51190476190476,74.44047619047619,59.51190476190476,74.44047619047619,0.0,1,2789.5,0.894828566020964,False
early_displaced,3122,21.155216,,False,,67.08333333333333,68.27083333333333,67.08333333333333,68.27083333333333,0.0,1,2792.0,0.886015206370134,False
early_displaced,3123,21.160225,,False,,68.04761904761905,65.5952380952381,68.04761904761905,65.5952380952381,0.0,1,2727.0,0.8905231769452394,False
early_displaced,3124,21.165234,,False,,65.03488372093024,61.84883720930232,65.03488372093024,61.848837209302324,7.105427357601002e-15,1,2678.5,0.8950327609905444,False
early_displaced,3125,21.170242,,False,,58.02197802197802,65.47252747252747,58.02197802197802,65.47252747252747,0.0,1,2699.0,0.8888712493440847,False
early_displaced,3126,21.175251,,False,,57.595238095238095,67.54761904761905,57.595238095238095,67.54761904761905,0.0,1,2740.0,0.8947684253513707,False
early_displaced,3127,21.180259,,False,,60.21590909090909,76.76136363636364,60.21590909090909,76.76136363636364,0.0,1,2762.5,0.8892481312205259,False
early_displaced,3128,21.185268,,False,,65.5375,78.1625,65.5375,78.1625,0.0,1,2776.5,0.8937547183782707,False
early_displaced,3129,21.190276,,False,,68.98717948717949,79.06410256410257,68.98717948717949,79.06410256410257,0.0,1,2801.5,0.9018022148674495,False
early_displaced,3130,21.195285,,False,,69.57831325301204,76.3132530120482,69.57831325301204,76.3132530120482,0.0,1,2804.5,0.8921563053978405,False
early_displaced,3131,21.200294,,False,,70.6734693877551,67.55102040816327,70.6734693877551,67.55102040816327,0.0,1,2764.0,0.8771296754584444,False
early_displaced,3132,21.205302,,False,,66.77215189873418,64.92405063291139,66.77215189873418,64.92405063291139,0.0,1,2771.0,0.8972969961706421,False
early_displaced,3133,21.210311,,False,,66.7439024390244,63.76829268292683,66.7439024390244,63.76829268292683,0.0,1,2719.5,0.8934017135596122,False
early_displaced,3134,21.215319,,False,,61.31395348837209,65.26744186046511,61.31395348837209,65.26744186046511,0.0,1,2730.5,0.8938760473419795,False
early_displaced,3135,21.220328,,False,,61.61627906976744,67.15116279069767,61.616279069767444,67.15116279069767,7.105427357601002e-15,1,2753.5,0.8938307255011042,False
early_displaced,3136,21.225336,,False,,57.641975308641975,70.12345679012346,57.641975308641975,70.12345679012346,0.0,1,2729.0,0.8911762839215583,False
early_displaced,3137,21.230345,,False,,60.917647058823526,78.32941176470588,60.917647058823526,78.32941176470588,0.0,1,2745.5,0.8912337980064208,False
early_displaced,3138,21.235354,,False,,57.707317073170735,77.51219512195122,57.707317073170735,77.51219512195122,0.0,1,2776.0,0.8989160802436037,False
early_displaced,3139,21.240362,,False,,58.61538461538461,77.58974358974358,58.61538461538461,77.58974358974359,1.4210854715202004e-14,1,2768.0,0.9039120322119176,False
early_displaced,3140,21.245371,,False,,56.1625,78.7875,56.1625,78.7875,0.0,1,2760.5,0.8992369188537898,False
early_displaced,3141,21.250379,,False,,58.917647058823526,77.90588235294119,58.917647058823526,77.90588235294118,1.4210854715202004e-14,1,2782.5,0.8882221400502348,False
early_displaced,3142,21.255388,,False,,66.71794871794872,77.53846153846153,66.71794871794872,77.53846153846153,0.0,1,2807.0,0.8982385862014679,False
early_displaced,3143,21.260396,,False,,67.93478260869566,77.58695652173913,67.93478260869566,77.58695652173913,0.0,1,2782.0,0.8902386030774538,False
early_displaced,3144,21.265405,,False,,69.8780487804878,78.41463414634147,69.8780487804878,78.41463414634147,0.0,1,2791.0,0.8931185996328248,False
early_displaced,3145,21.270413,,False,,66.72727272727273,77.45454545454545,66.72727272727273,77.45454545454545,0.0,1,2791.5,0.8985832149659437,False
early_displaced,3146,21.275422,,False,,68.1891891891892,74.70270270270271,68.1891891891892,74.70270270270271,0.0,1,2774.0,0.9058713879104374,False
early_displaced,3147,21.280431,1.0,True,0.0,66.9873417721519,77.84810126582278,66.9873417721519,77.84810126582279,1.4210854715202004e-14,1,2818.0,0.8973581923037213,False
early_displaced,3148,21.285439,,True,0.0,70.13333333333334,77.0,70.13333333333334,77.0,0.0,1,2779.0,0.8892786035139293,False
early_displaced,3149,21.290448,,True,0.0,72.07368421052631,70.72631578947369,72.07368421052631,70.72631578947369,0.0,1,2742.5,0.8828101410267655,False
early_displaced,3150,21.295456,,True,0.0,73.32142857142857,66.51190476190476,73.32142857142857,66.51190476190476,0.0,1,2785.5,0.889179791953254,False
early_displaced,3151,21.300465,,True,0.0,67.06818181818181,66.38636363636364,67.06818181818181,66.38636363636364,0.0,1,2802.0,0.88183111336025,False
early_displaced,3152,21.305473,,True,0.0,66.91463414634147,66.57317073170732,66.91463414634147,66.57317073170732,0.0,1,2786.5,0.8969737280094415,False
early_displaced,3153,21.310482,,True,0.0,64.44680851063829,66.0,64.44680851063829,66.0,0.0,1,2779.0,0.8818897816270624,False
early_displaced,3154,21.315491,,True,0.0,64.11702127659575,74.09574468085107,64.11702127659575,74.09574468085107,0.0,1,2741.5,0.8824882423137052,False
early_displaced,3155,21.320499,2.0,True,0.0,67.47727272727273,78.38636363636364,67.47727272727273,78.38636363636364,0.0,1,2788.0,0.8921585979179286,False
early_displaced,3156,21.325508,,True,0.0,71.7578947368421,75.0,71.7578947368421,75.0,0.0,1,2765.0,0.881742311544095,False
early_displaced,3157,21.330516,,True,0.0,75.75555555555556,67.95555555555555,75.75555555555556,67.95555555555555,0.0,1,2784.0,0.8908785988576879,False
early_displaced,3158,21.335525,,True,0.0,74.37209302325581,68.16279069767442,74.37209302325581,68.16279069767442,0.0,1,2780.0,0.8895986051520075,False
early_displaced,3159,21.340533,,True,0.0,70.7625,64.8375,70.7625,64.8375,0.0,1,2782.5,0.8956861224174146,False
early_displaced,3160,21.345542,,True,0.0,72.6413043478261,63.858695652173914,72.6413043478261,63.858695652173914,0.0,1,2747.5,0.8844196356476342,False
early_displaced,3161,21.350551,,True,0.0,73.16666666666667,65.04166666666667,73.16666666666667,65.04166666666667,0.0,1,2742.0,0.8848210768461403,False
early_displaced,3162,21.355559,,True,0.0,69.0204081632653,64.04081632653062,69.0204081632653,64.04081632653062,0.0,1,2746.0,0.8817697219933889,False
early_displaced,3163,21.360568,3.0,True,0.0,66.61627906976744,67.52325581395348,66.61627906976744,67.52325581395348,0.0,1,2798.5,0.9008365231567933,False
early_displaced,3164,21.365576,,True,0.0,65.22093023255815,67.94186046511628,65.22093023255815,67.94186046511628,0.0,1,2759.5,0.8882824308206226,False
early_displaced,3165,21.370585,,True,0.0,61.733333333333334,68.46666666666667,61.733333333333334,68.46666666666667,0.0,1,2767.0,0.8928883679224725,False
early_displaced,3166,21.375593,,True,0.0,59.72631578947368,71.73684210526316,59.72631578947368,71.73684210526316,0.0,1,2726.0,0.8796580092308023,False
early_displaced,3167,21.380602,,True,0.0,62.138297872340424,75.69148936170212,62.138297872340424,75.69148936170212,0.0,1,2747.5,0.8844196409837332,False
early_displaced,3168,21.38561,,True,0.0,62.666666666666664,72.9111111111111,62.666666666666664,72.91111111111111,1.4210854715202004e-14,1,2754.0,0.8886933770044219,False
early_displaced,3169,21.390619,,True,0.0,65.65591397849462,68.63440860215054,65.65591397849462,68.63440860215054,0.0,1,2783.5,0.8854758758953326,False
early_displaced,3170,21.395628,,True,0.0,66.8659793814433,71.3917525773196,66.8659793814433,71.3917525773196,0.0,1,2798.5,0.8828724132118944,False
early_displaced,3171,21.400636,4.0,True,0.0,62.20652173913044,68.96739130434783,62.20652173913044,68.96739130434783,0.0,1,2780.5,0.884521526845172,False
early_displaced,3172,21.405645,,True,0.0,62.80434782608695,70.84782608695652,62.80434782608695,70.84782608695652,0.0,1,2763.0,0.8841586104904005,False
early_displaced,3173,21.410653,,True,0.0,62.59756097560975,77.9390243902439,62.59756097560975,77.9390243902439,0.0,1,2746.5,0.8991139220013721,False
early_displaced,3174,21.415662,,True,0.0,66.46428571428571,76.72619047619048,66.46428571428571,76.72619047619048,0.0,1,2749.5,0.8925322563476161,False
early_displaced,3175,21.42067,,True,0.0,66.8780487804878,77.41463414634147,66.8780487804878,77.41463414634147,0.0,1,2760.0,0.8937350055716601,False
early_displaced,3176,21.425679,,True,0.0,62.756410256410255,77.96153846153847,62.756410256410255,77.96153846153847,0.0,1,2764.5,0.8974014983389912,False
early_displaced,3177,21.430688,,True,0.0,64.27368421052631,74.57894736842105,64.27368421052631,74.57894736842105,0.0,1,2765.5,0.8797497847946951,False
early_displaced,3178,21.435696,,True,0.0,61.60674157303371,69.0,61.60674157303371,69.0,0.0,1,2772.0,0.8870386048970944,False
early_displaced,3179,21.440705,5.0,True,0.0,60.322916666666664,73.01041666666667,60.322916666666664,73.01041666666667,0.0,1,2793.5,0.8812950060827113,False
early_displaced,3180,21.445713,,False,,59.07865168539326,74.08988764044943,59.07865168539326,74.08988764044943,0.0,1,2796.0,0.8872845776345191,False
early_displaced,3181,21.450722,,False,,58.01111111111111,70.96666666666667,58.01111111111111,70.96666666666667,0.0,1,2791.5,0.8880208049315398,False
early_displaced,3182,21.45573,,False,,58.95061728395062,68.25925925925925,58.95061728395062,68.25925925925925,0.0,1,2844.0,0.8950491354102693,False
early_displaced,3183,21.460739,,False,,58.333333333333336,66.66666666666667,58.333333333333336,66.66666666666667,0.0,1,2812.0,0.9029630241158524,False
early_displaced,3184,21.465748,,False,,57.09090909090909,68.22727272727273,57.09090909090909,68.22727272727273,0.0,1,2790.0,0.8927985990604227,False
early_displaced,3185,21.470756,,False,,53.96103896103896,67.75324675324676,53.96103896103896,67.75324675324676,0.0,1,2770.5,0.8993491966579634,False
early_displaced,3186,21.475765,,False,,57.3,68.81111111111112,57.3,68.81111111111112,0.0,1,2733.5,0.8873383992140423,False
early_displaced,3187,21.480773,,False,,56.79487179487179,66.46153846153847,56.794871794871796,66.46153846153847,7.105427357601002e-15,1,2787.0,0.902478057763031,False
early_displaced,3188,21.485782,,False,,57.42857142857143,67.37142857142857,57.42857142857143,67.37142857142857,0.0,1,2794.0,0.9124025354046595,False
early_displaced,3189,21.49079,,False,,53.90909090909091,66.0,53.90909090909091,66.0,0.0,1,2767.0,0.8854386138052599,False
early_displaced,3190,21.495799,,False,,56.87777777777778,61.21111111111111,56.87777777777778,61.21111111111111,0.0,1,2735.5,0.8879876283980144,False
early_displaced,3191,21.500808,,False,,56.1219512195122,63.073170731707314,56.1219512195122,63.073170731707314,0.0,1,2727.0,0.8980925832414337,False
early_displaced,3192,21.505816,,False,,57.41975308641975,56.53086419753087,57.41975308641975,56.53086419753087,0.0,1,2747.0,0.9002009396044388,False
early_displaced,3193,21.510825,,False,,66.0,56.88095238095238,66.0,56.88095238095238,0.0,1,2701.0,0.8926634034891865,False
early_displaced,3194,21.515833,,False,,66.47560975609755,57.76829268292683,66.47560975609755,57.76829268292683,0.0,1,2686.5,0.900891397891518,False
early_displaced,3195,21.520842,,False,,72.73626373626374,61.0,72.73626373626374,61.0,0.0,1,2683.0,0.8836019147135175,False
early_displaced,3196,21.52585,,False,,76.72368421052632,65.75,76.72368421052632,65.75,0.0,1,2726.5,0.9033377240804279,False
early_displaced,3197,21.530859,,False,,77.09756097560977,68.0,77.09756097560975,68.0,1.4210854715202004e-14,1,2780.0,0.9002113494602616,False
early_displaced,3198,21.535867,,False,,75.12790697674419,68.1046511627907,75.12790697674419,68.1046511627907,0.0,1,2761.5,0.8889262335898341,False
early_displaced,3199,21.540876,,False,,69.02912621359224,70.49514563106796,69.02912621359224,70.49514563106796,0.0,1,2757.5,0.869937704088062,False
early_displaced,3200,21.545885,,False,,68.5111111111111,70.75555555555556,68.5111111111111,70.75555555555556,0.0,1,2796.0,0.8916280279042694,False
early_displaced,3201,21.550893,,False,,67.81111111111112,75.14444444444445,67.81111111111112,75.14444444444445,0.0,1,2794.5,0.8889751582537623,False
early_displaced,3202,21.555902,,False,,62.1375,76.7125,62.1375,76.7125,0.0,1,2768.5,0.8986999598913828,False
early_displaced,3203,21.56091,,False,,68.46236559139786,75.23655913978494,68.46236559139786,75.23655913978494,0.0,1,2785.0,0.8837938268348369,False
early_displaced,3204,21.565919,,False,,67.04494382022472,75.33707865168539,67.04494382022472,75.33707865168539,0.0,1,2787.0,0.8844285060992685,False
early_displaced,3205,21.570927,,False,,66.04651162790698,70.52325581395348,66.04651162790698,70.52325581395348,0.0,1,2800.5,0.8908838499709858,False
early_displaced,3206,21.575936,,False,,66.51136363636364,68.0340909090909,66.51136363636364,68.0340909090909,0.0,1,2816.5,0.8885510573479778,False
early_displaced,3207,21.580945,,False,,68.41666666666667,67.25,68.41666666666667,67.25,0.0,1,2794.5,0.899548918625383,False
early_displaced,3208,21.585953,,False,,67.26041666666667,64.67708333333333,67.26041666666667,64.67708333333333,0.0,1,2830.5,0.8783241366064005,False
early_displaced,3209,21.590962,,False,,71.1590909090909,59.15909090909091,71.1590909090909,59.15909090909091,0.0,1,2798.0,0.8879192590205238,False
early_displaced,3210,21.59597,,False,,75.07317073170732,58.63414634146341,75.07317073170732,58.63414634146341,0.0,1,2833.0,0.8990261671185712,False
early_displaced,3211,21.600979,,False,,76.58333333333333,60.05952380952381,76.58333333333333,60.05952380952381,0.0,1,2829.5,0.9032253553682578,False
early_displaced,3212,21.605987,,False,,76.53164556962025,58.29113924050634,76.53164556962025,58.29113924050633,7.105427357601002e-15,1,2823.5,0.9013100493914962,False
early_displaced,3213,21.610996,,False,,78.19047619047619,56.61904761904762,78.19047619047619,56.61904761904762,0.0,1,2837.0,0.9002955428116455,False
early_displaced,3214,21.616005,,False,,77.56179775280899,57.12359550561798,77.56179775280899,57.12359550561798,0.0,1,2823.0,0.8884401270471862,False
early_displaced,3215,21.621013,,False,,75.72727272727273,57.45454545454545,75.72727272727273,57.45454545454545,0.0,1,2780.0,0.892687479343977,False
early_displaced,3216,21.626022,,False,,78.17045454545455,56.92045454545455,78.17045454545455,56.92045454545455,0.0,1,2789.5,0.8979394219221246,False
early_displaced,3217,21.63103,,False,,71.72727272727273,51.11363636363637,71.72727272727273,51.11363636363637,0.0,1,2747.0,0.8895253863217504,False
early_displaced,3218,21.636039,,False,,65.9125,50.8375,65.9125,50.8375,0.0,1,2762.5,0.8998884305224928,False
early_displaced,3219,21.641047,,False,,59.904761904761905,54.595238095238095,59.904761904761905,54.595238095238095,0.0,1,2746.0,0.8967277689985801,False
early_displaced,3220,21.646056,,False,,58.7037037037037,60.17283950617284,58.7037037037037,60.17283950617284,0.0,1,2761.0,0.8940588301770799,False
early_displaced,3221,21.651064,,False,,68.29069767441861,66.38372093023256,68.29069767441861,66.38372093023256,0.0,1,2752.5,0.893506101715208,False
early_displaced,3222,21.656073,,False,,67.75675675675676,56.432432432432435,67.75675675675676,56.432432432432435,0.0,1,2616.0,0.9090326421368793,False
early_displaced,3223,21.661082,,False,,57.81111111111111,55.077777777777776,57.81111111111111,55.077777777777776,0.0,1,2576.5,0.8821376219870402,False
early_displaced,3224,21.66609,,False,,57.2,52.525,57.2,52.525,0.0,1,2569.0,0.8972742645218652,False
early_displaced,3225,21.671099,,False,,56.36470588235294,54.77647058823529,56.36470588235294,54.77647058823529,0.0,1,2566.0,0.8839399404770334,False
early_displaced,3226,21.676107,,False,,51.67948717948718,57.217948717948715,51.67948717948718,57.217948717948715,0.0,1,2594.5,0.8960328667978017,False
early_displaced,3227,21.681116,,False,,47.9375,60.2125,47.9375,60.2125,0.0,1,2636.5,0.8917404561865426,False
early_displaced,3228,21.686124,,False,,48.36904761904762,68.46428571428571,48.36904761904762,68.46428571428571,0.0,1,2655.5,0.8981668005640828,False
early_displaced,3229,21.691133,,False,,47.825581395348834,75.75581395348837,47.825581395348834,75.75581395348837,0.0,1,2654.5,0.8978285705698815,False
early_displaced,3230,21.696142,,False,,51.802083333333336,85.63541666666667,51.802083333333336,85.63541666666667,0.0,1,2723.5,0.8766940378404413,False
early_displaced,3231,21.70115,,False,,58.86666666666667,86.15555555555555,58.86666666666667,86.15555555555555,0.0,1,2791.0,0.8931185985582939,False
early_displaced,3232,21.706159,,False,,64.92134831460675,81.41573033707866,64.92134831460675,81.41573033707866,0.0,1,2791.5,0.8880208038662909,False
early_displaced,3233,21.711167,,False,,68.28915662650603,76.33734939759036,68.28915662650603,76.33734939759036,0.0,1,2839.0,0.8934755577827845,False
early_displaced,3234,21.716176,,False,,70.67708333333333,75.05208333333333,70.67708333333333,75.05208333333333,0.0,1,2812.5,0.8872891382024717,False
early_displaced,3235,21.721184,,False,,67.6,65.62222222222222,67.6,65.62222222222222,0.0,1,2799.0,0.8882365943924839,False
early_displaced,3236,21.726193,,False,,69.1025641025641,68.3076923076923,69.1025641025641,68.3076923076923,0.0,1,2793.0,0.9044209599325963,False
early_displaced,3237,21.731202,,False,,67.94565217391305,67.6413043478261,67.94565217391305,67.6413043478261,0.0,1,2767.5,0.8908576258006092,False
early_displaced,3238,21.73621,,False,,70.6219512195122,66.96341463414635,70.6219512195122,66.96341463414635,0.0,1,2785.5,0.8966518249867167,False
early_displaced,3239,21.741219,,False,,72.06024096385542,65.96385542168674,72.06024096385542,65.96385542168674,0.0,1,2776.0,0.888318607158983,False
early_displaced,3240,21.746227,,False,,65.94444444444444,64.41111111111111,65.94444444444444,64.41111111111111,0.0,1,2763.5,0.8895700267027945,False
early_displaced,3241,21.751236,,False,,69.4047619047619,61.642857142857146,69.4047619047619,61.642857142857146,0.0,1,2740.0,0.8947684188264219,False
early_displaced,3242,21.756244,,False,,60.90909090909091,64.45454545454545,60.90909090909091,64.45454545454545,0.0,1,2704.0,0.8905179203509301,False
early_displaced,3243,21.761253,,False,,57.54054054054054,69.75675675675676,57.54054054054054,69.75675675675676,0.0,1,2741.0,0.9058831514089333,False
early_displaced,3244,21.766261,,False,,56.6375,67.7125,56.6375,67.7125,0.0,1,2771.5,0.9028201948309765,False
early_displaced,3245,21.77127,,False,,59.298850574712645,70.29885057471265,59.298850574712645,70.29885057471265,0.0,1,2749.0,0.8796786196477069,False
early_displaced,3246,21.776279,,False,,59.345238095238095,69.55952380952381,59.345238095238095,69.55952380952381,0.0,1,2764.5,0.8974014983389912,False
early_displaced,3247,21.781287,,False,,59.17391304347826,72.76086956521739,59.17391304347826,72.76086956521739,0.0,1,2748.0,0.8867572290703328,False
early_displaced,3248,21.786296,,False,,60.766666666666666,75.65555555555555,60.766666666666666,75.65555555555555,0.0,1,2746.5,0.8915584120533079,False
early_displaced,3249,21.791304,,False,,60.44047619047619,76.82142857142857,60.44047619047619,76.82142857142857,0.0,1,2790.5,0.8907758805990893,False
early_displaced,3250,21.796313,,False,,59.22077922077922,74.96103896103897,59.22077922077922,74.96103896103897,0.0,1,2790.0,0.8927985969121307,False
early_displaced,3251,21.801321,,False,,65.56122448979592,73.05102040816327,65.56122448979592,73.05102040816327,0.0,1,2772.5,0.8819765999352649,False
early_displaced,3252,21.80633,,False,,66.97777777777777,69.15555555555555,66.97777777777777,69.15555555555555,0.0,1,2778.0,0.8889585997383391,False
early_displaced,3253,21.811339,,False,,69.44047619047619,67.32142857142857,69.44047619047619,67.32142857142857,0.0,1,2762.5,0.896752271362557,False
early_displaced,3254,21.816347,,False,,67.98717948717949,66.57692307692308,67.98717948717949,66.57692307692308,0.0,1,2758.5,0.9062138694030106,False
early_displaced,3255,21.821356,,False,,66.1951219512195,64.4390243902439,66.1951219512195,64.4390243902439,0.0,1,2742.0,0.8954215355488871,False
early_displaced,3256,21.826364,,False,,66.39772727272727,62.67045454545455,66.39772727272727,62.67045454545455,0.0,1,2747.5,0.8918830228563495,False
early_displaced,3257,21.831373,,False,,68.33333333333333,66.64444444444445,68.33333333333333,66.64444444444445,0.0,1,2781.0,0.8899186057209447,False
early_displaced,3258,21.836381,,False,,68.57894736842105,62.6,68.57894736842105,62.6,0.0,1,2765.0,0.8774470140488841,False
early_displaced,3259,21.84139,,False,,65.79069767441861,59.88372093023256,65.79069767441861,59.883720930232556,7.105427357601002e-15,1,2766.0,0.8956779066736665,False
early_displaced,3260,21.846399,,False,,66.98809523809524,58.25,66.98809523809524,58.25,0.0,1,2751.5,0.8963051709018864,False
early_displaced,3261,21.851407,,False,,66.4047619047619,58.142857142857146,66.4047619047619,58.142857142857146,0.0,1,2746.0,0.8967277733580714,False
early_displaced,3262,21.856416,,False,,64.38271604938272,58.098765432098766,64.38271604938272,58.098765432098766,0.0,1,2738.0,0.8941153031922422,False
early_displaced,3263,21.861424,,False,,65.375,58.875,65.375,58.875,0.0,1,2744.5,0.9093014327610375,False
early_displaced,3264,21.866433,,False,,58.9375,57.6875,58.9375,57.6875,0.0,1,2716.5,0.9000245448216547,False
early_displaced,3265,21.871441,,False,,57.8780487804878,62.0,57.8780487804878,62.0,0.0,1,2730.0,0.8990805904672634,False
early_displaced,3266,21.87645,,False,,56.32183908045977,58.41379310344828,56.32183908045977,58.41379310344828,0.0,1,2745.0,0.888877754409752,False
early_displaced,3267,21.881459,,False,,57.0,57.63414634146341,57.0,57.63414634146341,0.0,1,2729.0,0.9019172240521464,False
early_displaced,3268,21.886467,,False,,53.1,60.2,53.1,60.2,0.0,1,2729.0,0.8836966754714923,False
early_displaced,3269,21.891476,,False,,52.9375,63.916666666666664,52.9375,63.916666666666664,0.0,1,2731.0,0.8812714642698171,False
early_displaced,3270,21.896484,,False,,49.14634146341464,67.90243902439025,49.146341463414636,67.90243902439025,7.105427357601002e-15,1,2765.0,0.8997817180206445,False
early_displaced,3271,21.901493,,False,,54.154761904761905,67.98809523809524,54.154761904761905,67.98809523809524,0.0,1,2759.5,0.8882824372519086,False
early_displaced,3272,21.906501,,False,,53.43617021276596,70.18085106382979,53.43617021276596,70.18085106382979,0.0,1,2738.5,0.8815225344688997,False
early_displaced,3273,21.91151,,False,,49.915789473684214,71.61052631578947,49.915789473684214,71.61052631578947,0.0,1,2746.0,0.8787186200968873,False
early_displaced,3274,21.916518,,False,,53.275,76.775,53.275,76.775,0.0,1,2736.0,0.9010565884656583,False
early_displaced,3275,21.921527,,False,,53.822916666666664,73.61458333333333,53.822916666666664,73.61458333333333,0.0,1,2741.5,0.8794309012264018,False
early_displaced,3276,21.926536,,False,,58.10344827586207,76.6896551724138,58.10344827586207,76.6896551724138,0.0,1,2757.5,0.8876386312693847,False
early_displaced,3277,21.931544,,False,,55.75257731958763,72.83505154639175,55.75257731958763,72.83505154639175,0.0,1,2749.5,0.8746599309695381,False
early_displaced,3278,21.936553,,False,,59.4875,74.1125,59.4875,74.1125,0.0,1,2773.5,0.900323043091758,False
early_displaced,3279,21.941561,,False,,57.255102040816325,71.11224489795919,57.255102040816325,71.11224489795919,0.0,1,2796.5,0.8822414488829199,False
early_displaced,3280,21.94657,,False,,59.51162790697674,71.5813953488372,59.51162790697674,71.5813953488372,0.0,1,2768.0,0.8932110673334044,False
early_displaced,3281,21.951578,,False,,67.68367346938776,72.37755102040816,67.68367346938776,72.37755102040816,0.0,1,2780.5,0.884521532150428,False
early_displaced,3282,21.956587,,False,,66.47560975609755,66.13414634146342,66.47560975609755,66.13414634146342,0.0,1,2726.5,0.8957013351455905,False
early_displaced,3283,21.961596,,False,,63.3125,57.2625,63.3125,57.2625,0.0,1,2634.5,0.8987730356025277,False
early_displaced,3284,21.966604,,False,,57.674418604651166,63.11627906976744,57.674418604651166,63.116279069767444,7.105427357601002e-15,1,2622.0,0.8922511040646073,False
early_displaced,3285,21.971613,,False,,52.94444444444444,67.32222222222222,52.94444444444444,67.32222222222222,0.0,1,2671.5,0.8776329054984211,False
early_displaced,3286,21.976621,,False,,56.61842105263158,75.53947368421052,56.61842105263158,75.53947368421052,0.0,1,2747.5,0.9026001945029656,False
early_displaced,3287,21.98163,,False,,65.14814814814815,80.39506172839505,65.14814814814815,80.39506172839506,1.4210854715202004e-14,1,2788.0,0.8921585989913046,False
early_displaced,3288,21.986638,,False,,67.47674418604652,74.66279069767444,67.47674418604652,74.66279069767442,1.4210854715202004e-14,1,2793.5,0.8917335250035422,False
early_displaced,3289,21.991647,,False,,68.3875,66.8875,68.3875,66.8875,0.0,1,2743.5,0.901286124688467,False
early_displaced,3290,21.996656,,False,,58.37777777777778,69.75555555555556,58.37777777777778,69.75555555555556,0.0,1,2712.0,0.8856248053297958,False
early_displaced,3291,22.001664,,False,,54.644444444444446,75.26666666666667,54.644444444444446,75.26666666666667,0.0,1,2637.0,0.883374549470247,False
early_displaced,3292,22.006673,,False,,49.9,78.575,49.9,78.575,0.0,1,2653.0,0.8918919653039064,False
early_displaced,3293,22.011681,,False,,51.45454545454545,82.79545454545455,51.45454545454545,82.79545454545455,0.0,1,2616.0,0.8870386037093211,False
early_displaced,3294,22.01669,,False,,54.1875,86.9625,54.1875,86.9625,0.0,1,2602.5,0.895570739826608,False
early_displaced,3295,22.021698,,False,,57.642857142857146,86.83333333333333,57.642857142857146,86.83333333333333,0.0,1,2615.0,0.8898690498505786,False
early_displaced,3296,22.026707,,False,,56.684210526315795,87.34210526315789,56.68421052631579,87.34210526315789,7.105427357601002e-15,1,2625.0,0.8932719918760605,False
early_displaced,3297,22.031715,,False,,58.45121951219512,85.6951219512195,58.451219512195124,85.6951219512195,7.105427357601002e-15,1,2608.5,0.8930937256315055,False
early_displaced,3298,22.036724,,False,,57.275,90.225,57.275,90.225,0.0,1,2610.0,0.8958751415335109,False
early_displaced,3299,22.041733,,False,,65.94318181818181,92.97727272727272,65.94318181818181,92.97727272727273,1.4210854715202004e-14,1,2557.5,0.8832545966879519,False
early_displaced,3300,22.046741,,False,,71.4625,96.1375,71.4625,96.1375,0.0,1,2632.5,0.8980907265753868,False
early_displaced,3301,22.05175,,False,,78.57142857142857,87.54761904761905,78.57142857142857,87.54761904761905,0.0,1,2681.0,0.89363049354879,False
early_displaced,3302,22.056758,,False,,78.31818181818181,88.04545454545455,78.31818181818181,88.04545454545455,0.0,1,2707.0,0.894646363323254,False
early_displaced,3303,22.061767,,False,,76.93023255813954,87.62790697674419,76.93023255813954,87.62790697674419,0.0,1,2690.0,0.8890279742028567,False
early_displaced,3304,22.066775,,False,,75.43243243243244,87.5945945945946,75.43243243243244,87.5945945945946,0.0,1,2688.0,0.9068746124745755,False
early_displaced,3305,22.071784,,False,,78.2375,87.1125,78.2375,87.1125,0.0,1,2719.5,0.9010184869053612,False
early_displaced,3306,22.076793,,False,,77.3125,85.4875,77.3125,85.4875,0.0,1,2735.5,0.8986579872696729,False
early_displaced,3307,22.081801,,False,,76.09302325581395,79.37209302325581,76.09302325581395,79.37209302325581,0.0,1,2752.0,0.8911444725592229,False
early_displaced,3308,22.08681,,False,,78.07608695652173,80.57608695652173,78.07608695652173,80.57608695652173,0.0,1,2755.5,0.894479962250377,False
early_displaced,3309,22.091818,,False,,77.28915662650603,77.55421686746988,77.28915662650603,77.55421686746988,0.0,1,2745.0,0.8964012198961069,False
early_displaced,3310,22.096827,,False,,81.6043956043956,80.37362637362638,81.6043956043956,80.37362637362638,0.0,1,2725.5,0.8847414717099181,False
early_displaced,3311,22.101835,,False,,83.68041237113403,79.61855670103093,83.68041237113403,79.61855670103093,0.0,1,2782.5,0.877824720728312,False
early_displaced,3312,22.106844,,False,,87.58426966292134,70.29213483146067,87.58426966292134,70.29213483146067,0.0,1,2785.0,0.891198602643288,False
early_displaced,3313,22.111853,,False,,80.12244897959184,60.95918367346939,80.12244897959184,60.95918367346939,0.0,1,2714.0,0.8788394295909435,False
early_displaced,3314,22.116861,,False,,73.4875,57.6375,73.4875,57.6375,0.0,1,2709.5,0.8977053197897602,False
early_displaced,3315,22.12187,,False,,67.02409638554217,59.98795180722892,67.02409638554217,59.98795180722892,0.0,1,2733.0,0.8956130880822487,False
early_displaced,3316,22.126878,,False,,59.47826086956522,57.369565217391305,59.47826086956522,57.369565217391305,0.0,1,2731.0,0.8918294006404514,False
early_displaced,3317,22.131887,,False,,58.41860465116278,64.27906976744185,58.41860465116279,64.27906976744185,7.105427357601002e-15,1,2724.0,0.8895435024021121,False
early_displaced,3318,22.136895,,False,,56.80263157894737,68.48684210526316,56.80263157894737,68.48684210526316,0.0,1,2745.5,0.9019431540974413,False
early_displaced,3319,22.141904,,False,,63.09375,71.88541666666667,63.09375,71.88541666666667,0.0,1,2746.5,0.8840977326707443,False
early_displaced,3320,22.146913,,False,,67.93181818181819,73.93181818181819,67.93181818181819,73.93181818181819,0.0,1,2769.0,0.8935337581134467,False
early_displaced,3321,22.151921,,False,,68.95180722891567,72.01204819277109,68.95180722891567,72.01204819277109,0.0,1,2759.5,0.895778421656595,False
early_displaced,3322,22.15693,,False,,68.03260869565217,69.66304347826087,68.03260869565217,69.66304347826087,0.0,1,2781.5,0.887902917414481,False
early_displaced,3323,22.161938,,False,,76.9054054054054,68.12162162162163,76.9054054054054,68.12162162162163,0.0,1,2727.5,0.9036690318293786,False
early_displaced,3324,22.166947,,False,,74.60714285714286,68.32142857142857,74.60714285714286,68.32142857142857,0.0,1,2736.5,0.8883122542907481,False
early_displaced,3325,22.171955,,False,,68.93181818181819,69.75,68.93181818181819,69.75,0.0,1,2768.0,0.8932110662542507,False
early_displaced,3326,22.176964,,False,,68.82954545454545,71.05681818181819,68.82954545454545,71.05681818181819,0.0,1,2782.5,0.8925830718604673,False
early_displaced,3327,22.181972,,False,,76.18292682926831,70.01219512195122,76.1829268292683,70.01219512195122,1.4210854715202004e-14,1,2743.5,0.9012861224910793,False
early_displaced,3328,22.186981,,False,,68.74358974358974,67.46153846153847,68.74358974358974,67.46153846153847,0.0,1,2756.0,0.8999933471813862,False
early_displaced,3329,22.19199,,False,,68.13829787234043,66.86170212765957,68.13829787234043,66.86170212765957,0.0,1,2750.5,0.8853853381819772,False
early_displaced,3330,22.196998,,False,,65.95348837209302,65.0,65.95348837209302,65.0,0.0,1,2703.0,0.8901885868005045,False
early_displaced,3331,22.202007,,False,,55.05128205128205,68.15384615384616,55.05128205128205,68.15384615384616,0.0,1,2705.0,0.9016301697312484,False
early_displaced,3332,22.207015,,False,,58.1025641025641,67.92307692307692,58.1025641025641,67.92307692307692,0.0,1,2686.0,0.9029859829995773,False
early_displaced,3333,22.212024,,False,,58.75,68.05555555555556,58.75,68.05555555555556,0.0,1,2720.0,0.906629965118769,False
early_displaced,3334,22.217032,,False,,56.86046511627907,70.16279069767442,56.86046511627907,70.16279069767442,0.0,1,2722.0,0.8964459165995351,False
early_displaced,3335,22.222041,,False,,57.9625,67.3875,57.9625,67.3875,0.0,1,2725.5,0.9030064041639683,False
early_displaced,3336,22.22705,,False,,58.41463414634146,75.51219512195122,58.41463414634146,75.51219512195122,0.0,1,2706.0,0.8987838894287301,False
early_displaced,3337,22.232058,,False,,58.08045977011494,77.3103448275862,58.08045977011494,77.3103448275862,0.0,1,2719.5,0.8858811152450882,False
early_displaced,3338,22.237067,,False,,59.52325581395349,77.52325581395348,59.52325581395349,77.52325581395348,0.0,1,2714.5,0.8917591355747213,False
early_displaced,3339,22.242075,,False,,58.3875,78.2875,58.3875,78.2875,0.0,1,2734.5,0.8983294714620866,False
early_displaced,3340,22.247084,,False,,66.07894736842105,76.89473684210526,66.07894736842105,76.89473684210526,0.0,1,2721.0,0.9037660606570262,False
early_displaced,3341,22.252092,,False,,71.03571428571429,76.96428571428571,71.03571428571429,76.96428571428571,0.0,1,2759.5,0.8882824329643846,False
early_displaced,3342,22.257101,,False,,73.88659793814433,70.0618556701031,73.88659793814433,70.0618556701031,0.0,1,2736.5,0.8778269815439959,False
early_displaced,3343,22.26211,,False,,77.47777777777777,68.21111111111111,77.47777777777777,68.21111111111111,0.0,1,2763.5,0.8895700363637071,False
early_displaced,3344,22.267118,,False,,69.75531914893617,62.96808510638298,69.75531914893617,62.96808510638298,0.0,1,2747.5,0.8844196367148539,False
early_displaced,3345,22.272127,,False,,64.9047619047619,60.404761904761905,64.9047619047619,60.404761904761905,0.0,1,2693.0,0.8944660023519249,False
early_displaced,3346,22.277135,,False,,59.129411764705885,67.2,59.129411764705885,67.2,0.0,1,2751.0,0.8908206512144816,False
early_displaced,3347,22.282144,,False,,65.5,70.63636363636364,65.5,70.63636363636364,0.0,1,2745.0,0.8932733446606808,False
early_displaced,3348,22.287152,,False,,71.53763440860214,73.47311827956989,71.53763440860214,73.47311827956989,0.0,1,2748.0,0.8793586190918596,False
early_displaced,3349,22.292161,,False,,71.54761904761905,66.0,71.54761904761905,66.0,0.0,1,2704.0,0.8905179214378458,False
early_displaced,3350,22.297169,,False,,67.95,58.125,67.95,58.125,0.0,1,2669.0,0.9004644124608042,False
early_displaced,3351,22.302178,,False,,58.35897435897436,58.48717948717949,58.35897435897436,58.48717948717949,0.0,1,2632.0,0.9034265817595687,False
early_displaced,3352,22.307187,,False,,55.5625,55.5125,55.5625,55.5125,0.0,1,2682.5,0.8995500349492694,False
early_displaced,3353,22.312195,,False,,56.93023255813954,57.58139534883722,56.93023255813954,57.58139534883721,7.105427357601002e-15,1,2734.0,0.8959407990067438,False
early_displaced,3354,22.317204,,False,,58.357142857142854,61.666666666666664,58.357142857142854,61.666666666666664,0.0,1,2766.0,0.8956779066736665,False
early_displaced,3355,22.322212,,False,,57.95604395604395,66.02197802197803,57.956043956043956,66.02197802197803,7.105427357601002e-15,1,2758.5,0.8879605342594812,False
early_displaced,3356,22.327221,,False,,57.30769230769231,67.87179487179488,57.30769230769231,67.87179487179488,0.0,1,2779.0,0.8998875248042852,False
early_displaced,3357,22.332229,,False,,66.6195652173913,72.72826086956522,66.6195652173913,72.72826086956522,0.0,1,2752.5,0.8860291334604516,False
early_displaced,3358,22.337238,,False,,67.97674418604652,67.34883720930233,67.97674418604652,67.34883720930233,0.0,1,2689.0,0.8962970522762762,False
early_displaced,3359,22.342247,,False,,67.9875,58.6375,67.9875,58.6375,0.0,1,2645.5,0.897978898409228,False
early_displaced,3360,22.347255,,False,,61.53409090909091,55.53409090909091,61.53409090909091,55.53409090909091,0.0,1,2589.5,0.8865885373374407,False
early_displaced,3361,22.352264,,False,,60.98936170212766,51.09574468085106,60.98936170212766,51.09574468085106,0.0,1,2601.5,0.8799024473765391,False
early_displaced,3362,22.357272,,False,,61.78409090909091,50.76136363636363,61.78409090909091,50.76136363636363,0.0,1,2613.5,0.8871169391890935,False
early_displaced,3363,22.362281,,False,,60.214285714285715,49.61904761904762,60.214285714285715,49.61904761904762,0.0,1,2678.0,0.8926305416984587,False
early_displaced,3364,22.367289,,False,,56.07954545454545,58.44318181818182,56.07954545454545,58.44318181818182,0.0,1,2732.5,0.8901158908026207,False
early_displaced,3365,22.372298,,False,,56.71739130434782,65.1304347826087,56.71739130434783,65.1304347826087,7.105427357601002e-15,1,2743.0,0.8851437719131672,False
early_displaced,3366,22.377307,,False,,59.16279069767442,68.48837209302326,59.16279069767442,68.48837209302326,0.0,1,2789.0,0.8955774790981355,False
early_displaced,3367,22.382315,,False,,58.94047619047619,74.58333333333333,58.94047619047619,74.58333333333333,0.0,1,2793.5,0.8992270210214931,False
early_displaced,3368,22.387324,,False,,58.97727272727273,76.38636363636364,58.97727272727273,76.38636363636364,0.0,1,2788.0,0.8921585979179286,False
early_displaced,3369,22.392332,,False,,58.98863636363637,75.22727272727273,58.98863636363637,75.22727272727273,0.0,1,2788.0,0.8847458510304744,False
early_displaced,3370,22.397341,,False,,60.52564102564103,78.3974358974359,60.52564102564103,78.3974358974359,0.0,1,2800.5,0.8939680460971613,False
early_displaced,3371,22.402349,,False,,66.5,76.38095238095238,66.5,76.38095238095238,0.0,1,2808.0,0.8985585932653307,False
early_displaced,3372,22.407358,,False,,67.76136363636364,68.7840909090909,67.76136363636364,68.7840909090909,0.0,1,2762.5,0.8967522691892417,False
early_displaced,3373,22.412366,,False,,66.88659793814433,65.64948453608247,66.88659793814433,65.64948453608247,0.0,1,2689.5,0.8730552861482228,False
early_displaced,3374,22.417375,,False,,57.4125,64.2125,57.4125,64.2125,0.0,1,2656.5,0.8985050338932488,False
early_displaced,3375,22.422384,,False,,59.01219512195122,67.5,59.01219512195122,67.5,0.0,1,2711.5,0.8983679584977371,False
early_displaced,3376,22.427392,,False,,60.80232558139535,74.01162790697674,60.80232558139535,74.01162790697674,0.0,1,2729.5,0.8860399419056145,False
early_displaced,3377,22.432401,,False,,65.54651162790698,78.47674418604652,65.54651162790698,78.47674418604652,0.0,1,2733.5,0.8904416368677861,False
early_displaced,3378,22.437409,,False,,66.36046511627907,77.66279069767444,66.36046511627907,77.66279069767442,1.4210854715202004e-14,1,2769.5,0.8946061230865991,False
early_displaced,3379,22.442418,,False,,71.06024096385542,76.43373493975903,71.06024096385542,76.43373493975903,0.0,1,2763.0,0.891597605881067,False
early_displaced,3380,22.447426,,False,,74.76595744680851,69.04255319148936,74.76595744680851,69.04255319148936,0.0,1,2761.0,0.8835186125591791,False
early_displaced,3381,22.452435,,False,,69.0,66.075,69.0,66.075,0.0,1,2710.0,0.9032967611717715,False
early_displaced,3382,22.457444,,False,,60.72527472527472,66.41758241758242,60.72527472527472,66.41758241758242,0.0,1,2708.0,0.8768965199594403,False
early_displaced,3383,22.462452,,False,,58.17777777777778,68.28888888888889,58.17777777777778,68.28888888888889,0.0,1,2725.0,0.8898700591408393,False
early_displaced,3384,22.467461,,False,,57.66279069767442,67.36046511627907,57.66279069767442,67.36046511627907,0.0,1,2725.5,0.8953728193343999,False
early_displaced,3385,22.472469,,False,,59.84444444444444,69.71111111111111,59.84444444444444,69.71111111111111,0.0,1,2722.0,0.8814299647941494,False
early_displaced,3386,22.477478,,False,,58.822784810126585,79.39240506329114,58.822784810126585,79.39240506329114,0.0,1,2743.5,0.9012861202936915,False
early_displaced,3387,22.482486,,False,,57.42857142857143,78.73809523809526,57.42857142857143,78.73809523809524,1.4210854715202004e-14,1,2741.0,0.902703251800584,False
early_displaced,3388,22.487495,,False,,61.1875,78.1625,61.1875,78.1625,0.0,1,2754.5,0.8941553395409108,False
early_displaced,3389,22.492504,,False,,67.97297297297297,76.10810810810811,67.97297297297297,76.10810810810811,0.0,1,2783.0,0.9056392470934256,False
early_displaced,3390,22.497512,,False,,66.9375,72.3125,66.9375,72.3125,0.0,1,2762.5,0.896752264842611,False
early_displaced,3391,22.502521,,False,,67.76136363636364,69.7840909090909,67.76136363636364,69.7840909090909,0.0,1,2773.5,0.8927890352205221,False
early_displaced,3392,22.507529,,False,,62.36486486486486,67.28378378378379,62.36486486486486,67.28378378378379,0.0,1,2715.5,0.8996932227112835,False
early_displaced,3393,22.512538,,False,,61.4625,78.0875,61.4625,78.0875,0.0,1,2647.5,0.903208051530724,False
early_displaced,3394,22.517546,,False,,62.25,84.6875,62.25,84.6875,0.0,1,2664.0,0.8773445751213936,False
early_displaced,3395,22.522555,,False,,68.21428571428571,84.23809523809526,68.21428571428571,84.23809523809524,1.4210854715202004e-14,1,2749.0,0.8977074446355491,False
early_displaced,3396,22.527564,,False,,70.04761904761905,81.04761904761905,70.04761904761905,81.04761904761905,0.0,1,2749.0,0.897707442453422,False
early_displaced,3397,22.532572,,False,,77.64634146341463,77.6219512195122,77.64634146341463,77.6219512195122,0.0,1,2828.5,0.9029061283016813,False
early_displaced,3398,22.537581,,False,,77.375,67.3,77.375,67.3,0.0,1,2854.0,0.9056903269774542,False
early_displaced,3399,22.542589,,False,,76.38541666666667,65.39583333333333,76.38541666666667,65.39583333333333,0.0,1,2799.5,0.8759013530529965,False
early_displaced,3400,22.547598,,False,,68.28571428571429,65.87912087912088,68.28571428571429,65.87912087912088,0.0,1,2763.0,0.8841586083628984,False
early_displaced,3401,22.552606,,False,,66.72527472527473,65.74725274725274,66.72527472527473,65.74725274725274,0.0,1,2775.5,0.8859876146845982,False
early_displaced,3402,22.557615,,False,,61.89887640449438,66.23595505617978,61.89887640449438,66.23595505617978,0.0,1,2749.5,0.8850634373364193,False
early_displaced,3403,22.562623,,False,,63.62222222222222,68.2,63.62222222222222,68.2,0.0,1,2788.0,0.8847458510304744,False
early_displaced,3404,22.567632,,False,,67.70731707317073,66.4390243902439,67.70731707317073,66.4390243902439,0.0,1,2750.0,0.8980340002717025,False
early_displaced,3405,22.572641,,False,,73.34117647058824,64.74117647058823,73.34117647058824,64.74117647058823,0.0,1,2708.0,0.8918352512870623,False
early_displaced,3406,22.577649,,False,,66.96470588235294,60.411764705882355,66.96470588235294,60.411764705882355,0.0,1,2664.5,0.8903545950581728,False
early_displaced,3407,22.582658,,False,,63.21951219512195,59.36585365853659,63.21951219512195,59.36585365853659,0.0,1,2644.0,0.8920299398604534,False
early_displaced,3408,22.587666,,False,,63.87234042553192,61.93617021276596,63.87234042553192,61.93617021276596,0.0,1,2697.0,0.8807264359028297,False
early_displaced,3409,22.592675,,False,,64.23255813953489,58.74418604651163,64.23255813953489,58.74418604651163,0.0,1,2689.0,0.8855779127710014,False
early_displaced,3410,22.597683,,False,,61.09090909090909,66.5,61.09090909090909,66.5,0.0,1,2687.0,0.88491924783353,False
early_displaced,3411,22.602692,,False,,58.361702127659576,60.808510638297875,58.361702127659576,60.808510638297875,0.0,1,2710.0,0.8849716896916471,False
early_displaced,3412,22.607701,,False,,57.23863636363637,58.625,57.23863636363637,58.625,0.0,1,2726.5,0.8881613722816059,False
early_displaced,3413,22.612709,,False,,59.72727272727273,67.3409090909091,59.72727272727273,67.3409090909091,0.0,1,2751.0,0.8908206566051832,False
early_displaced,3414,22.617718,,False,,60.010989010989015,68.62637362637362,60.010989010989015,68.62637362637362,0.0,1,2759.5,0.8882824265330986,False
early_displaced,3415,22.622726,,False,,59.53,70.49,59.53,70.49,0.0,1,2716.5,0.8744407446897193,False
early_displaced,3416,22.627735,,False,,58.30952380952381,76.28571428571429,58.30952380952381,76.28571428571429,0.0,1,2724.0,0.8895434948341242,False
early_displaced,3417,22.632743,,False,,61.97727272727273,79.13636363636364,61.97727272727273,79.13636363636364,0.0,1,2716.0,0.8869310387620255,False
early_displaced,3418,22.637752,,False,,69.25316455696202,78.0126582278481,69.25316455696202,78.0126582278481,0.0,1,2738.5,0.8996435434611578,False
early_displaced,3419,22.642761,,False,,76.02150537634408,73.63440860215054,76.02150537634408,73.63440860215054,0.0,1,2740.5,0.8821663361483625,False
early_displaced,3420,22.647769,,False,,78.56976744186046,63.61627906976744,78.56976744186046,63.616279069767444,7.105427357601002e-15,1,2693.5,0.8924042354285315,False
early_displaced,3421,22.652778,,False,,71.0,58.51111111111111,71.0,58.51111111111111,0.0,1,2652.0,0.8915557828820051,False
early_displaced,3422,22.657786,,False,,67.97849462365592,58.956989247311824,67.97849462365592,58.956989247311824,0.0,1,2644.0,0.8812976670092325,False
early_displaced,3423,22.662795,,False,,70.35714285714286,62.45238095238095,70.35714285714286,62.45238095238095,0.0,1,2688.0,0.8959637313351797,False
early_displaced,3424,22.667803,,False,,75.34146341463415,65.73170731707317,75.34146341463415,65.73170731707317,0.0,1,2721.0,0.896116587426919,False
early_displaced,3425,22.672812,,False,,70.9390243902439,62.0609756097561,70.9390243902439,62.0609756097561,0.0,1,2709.5,0.8977053087999225,False
early_displaced,3426,22.67782,,False,,68.27272727272727,64.0,68.27272727272727,64.0,0.0,1,2758.0,0.8930873725905353,False
early_displaced,3427,22.682829,,False,,63.477777777777774,64.9888888888889,63.477777777777774,64.9888888888889,0.0,1,2719.5,0.8902750106803874,False
early_displaced,3428,22.687838,,False,,58.976190476190474,66.66666666666667,58.976190476190474,66.66666666666667,0.0,1,2757.0,0.8927635533981556,False
early_displaced,3429,22.692846,,False,,64.43137254901961,73.50980392156865,64.43137254901961,73.50980392156863,1.4210854715202004e-14,1,2742.0,0.877438624218275,False
early_displaced,3430,22.697855,,False,,68.97849462365592,76.04301075268818,68.97849462365592,76.04301075268818,0.0,1,2742.0,0.8848210736390894,False
early_displaced,3431,22.702863,,False,,66.86904761904762,75.98809523809526,66.86904761904762,75.98809523809524,1.4210854715202004e-14,1,2795.5,0.8923719703249163,False
early_displaced,3432,22.707872,,False,,66.95454545454545,76.4090909090909,66.95454545454545,76.4090909090909,0.0,1,2801.0,0.888871278969593,False
early_displaced,3433,22.71288,,False,,65.8913043478261,74.95652173913044,65.8913043478261,74.95652173913044,0.0,1,2771.0,0.8897974849796443,False
early_displaced,3434,22.717889,,False,,68.01136363636364,68.23863636363636,68.01136363636364,68.23863636363636,0.0,1,2775.5,0.8934328293867184,False
early_displaced,3435,22.722898,,False,,62.04878048780488,66.90243902439025,62.048780487804876,66.90243902439025,7.105427357601002e-15,1,2727.0,0.8905231726159121,False
early_displaced,3436,22.727906,,False,,58.70238095238095,70.01190476190476,58.70238095238095,70.01190476190476,0.0,1,2694.5,0.8927355465750237,False
early_displaced,3437,22.732915,,False,,58.573170731707314,78.98780487804878,58.573170731707314,78.98780487804878,0.0,1,2730.5,0.8970153961953674,False
early_displaced,3438,22.737923,,False,,67.96103896103897,79.41558441558442,67.96103896103897,79.41558441558442,0.0,1,2759.0,0.9009730118759685,False
early_displaced,3439,22.742932,,False,,70.27083333333333,75.0625,70.27083333333333,75.0625,0.0,1,2749.0,0.879678621764429,False
early_displaced,3440,22.74794,,False,,75.6842105263158,73.22105263157894,75.6842105263158,73.22105263157894,0.0,1,2741.5,0.8794309033451219,False
early_displaced,3441,22.752949,,False,,70.16666666666667,70.5,70.16666666666667,70.5,0.0,1,2746.0,0.8787186169252693,False
early_displaced,3442,22.757958,,False,,73.29591836734694,67.5,73.29591836734694,67.5,0.0,1,2746.5,0.8767303151069575,False
early_displaced,3443,22.762966,,False,,77.09756097560977,68.53658536585365,77.09756097560975,68.53658536585365,1.4210854715202004e-14,1,2768.0,0.8963255515829186,False
early_displaced,3444,22.767975,,False,,79.21951219512195,66.67073170731707,79.21951219512195,66.67073170731707,0.0,1,2800.5,0.8939680460971613,False
early_displaced,3445,22.772983,,False,,73.88636363636364,64.97727272727273,73.88636363636364,64.97727272727273,0.0,1,2798.0,0.8879192547652109,False
early_displaced,3446,22.777992,,False,,68.34782608695652,63.5,68.34782608695652,63.5,0.0,1,2745.0,0.8888777425760747,False
early_displaced,3447,22.783,,False,,67.0,65.61904761904762,67.0,65.61904761904762,0.0,1,2762.0,0.9019526995721856,False
early_displaced,3448,22.788009,,False,,62.51136363636363,63.125,62.51136363636363,63.125,0.0,1,2711.5,0.8876560722641339,False
early_displaced,3449,22.793018,,False,,61.956989247311824,64.89247311827957,61.956989247311824,64.89247311827957,0.0,1,2746.0,0.8787186232685056,False
early_displaced,3450,22.798026,,False,,58.680851063829785,67.46808510638297,58.680851063829785,67.46808510638297,0.0,1,2751.0,0.8833752824721619,False
early_displaced,3451,22.803035,,False,,59.08536585365854,64.47560975609755,59.08536585365854,64.47560975609755,0.0,1,2767.5,0.8908576311755516,False
early_displaced,3452,22.808043,,False,,59.10526315789474,67.26315789473684,59.10526315789474,67.26315789473684,0.0,1,2770.0,0.9045651555379166,False
early_displaced,3453,22.813052,,False,,59.07954545454545,69.57954545454545,59.07954545454545,69.57954545454545,0.0,1,2756.5,0.88731673791806,False
early_displaced,3454,22.81806,,False,,59.96842105263158,73.84210526315789,59.96842105263158,73.84210526315789,0.0,1,2730.5,0.8789473405095211,False
early_displaced,3455,22.823069,,False,,56.14772727272727,76.48863636363636,56.14772727272727,76.48863636363636,0.0,1,2746.5,0.8915584142140356,False
early_displaced,3456,22.828077,,False,,56.96590909090909,77.76136363636364,56.96590909090909,77.76136363636364,0.0,1,2756.5,0.8948045773744812,False
early_displaced,3457,22.833086,,False,,59.0125,77.1875,59.0125,77.1875,0.0,1,2743.5,0.9012861235897731,False
early_displaced,3458,22.838095,,False,,60.6125,78.0125,60.6125,78.0125,0.0,1,2771.5,0.8921452270515083,False
early_displaced,3459,22.843103,,False,,68.825,76.825,68.825,76.825,0.0,1,2773.0,0.8979446367555756,False
early_displaced,3460,22.848112,,False,,72.70930232558139,72.0813953488372,72.70930232558139,72.0813953488372,0.0,1,2729.5,0.8935486790884134,False
early_displaced,3461,22.85312,,False,,76.80434782608695,69.8695652173913,76.80434782608695,69.8695652173913,0.0,1,2752.0,0.8806386128437399,False
early_displaced,3462,22.858129,,False,,71.56976744186046,66.29069767441861,71.56976744186046,66.29069767441861,0.0,1,2708.5,0.8866739740012672,False
early_displaced,3463,22.863137,,False,,68.15789473684211,56.026315789473685,68.15789473684211,56.026315789473685,0.0,1,2709.0,0.9029634479862357,False
early_displaced,3464,22.868146,,False,,63.422222222222224,57.37777777777778,63.422222222222224,57.37777777777778,0.0,1,2718.0,0.8801346892042752,False
early_displaced,3465,22.873155,,False,,60.30107526881721,68.47311827956989,60.30107526881721,68.47311827956989,0.0,1,2747.5,0.8844196377820738,False
early_displaced,3466,22.878163,,False,,66.18823529411765,69.81176470588235,66.18823529411765,69.81176470588235,0.0,1,2766.5,0.8905357281753555,False
early_displaced,3467,22.883172,,False,,70.06410256410257,68.34615384615384,70.06410256410257,68.34615384615384,0.0,1,2716.5,0.903204545503801,False
early_displaced,3468,22.88818,,False,,68.02105263157895,65.91578947368421,68.02105263157895,65.91578947368421,0.0,1,2696.5,0.8783888336303717,False
early_displaced,3469,22.893189,,False,,60.593023255813954,68.03488372093024,60.593023255813954,68.03488372093024,0.0,1,2700.5,0.8871598967574931,False
early_displaced,3470,22.898197,,False,,60.80681818181818,74.17045454545455,60.80681818181818,74.17045454545455,0.0,1,2712.5,0.887983437269581,False
early_displaced,3471,22.903206,,False,,68.84883720930233,74.8953488372093,68.84883720930233,74.8953488372093,0.0,1,2752.5,0.8935061060461041,False
early_displaced,3472,22.908215,,False,,75.0,66.71428571428571,75.0,66.71428571428571,0.0,1,2718.0,0.8951285878718029,False
early_displaced,3473,22.913223,,False,,72.43589743589743,58.58974358974359,72.43589743589743,58.58974358974359,0.0,1,2628.0,0.9020535919094782,False
early_displaced,3474,22.918232,,False,,67.50649350649351,56.72727272727273,67.50649350649351,56.72727272727273,0.0,1,2658.5,0.9023915800740755,False
early_displaced,3475,22.92324,,False,,58.76829268292683,64.6951219512195,58.76829268292683,64.6951219512195,0.0,1,2688.5,0.8907476512709446,False
early_displaced,3476,22.928249,,False,,56.683544303797476,67.32911392405063,56.68354430379747,67.32911392405063,7.105427357601002e-15,1,2717.5,0.9003558548107559,False
early_displaced,3477,22.933257,,False,,66.42391304347827,73.44565217391305,66.42391304347827,73.44565217391305,0.0,1,2740.5,0.8896107158903432,False
early_displaced,3478,22.938266,,False,,68.76829268292683,67.32926829268293,68.76829268292683,67.32926829268293,0.0,1,2730.5,0.8970154082237326,False
early_displaced,3479,22.943274,,False,,66.76543209876543,62.098765432098766,66.76543209876543,62.098765432098766,0.0,1,2646.5,0.8951227439327034,False
early_displaced,3480,22.948283,,False,,66.4875,61.2875,66.4875,61.2875,0.0,1,2655.5,0.8981668072298287,False
early_displaced,3481,22.953292,,False,,67.10344827586206,62.97701149425287,67.10344827586206,62.97701149425287,0.0,1,2662.5,0.8852501931126499,False
early_displaced,3482,22.9583,,False,,65.98780487804878,58.01219512195122,65.98780487804878,58.01219512195122,0.0,1,2645.5,0.8947845106206901,False
early_displaced,3483,22.963309,,False,,59.380434782608695,64.53260869565217,59.380434782608695,64.53260869565217,0.0,1,2680.5,0.888097106365179,False
early_displaced,3484,22.968317,,False,,60.69318181818182,67.42045454545455,60.69318181818182,67.42045454545455,0.0,1,2748.5,0.8847415386268548,False
early_displaced,3485,22.973326,,False,,62.20454545454545,68.6590909090909,62.20454545454545,68.6590909090909,0.0,1,2725.0,0.8898700483254588,False
early_displaced,3486,22.978334,,False,,64.27380952380952,70.75,64.27380952380952,70.75,0.0,1,2739.5,0.889286092139849,False
early_displaced,3487,22.983343,,False,,66.82051282051282,68.35897435897436,66.82051282051282,68.35897435897436,0.0,1,2720.0,0.8989427788284319,False
early_displaced,3488,22.988352,,False,,67.0,66.9873417721519,67.0,66.9873417721519,0.0,1,2744.5,0.9016146382946608,False
early_displaced,3489,22.99336,,False,,67.38636363636364,65.54545454545455,67.38636363636364,65.54545454545455,0.0,1,2719.0,0.8879107133007866,False
early_displaced,3490,22.998369,,False,,68.95454545454545,64.8409090909091,68.95454545454545,64.8409090909091,0.0,1,2653.0,0.8918919609044917,False
early_displaced,3491,23.003377,,False,,59.82142857142857,65.29761904761905,59.82142857142857,65.29761904761905,0.0,1,2650.5,0.8888191601111324,False
early_displaced,3492,23.008386,,False,,58.2125,66.5375,58.2125,66.5375,0.0,1,2693.5,0.8955573260198857,False
early_displaced,3493,23.013394,,False,,56.858695652173914,68.6413043478261,56.858695652173914,68.6413043478261,0.0,1,2732.5,0.8870137862325717,False
early_displaced,3494,23.018403,,False,,58.78260869565218,78.5,58.78260869565217,78.5,7.105427357601002e-15,1,2745.0,0.8888777554855409,False
early_displaced,3495,23.023412,,False,,57.35526315789474,76.0657894736842,57.35526315789474,76.0657894736842,0.0,1,2776.5,0.8937547259276611,False
early_displaced,3496,23.02842,,False,,66.40449438202248,76.37078651685393,66.40449438202248,76.37078651685393,0.0,1,2763.0,0.8841586158091556,False
early_displaced,3497,23.033429,,False,,67.68604651162791,70.77906976744185,67.68604651162791,70.77906976744185,0.0,1,2753.5,0.8938307179192824,False
early_displaced,3498,23.038437,,False,,67.45555555555555,68.72222222222223,67.45555555555555,68.72222222222223,0.0,1,2746.5,0.8915584120533079,False
early_displaced,3499,23.043446,,False,,67.25,71.29166666666667,67.25,71.29166666666667,0.0,1,2744.0,0.8780786253276595,False
early_displaced,3500,23.048454,,False,,67.1264367816092,66.54022988505747,67.1264367816092,66.54022988505747,0.0,1,2709.0,0.8921645935476854,False
early_displaced,3501,23.053463,,False,,58.91463414634146,66.35365853658537,58.91463414634146,66.35365853658537,0.0,1,2617.5,0.8961751289749956,False
early_displaced,3502,23.058472,,False,,48.35106382978723,74.6063829787234,48.351063829787236,74.6063829787234,7.105427357601002e-15,1,2639.5,0.8820007332167562,False
early_displaced,3503,23.06348,,False,,59.81707317073171,78.84146341463415,59.81707317073171,78.84146341463415,0.0,1,2710.5,0.893577874853477,False
early_displaced,3504,23.068489,,False,,65.20212765957447,79.11702127659575,65.20212765957447,79.11702127659575,0.0,1,2695.5,0.882418199745986,False
early_displaced,3505,23.073497,,False,,68.3125,80.7125,68.3125,80.7125,0.0,1,2750.5,0.8928568725528708,False
early_displaced,3506,23.078506,,False,,71.67708333333333,74.80208333333333,71.67708333333333,74.80208333333333,0.0,1,2735.5,0.8805568415185597,False
early_displaced,3507,23.083514,,False,,70.6086956521739,73.04347826086956,70.6086956521739,73.04347826086956,0.0,1,2756.0,0.8819186118885805,False
early_displaced,3508,23.088523,,False,,68.43181818181819,66.63636363636364,68.43181818181819,66.63636363636364,0.0,1,2754.0,0.891792110940847,False
early_displaced,3509,23.093531,,False,,58.975,66.725,58.975,66.725,0.0,1,2665.0,0.8959261532618925,False
early_displaced,3510,23.09854,,False,,58.51219512195122,71.39024390243902,58.51219512195122,71.39024390243902,0.0,1,2675.0,0.8992879741498362,False
early_displaced,3511,23.103549,,False,,62.34615384615385,77.37179487179488,62.34615384615385,77.37179487179488,0.0,1,2723.5,0.8947157844375632,False
early_displaced,3512,23.108557,,False,,69.3409090909091,72.02272727272727,69.3409090909091,72.02272727272727,0.0,1,2735.0,0.8931356362540142,False
early_displaced,3513,23.113566,,False,,67.65517241379311,65.25287356321839,67.65517241379311,65.25287356321839,0.0,1,2688.0,0.8883669857752439,False
early_displaced,3514,23.118574,,False,,57.890243902439025,67.32926829268293,57.890243902439025,67.32926829268293,0.0,1,2646.5,0.8951227406111261,False
early_displaced,3515,23.123583,,False,,57.065789473684205,66.5657894736842,57.06578947368421,66.5657894736842,7.105427357601002e-15,1,2686.5,0.9086518982054544,False
early_displaced,3516,23.128591,,False,,63.32183908045977,76.79310344827586,63.32183908045977,76.79310344827586,0.0,1,2703.0,0.8901885824544501,False
early_displaced,3517,23.1336,,False,,67.93333333333334,73.97777777777777,67.93333333333334,73.97777777777777,0.0,1,2774.0,0.8876786017545547,False
early_displaced,3518,23.138609,,False,,73.144578313253,66.49397590361446,73.144578313253,66.49397590361446,0.0,1,2699.0,0.8888712515138962,False
early_displaced,3519,23.143617,,False,,66.95348837209302,58.27906976744186,66.95348837209302,58.27906976744186,0.0,1,2647.0,0.893042089944744,False
early_displaced,3520,23.148626,,False,,67.76829268292683,57.91463414634146,67.76829268292683,57.91463414634146,0.0,1,2643.5,0.8941080617017018,False
early_displaced,3521,23.153634,,False,,58.62765957446808,63.37234042553192,58.62765957446808,63.37234042553192,0.0,1,2667.5,0.8837899740454354,False
early_displaced,3522,23.158643,,False,,58.5,68.52564102564102,58.5,68.52564102564102,0.0,1,2677.5,0.8978733373628821,False
early_displaced,3523,23.163651,,False,,57.98780487804878,69.76829268292683,57.98780487804878,69.76829268292683,0.0,1,2738.5,0.8996435434611578,False
early_displaced,3524,23.16866,,False,,58.78409090909091,71.9659090909091,58.78409090909091,71.9659090909091,0.0,1,2747.5,0.8918830293408931,False
early_displaced,3525,23.173669,,False,,62.21590909090909,76.375,62.21590909090909,76.375,0.0,1,2715.5,0.8889655387670219,False
early_displaced,3526,23.178677,,False,,69.09756097560975,76.04878048780488,69.09756097560975,76.04878048780488,0.0,1,2758.0,0.9006464628179476,False
early_displaced,3527,23.183686,,False,,68.47126436781609,70.80459770114942,68.47126436781609,70.80459770114942,0.0,1,2732.5,0.890115885400119,False
early_displaced,3528,23.188694,,False,,68.71111111111111,65.15555555555555,68.71111111111111,65.15555555555555,0.0,1,2700.0,0.8892005872345354,False
early_displaced,3529,23.193703,,False,,61.2,66.11111111111111,61.2,66.11111111111111,0.0,1,2661.0,0.8869640956409648,False
early_displaced,3530,23.198711,,False,,57.80898876404494,69.35955056179775,57.80898876404494,69.35955056179775,0.0,1,2676.0,0.8844010671383506,False
early_displaced,3531,23.20372,,False,,56.54117647058823,77.21176470588235,56.54117647058823,77.21176470588236,1.4210854715202004e-14,1,2725.0,0.8898700569777632,False
early_displaced,3532,23.208728,,False,,56.38157894736842,78.03947368421052,56.38157894736842,78.03947368421052,0.0,1,2739.5,0.8999720515891,False
early_displaced,3533,23.213737,,False,,60.3125,81.52083333333333,60.3125,81.52083333333333,0.0,1,2721.0,0.8811061477607937,False
early_displaced,3534,23.218746,,False,,64.12790697674419,79.43023255813954,64.12790697674419,79.43023255813954,0.0,1,2735.5,0.8879876370063099,False
early_displaced,3535,23.223754,,False,,66.82142857142857,78.51190476190474,66.82142857142857,78.51190476190476,1.4210854715202004e-14,1,2789.5,0.8979394284233285,False
early_displaced,3536,23.228763,,False,,72.87234042553192,76.23404255319149,72.87234042553192,76.23404255319149,0.0,1,2780.0,0.8865257247872087,False
early_displaced,3537,23.233771,,False,,74.04494382022472,71.78651685393258,74.04494382022472,71.78651685393258,0.0,1,2762.0,0.891274908638189,False
early_displaced,3538,23.23878,,False,,75.5625,69.1875,75.5625,69.1875,0.0,1,2786.5,0.8969737225975981,False
early_displaced,3539,23.243788,,False,,74.37837837837837,68.21621621621621,74.37837837837837,68.21621621621621,0.0,1,2760.0,0.9012995784545088,False
early_displaced,3540,23.248797,6.0,True,0.0,74.07954545454545,65.26136363636364,74.07954545454545,65.26136363636364,0.0,1,2714.5,0.8886381759267218,False
early_displaced,3541,23.253806,,True,0.0,71.02083333333333,60.979166666666664,71.02083333333333,60.979166666666664,0.0,1,2679.0,0.8822845805134226,False
early_displaced,3542,23.258814,,True,0.0,67.53191489361703,60.212765957446805,67.53191489361703,60.212765957446805,0.0,1,2708.0,0.8843185783526616,False
early_displaced,3543,23.263823,,True,0.0,58.7816091954023,60.86206896551724,58.7816091954023,60.86206896551724,0.0,1,2684.5,0.8894223739158316,False
early_displaced,3544,23.268831,,True,0.0,56.54878048780488,70.13414634146342,56.548780487804876,70.13414634146342,7.105427357601002e-15,1,2731.5,0.8973439185650814,False
early_displaced,3545,23.27384,,True,0.0,57.95238095238095,69.16666666666667,57.95238095238095,69.16666666666667,0.0,1,2743.0,0.8957480977211026,False
early_displaced,3546,23.278848,,True,0.0,53.26829268292683,67.0,53.26829268292683,67.0,0.0,1,2729.0,0.898751259111571,False
early_displaced,3547,23.283857,,True,0.0,57.79545454545455,71.3409090909091,57.79545454545455,71.3409090909091,0.0,1,2722.0,0.8888903781188032,False
early_displaced,3548,23.288866,7.0,True,0.0,58.94318181818182,75.48863636363636,58.94318181818182,75.48863636363636,0.0,1,2744.5,0.8909091839579603,False
early_displaced,3549,23.293874,,True,0.0,57.8974358974359,76.58974358974358,57.8974358974359,76.58974358974359,1.4210854715202004e-14,1,2779.0,0.8998875215369441,False
early_displaced,3550,23.298883,,True,0.0,65.70212765957447,74.95744680851064,65.70212765957447,74.95744680851064,0.0,1,2744.0,0.8854664605637524,False
early_displaced,3551,23.303891,,True,0.0,67.4888888888889,72.42222222222222,67.4888888888889,72.42222222222222,0.0,1,2757.0,0.889661459027691,False
early_displaced,3552,23.3089,,True,0.0,67.96875,72.5625,67.96875,72.5625,0.0,1,2726.0,0.8796580049796856,False
early_displaced,3553,23.313908,,True,0.0,69.81012658227849,67.9493670886076,69.81012658227849,67.9493670886076,0.0,1,2735.0,0.9007272615135016,False
early_displaced,3554,23.318917,,True,0.0,68.79268292682927,66.20731707317073,68.79268292682927,66.20731707317073,0.0,1,2717.5,0.8927446841097898,False
early_displaced,3555,23.323925,,True,0.0,64.125,64.64772727272727,64.125,64.64772727272727,0.0,1,2646.5,0.8874777949993277,False
early_displaced,3556,23.328934,8.0,True,0.0,57.23684210526316,66.47368421052632,57.23684210526316,66.47368421052632,0.0,1,2668.0,0.9079046367117948,False
early_displaced,3557,23.333943,,True,0.0,57.92045454545455,77.01136363636364,57.92045454545455,77.01136363636364,0.0,1,2704.5,0.8884739708682512,False
early_displaced,3558,23.338951,,True,0.0,68.29411764705883,75.6,68.29411764705883,75.6,0.0,1,2738.0,0.8866110341087037,False
early_displaced,3559,23.34396,,True,0.0,67.60526315789474,76.05263157894737,67.60526315789474,76.05263157894737,0.0,1,2761.0,0.9016261329853105,False
early_displaced,3560,23.348968,,True,0.0,69.16129032258064,74.51612903225806,69.16129032258064,74.51612903225806,0.0,1,2731.5,0.8792692381642955,False
early_displaced,3561,23.353977,,True,0.0,69.73863636363636,74.48863636363636,69.73863636363636,74.48863636363636,0.0,1,2764.5,0.8898919372154797,False
early_displaced,3562,23.358985,,True,0.0,72.78048780487805,77.29268292682929,72.78048780487805,77.29268292682927,1.4210854715202004e-14,1,2739.0,0.9020445913128743,False
early_displaced,3563,23.363994,,True,0.0,75.81720430107526,74.05376344086021,75.81720430107526,74.05376344086021,0.0,1,2768.5,0.888092083571933,False
early_displaced,3564,23.369003,9.0,True,0.0,74.2625,68.2125,74.2625,68.2125,0.0,1,2772.5,0.8999984279778814,False
early_displaced,3565,23.374011,,True,0.0,68.54651162790698,65.47674418604652,68.54651162790698,65.47674418604652,0.0,1,2721.5,0.894058756081629,False
early_displaced,3566,23.37902,,True,0.0,66.74444444444444,66.25555555555556,66.74444444444444,66.25555555555556,0.0,1,2714.5,0.8917591366618016,False
early_displaced,3567,23.384028,,True,0.0,63.976470588235294,68.65882352941176,63.976470588235294,68.65882352941176,0.0,1,2684.5,0.8894223771823626,False
early_displaced,3568,23.389037,,True,0.0,64.1951219512195,67.02439024390245,64.1951219512195,67.02439024390245,0.0,1,2703.0,0.8933243864607541,False
early_displaced,3569,23.394045,,True,0.0,56.26315789473684,68.55263157894737,56.26315789473684,68.55263157894737,0.0,1,2709.0,0.9061635021746246,False
early_displaced,3570,23.399054,,True,0.0,55.2093023255814,67.3953488372093,55.2093023255814,67.3953488372093,0.0,1,2701.0,0.8926633991233802,False
early_displaced,3571,23.404063,,True,0.0,55.96551724137931,67.62068965517241,55.96551724137931,67.62068965517241,0.0,1,2686.5,0.8900850115012996,False
early_displaced,3572,23.409071,10.0,True,0.0,54.7093023255814,76.94186046511628,54.7093023255814,76.94186046511628,0.0,1,2733.5,0.8904416379486819,False
early_displaced,3573,23.41408,,False,,63.71621621621622,76.98648648648648,63.71621621621622,76.98648648648648,0.0,1,2741.5,0.8974770894467151,False
early_displaced,3574,23.419088,,False,,68.02409638554217,76.78313253012048,68.02409638554217,76.78313253012048,0.0,1,2759.0,0.8934111950283093,False
early_displaced,3575,23.424097,,False,,69.46987951807229,77.51807228915662,69.46987951807229,77.51807228915662,0.0,1,2772.5,0.8924671311344614,False
early_displaced,3576,23.429105,,False,,70.60919540229885,77.96551724137932,70.60919540229885,77.96551724137932,0.0,1,2733.0,0.8849919521610619,False
early_displaced,3577,23.434114,,False,,74.76595744680851,67.34042553191489,74.76595744680851,67.34042553191489,0.0,1,2709.0,0.8846451254214464,False
early_displaced,3578,23.439123,,False,,75.05952380952381,64.94047619047619,75.05952380952381,64.94047619047619,0.0,1,2679.5,0.8953669176670407,False
early_displaced,3579,23.444131,,False,,73.59574468085107,60.361702127659576,73.59574468085107,60.361702127659576,0.0,1,2656.0,0.8821766472271451,False
early_displaced,3580,23.44914,,False,,68.36363636363636,58.34090909090909,68.36363636363636,58.34090909090909,0.0,1,2657.0,0.8932366982960471,False
early_displaced,3581,23.454148,,False,,66.81111111111112,63.87777777777778,66.81111111111112,63.87777777777778,0.0,1,2676.5,0.8867718290344021,False
early_displaced,3582,23.459157,,False,,65.38888888888889,57.611111111111114,65.38888888888889,57.611111111111114,0.0,1,2695.5,0.8855173057652842,False
early_displaced,3583,23.464165,,False,,58.77272727272727,66.31818181818181,58.77272727272727,66.31818181818181,0.0,1,2692.0,0.8896889561051979,False
early_displaced,3584,23.469174,,False,,58.51724137931034,74.183908045977,58.51724137931034,74.183908045977,0.0,1,2716.5,0.8892929102615361,False
early_displaced,3585,23.474182,,False,,61.41025641025641,78.41025641025642,61.41025641025641,78.41025641025641,1.4210854715202004e-14,1,2716.0,0.8944699251395162,False
early_displaced,3586,23.479191,,False,,64.37349397590361,79.81927710843374,64.37349397590361,79.81927710843374,0.0,1,2714.0,0.8862779198907724,False
early_displaced,3587,23.4842,,False,,66.58024691358025,79.69135802469135,66.58024691358025,79.69135802469135,0.0,1,2746.0,0.8967277657289615,False
early_displaced,3588,23.489208,,False,,66.03846153846153,75.14102564102564,66.03846153846153,75.14102564102564,0.0,1,2736.5,0.8989865063641297,False
early_displaced,3589,23.494217,,False,,62.98795180722892,76.6987951807229,62.98795180722892,76.6987951807229,0.0,1,2753.5,0.8863510364451103,False
early_displaced,3590,23.499225,,False,,59.71951219512195,76.15853658536585,59.71951219512195,76.15853658536585,0.0,1,2756.5,0.894804562194316,False
early_displaced,3591,23.504234,,False,,59.54545454545455,75.02272727272727,59.54545454545455,75.02272727272727,0.0,1,2766.0,0.885118611111516,False
early_displaced,3592,23.509242,,False,,63.7,75.075,63.7,75.075,0.0,1,2754.0,0.8993402293587291,False
early_displaced,3593,23.514251,,False,,70.05405405405405,75.10810810810811,70.05405405405405,75.10810810810811,0.0,1,2774.0,0.9058713868094515,False
early_displaced,3594,23.51926,,False,,68.05952380952381,75.67857142857143,68.05952380952381,75.67857142857143,0.0,1,2775.5,0.8934328326210061,False
early_displaced,3595,23.524268,,False,,71.4186046511628,72.51162790697674,71.4186046511628,72.51162790697674,0.0,1,2733.0,0.8924825141067925,False
early_displaced,3596,23.529277,,False,,72.63953488372093,67.66279069767442,72.63953488372093,67.66279069767442,0.0,1,2749.5,0.8925322563476161,False
early_displaced,3597,23.534285,,False,,72.5111111111111,68.11111111111111,72.5111111111111,68.11111111111111,0.0,1,2773.0,0.8873586065290126,False
early_displaced,3598,23.539294,,False,,72.93617021276596,64.55319148936171,72.93617021276596,64.55319148936171,0.0,1,2735.0,0.8825622327682102,False
early_displaced,3599,23.544302,,False,,66.10975609756098,62.890243902439025,66.10975609756098,62.890243902439025,0.0,1,2714.5,0.8917591366618016,False
early_displaced,3600,23.549311,,False,,59.74418604651163,64.4186046511628,59.74418604651163,64.4186046511628,0.0,1,2657.0,0.8856308184538045,False
early_displaced,3601,23.55432,,False,,59.5,69.91025641025641,59.5,69.91025641025641,0.0,1,2714.5,0.9025395777007836,False
early_displaced,3602,23.559328,,False,,57.18181818181818,68.47727272727273,57.18181818181818,68.47727272727273,0.0,1,2713.0,0.8890590190604345,False
early_displaced,3603,23.564337,,False,,56.51111111111111,68.82222222222222,56.51111111111111,68.82222222222222,0.0,1,2742.0,0.887906299013584,False
early_displaced,3604,23.569345,,False,,57.25,71.38636363636364,57.25,71.38636363636364,0.0,1,2737.0,0.8937887475477537,False
early_displaced,3605,23.574354,,False,,58.07407407407408,77.69135802469135,58.074074074074076,77.69135802469135,7.105427357601002e-15,1,2776.0,0.8989160737159755,False
early_displaced,3606,23.579362,,False,,56.48780487804878,77.98780487804878,56.48780487804878,77.98780487804878,0.0,1,2781.5,0.8879029302178747,False
early_displaced,3607,23.584371,,False,,58.31460674157304,79.71910112359551,58.31460674157304,79.71910112359551,0.0,1,2765.5,0.890213833771183,False
early_displaced,3608,23.589379,,False,,58.54651162790697,84.19767441860466,58.54651162790697,84.19767441860465,1.4210854715202004e-14,1,2744.5,0.890909181798806,False
early_displaced,3609,23.594388,,False,,61.39795918367347,83.76530612244898,61.39795918367347,83.76530612244898,0.0,1,2758.5,0.8775229801967112,False
early_displaced,3610,23.599397,,False,,68.63333333333334,82.94444444444444,68.63333333333334,82.94444444444444,0.0,1,2744.5,0.8909091807192289,False
early_displaced,3611,23.604405,,False,,68.33333333333333,81.26190476190474,68.33333333333333,81.26190476190476,1.4210854715202004e-14,1,2752.0,0.8986871126315011,False
early_displaced,3612,23.609414,,False,,72.35,79.11,72.35,79.11,0.0,1,2771.5,0.8773688157836578,False
early_displaced,3613,23.614422,,False,,78.37142857142857,77.8,78.37142857142857,77.8,0.0,1,2796.0,0.9130556565834583,False
early_displaced,3614,23.619431,,False,,76.6413043478261,76.27173913043478,76.6413043478261,76.27173913043478,0.0,1,2802.5,0.884134333433936,False
early_displaced,3615,23.624439,,False,,77.08045977011494,69.54022988505747,77.08045977011494,69.54022988505747,0.0,1,2765.0,0.8847986158717289,False
early_displaced,3616,23.629448,,False,,77.5111111111111,69.06666666666666,77.5111111111111,69.06666666666666,0.0,1,2761.0,0.8835186178740844,False
early_displaced,3617,23.634457,,False,,78.26373626373626,67.62637362637362,78.26373626373626,67.62637362637362,0.0,1,2799.0,0.8882365997135262,False
early_displaced,3618,23.639465,,False,,76.46938775510205,69.3265306122449,76.46938775510205,69.3265306122449,0.0,1,2812.0,0.8849782611742921,False
early_displaced,3619,23.644474,,False,,79.4,68.675,79.4,68.675,0.0,1,2802.0,0.8997519148025283,False
early_displaced,3620,23.649482,,False,,68.44736842105263,68.84210526315789,68.44736842105263,68.84210526315789,0.0,1,2761.0,0.9016261340811368,False
early_displaced,3621,23.654491,,False,,63.282051282051285,68.66666666666667,63.282051282051285,68.66666666666667,0.0,1,2696.0,0.898630296680002,False
early_displaced,3622,23.659499,,False,,58.63953488372093,75.19767441860466,58.63953488372093,75.19767441860465,1.4210854715202004e-14,1,2688.5,0.89074764690908,False
early_displaced,3623,23.664508,,False,,62.54255319148936,75.4787234042553,62.54255319148936,75.47872340425532,1.4210854715202004e-14,1,2727.5,0.8853907019777942,False
early_displaced,3624,23.669517,,False,,64.12987012987013,75.76623376623375,64.12987012987013,75.76623376623377,1.4210854715202004e-14,1,2720.5,0.8937302359085018,False
early_displaced,3625,23.674525,,False,,66.94117647058823,78.17647058823529,66.94117647058823,78.17647058823529,0.0,1,2743.0,0.8957480966324204,False
early_displaced,3626,23.679534,,False,,67.06410256410257,67.93589743589743,67.06410256410257,67.93589743589743,0.0,1,2721.5,0.9016811256182049,False
early_displaced,3627,23.684542,,False,,65.56818181818181,66.13636363636364,65.56818181818181,66.13636363636364,0.0,1,2670.0,0.8899639763912903,False
early_displaced,3628,23.689551,,False,,57.141304347826086,66.3804347826087,57.141304347826086,66.3804347826087,0.0,1,2636.5,0.8841243920778127,False
early_displaced,3629,23.694559,,False,,57.26923076923077,69.32051282051282,57.26923076923077,69.32051282051282,0.0,1,2680.5,0.9066225305055464,False
early_displaced,3630,23.699568,,False,,56.4875,69.8625,56.4875,69.8625,0.0,1,2700.5,0.8947234604510972,False
early_displaced,3631,23.704577,,False,,60.82978723404256,76.25531914893617,60.829787234042556,76.25531914893617,7.105427357601002e-15,1,2708.0,0.8843185708291257,False
early_displaced,3632,23.709585,,False,,69.57317073170732,78.3048780487805,69.57317073170732,78.3048780487805,0.0,1,2751.5,0.8963051676378462,False
early_displaced,3633,23.714594,,False,,67.32558139534883,76.81395348837209,67.32558139534883,76.81395348837209,0.0,1,2752.0,0.8911444790304162,False
early_displaced,3634,23.719602,,False,,66.88372093023256,74.23255813953487,66.88372093023256,74.23255813953489,1.4210854715202004e-14,1,2730.0,0.8990805882725301,False
early_displaced,3635,23.724611,,False,,70.10714285714286,76.32142857142857,70.10714285714286,76.32142857142857,0.0,1,2740.5,0.8896107137343355,False
early_displaced,3636,23.729619,,False,,69.65789473684211,70.26315789473684,69.65789473684211,70.26315789473684,0.0,1,2702.0,0.9006302079966594,False
early_displaced,3637,23.734628,,False,,67.35227272727273,64.48863636363636,67.35227272727273,64.48863636363636,0.0,1,2676.5,0.886771837719193,False
early_displaced,3638,23.739636,,False,,64.99,60.43,64.99,60.43,0.0,1,2660.5,0.8740192259617157,False
early_displaced,3639,23.744645,,False,,55.925,67.9,55.925,67.9,0.0,1,2672.0,0.8982794302122991,False
early_displaced,3640,23.749654,,False,,58.50617283950617,66.33333333333333,58.50617283950617,66.33333333333333,0.0,1,2732.0,0.9029087017486964,False
early_displaced,3641,23.754662,,False,,56.19512195121951,68.41463414634147,56.19512195121951,68.41463414634147,0.0,1,2750.0,0.89360726845472,False
early_displaced,3642,23.759671,,False,,59.65934065934066,69.86813186813187,59.65934065934066,69.86813186813187,0.0,1,2731.0,0.8843443073913289,False
early_displaced,3643,23.764679,,False,,65.8695652173913,71.71739130434783,65.8695652173913,71.71739130434783,0.0,1,2734.5,0.8802349364301477,False
early_displaced,3644,23.769688,,False,,67.40697674418605,77.8953488372093,67.40697674418605,77.8953488372093,0.0,1,2743.5,0.8936991602232564,False
early_displaced,3645,23.774696,,False,,70.98837209302326,69.73255813953489,70.98837209302326,69.73255813953489,0.0,1,2731.5,0.8973439207528576,False
early_displaced,3646,23.779705,,False,,68.30588235294118,67.67058823529412,68.30588235294118,67.67058823529412,0.0,1,2679.5,0.8909024937225726,False
early_displaced,3647,23.784714,,False,,56.684210526315795,67.84210526315789,56.68421052631579,67.84210526315789,7.105427357601002e-15,1,2660.0,0.9051822749936405,False
early_displaced,3648,23.789722,,False,,58.36619718309859,76.7605633802817,58.36619718309859,76.7605633802817,0.0,1,2655.5,0.8981668027859981,False
early_displaced,3649,23.794731,,False,,56.89156626506024,79.13253012048193,56.89156626506024,79.13253012048193,0.0,1,2702.5,0.8953860936674,False
early_displaced,3650,23.799739,,False,,62.6219512195122,77.86585365853658,62.6219512195122,77.86585365853658,0.0,1,2703.5,0.8881454496320719,False
early_displaced,3651,23.804748,,False,,67.425,79.55,67.425,79.55,0.0,1,2750.0,0.9056672647759155,False
early_displaced,3652,23.809756,,False,,70.54444444444445,78.05555555555556,70.54444444444445,78.05555555555556,0.0,1,2752.5,0.8860291334604516,False
early_displaced,3653,23.814765,,False,,71.06666666666666,70.66666666666667,71.06666666666666,70.66666666666667,0.0,1,2724.0,0.889543493752983,False
early_displaced,3654,23.819774,,False,,68.3,71.68,68.3,71.68,0.0,1,2751.0,0.880318616525187,False
early_displaced,3655,23.824782,,False,,68.5125,67.0875,68.5125,67.0875,0.0,1,2735.5,0.8986579927471234,False
early_displaced,3656,23.829791,,False,,69.15384615384616,68.15384615384616,69.15384615384616,68.15384615384616,0.0,1,2731.0,0.9025782202197311,False
early_displaced,3657,23.834799,,False,,67.85714285714286,63.95238095238095,67.85714285714286,63.95238095238095,0.0,1,2669.0,0.889630658734714,False
early_displaced,3658,23.839808,,False,,67.6125,67.3875,67.6125,67.3875,0.0,1,2688.5,0.9015620915793555,False
early_displaced,3659,23.844816,,False,,66.60227272727273,66.76136363636364,66.60227272727273,66.76136363636364,0.0,1,2679.5,0.8909024827967651,False
early_displaced,3660,23.849825,,False,,68.4390243902439,66.8780487804878,68.4390243902439,66.8780487804878,0.0,1,2697.0,0.8989636054845402,False
early_displaced,3661,23.854833,,False,,69.4639175257732,65.57731958762886,69.4639175257732,65.57731958762886,0.0,1,2702.0,0.8749536273038461,False
early_displaced,3662,23.859842,,False,,70.125,62.0,70.125,62.0,0.0,1,2692.0,0.8790936489483077,False
early_displaced,3663,23.864851,,False,,68.01282051282051,59.42307692307692,68.01282051282051,59.42307692307692,0.0,1,2682.5,0.9040771642464269,False
early_displaced,3664,23.869859,,False,,57.4,63.37647058823529,57.4,63.37647058823529,0.0,1,2677.0,0.8922972229503164,False
early_displaced,3665,23.874868,,False,,59.38095238095238,65.52380952380952,59.38095238095238,65.52380952380952,0.0,1,2698.0,0.8992969341574591,False
early_displaced,3666,23.879876,,False,,62.54545454545455,76.0909090909091,62.54545454545455,76.0909090909091,0.0,1,2703.0,0.8901885802814228,False
early_displaced,3667,23.884885,,False,,63.83529411764706,77.85882352941177,63.83529411764706,77.85882352941177,0.0,1,2718.0,0.8875841544017619,False
early_displaced,3668,23.889893,,False,,67.11494252873563,76.47126436781609,67.11494252873563,76.47126436781609,0.0,1,2737.0,0.8862872202944845,False
early_displaced,3669,23.894902,,False,,67.26190476190476,73.71428571428571,67.26190476190476,73.71428571428571,0.0,1,2750.5,0.8853853307032815,False
early_displaced,3670,23.899911,,False,,67.85365853658537,74.46341463414635,67.85365853658537,74.46341463414635,0.0,1,2730.0,0.8990805948567301,False
early_displaced,3671,23.904919,,False,,72.65934065934066,71.67032967032966,72.65934065934066,71.67032967032966,0.0,1,2723.5,0.8840922371536288,False
early_displaced,3672,23.909928,,False,,72.725,69.025,72.725,69.025,0.0,1,2747.0,0.8970543246363213,False
early_displaced,3673,23.914936,,False,,66.69767441860465,66.86046511627907,66.69767441860465,66.86046511627907,0.0,1,2723.0,0.8892169424203584,False
early_displaced,3674,23.919945,,False,,60.08045977011494,68.7816091954023,60.08045977011494,68.7816091954023,0.0,1,2709.5,0.890116545629946,False
early_displaced,3675,23.924953,,False,,56.292682926829265,71.1219512195122,56.292682926829265,71.1219512195122,0.0,1,2709.0,0.8921645902809091,False
early_displaced,3676,23.929962,,False,,59.83720930232558,73.72093023255815,59.83720930232558,73.72093023255815,0.0,1,2728.0,0.8908497271868001,False
early_displaced,3677,23.934971,,False,,69.33720930232558,74.56976744186046,69.33720930232558,74.56976744186046,0.0,1,2735.5,0.8955128853525279,False
early_displaced,3678,23.939979,,False,,70.35106382978724,71.59574468085107,70.35106382978724,71.59574468085107,0.0,1,2717.0,0.8767537793167192,False
early_displaced,3679,23.944988,,False,,71.37078651685393,67.14606741573034,71.37078651685393,67.14606741573034,0.0,1,2713.0,0.8859513620720949,False
early_displaced,3680,23.949996,,False,,70.11904761904762,67.64285714285714,70.11904761904762,67.64285714285714,0.0,1,2726.0,0.9009257452467688,False
early_displaced,3681,23.955005,,False,,66.51470588235294,67.57352941176471,66.51470588235294,67.57352941176471,0.0,1,2721.5,0.9126283132399347,False
early_displaced,3682,23.960013,,False,,67.61627906976744,67.80232558139535,67.61627906976744,67.80232558139535,0.0,1,2683.5,0.892232441591648,False
early_displaced,3683,23.965022,,False,,62.17204301075269,64.81720430107526,62.17204301075269,64.81720430107526,0.0,1,2640.5,0.8823348887751943,False
early_displaced,3684,23.970031,,False,,56.85,67.175,56.85,67.175,0.0,1,2703.0,0.9009635344745773,False
early_displaced,3685,23.975039,,False,,59.168539325842694,68.33707865168539,59.168539325842694,68.33707865168539,0.0,1,2700.5,0.8871598967574931,False
early_displaced,3686,23.980048,,False,,57.2906976744186,67.61627906976744,57.2906976744186,67.61627906976744,0.0,1,2747.5,0.8918830282601358,False
early_displaced,3687,23.985056,,False,,57.566265060240966,69.48192771084338,57.566265060240966,69.48192771084338,0.0,1,2739.0,0.8944418664448048,False
early_displaced,3688,23.990065,,False,,56.71604938271605,67.82716049382717,56.71604938271605,67.82716049382717,0.0,1,2727.5,0.896029847679121,False
early_displaced,3689,23.995073,,False,,56.51764705882353,65.05882352941177,56.51764705882353,65.05882352941177,0.0,1,2697.0,0.8882125876661543,False
early_displaced,3690,24.000082,,False,,54.56666666666667,64.96666666666667,54.56666666666667,64.96666666666667,0.0,1,2681.5,0.8853059255410475,False
early_displaced,3691,24.00509,,False,,54.425,66.925,54.425,66.925,0.0,1,2722.0,0.8964459144112331,False
early_displaced,3692,24.010099,,False,,52.48684210526316,66.88157894736842,52.48684210526316,66.88157894736842,0.0,1,2718.5,0.9006871669994472,False
early_displaced,3693,24.015108,,False,,55.72839506172839,66.92592592592592,55.72839506172839,66.92592592592592,0.0,1,2725.5,0.8953728204258855,False
early_displaced,3694,24.020116,,False,,53.25581395348837,71.16279069767442,53.25581395348837,71.16279069767442,0.0,1,2717.0,0.8947992477693344,False
early_displaced,3695,24.025125,,False,,49.59375,70.76041666666667,49.59375,70.76041666666667,0.0,1,2714.5,0.8737969430265707,False
early_displaced,3696,24.030133,,False,,45.86904761904762,75.1547619047619,45.86904761904762,75.1547619047619,0.0,1,2747.5,0.895002166106578,False
early_displaced,3697,24.035142,,False,,47.4,75.37777777777778,47.4,75.37777777777778,0.0,1,2749.0,0.8901730236173961,False
early_displaced,3698,24.04015,,False,,48.92857142857143,76.97619047619048,48.92857142857143,76.97619047619048,0.0,1,2773.0,0.8979446291482395,False
early_displaced,3699,24.045159,,False,,48.125,77.80681818181819,48.125,77.80681818181819,0.0,1,2784.5,0.8888605725160471,False
early_displaced,3700,24.050168,,False,,50.4375,80.5875,50.4375,80.5875,0.0,1,2777.5,0.8940766310972558,False
early_displaced,3701,24.055176,,False,,52.51351351351352,78.05405405405405,52.513513513513516,78.05405405405405,7.105427357601002e-15,1,2756.0,0.8999933373368103,False
early_displaced,3702,24.060185,,False,,49.29761904761905,78.10714285714286,49.29761904761905,78.10714285714286,0.0,1,2753.5,0.8938307287504565,False
early_displaced,3703,24.065193,,False,,53.5625,77.1375,53.5625,77.1375,0.0,1,2716.5,0.8924161737340005,False
early_displaced,3704,24.070202,,False,,50.948051948051955,79.62337662337663,50.94805194805195,79.62337662337663,7.105427357601002e-15,1,2723.5,0.8947157931630388,False
early_displaced,3705,24.07521,,False,,51.373333333333335,77.98666666666668,51.373333333333335,77.98666666666666,1.4210854715202004e-14,1,2742.0,0.8954215388137429,False
early_displaced,3706,24.080219,,False,,53.96511627906977,78.31395348837209,53.96511627906977,78.31395348837209,0.0,1,2759.5,0.8882824329643846,False
early_displaced,3707,24.085228,,False,,52.44303797468354,77.56962025316456,52.44303797468354,77.56962025316456,0.0,1,2730.5,0.8863645527440587,False
early_displaced,3708,24.090236,,False,,53.922222222222224,74.9888888888889,53.922222222222224,74.9888888888889,0.0,1,2752.5,0.8860291334604516,False
early_displaced,3709,24.095245,,False,,51.535714285714285,66.8452380952381,51.535714285714285,66.8452380952381,0.0,1,2756.5,0.8948045676158035,False
early_displaced,3710,24.100253,,False,,47.3,60.27777777777778,47.3,60.27777777777778,0.0,1,2716.5,0.884903866214141,False
early_displaced,3711,24.105262,,False,,47.7375,59.3125,47.7375,59.3125,0.0,1,2731.5,0.8973439218467459,False
early_displaced,3712,24.11027,,False,,46.525,67.05,46.525,67.05,0.0,1,2721.0,0.8992732735966521,False
early_displaced,3713,24.115279,,False,,47.5,67.05813953488372,47.5,67.05813953488372,0.0,1,2748.5,0.8953279056223098,False
early_displaced,3714,24.120287,,False,,48.69767441860465,66.16279069767442,48.69767441860465,66.16279069767442,0.0,1,2762.0,0.8943826472108275,False
early_displaced,3715,24.125296,,False,,49.023809523809526,67.4047619047619,49.023809523809526,67.4047619047619,0.0,1,2768.0,0.896325549413313,False
early_displaced,3716,24.130305,,False,,47.012345679012356,67.88888888888889,47.01234567901235,67.88888888888889,7.105427357601002e-15,1,2746.5,0.8946764037753847,False
early_displaced,3717,24.135313,,False,,48.078947368421055,65.73684210526316,48.078947368421055,65.73684210526316,0.0,1,2730.0,0.89908059156463,False
early_displaced,3718,24.140322,,False,,50.857142857142854,64.61904761904762,50.857142857142854,64.61904761904762,0.0,1,2720.0,0.8882372722006054,False
early_displaced,3719,24.14533,,False,,48.08139534883722,65.9186046511628,48.08139534883721,65.9186046511628,7.105427357601002e-15,1,2698.5,0.8940608261370274,False
early_displaced,3720,24.150339,,False,,47.25,59.035714285714285,47.25,59.035714285714285,0.0,1,2673.5,0.8933619853210827,False
early_displaced,3721,24.155347,,False,,48.29113924050634,59.63291139240506,48.29113924050633,59.63291139240506,7.105427357601002e-15,1,2678.5,0.8950327587897586,False
early_displaced,3722,24.160356,,False,,51.41463414634146,57.85365853658536,51.41463414634146,57.853658536585364,7.105427357601002e-15,1,2654.0,0.8922281510266125,False
early_displaced,3723,24.165365,,False,,57.37662337662338,50.62337662337662,57.37662337662338,50.62337662337662,0.0,1,2577.0,0.895480561221891,False
early_displaced,3724,24.170373,,False,,63.42391304347826,48.16304347826087,63.42391304347826,48.16304347826087,0.0,1,2564.5,0.8780290816108857,False
early_displaced,3725,24.175382,,False,,68.35555555555555,49.2,68.35555555555555,49.2,0.0,1,2597.0,0.8869083771250945,False
early_displaced,3726,24.18039,,False,,72.0875,48.9875,72.0875,48.9875,0.0,1,2576.5,0.8898164143671536,False
early_displaced,3727,24.185399,,False,,78.30263157894737,51.4078947368421,78.30263157894737,51.4078947368421,0.0,1,2571.5,0.8958540190354459,False
early_displaced,3728,24.190407,,False,,78.07692307692308,54.87179487179487,78.07692307692308,54.87179487179487,0.0,1,2541.0,0.898560406068499,False
early_displaced,3729,24.195416,,False,,78.94318181818181,56.71590909090909,78.94318181818181,56.71590909090909,0.0,1,2564.5,0.8856721112534699,False
early_displaced,3730,24.200425,,False,,82.08974358974358,58.01282051282051,82.08974358974359,58.01282051282051,1.4210854715202004e-14,1,2593.5,0.8924736707894553,False
early_displaced,3731,24.205433,,False,,77.975,57.325,77.975,57.325,0.0,1,2609.0,0.8987526529943115,False
early_displaced,3732,24.210442,,False,,72.4888888888889,54.68888888888889,72.4888888888889,54.68888888888889,0.0,1,2591.0,0.8817019982127723,False
early_displaced,3733,24.21545,,False,,69.63636363636364,56.34090909090909,69.63636363636364,56.34090909090909,0.0,1,2670.0,0.8899639785768777,False
early_displaced,3734,24.220459,,False,,69.96428571428571,57.86904761904762,69.96428571428571,57.86904761904762,0.0,1,2703.5,0.8912701669863369,False
early_displaced,3735,24.225467,,False,,67.0625,58.7375,67.0625,58.7375,0.0,1,2684.5,0.9002207308330965,False
early_displaced,3736,24.230476,,False,,67.52325581395348,55.61627906976744,67.52325581395348,55.616279069767444,7.105427357601002e-15,1,2660.5,0.8921725575649767,False
early_displaced,3737,24.235484,,False,,65.84444444444445,57.24444444444445,65.84444444444445,57.24444444444445,0.0,1,2701.0,0.8851265882313757,False
early_displaced,3738,24.240493,,False,,57.44444444444444,57.733333333333334,57.44444444444444,57.733333333333334,0.0,1,2690.0,0.8966303732181913,False
early_displaced,3739,24.245502,,False,,55.51136363636363,59.53409090909091,55.51136363636363,59.53409090909091,0.0,1,2702.5,0.8878169251522731,False
early_displaced,3740,24.25051,,False,,52.16483516483517,60.91208791208791,52.16483516483517,60.91208791208791,0.0,1,2707.0,0.8839920151600298,False
early_displaced,3741,24.255519,,False,,53.8041237113402,65.71134020618557,53.8041237113402,65.71134020618557,0.0,1,2745.5,0.87641110307242,False
early_displaced,3742,24.260527,,False,,56.9,67.875,56.9,67.875,0.0,1,2780.0,0.9002113461917445,False
early_displaced,3743,24.265536,,False,,59.0625,73.4375,59.0625,73.4375,0.0,1,2730.5,0.8970154027562939,False
early_displaced,3744,24.270544,,False,,64.43023255813954,75.87209302325581,64.43023255813954,75.87209302325581,0.0,1,2721.5,0.8909297493510729,False
early_displaced,3745,24.275553,,False,,68.98809523809524,76.44047619047619,68.98809523809524,76.44047619047619,0.0,1,2729.5,0.896686885853618,False
early_displaced,3746,24.280562,,False,,69.23076923076923,74.56410256410257,69.23076923076923,74.56410256410257,0.0,1,2755.0,0.8996667893631057,False
early_displaced,3747,24.28557,,False,,62.9054054054054,75.93243243243244,62.9054054054054,75.93243243243244,0.0,1,2773.5,0.9003230420007735,False
early_displaced,3748,24.290579,,False,,58.06410256410256,77.8076923076923,58.06410256410256,77.8076923076923,0.0,1,2743.5,0.890584560195272,False
early_displaced,3749,24.295587,,False,,60.35897435897436,77.23076923076923,60.35897435897436,77.23076923076923,0.0,1,2764.0,0.8950302747789121,False
early_displaced,3750,24.300596,,False,,67.54761904761905,77.80952380952381,67.54761904761905,77.80952380952381,0.0,1,2769.0,0.896649358850698,False
early_displaced,3751,24.305604,,False,,66.52325581395348,74.1046511627907,66.52325581395348,74.1046511627907,0.0,1,2753.5,0.8938307287504565,False
early_displaced,3752,24.310613,,False,,68.98795180722891,68.24096385542168,68.98795180722891,68.24096385542168,0.0,1,2732.0,0.89215595412107,False
early_displaced,3753,24.315622,,False,,71.0561797752809,71.91011235955057,71.0561797752809,71.91011235955057,0.0,1,2710.5,0.8873287072570932,False
early_displaced,3754,24.32063,,False,,75.3936170212766,69.92553191489361,75.3936170212766,69.92553191489361,0.0,1,2741.5,0.8824882359243699,False
early_displaced,3755,24.325639,,False,,70.8625,67.9875,70.8625,67.9875,0.0,1,2709.5,0.8901165412896347,False
early_displaced,3756,24.330647,,False,,72.0,62.285714285714285,72.0,62.285714285714285,0.0,1,2670.0,0.8944292902447187,False
early_displaced,3757,24.335656,,False,,74.43243243243244,56.13513513513514,74.43243243243244,56.13513513513514,0.0,1,2699.0,0.8996302473716449,False
early_displaced,3758,24.340664,,False,,74.675,54.75,74.675,54.75,0.0,1,2695.0,0.8982969823521489,False
early_displaced,3759,24.345673,,False,,71.61904761904762,54.73809523809524,71.61904761904762,54.73809523809524,0.0,1,2661.0,0.8945814246791162,False
early_displaced,3760,24.350682,,False,,66.95454545454545,56.90909090909091,66.95454545454545,56.90909090909091,0.0,1,2699.0,0.8920024216017969,False
early_displaced,3761,24.35569,,False,,61.022222222222226,58.68888888888889,61.022222222222226,58.68888888888889,0.0,1,2711.0,0.8852982475107215,False
early_displaced,3762,24.360699,,False,,58.840425531914896,66.98936170212765,58.840425531914896,66.98936170212765,0.0,1,2740.5,0.8821663372128633,False
early_displaced,3763,24.365707,,False,,57.8875,69.4375,57.8875,69.4375,0.0,1,2745.5,0.9019431584954206,False
early_displaced,3764,24.370716,,False,,58.07446808510638,72.98936170212765,58.07446808510638,72.98936170212765,0.0,1,2729.5,0.8860399333162002,False
early_displaced,3765,24.375724,,False,,66.125,77.025,66.125,77.025,0.0,1,2746.0,0.8967277679087072,False
early_displaced,3766,24.380733,,False,,67.53658536585365,72.73170731707317,67.53658536585365,72.73170731707317,0.0,1,2739.0,0.8944418599222375,False
early_displaced,3767,24.385741,,False,,67.48611111111111,67.76388888888889,67.48611111111111,67.76388888888889,0.0,1,2725.5,0.9107380269088412,False
early_displaced,3768,24.39075,,False,,68.24418604651163,66.1046511627907,68.24418604651163,66.1046511627907,0.0,1,2695.5,0.8930668752095337,False
early_displaced,3769,24.395759,,False,,61.45,67.1,61.45,67.1,0.0,1,2667.0,0.8965985169992081,False
early_displaced,3770,24.400767,,False,,60.2906976744186,70.75581395348837,60.2906976744186,70.75581395348837,0.0,1,2667.5,0.8913570650543851,False
early_displaced,3771,24.405776,,False,,57.425,78.5,57.425,78.5,0.0,1,2699.0,0.8996302595229376,False
early_displaced,3772,24.410784,,False,,59.189189189189186,78.02702702702705,59.189189189189186,78.02702702702703,1.4210854715202004e-14,1,2711.0,0.9036300865577143,False
early_displaced,3773,24.415793,,False,,64.6025641025641,76.34615384615384,64.6025641025641,76.34615384615384,0.0,1,2704.5,0.8960487389469711,False
early_displaced,3774,24.420801,,False,,67.52702702702703,78.5,67.52702702702703,78.5,0.0,1,2761.5,0.9071994278451462,False
early_displaced,3775,24.42581,,False,,70.98837209302326,66.73255813953489,70.98837209302326,66.73255813953489,0.0,1,2693.5,0.8924042354285315,False
early_displaced,3776,24.430819,,False,,67.45555555555555,65.65555555555555,67.45555555555555,65.65555555555555,0.0,1,2667.5,0.8913570639585112,False
early_displaced,3777,24.435827,,False,,62.357142857142854,61.595238095238095,62.357142857142854,61.595238095238095,0.0,1,2597.0,0.8914129259633701,False
early_displaced,3778,24.440836,,False,,59.206896551724135,63.32183908045977,59.206896551724135,63.32183908045977,0.0,1,2608.0,0.887486992309625,False
early_displaced,3779,24.445844,,False,,58.977777777777774,62.91111111111111,58.977777777777774,62.91111111111111,0.0,1,2646.0,0.881964300199009,False
early_displaced,3780,24.450853,,False,,59.422222222222224,62.86666666666667,59.422222222222224,62.86666666666667,0.0,1,2654.0,0.8846308589297696,False
early_displaced,3781,24.455861,,False,,56.82022471910113,63.550561797752806,56.82022471910113,63.550561797752806,0.0,1,2632.0,0.8848321355351288,False
early_displaced,3782,24.46087,,False,,60.15217391304348,67.17391304347827,60.15217391304348,67.17391304347827,0.0,1,2656.0,0.8852974986124597,False
early_displaced,3783,24.465879,,False,,58.5625,69.6125,58.5625,69.6125,0.0,1,2656.5,0.8985050361160007,False
early_displaced,3784,24.470887,,False,,58.18292682926829,66.79268292682927,58.18292682926829,66.79268292682927,0.0,1,2679.5,0.8985440199402612,False
early_displaced,3785,24.475896,,False,,55.125,69.65,55.125,69.65,0.0,1,2686.0,0.8952970894554421,False
early_displaced,3786,24.480904,,False,,57.8876404494382,71.11235955056179,57.8876404494382,71.11235955056179,0.0,1,2723.5,0.8840922382249454,False
early_displaced,3787,24.485913,,False,,58.80722891566265,75.78313253012048,58.80722891566265,75.78313253012048,0.0,1,2731.5,0.8897901285319274,False
early_displaced,3788,24.490921,,False,,56.70886075949366,76.63291139240505,56.70886075949367,76.63291139240506,1.5888218580782548e-14,1,2748.0,0.8973808879071411,False
early_displaced,3789,24.49593,,False,,58.416666666666664,78.03571428571429,58.416666666666664,78.03571428571429,0.0,1,2735.5,0.8910931419664934,False
early_displaced,3790,24.500938,,False,,58.4125,77.9125,58.4125,77.9125,0.0,1,2743.5,0.9012861268858549,False
early_displaced,3791,24.505947,,False,,55.51111111111111,79.62222222222222,55.51111111111111,79.62222222222222,0.0,1,2739.0,0.886934850067446,False
early_displaced,3792,24.510956,,False,,57.18279569892473,81.65591397849462,57.18279569892473,81.65591397849462,0.0,1,2708.0,0.884318569754335,False
early_displaced,3793,24.515964,,False,,60.390804597701155,86.19540229885058,60.39080459770115,86.19540229885058,7.105427357601002e-15,1,2712.5,0.887983437269581,False
early_displaced,3794,24.520973,,False,,61.45652173913044,86.15217391304348,61.45652173913044,86.15217391304348,0.0,1,2728.0,0.880303389759297,False
early_displaced,3795,24.525981,,False,,59.88636363636363,83.13636363636364,59.88636363636363,83.13636363636364,0.0,1,2701.0,0.8895299142711048,False
early_displaced,3796,24.53099,,False,,66.20652173913044,84.34782608695652,66.20652173913044,84.34782608695652,0.0,1,2732.0,0.8815941614534352,False
early_displaced,3797,24.535998,,False,,67.78260869565217,81.3695652173913,67.78260869565217,81.3695652173913,0.0,1,2740.0,0.8841756877873418,False
early_displaced,3798,24.541007,,False,,66.69047619047619,78.69047619047619,66.69047619047619,78.69047619047619,0.0,1,2761.0,0.8940588269309018,False
early_displaced,3799,24.546016,,False,,69.6923076923077,78.6043956043956,69.6923076923077,78.6043956043956,0.0,1,2773.5,0.8853491928522238,False
early_displaced,3800,24.551024,,False,,75.29545454545455,78.02272727272727,75.29545454545455,78.02272727272727,0.0,1,2839.0,0.8934755631130211,False
early_displaced,3801,24.556033,,False,,76.56164383561644,76.1917808219178,76.56164383561644,76.1917808219178,0.0,1,2848.0,0.903786286090769,False
early_displaced,3802,24.561041,,False,,78.65217391304348,67.19565217391305,78.65217391304348,67.19565217391305,0.0,1,2813.0,0.8852929750046273,False
early_displaced,3803,24.56605,,False,,75.98958333333333,63.447916666666664,75.98958333333333,63.447916666666664,0.0,1,2733.5,0.8799130355927469,False
early_displaced,3804,24.571058,,False,,70.83333333333333,62.67777777777778,70.83333333333333,62.67777777777778,0.0,1,2726.5,0.8850660879167462,False
early_displaced,3805,24.576067,,False,,73.60227272727273,58.94318181818182,73.60227272727273,58.94318181818182,0.0,1,2754.5,0.8866729319425276,False
early_displaced,3806,24.581076,,False,,69.0875,58.2625,69.0875,58.2625,0.0,1,2736.5,0.8989865041723486,False
early_displaced,3807,24.586084,,False,,68.45121951219512,57.890243902439025,68.45121951219512,57.890243902439025,0.0,1,2744.5,0.9016146437901326,False
early_displaced,3808,24.591093,,False,,68.58333333333333,57.51190476190476,68.58333333333333,57.51190476190476,0.0,1,2737.5,0.891744644903409,False
early_displaced,3809,24.596101,,False,,60.903225806451616,60.903225806451616,60.903225806451616,60.903225806451616,0.0,1,2685.0,0.8842605850513994,False
early_displaced,3810,24.60111,,False,,60.53125,65.15625,60.53125,65.15625,0.0,1,2711.5,0.88019684054794,False
early_displaced,3811,24.606118,,False,,57.29333333333334,68.97333333333333,57.29333333333334,68.97333333333333,0.0,1,2744.5,0.9016146404928493,False
early_displaced,3812,24.611127,,False,,56.69767441860465,70.04651162790698,56.69767441860465,70.04651162790698,0.0,1,2735.0,0.8856395883715127,False
early_displaced,3813,24.616136,,False,,58.63953488372093,72.33720930232556,58.63953488372093,72.33720930232558,1.4210854715202004e-14,1,2727.5,0.8928939469299005,False
early_displaced,3814,24.621144,,False,,55.78888888888889,74.3,55.78888888888889,74.3,0.0,1,2726.5,0.8850660900617396,False
early_displaced,3815,24.626153,,False,,57.35294117647059,75.84705882352941,57.35294117647059,75.84705882352941,0.0,1,2731.0,0.8918294028082902,False
early_displaced,3816,24.631161,,False,,56.13414634146341,77.59756097560977,56.13414634146341,77.59756097560975,1.4210854715202004e-14,1,2723.5,0.8947157898909854,False
early_displaced,3817,24.63617,,False,,58.61538461538461,75.33333333333333,58.61538461538461,75.33333333333333,0.0,1,2722.0,0.896445917693686,False
early_displaced,3818,24.641178,,False,,56.20238095238095,77.13095238095238,56.20238095238095,77.13095238095238,0.0,1,2744.5,0.894024907353105,False
early_displaced,3819,24.646187,,False,,55.4125,79.8375,55.4125,79.8375,0.0,1,2710.5,0.8904450679592125,False
early_displaced,3820,24.651195,,False,,57.08641975308642,79.03703703703704,57.08641975308642,79.03703703703704,0.0,1,2727.5,0.896029847679121,False
early_displaced,3821,24.656204,,False,,57.2247191011236,80.01123595505618,57.2247191011236,80.01123595505618,0.0,1,2695.0,0.887553921646993,False
early_displaced,3822,24.661213,,False,,55.90277777777778,75.09722222222223,55.90277777777778,75.09722222222223,0.0,1,2681.5,0.9069607470519511,False
early_displaced,3823,24.666221,,False,,53.94047619047619,81.05952380952381,53.94047619047619,81.05952380952381,0.0,1,2676.5,0.8943644465429103,False
early_displaced,3824,24.67123,,False,,53.97674418604651,81.97674418604652,53.97674418604651,81.97674418604652,0.0,1,2649.0,0.8905472356163016,False
early_displaced,3825,24.676238,,False,,51.79207920792079,82.93069306930693,51.79207920792079,82.93069306930693,0.0,1,2685.5,0.8717568223804263,False
early_displaced,3826,24.681247,,False,,53.417582417582416,82.74725274725276,53.417582417582416,82.74725274725274,1.4210854715202004e-14,1,2686.5,0.8794718898882017,False
early_displaced,3827,24.686255,,False,,55.03260869565218,82.90217391304348,55.03260869565217,82.90217391304348,7.105427357601002e-15,1,2685.5,0.8866265406866892,False
early_displaced,3828,24.691264,,False,,56.47115384615385,80.70192307692308,56.47115384615385,80.70192307692308,0.0,1,2715.5,0.8741188438577565,False
early_displaced,3829,24.696273,,False,,54.73863636363637,80.64772727272727,54.73863636363637,80.64772727272727,0.0,1,2699.5,0.891248682855668,False
early_displaced,3830,24.701281,,False,,53.895833333333336,82.1875,53.895833333333336,82.1875,0.0,1,2682.0,0.8758280739509783,False
early_displaced,3831,24.70629,,False,,53.18292682926829,79.91463414634147,53.18292682926829,79.91463414634147,0.0,1,2672.5,0.8930278297494981,False
early_displaced,3832,24.711298,,False,,49.02325581395349,84.3953488372093,49.02325581395349,84.3953488372093,0.0,1,2657.0,0.8856308184538045,False
early_displaced,3833,24.716307,,False,,49.72727272727273,79.4090909090909,49.72727272727273,79.4090909090909,0.0,1,2691.0,0.8818495553241881,False
early_displaced,3834,24.721315,,False,,48.0,78.51851851851852,48.0,78.51851851851852,0.0,1,2715.0,0.8897144321349508,False
early_displaced,3835,24.726324,,False,,46.93975903614458,77.18072289156626,46.93975903614458,77.18072289156626,0.0,1,2698.0,0.8916719213880373,False
early_displaced,3836,24.731333,,False,,48.404761904761905,75.85714285714286,48.404761904761905,75.85714285714286,0.0,1,2711.0,0.8884036135670286,False
early_displaced,3837,24.736341,,False,,49.593023255813954,75.73255813953487,49.593023255813954,75.73255813953489,1.4210854715202004e-14,1,2716.5,0.8924161672067136,False
early_displaced,3838,24.74135,,False,,49.51315789473684,77.98684210526316,49.51315789473684,77.98684210526316,0.0,1,2714.5,0.8993618995031454,False
early_displaced,3839,24.746358,,False,,52.05434782608695,79.46739130434783,52.05434782608695,79.46739130434783,0.0,1,2724.5,0.8844168533596702,False
early_displaced,3840,24.751367,,False,,57.13953488372093,82.69767441860466,57.13953488372093,82.69767441860465,1.4210854715202004e-14,1,2712.0,0.8931525887543352,False
early_displaced,3841,24.756375,,False,,57.477777777777774,82.18888888888888,57.477777777777774,82.18888888888888,0.0,1,2731.5,0.8866891721742771,False
early_displaced,3842,24.761384,,False,,58.36842105263158,86.02631578947368,58.36842105263158,86.02631578947368,0.0,1,2734.0,0.9003979169729284,False
early_displaced,3843,24.766392,,False,,69.01098901098901,78.97802197802197,69.01098901098901,78.97802197802197,0.0,1,2754.0,0.8812786181973484,False
early_displaced,3844,24.771401,,False,,66.64634146341463,78.42682926829268,66.64634146341463,78.42682926829268,0.0,1,2790.5,0.8982613303683462,False
early_displaced,3845,24.77641,,False,,77.68235294117648,73.75294117647059,77.68235294117648,73.75294117647059,0.0,1,2748.0,0.8898492011996093,False
early_displaced,3846,24.781418,,False,,76.84146341463415,67.76829268292683,76.84146341463415,67.76829268292683,0.0,1,2761.5,0.8964276529832004,False
early_displaced,3847,24.786427,,False,,67.79729729729729,68.17567567567568,67.79729729729729,68.17567567567568,0.0,1,2750.5,0.903585735302324,False
early_displaced,3848,24.791435,,False,,67.05681818181819,65.55681818181819,67.05681818181819,65.55681818181819,0.0,1,2701.5,0.8950547770596541,False
early_displaced,3849,24.796444,,False,,56.46341463414634,66.0,56.46341463414634,66.0,0.0,1,2690.0,0.8966303831270058,False
early_displaced,3850,24.801452,,False,,60.15,68.7,60.15,68.7,0.0,1,2713.0,0.9042967351210923,False
early_displaced,3851,24.806461,,False,,55.989583333333336,66.38541666666667,55.989583333333336,66.38541666666667,0.0,1,2701.5,0.8800175920389259,False
early_displaced,3852,24.81147,,False,,55.40243902439025,69.57317073170732,55.40243902439025,69.57317073170732,0.0,1,2690.5,0.8914102801343061,False
early_displaced,3853,24.816478,,False,,52.81395348837209,68.76744186046511,52.81395348837209,68.76744186046511,0.0,1,2713.0,0.8934819223047609,False
early_displaced,3854,24.821487,,False,,53.833333333333336,67.0952380952381,53.833333333333336,67.0952380952381,0.0,1,2719.0,0.8954579214214247,False
early_displaced,3855,24.826495,,False,,55.15555555555556,72.17777777777778,55.15555555555556,72.17777777777778,0.0,1,2690.0,0.8859072430759548,False
early_displaced,3856,24.831504,,False,,58.30769230769231,73.49450549450549,58.30769230769231,73.49450549450549,0.0,1,2726.5,0.8850660857717528,False
early_displaced,3857,24.836512,,False,,55.380434782608695,77.77173913043478,55.380434782608695,77.77173913043478,0.0,1,2717.5,0.8896202752637964,False
early_displaced,3858,24.841521,,False,,59.9625,76.7875,59.9625,76.7875,0.0,1,2723.5,0.8947157833468788,False
early_displaced,3859,24.84653,,False,,58.02272727272727,78.36363636363636,58.02272727272727,78.36363636363636,0.0,1,2748.0,0.897380880272475,False
early_displaced,3860,24.851538,,False,,58.611111111111114,86.3,58.611111111111114,86.3,0.0,1,2707.5,0.8894595096576426,False
early_displaced,3861,24.856547,,False,,60.3,85.72222222222223,60.3,85.72222222222223,0.0,1,2703.5,0.8881454431360217,False
early_displaced,3862,24.861555,,False,,66.79761904761905,83.48809523809526,66.79761904761905,83.48809523809524,1.4210854715202004e-14,1,2751.5,0.8931814898404561,False
early_displaced,3863,24.866564,,False,,67.6219512195122,75.57317073170732,67.6219512195122,75.57317073170732,0.0,1,2773.5,0.9003230507286506,False
early_displaced,3864,24.871572,,False,,68.63095238095238,75.70238095238095,68.63095238095238,75.70238095238095,0.0,1,2799.5,0.8936488363150512,False
early_displaced,3865,24.876581,,False,,67.52439024390245,77.3048780487805,67.52439024390245,77.3048780487805,0.0,1,2775.5,0.8934328250743346,False
early_displaced,3866,24.881589,,False,,71.05952380952381,78.46428571428571,71.05952380952381,78.46428571428571,0.0,1,2767.5,0.8908576354755054,False
early_displaced,3867,24.886598,,False,,69.34782608695652,71.17391304347827,69.34782608695652,71.17391304347827,0.0,1,2742.0,0.8848210725700723,False
early_displaced,3868,24.891607,,False,,70.77272727272727,69.13636363636364,70.77272727272727,69.13636363636364,0.0,1,2693.0,0.8868952512962481,False
early_displaced,3869,24.896615,,False,,74.63157894736844,65.10526315789474,74.63157894736842,65.10526315789474,1.4210854715202004e-14,1,2703.0,0.9009635366871775,False
early_displaced,3870,24.901624,,False,,67.85227272727273,60.375,67.85227272727273,60.375,0.0,1,2690.5,0.8914102823168607,False
early_displaced,3871,24.906632,,False,,63.55128205128205,56.34615384615385,63.55128205128205,56.34615384615385,0.0,1,2681.5,0.8992147091659081,False
early_displaced,3872,24.911641,,False,,63.319148936170215,58.92553191489362,63.319148936170215,58.92553191489362,0.0,1,2670.5,0.8773043918041236,False
early_displaced,3873,24.916649,,False,,61.96590909090909,65.14772727272727,61.96590909090909,65.14772727272727,0.0,1,2663.5,0.8900204460556682,False
early_displaced,3874,24.921658,,False,,62.89247311827957,60.73118279569893,62.89247311827957,60.73118279569893,0.0,1,2683.5,0.8815751126291932,False
early_displaced,3875,24.926667,,False,,58.84705882352941,61.67058823529412,58.84705882352941,61.67058823529412,0.0,1,2676.0,0.8919638910583629,False
early_displaced,3876,24.931675,,False,,57.19230769230769,68.34615384615384,57.19230769230769,68.34615384615384,0.0,1,2707.5,0.8970426854793412,False
early_displaced,3877,24.936684,,False,,56.61842105263158,68.61842105263158,56.61842105263158,68.61842105263158,0.0,1,2742.5,0.9009576033918166,False
early_displaced,3878,24.941692,,False,,57.357894736842105,73.52631578947368,57.357894736842105,73.52631578947368,0.0,1,2692.0,0.8790936468114267,False
early_displaced,3879,24.946701,,False,,61.28048780487805,75.98780487804878,61.28048780487805,75.98780487804878,0.0,1,2704.5,0.8884739687021002,False
early_displaced,3880,24.951709,,False,,64.4125,76.6625,64.4125,76.6625,0.0,1,2731.5,0.8973439130956402,False
early_displaced,3881,24.956718,,False,,66.86046511627907,74.48837209302326,66.86046511627907,74.48837209302326,0.0,1,2728.0,0.890849731517715,False
early_displaced,3882,24.961727,,False,,72.36046511627907,69.75581395348837,72.36046511627907,69.75581395348837,0.0,1,2677.5,0.8946986098156011,False
early_displaced,3883,24.966735,,False,,69.65853658536585,68.51219512195122,69.65853658536585,68.51219512195122,0.0,1,2716.0,0.8944699240477771,False
early_displaced,3884,24.971744,,False,,67.12790697674419,62.47674418604651,67.12790697674419,62.47674418604651,0.0,1,2640.5,0.8854657538997637,False
early_displaced,3885,24.976752,,False,,60.7,67.04285714285714,60.7,67.04285714285714,0.0,1,2636.5,0.8994553513320959,False
early_displaced,3886,24.981761,,False,,59.36904761904762,72.8452380952381,59.36904761904762,72.8452380952381,0.0,1,2643.5,0.8941080605957643,False
early_displaced,3887,24.986769,,False,,67.57777777777778,75.93333333333334,67.57777777777778,75.93333333333334,0.0,1,2715.0,0.8866044830972956,False
early_displaced,3888,24.991778,,False,,72.93333333333334,76.26666666666667,72.93333333333334,76.26666666666667,0.0,1,2693.0,0.897630321720154,False
early_displaced,3889,24.996787,,False,,75.81521739130436,67.31521739130434,75.81521739130434,67.31521739130434,1.4210854715202004e-14,1,2690.5,0.8838747298816682,False
early_displaced,3890,25.001795,,False,,69.85714285714286,64.07142857142857,69.85714285714286,64.07142857142857,0.0,1,2633.0,0.8959943468365045,False
early_displaced,3891,25.006804,,False,,66.31764705882352,64.34117647058824,66.31764705882352,64.34117647058824,0.0,1,2623.5,0.8873434795796136,False
early_displaced,3892,25.011812,,False,,59.416666666666664,66.55952380952381,59.416666666666664,66.55952380952381,0.0,1,2647.5,0.8954609728176204,False
early_displaced,3893,25.016821,,False,,58.58974358974359,68.28205128205128,58.58974358974359,68.28205128205128,0.0,1,2670.0,0.9085852294043179,False
early_displaced,3894,25.021829,,False,,57.42045454545455,68.44318181818181,57.42045454545455,68.44318181818181,0.0,1,2689.5,0.891078966794714,False
early_displaced,3895,25.026838,,False,,56.333333333333336,68.50617283950618,56.333333333333336,68.50617283950618,0.0,1,2677.5,0.8946986054156731,False
early_displaced,3896,25.031846,,False,,56.77906976744186,69.63953488372093,56.77906976744186,69.63953488372093,0.0,1,2696.5,0.8933981819779371,False
early_displaced,3897,25.036855,,False,,55.55434782608695,69.40217391304348,55.55434782608695,69.40217391304348,0.0,1,2719.5,0.8858811195465273,False
early_displaced,3898,25.041864,,False,,57.08888888888889,73.68888888888888,57.08888888888889,73.68888888888888,0.0,1,2687.0,0.8849192489136121,False
early_displaced,3899,25.046872,,False,,56.46511627906977,77.48837209302326,56.46511627906977,77.48837209302326,0.0,1,2716.0,0.8944699251395162,False
early_displaced,3900,25.051881,,False,,59.68292682926829,75.7560975609756,59.68292682926829,75.7560975609756,0.0,1,2728.0,0.8984219189817688,False
early_displaced,3901,25.056889,,False,,59.32941176470588,77.29411764705883,59.32941176470588,77.29411764705883,0.0,1,2750.0,0.8904968341838693,False
early_displaced,3902,25.061898,,False,,55.65384615384615,74.85897435897436,55.65384615384615,74.85897435897436,0.0,1,2761.5,0.8995626670427859,False
early_displaced,3903,25.066906,,False,,62.02325581395349,66.79069767441861,62.02325581395349,66.79069767441861,0.0,1,2693.5,0.8848602805932997,False
early_displaced,3904,25.071915,,False,,67.14285714285714,67.85714285714286,67.14285714285714,67.85714285714286,0.0,1,2640.0,0.8951765670074179,False
early_displaced,3905,25.076924,,False,,62.35365853658536,67.01219512195122,62.353658536585364,67.01219512195122,7.105427357601002e-15,1,2639.5,0.8927551516766598,False
early_displaced,3906,25.081932,,False,,57.47674418604651,77.05813953488372,57.47674418604651,77.05813953488372,0.0,1,2589.5,0.8865885329240704,False
early_displaced,3907,25.086941,,False,,56.81707317073171,86.64634146341463,56.81707317073171,86.64634146341463,0.0,1,2578.5,0.8905071337788317,False
early_displaced,3908,25.091949,,False,,68.72619047619048,87.79761904761905,68.72619047619048,87.79761904761905,0.0,1,2604.5,0.8917242103192541,False
early_displaced,3909,25.096958,,False,,74.15853658536585,87.76829268292683,74.15853658536585,87.76829268292683,0.0,1,2638.5,0.8924169117495221,False
early_displaced,3910,25.101966,,False,,80.54545454545455,79.60606060606061,80.54545454545455,79.60606060606061,0.0,1,2711.5,0.8728312436973832,False
early_displaced,3911,25.106975,,False,,78.77777777777777,78.31111111111112,78.77777777777777,78.31111111111112,0.0,1,2746.0,0.8892015692899623,False
early_displaced,3912,25.111984,,False,,77.33720930232556,75.1046511627907,77.33720930232558,75.1046511627907,1.4210854715202004e-14,1,2782.5,0.8956861310639344,False
early_displaced,3913,25.116992,,False,,75.025,70.3,75.025,70.3,0.0,1,2770.0,0.8969731834808082,False
early_displaced,3914,25.122001,,False,,67.6046511627907,68.51162790697674,67.6046511627907,68.51162790697674,0.0,1,2728.0,0.8939745727270598,False
early_displaced,3915,25.127009,,False,,64.09302325581395,69.83720930232558,64.09302325581395,69.83720930232558,0.0,1,2674.0,0.8912972579455322,False
early_displaced,3916,25.132018,,False,,62.69767441860465,76.16279069767444,62.69767441860465,76.16279069767442,1.4210854715202004e-14,1,2676.0,0.8844010628129535,False
early_displaced,3917,25.137026,,False,,66.94444444444444,82.18888888888888,66.94444444444444,82.18888888888888,0.0,1,2682.5,0.8887597406857383,False
early_displaced,3918,25.142035,,False,,76.5125,78.4875,76.5125,78.4875,0.0,1,2696.5,0.8933981918213354,False
early_displaced,3919,25.147043,,False,,77.83544303797468,78.10126582278481,77.83544303797468,78.10126582278481,0.0,1,2723.0,0.8967752512416997,False
early_displaced,3920,25.152052,,False,,78.93478260869564,74.97826086956522,78.93478260869566,74.97826086956522,1.4210854715202004e-14,1,2718.0,0.887584153323002,False
early_displaced,3921,25.157061,,False,,77.09302325581395,78.20930232558139,77.09302325581395,78.20930232558139,0.0,1,2779.0,0.8923663708908729,False
early_displaced,3922,25.162069,,False,,76.71604938271605,77.66666666666667,76.71604938271605,77.66666666666667,0.0,1,2823.5,0.8938303545552404,False
early_displaced,3923,25.167078,,False,,77.69767441860466,79.09302325581395,77.69767441860465,79.09302325581395,1.4210854715202004e-14,1,2819.0,0.8945834125017601,False
early_displaced,3924,25.172086,,False,,80.44186046511628,76.29069767441861,80.44186046511628,76.29069767441861,0.0,1,2817.0,0.8865518398385352,False
early_displaced,3925,25.177095,,False,,79.29069767441861,74.54651162790698,79.29069767441861,74.54651162790698,0.0,1,2829.5,0.8926523049054157,False
early_displaced,3926,25.182103,,False,,84.1595744680851,73.54255319148936,84.15957446808511,73.54255319148936,1.4210854715202004e-14,1,2800.5,0.8835033680465159,False
early_displaced,3927,25.187112,,False,,86.33333333333333,67.55555555555556,86.33333333333333,67.55555555555556,0.0,1,2782.0,0.8902385945089258,False
early_displaced,3928,25.192121,,False,,82.51685393258427,66.69662921348315,82.51685393258427,66.69662921348315,0.0,1,2748.5,0.8847415418296796,False
early_displaced,3929,25.197129,,False,,84.42391304347827,68.05434782608695,84.42391304347827,68.05434782608695,0.0,1,2762.5,0.8892481301474797,False
early_displaced,3930,25.202138,,False,,84.9888888888889,76.05555555555556,84.9888888888889,76.05555555555556,0.0,1,2771.5,0.8921452292045927,False
early_displaced,3931,25.207146,,False,,83.92941176470588,75.08235294117647,83.92941176470588,75.08235294117647,0.0,1,2769.5,0.8915014275010471,False
early_displaced,3932,25.212155,,False,,82.56818181818181,78.29545454545455,82.56818181818181,78.29545454545455,0.0,1,2749.0,0.8901730236173961,False
early_displaced,3933,25.217163,11.0,True,0.0,82.96296296296296,76.49382716049382,82.96296296296296,76.49382716049382,0.0,1,2731.0,0.8918294028082902,False
early_displaced,3934,25.222172,,True,0.0,79.98850574712644,79.22988505747126,79.98850574712644,79.22988505747126,0.0,1,2767.5,0.8908576301005631,False
early_displaced,3935,25.227181,,True,0.0,77.94505494505495,76.56043956043956,77.94505494505495,76.56043956043956,0.0,1,2781.5,0.8879029206153294,False
early_displaced,3936,25.232189,,True,0.0,78.37777777777778,76.57777777777778,78.37777777777778,76.57777777777778,0.0,1,2764.5,0.8824762275716914,False
early_displaced,3937,25.237198,,True,0.0,77.6875,76.0375,77.6875,76.0375,0.0,1,2788.5,0.905192292740087,False
early_displaced,3938,25.242206,,True,0.0,79.0125,77.5875,79.0125,77.5875,0.0,1,2805.5,0.903089828127339,False
early_displaced,3939,25.247215,,True,0.0,77.61538461538461,77.93406593406591,77.61538461538461,77.93406593406593,1.4210854715202004e-14,1,2828.0,0.8869648053157951,False
early_displaced,3940,25.252223,,True,0.0,81.55813953488372,76.86046511627907,81.55813953488372,76.86046511627907,0.0,1,2827.0,0.8866511674827183,False
early_displaced,3941,25.257232,12.0,True,0.0,87.35227272727273,74.42045454545455,87.35227272727273,74.42045454545455,0.0,1,2850.5,0.891858114672663,False
early_displaced,3942,25.262241,,True,0.0,87.62068965517241,70.20689655172414,87.62068965517241,70.20689655172414,0.0,1,2846.0,0.8956785662506824,False
early_displaced,3943,25.267249,,True,0.0,81.42682926829268,65.79268292682927,81.42682926829268,65.79268292682927,0.0,1,2822.5,0.890443941899748,False
early_displaced,3944,25.272258,,True,0.0,78.36363636363636,67.9090909090909,78.36363636363636,67.9090909090909,0.0,1,2791.0,0.8931185942601699,False
early_displaced,3945,25.277266,,True,0.0,78.18604651162791,65.51162790697674,78.18604651162791,65.51162790697674,0.0,1,2796.0,0.8947185938947375,False
early_displaced,3946,25.282275,,True,0.0,76.125,62.395833333333336,76.125,62.395833333333336,0.0,1,2765.0,0.8847986116136448,False
early_displaced,3947,25.287283,,True,0.0,74.28888888888889,61.06666666666667,74.28888888888889,61.06666666666667,0.0,1,2784.0,0.890878599929524,False
early_displaced,3948,25.292292,,True,0.0,76.44047619047619,58.214285714285715,76.44047619047619,58.214285714285715,0.0,1,2755.0,0.8846597206391639,False
early_displaced,3949,25.2973,13.0,True,0.0,65.3896103896104,56.142857142857146,65.3896103896104,56.142857142857146,0.0,1,2709.0,0.9029634468774799,False
early_displaced,3950,25.302309,,True,0.0,59.36363636363637,63.75,59.36363636363637,63.75,0.0,1,2662.0,0.8872974209290879,False
early_displaced,3951,25.307318,,True,0.0,58.0,66.52631578947368,58.0,66.52631578947368,0.0,1,2687.0,0.9033221643067005,False
early_displaced,3952,25.312326,,True,0.0,62.910891089108915,71.5049504950495,62.91089108910891,71.5049504950495,7.105427357601002e-15,1,2691.0,0.8683637930961665,False
early_displaced,3953,25.317335,,True,0.0,70.46666666666667,71.4888888888889,70.46666666666667,71.4888888888889,0.0,1,2688.0,0.8852485781416993,False
early_displaced,3954,25.322343,,True,0.0,78.11904761904762,67.42857142857143,78.11904761904762,67.42857142857143,0.0,1,2689.0,0.8962970577791268,False
early_displaced,3955,25.327352,,True,0.0,74.70114942528735,66.47126436781609,74.70114942528735,66.47126436781609,0.0,1,2682.0,0.8863840205021025,False
early_displaced,3956,25.33236,,True,0.0,72.39024390243902,68.07317073170732,72.39024390243902,68.07317073170732,0.0,1,2692.0,0.8972970106972855,False
early_displaced,3957,25.337369,14.0,True,0.0,68.67441860465117,66.0,68.67441860465117,66.0,0.0,1,2681.0,0.8936304902569024,False
early_displaced,3958,25.342378,,True,0.0,63.285714285714285,66.9047619047619,63.285714285714285,66.9047619047619,0.0,1,2667.0,0.8889640266913476,False
early_displaced,3959,25.347386,,True,0.0,67.2289156626506,77.36144578313252,67.2289156626506,77.36144578313252,0.0,1,2694.5,0.8927355553182215,False
early_displaced,3960,25.352395,,True,0.0,77.47727272727273,70.61363636363636,77.47727272727273,70.61363636363636,0.0,1,2674.0,0.8912972513789471,False
early_displaced,3961,25.357403,,True,0.0,77.4186046511628,59.76744186046512,77.4186046511628,59.76744186046512,0.0,1,2598.0,0.8917561775879025,False
early_displaced,3962,25.362412,,True,0.0,68.03529411764706,55.8,68.03529411764706,55.8,0.0,1,2523.0,0.8876192815130886,False
early_displaced,3963,25.36742,,True,0.0,57.56666666666667,54.12222222222222,57.56666666666667,54.12222222222222,0.0,1,2490.5,0.8784395341244606,False
early_displaced,3964,25.372429,,True,0.0,56.916666666666664,56.20238095238095,56.916666666666664,56.20238095238095,0.0,1,2529.5,0.892195464514962,False
early_displaced,3965,25.377438,15.0,True,0.0,50.73913043478261,65.6304347826087,50.73913043478261,65.6304347826087,0.0,1,2612.0,0.8856822810535736,False
early_displaced,3966,25.382446,,False,,58.32978723404256,76.54255319148936,58.329787234042556,76.54255319148936,7.105427357601002e-15,1,2695.5,0.885517313321583,False
early_displaced,3967,25.387455,,False,,65.45744680851064,75.54255319148936,65.45744680851064,75.54255319148936,0.0,1,2724.5,0.8844168512162504,False
early_displaced,3968,25.392463,,False,,64.84615384615384,66.56410256410257,64.84615384615384,66.56410256410257,0.0,1,2608.0,0.8951886482876403,False
early_displaced,3969,25.397472,,False,,58.73684210526316,66.76315789473684,58.73684210526316,66.76315789473684,0.0,1,2638.0,0.8976958173014427,False
early_displaced,3970,25.40248,,False,,55.747126436781606,75.35632183908046,55.747126436781606,75.35632183908046,0.0,1,2634.0,0.8855044971038298,False
early_displaced,3971,25.407489,,False,,58.21590909090909,75.48863636363636,58.21590909090909,75.48863636363636,0.0,1,2648.5,0.8957992094587411,False
early_displaced,3972,25.412497,,False,,58.16279069767442,77.83720930232556,58.16279069767442,77.83720930232558,1.4210854715202004e-14,1,2674.0,0.8912972557566705,False
early_displaced,3973,25.417506,,False,,59.6025641025641,77.98717948717949,59.6025641025641,77.98717948717949,0.0,1,2688.5,0.8907476403662836,False
early_displaced,3974,25.422515,,False,,61.2289156626506,79.92771084337349,61.2289156626506,79.92771084337349,0.0,1,2677.0,0.8922972218546579,False
early_displaced,3975,25.427523,,False,,66.03658536585365,82.42682926829268,66.03658536585365,82.42682926829268,0.0,1,2699.5,0.8943921317975239,False
early_displaced,3976,25.432532,,False,,69.34782608695652,79.93478260869564,69.34782608695652,79.93478260869566,1.4210854715202004e-14,1,2719.0,0.8804585094316852,False
early_displaced,3977,25.43754,,False,,67.80246913580247,78.49382716049382,67.80246913580247,78.49382716049382,0.0,1,2738.0,0.8972516012486066,False
early_displaced,3978,25.442549,,False,,73.44680851063829,77.06382978723404,73.44680851063829,77.06382978723404,0.0,1,2724.0,0.882077596725743,False
early_displaced,3979,25.447557,,False,,75.26136363636364,70.80681818181819,75.26136363636364,70.80681818181819,0.0,1,2702.5,0.8878169316459203,False
early_displaced,3980,25.452566,,False,,70.89024390243902,67.01219512195122,70.89024390243902,67.01219512195122,0.0,1,2684.5,0.8894223706493005,False
early_displaced,3981,25.457575,,False,,71.0945945945946,66.52702702702703,71.0945945945946,66.52702702702703,0.0,1,2715.5,0.8996932216098662,False
early_displaced,3982,25.462583,,False,,73.56470588235294,67.61176470588235,73.56470588235294,67.61176470588235,0.0,1,2703.0,0.8901885878870182,False
early_displaced,3983,25.467592,,False,,69.425,62.25,69.425,62.25,0.0,1,2684.0,0.8946304596627392,False
early_displaced,3984,25.4726,,False,,66.95,70.45,66.95,70.45,0.0,1,2721.0,0.8992732779947857,False
early_displaced,3985,25.477609,,False,,72.1219512195122,76.90243902439023,72.1219512195122,76.90243902439025,1.4210854715202004e-14,1,2678.0,0.8926305340259828,False
early_displaced,3986,25.482617,,False,,78.54545454545455,68.68181818181819,78.54545454545455,68.68181818181819,0.0,1,2658.0,0.8935728685980002,False
early_displaced,3987,25.487626,,False,,80.17441860465117,63.15116279069768,80.17441860465117,63.151162790697676,7.105427357601002e-15,1,2588.5,0.8907530637741102,False
early_displaced,3988,25.492635,,False,,77.9120879120879,55.527472527472526,77.91208791208791,55.527472527472526,1.4210854715202004e-14,1,2540.0,0.8826234446832204,False
early_displaced,3989,25.497643,,False,,73.9375,48.7375,73.9375,48.7375,0.0,1,2525.5,0.8907845999733294,False
early_displaced,3990,25.502652,,False,,66.8974358974359,49.333333333333336,66.8974358974359,49.333333333333336,0.0,1,2517.0,0.893322712004882,False
early_displaced,3991,25.50766,,False,,57.34782608695652,56.78260869565218,57.34782608695652,56.78260869565217,7.105427357601002e-15,1,2578.0,0.8880737226184829,False
early_displaced,3992,25.512669,,False,,55.56521739130435,67.1086956521739,55.56521739130435,67.1086956521739,0.0,1,2645.0,0.8816309771099795,False
early_displaced,3993,25.517677,,False,,56.6,68.05,56.6,68.05,0.0,1,2701.0,0.9002968992113576,False
early_displaced,3994,25.522686,,False,,58.023809523809526,77.45238095238095,58.023809523809526,77.45238095238095,0.0,1,2702.0,0.9006302091025503,False
early_displaced,3995,25.527694,,False,,67.5,78.92222222222222,67.5,78.92222222222222,0.0,1,2714.5,0.888638173763965,False
early_displaced,3996,25.532703,,False,,70.45121951219512,76.96341463414635,70.45121951219512,76.96341463414635,0.0,1,2734.5,0.8983294692719075,False
early_displaced,3997,25.537712,,False,,69.53658536585365,69.63414634146342,69.53658536585365,69.63414634146342,0.0,1,2711.0,0.8959683445741893,False
early_displaced,3998,25.54272,,False,,68.31521739130434,66.44565217391305,68.31521739130434,66.44565217391305,0.0,1,2682.5,0.8812465935763852,False
early_displaced,3999,25.547729,,False,,65.03191489361703,63.56382978723404,65.03191489361703,63.56382978723404,0.0,1,2641.5,0.8826690432492618,False
early_displaced,4000,25.552737,,False,,61.34736842105263,68.65263157894736,61.34736842105263,68.65263157894736,0.0,1,2683.0,0.8761546232522958,False
early_displaced,4001,25.557746,,False,,66.19767441860465,74.73255813953487,66.19767441860465,74.73255813953489,1.4210854715202004e-14,1,2700.5,0.894723453879097,False
early_displaced,4002,25.562754,,False,,72.02631578947368,70.07894736842105,72.02631578947368,70.07894736842105,0.0,1,2662.0,0.9026363806756267,False
early_displaced,4003,25.567763,,False,,76.4186046511628,64.30232558139535,76.4186046511628,64.30232558139535,0.0,1,2637.0,0.8941593264455197,False
early_displaced,4004,25.572772,,False,,74.66279069767444,64.98837209302326,74.66279069767442,64.98837209302326,1.4210854715202004e-14,1,2712.5,0.891102101766967,False
early_displaced,4005,25.57778,,False,,72.25274725274724,59.95604395604395,72.25274725274726,59.956043956043956,1.5888218580782548e-14,1,2675.0,0.8766062952016972,False
early_displaced,4006,25.582789,,False,,64.78947368421052,60.28947368421053,64.78947368421052,60.28947368421053,0.0,1,2650.0,0.901779339704337,False
early_displaced,4007,25.587797,,False,,60.464285714285715,65.86904761904762,60.464285714285715,65.86904761904762,0.0,1,2702.5,0.8878169381395677,False
early_displaced,4008,25.592806,,False,,58.825581395348834,69.36046511627907,58.825581395348834,69.36046511627907,0.0,1,2706.5,0.8891309992598273,False
early_displaced,4009,25.597814,,False,,57.235955056179776,70.52808988764045,57.235955056179776,70.52808988764045,0.0,1,2705.0,0.8908472539013559,False
early_displaced,4010,25.602823,,False,,57.2125,77.4625,57.2125,77.4625,0.0,1,2718.5,0.9006871714099841,False
early_displaced,4011,25.607832,,False,,66.9625,77.1875,66.9625,77.1875,0.0,1,2719.5,0.9010184935236,False
early_displaced,4012,25.61284,,False,,68.11688311688312,76.9090909090909,68.11688311688312,76.9090909090909,0.0,1,2740.5,0.9003005619056197,False
early_displaced,4013,25.617849,,False,,68.5,67.40697674418605,68.5,67.40697674418605,0.0,1,2711.5,0.8907735794336958,False
early_displaced,4014,25.622857,,False,,70.98863636363636,68.2840909090909,70.98863636363636,68.2840909090909,0.0,1,2674.5,0.8861092001394036,False
early_displaced,4015,25.627866,,False,,70.81012658227849,68.40506329113924,70.81012658227849,68.40506329113924,0.0,1,2701.5,0.895054778155393,False
early_displaced,4016,25.632874,,False,,67.56818181818181,65.5909090909091,67.56818181818181,65.5909090909091,0.0,1,2685.0,0.8873755036793477,False
early_displaced,4017,25.637883,,False,,68.6875,65.1125,68.6875,65.1125,0.0,1,2648.5,0.8957992083507119,False
early_displaced,4018,25.642892,,False,,64.20930232558139,67.13953488372093,64.20930232558139,67.13953488372093,0.0,1,2644.0,0.8888663256990409,False
early_displaced,4019,25.6479,,False,,57.70512820512821,67.32051282051282,57.705128205128204,67.32051282051282,7.105427357601002e-15,1,2669.5,0.9029020138698669,False
early_displaced,4020,25.652909,,False,,59.51315789473684,70.82894736842105,59.51315789473684,70.82894736842105,0.0,1,2662.5,0.9005344049774883,False
early_displaced,4021,25.657917,,False,,60.76744186046512,76.79069767441861,60.76744186046512,76.79069767441861,0.0,1,2673.0,0.8909639370093468,False
early_displaced,4022,25.662926,,False,,64.14772727272727,77.0340909090909,64.14772727272727,77.0340909090909,0.0,1,2684.5,0.8819036220080084,False
early_displaced,4023,25.667934,,False,,69.19565217391305,71.58695652173913,69.19565217391305,71.58695652173913,0.0,1,2676.0,0.8844010617316043,False
early_displaced,4024,25.672943,,False,,69.1025641025641,66.46153846153847,69.1025641025641,66.46153846153847,0.0,1,2676.0,0.8996241587888567,False
early_displaced,4025,25.677951,,False,,68.29268292682927,64.60975609756098,68.29268292682927,64.60975609756098,0.0,1,2645.0,0.9000778804192174,False
early_displaced,4026,25.68296,,False,,66.17857142857143,59.98809523809524,66.17857142857143,59.98809523809524,0.0,1,2594.5,0.8960328746373724,False
early_displaced,4027,25.687969,,False,,66.55813953488372,59.86046511627907,66.55813953488372,59.86046511627907,0.0,1,2609.0,0.8878272841987361,False
early_displaced,4028,25.692977,,False,,63.583333333333336,64.13095238095238,63.583333333333336,64.13095238095238,0.0,1,2632.5,0.8903875362398599,False
early_displaced,4029,25.697986,,False,,61.65853658536586,63.09756097560975,61.65853658536585,63.09756097560975,7.105427357601002e-15,1,2617.0,0.8905496358242333,False
early_displaced,4030,25.702994,,False,,57.50588235294118,62.32941176470588,57.50588235294118,62.32941176470588,0.0,1,2605.0,0.8864661034342314,False
early_displaced,4031,25.708003,,False,,55.92307692307692,69.33333333333333,55.92307692307692,69.33333333333333,0.0,1,2645.0,0.9000778681353495,False
early_displaced,4032,25.713011,,False,,57.5375,68.8625,57.5375,68.8625,0.0,1,2649.5,0.9038903717792918,False
early_displaced,4033,25.71802,,False,,55.96153846153846,70.35897435897436,55.96153846153846,70.35897435897436,0.0,1,2650.0,0.8940542102380724,False
early_displaced,4034,25.723029,,False,,52.81111111111111,71.25555555555556,52.81111111111111,71.25555555555556,0.0,1,2640.5,0.8823348909447573,False
early_displaced,4035,25.728037,,False,,51.25609756097561,76.67073170731707,51.25609756097561,76.67073170731707,0.0,1,2638.5,0.9001376670701401,False
early_displaced,4036,25.733046,,False,,48.34782608695652,72.54347826086956,48.34782608695652,72.54347826086956,0.0,1,2674.0,0.8837400754715387,False
early_displaced,4037,25.738054,,False,,46.84883720930232,70.0813953488372,46.848837209302324,70.0813953488372,7.105427357601002e-15,1,2673.5,0.888907554991297,False
early_displaced,4038,25.743063,,False,,50.19230769230769,77.16666666666667,50.19230769230769,77.16666666666667,0.0,1,2672.5,0.8961966463867657,False
early_displaced,4039,25.748071,,False,,49.609195402298845,80.80459770114942,49.60919540229885,80.80459770114942,7.105427357601002e-15,1,2673.5,0.8782899403744335,False
early_displaced,4040,25.75308,,False,,49.59756097560975,78.28048780487805,49.59756097560975,78.28048780487805,0.0,1,2668.5,0.8916912151453684,False
early_displaced,4041,25.758089,,False,,49.8375,79.1875,49.8375,79.1875,0.0,1,2690.5,0.8914102855906927,False
early_displaced,4042,25.763097,,False,,58.64772727272727,77.89772727272727,58.64772727272727,77.89772727272727,0.0,1,2705.5,0.8963800500699382,False
early_displaced,4043,25.768106,,False,,60.641304347826086,80.77173913043478,60.641304347826086,80.77173913043478,0.0,1,2721.5,0.8834430026004864,False
early_displaced,4044,25.773114,,False,,68.95238095238095,78.64285714285714,68.95238095238095,78.64285714285714,0.0,1,2770.0,0.8969731802240486,False
early_displaced,4045,25.778123,,False,,68.01315789473684,76.61842105263156,68.01315789473684,76.61842105263158,1.4210854715202004e-14,1,2742.5,0.9009576055884034,False
early_displaced,4046,25.783131,,False,,73.12087912087912,76.54945054945055,73.12087912087912,76.54945054945055,0.0,1,2732.5,0.8870137873074284,False
early_displaced,4047,25.78814,,False,,73.54651162790698,72.94186046511628,73.54651162790698,72.94186046511628,0.0,1,2685.5,0.8897536970651572,False
early_displaced,4048,25.793148,,False,,72.96666666666667,66.81111111111112,72.96666666666667,66.81111111111112,0.0,1,2705.5,0.8888024823563505,False
early_displaced,4049,25.798157,,False,,71.375,67.5,71.375,67.5,0.0,1,2669.0,0.8972708796283786,False
early_displaced,4050,25.803166,,False,,74.98529411764706,67.6029411764706,74.98529411764706,67.6029411764706,0.0,1,2665.5,0.9093488382973426,False
early_displaced,4051,25.808174,,False,,74.9054054054054,67.33783783783784,74.9054054054054,67.33783783783784,0.0,1,2685.5,0.9005560699105152,False
early_displaced,4052,25.813183,,False,,71.125,66.32954545454545,71.125,66.32954545454545,0.0,1,2675.5,0.8864405145881198,False
early_displaced,4053,25.818191,,False,,67.8804347826087,60.83695652173913,67.8804347826087,60.83695652173913,0.0,1,2610.5,0.8754055548709642,False
early_displaced,4054,25.8232,,False,,69.61111111111111,61.833333333333336,69.61111111111111,61.833333333333336,0.0,1,2605.5,0.8888795407403679,False
early_displaced,4055,25.828208,,False,,68.01136363636364,61.19318181818182,68.01136363636364,61.19318181818182,0.0,1,2633.5,0.8831183737046082,False
early_displaced,4056,25.833217,,False,,67.39583333333333,66.5,67.39583333333333,66.5,0.0,1,2669.0,0.8820876114320844,False
early_displaced,4057,25.838226,,False,,67.19767441860465,64.47674418604652,67.19767441860465,64.47674418604652,0.0,1,2662.5,0.8928432434297315,False
early_displaced,4058,25.843234,,False,,68.6046511627907,60.325581395348834,68.6046511627907,60.325581395348834,0.0,1,2673.0,0.8909639359153254,False
early_displaced,4059,25.848243,,False,,62.787234042553195,62.340425531914896,62.787234042553195,62.340425531914896,0.0,1,2654.0,0.8846308578435244,False
early_displaced,4060,25.853251,,False,,59.43333333333333,67.16666666666667,59.43333333333333,67.16666666666667,0.0,1,2685.5,0.8897536948866586,False
early_displaced,4061,25.85826,,False,,61.41304347826087,72.23913043478261,61.41304347826087,72.23913043478261,0.0,1,2658.0,0.8828409368711413,False
early_displaced,4062,25.863268,,False,,60.054054054054056,76.64864864864865,60.054054054054056,76.64864864864865,0.0,1,2654.0,0.90314052166873,False
early_displaced,4063,25.868277,,False,,63.97530864197531,75.96296296296296,63.97530864197531,75.96296296296296,0.0,1,2667.5,0.8913570617667639,False
rise_crossing,6549,38.319572,,False,,67.39473684210526,77.02631578947368,67.39473684210526,77.02631578947368,0.0,1,2514.0,0.8922579537244477,False
rise_crossing,6550,38.32458,,False,,65.71428571428571,76.11904761904762,65.71428571428571,76.11904761904762,0.0,1,2554.0,0.8952715035833987,False
rise_crossing,6551,38.329589,,False,,68.675,78.1,68.675,78.1,0.0,1,2569.0,0.900529548410496,False
rise_crossing,6552,38.334598,,False,,67.0,77.36585365853658,67.0,77.36585365853658,0.0,1,2566.0,0.8994779408137811,False
rise_crossing,6553,38.339606,,False,,68.2625,76.0625,68.2625,76.0625,0.0,1,2575.5,0.9004985445139124,False
rise_crossing,6554,38.344615,,False,,69.50649350649351,76.41558441558442,69.50649350649351,76.41558441558442,0.0,1,2553.5,0.892806466184707,False
rise_crossing,6555,38.349623,,False,,69.8125,67.1875,69.8125,67.1875,0.0,1,2503.5,0.9020393977282579,False
rise_crossing,6556,38.354632,,False,,62.46666666666667,66.24444444444444,62.46666666666667,66.24444444444444,0.0,1,2411.0,0.8787615064729235,False
rise_crossing,6557,38.35964,,False,,56.04938271604938,66.07407407407408,56.04938271604938,66.07407407407408,0.0,1,2392.5,0.8887621864067511,False
rise_crossing,6558,38.364649,,False,,53.17142857142857,67.97142857142858,53.17142857142857,67.97142857142858,0.0,1,2423.0,0.8943860913618872,False
rise_crossing,6559,38.369657,,False,,49.729729729729726,78.21621621621621,49.729729729729726,78.21621621621621,0.0,1,2380.0,0.897873336709441,False
rise_crossing,6560,38.374666,,False,,57.875,81.32954545454545,57.875,81.32954545454545,0.0,1,2422.5,0.888550565657049,False
rise_crossing,6561,38.379675,,False,,58.55,79.775,58.55,79.775,0.0,1,2490.0,0.8915732236793489,False
rise_crossing,6562,38.384683,,False,,62.79545454545455,85.47727272727273,62.79545454545455,85.47727272727273,0.0,1,2504.0,0.8854762960166447,False
rise_crossing,6563,38.389692,,False,,63.71604938271605,89.14814814814817,63.71604938271605,89.14814814814815,1.4210854715202004e-14,1,2543.0,0.8914155864569449,False
rise_crossing,6564,38.3947,,False,,69.1842105263158,80.23684210526316,69.1842105263158,80.23684210526316,0.0,1,2569.0,0.9005295552142926,False
rise_crossing,6565,38.399709,,False,,70.9873417721519,79.39240506329114,70.9873417721519,79.39240506329114,0.0,1,2588.0,0.8915185381177763,False
rise_crossing,6566,38.404717,,False,,75.95238095238095,78.54761904761905,75.95238095238095,78.54761904761905,0.0,1,2620.0,0.8915705225215044,False
rise_crossing,6567,38.409726,,False,,76.96153846153847,77.98717948717949,76.96153846153847,77.98717948717949,0.0,1,2618.5,0.9043214639620617,False
rise_crossing,6568,38.414735,,False,,77.0,71.6923076923077,77.0,71.6923076923077,0.0,1,2561.0,0.897725252424788,False
rise_crossing,6569,38.419743,,False,,77.73809523809526,67.35714285714286,77.73809523809524,67.35714285714286,1.4210854715202004e-14,1,2570.0,0.8930481299181002,False
rise_crossing,6570,38.424752,,False,,76.63636363636364,64.16883116883118,76.63636363636364,64.16883116883118,0.0,1,2554.0,0.8952714934372934,False
rise_crossing,6571,38.42976,,False,,71.3452380952381,64.67857142857143,71.3452380952381,64.67857142857143,0.0,1,2515.5,0.8872574408606895,False
rise_crossing,6572,38.434769,,False,,68.94047619047619,61.36904761904762,68.94047619047619,61.36904761904762,0.0,1,2506.5,0.8918948045340924,False
rise_crossing,6573,38.439777,,False,,62.38372093023256,60.96511627906977,62.383720930232556,60.96511627906977,7.105427357601002e-15,1,2433.5,0.8846487447104101,False
rise_crossing,6574,38.444786,,False,,56.48648648648648,62.189189189189186,56.486486486486484,62.189189189189186,7.105427357601002e-15,1,2456.0,0.8984808852609862,False
rise_crossing,6575,38.449795,,False,,57.51219512195122,66.95121951219512,57.51219512195122,66.95121951219512,0.0,1,2489.0,0.8912151621437348,False
rise_crossing,6576,38.454803,,False,,57.535714285714285,70.22619047619048,57.535714285714285,70.22619047619048,0.0,1,2478.5,0.8851611056841989,False
rise_crossing,6577,38.459812,,False,,58.166666666666664,75.6025641025641,58.166666666666664,75.6025641025641,0.0,1,2478.5,0.893031618067573,False
rise_crossing,6578,38.46482,,False,,57.21052631578947,75.28947368421052,57.21052631578947,75.28947368421052,0.0,1,2460.0,0.8999442080206629,False
rise_crossing,6579,38.469829,,False,,51.51190476190476,74.48809523809526,51.51190476190476,74.48809523809524,1.4210854715202004e-14,1,2497.5,0.8886923040868663,False
rise_crossing,6580,38.474837,,False,,50.407407407407405,70.62962962962963,50.407407407407405,70.62962962962963,0.0,1,2490.0,0.8915732236793489,False
rise_crossing,6581,38.479846,,False,,53.51724137931034,70.9080459770115,53.51724137931034,70.9080459770115,0.0,1,2515.0,0.8816005549474877,False
rise_crossing,6582,38.484854,,False,,58.845238095238095,75.13095238095238,58.845238095238095,75.13095238095238,0.0,1,2518.5,0.8883155903916446,False
rise_crossing,6583,38.489863,,False,,68.05952380952381,69.17857142857143,68.05952380952381,69.17857142857143,0.0,1,2505.5,0.8915389638597926,False
rise_crossing,6584,38.494872,,False,,67.57142857142857,67.42857142857143,67.57142857142857,67.42857142857143,0.0,1,2457.0,0.8908649161888208,False
rise_crossing,6585,38.49988,,False,,67.72619047619048,65.72619047619048,67.72619047619048,65.72619047619048,0.0,1,2426.5,0.8933269106350819,False
rise_crossing,6586,38.504889,,False,,66.28571428571429,63.22077922077922,66.28571428571429,63.22077922077922,0.0,1,2393.0,0.8866070779477515,False
rise_crossing,6587,38.509897,,False,,67.5,64.01282051282051,67.5,64.01282051282051,0.0,1,2417.5,0.8980491510946187,False
rise_crossing,6588,38.514906,,False,,69.44594594594595,57.01351351351352,69.44594594594595,57.013513513513516,7.105427357601002e-15,1,2377.5,0.9027156522007056,False
rise_crossing,6589,38.519914,,False,,60.2,54.925,60.2,54.925,0.0,1,2366.0,0.8925917300124673,False
rise_crossing,6590,38.524923,,False,,52.9,57.2,52.9,57.2,0.0,1,2359.0,0.8899509295652385,False
rise_crossing,6591,38.529932,,False,,47.828947368421055,72.48684210526316,47.828947368421055,72.48684210526316,0.0,1,2334.5,0.886388927972009,False
rise_crossing,6592,38.53494,,False,,53.80769230769231,79.14102564102564,53.80769230769231,79.14102564102564,0.0,1,2380.5,0.8923247379592071,False
rise_crossing,6593,38.539949,,False,,50.70512820512821,84.16666666666667,50.705128205128204,84.16666666666667,7.105427357601002e-15,1,2419.5,0.8954477288830024,False
rise_crossing,6594,38.544957,,False,,54.86021505376344,86.05376344086021,54.86021505376344,86.05376344086021,0.0,1,2462.5,0.8762381565715652,False
rise_crossing,6595,38.549966,,False,,59.05952380952381,85.51190476190474,59.05952380952381,85.51190476190476,1.4210854715202004e-14,1,2488.5,0.8933487675311998,False
rise_crossing,6596,38.554974,,False,,57.901234567901234,80.18518518518519,57.901234567901234,80.18518518518519,0.0,1,2509.0,0.8872444151223393,False
rise_crossing,6597,38.559983,,False,,62.794117647058826,79.38235294117646,62.794117647058826,79.38235294117646,0.0,1,2492.0,0.9002335806244521,False
rise_crossing,6598,38.564992,,False,,63.189189189189186,78.64864864864865,63.189189189189186,78.64864864864865,0.0,1,2508.0,0.8980183358919095,False
rise_crossing,6599,38.57,,False,,68.54761904761905,76.70238095238095,68.54761904761905,76.70238095238095,0.0,1,2517.5,0.887962867525228,False
rise_crossing,6600,38.575009,,False,,67.34482758620689,70.86206896551724,67.34482758620689,70.86206896551724,0.0,1,2493.0,0.8815864274541965,False
rise_crossing,6601,38.580017,,False,,69.02702702702703,66.56756756756756,69.02702702702703,66.56756756756756,0.0,1,2447.0,0.9032450422131658,False
rise_crossing,6602,38.585026,,False,,61.44186046511628,62.95348837209303,61.44186046511628,62.95348837209303,0.0,1,2349.0,0.8828554320952168,False
rise_crossing,6603,38.590034,,False,,55.10112359550562,62.056179775280896,55.10112359550562,62.056179775280896,0.0,1,2310.5,0.8772763410063511,False
rise_crossing,6604,38.595043,,False,,46.833333333333336,68.73076923076923,46.833333333333336,68.73076923076923,0.0,1,2327.5,0.8837310866325297,False
rise_crossing,6605,38.600051,,False,,47.78947368421053,78.8157894736842,47.78947368421053,78.8157894736842,0.0,1,2348.0,0.8938976328842755,False
rise_crossing,6606,38.60506,,False,,58.06666666666667,87.57333333333334,58.06666666666667,87.57333333333334,0.0,1,2358.5,0.8955015102433036,False
rise_crossing,6607,38.610069,,False,,69.41666666666667,86.35714285714286,69.41666666666667,86.35714285714286,0.0,1,2409.0,0.8892183574784774,False
rise_crossing,6608,38.615077,,False,,75.05952380952381,85.27380952380952,75.05952380952381,85.27380952380952,0.0,1,2473.5,0.8912300659956583,False
rise_crossing,6609,38.620086,,False,,80.17857142857143,81.86904761904762,80.17857142857143,81.86904761904762,0.0,1,2532.5,0.890014633343123,False
rise_crossing,6610,38.625094,,False,,76.02298850574712,77.25287356321839,76.02298850574712,77.25287356321839,0.0,1,2551.5,0.8921071766405496,False
rise_crossing,6611,38.630103,,False,,75.675,69.675,75.675,69.675,0.0,1,2551.0,0.8942198925768403,False
rise_crossing,6612,38.635111,,False,,76.94285714285714,65.31428571428572,76.94285714285714,65.31428571428572,0.0,1,2522.0,0.9030311893712355,False
rise_crossing,6613,38.64012,,False,,73.41558441558442,63.51948051948052,73.41558441558442,63.51948051948052,0.0,1,2460.0,0.8966210299243699,False
rise_crossing,6614,38.645129,,False,,67.29069767441861,60.61627906976744,67.29069767441861,60.616279069767444,7.105427357601002e-15,1,2435.5,0.8853758046045185,False
rise_crossing,6615,38.650137,,False,,59.51315789473684,68.85526315789474,59.51315789473684,68.85526315789474,0.0,1,2471.5,0.8984628588224023,False
rise_crossing,6616,38.655146,,False,,62.07407407407408,71.96296296296296,62.074074074074076,71.96296296296296,7.105427357601002e-15,1,2452.5,0.8882739397253926,False
rise_crossing,6617,38.660154,,False,,68.36363636363636,75.86363636363636,68.36363636363636,75.86363636363636,0.0,1,2480.0,0.8879926117135575,False
rise_crossing,6618,38.665163,,False,,68.93243243243244,76.60810810810811,68.93243243243244,76.60810810810811,0.0,1,2513.5,0.9056425155854237,False
rise_crossing,6619,38.670171,,False,,70.72727272727273,77.18181818181819,70.72727272727273,77.18181818181819,0.0,1,2475.0,0.8940923483077281,False
rise_crossing,6620,38.67518,,False,,74.30232558139534,69.37209302325581,74.30232558139535,69.37209302325581,1.4210854715202004e-14,1,2447.0,0.883977363035253,False
rise_crossing,6621,38.680189,,False,,70.0657894736842,67.53947368421052,70.0657894736842,67.53947368421052,0.0,1,2474.5,0.8995534492648077,False
rise_crossing,6622,38.685197,,False,,62.38157894736842,66.35526315789474,62.38157894736842,66.35526315789474,0.0,1,2405.5,0.893591405070044,False
rise_crossing,6623,38.690206,,False,,57.438202247191015,66.25842696629213,57.438202247191015,66.25842696629213,0.0,1,2401.0,0.8783601791374008,False
rise_crossing,6624,38.695214,,False,,58.34146341463414,65.4390243902439,58.34146341463415,65.4390243902439,7.105427357601002e-15,1,2350.0,0.894659053055697,False
rise_crossing,6625,38.700223,,False,,57.04878048780488,61.4390243902439,57.048780487804876,61.4390243902439,7.105427357601002e-15,1,2370.0,0.8941007643364202,False
rise_crossing,6626,38.705231,,False,,57.225,62.25,57.225,62.25,0.0,1,2349.0,0.8861783513428831,False
rise_crossing,6627,38.71024,,False,,53.41975308641975,65.28395061728395,53.41975308641975,65.28395061728395,0.0,1,2357.5,0.8837032440571793,False
rise_crossing,6628,38.715249,,False,,47.09756097560975,65.73170731707317,47.09756097560975,65.73170731707317,0.0,1,2371.0,0.8944780267168395,False
rise_crossing,6629,38.720257,,False,,48.54545454545455,77.48051948051948,48.54545454545455,77.48051948051948,0.0,1,2387.0,0.8923944499035026,False
rise_crossing,6630,38.725266,,False,,57.06896551724138,83.0,57.06896551724138,83.0,0.0,1,2416.0,0.888494352914794,False
rise_crossing,6631,38.730274,,False,,59.9078947368421,85.57894736842105,59.9078947368421,85.57894736842105,0.0,1,2468.0,0.8915635988530061,False
rise_crossing,6632,38.735283,,False,,66.30851063829788,83.29787234042554,66.30851063829788,83.29787234042553,1.4210854715202004e-14,1,2498.0,0.8724761046226623,False
rise_crossing,6633,38.740291,,False,,65.51063829787235,84.29787234042554,65.51063829787235,84.29787234042553,1.4210854715202004e-14,1,2522.5,0.8787834960840407,False
rise_crossing,6634,38.7453,,False,,65.01315789473684,87.51315789473684,65.01315789473684,87.51315789473684,0.0,1,2502.5,0.89837464422033,False
rise_crossing,6635,38.750308,,False,,65.36486486486487,83.86486486486487,65.36486486486487,83.86486486486487,0.0,1,2490.0,0.8962103091675796,False
rise_crossing,6636,38.755317,,False,,68.37777777777778,85.88888888888889,68.37777777777778,85.88888888888889,0.0,1,2523.0,0.8844048520609822,False
rise_crossing,6637,38.760326,,False,,67.5657894736842,85.01315789473684,67.5657894736842,85.01315789473684,0.0,1,2524.5,0.898299788455373,False
rise_crossing,6638,38.765334,,False,,66.4875,83.9875,66.4875,83.9875,0.0,1,2514.5,0.8947414609114817,False
rise_crossing,6639,38.770343,,False,,66.6875,86.5125,66.6875,86.5125,0.0,1,2528.5,0.8997231274632655,False
rise_crossing,6640,38.775351,,False,,67.21052631578948,86.63157894736844,67.21052631578948,86.63157894736842,1.4210854715202004e-14,1,2536.0,0.9000660992491105,False
rise_crossing,6641,38.78036,,False,,68.37647058823529,83.3529411764706,68.37647058823529,83.3529411764706,0.0,1,2551.5,0.8888864602132431,False
rise_crossing,6642,38.785368,,False,,70.78823529411764,77.29411764705883,70.78823529411764,77.29411764705883,0.0,1,2536.5,0.8868625791194573,False
rise_crossing,6643,38.790377,,False,,71.13636363636364,70.81818181818181,71.13636363636364,70.81818181818181,0.0,1,2526.0,0.8854564597172866,False
rise_crossing,6644,38.795386,,False,,67.64634146341463,64.76829268292683,67.64634146341463,64.76829268292683,0.0,1,2428.5,0.8907513192710165,False
rise_crossing,6645,38.800394,,False,,64.61904761904762,60.357142857142854,64.61904761904762,60.357142857142854,0.0,1,2441.0,0.8896959012942026,False
rise_crossing,6646,38.805403,,False,,65.90697674418605,64.02325581395348,65.90697674418605,64.02325581395348,0.0,1,2449.0,0.8846998607707215,False
rise_crossing,6647,38.810411,1.0,True,0.0,59.28735632183908,64.24137931034483,59.28735632183908,64.24137931034483,0.0,1,2437.0,0.880364868703274,False
rise_crossing,6648,38.81542,,True,0.0,58.79775280898876,65.78651685393258,58.79775280898876,65.78651685393258,0.0,1,2391.5,0.8771800595218443,False
rise_crossing,6649,38.820428,,True,0.0,56.04,68.45333333333333,56.04,68.45333333333333,0.0,1,2413.5,0.8965632303243319,False
rise_crossing,6650,38.825437,,True,0.0,57.48837209302326,77.88372093023256,57.48837209302326,77.88372093023256,0.0,1,2419.0,0.8849451378869851,False
rise_crossing,6651,38.830446,,True,0.0,57.845238095238095,75.17857142857143,57.845238095238095,75.17857142857143,0.0,1,2468.5,0.8894285093633648,False
rise_crossing,6652,38.835454,,True,0.0,56.82716049382716,80.30864197530865,56.82716049382716,80.30864197530865,0.0,1,2474.5,0.891590372769098,False
rise_crossing,6653,38.840463,,True,0.0,57.926829268292686,80.51219512195122,57.926829268292686,80.51219512195122,0.0,1,2486.0,0.8901409854668493,False
rise_crossing,6654,38.845471,,True,0.0,66.1470588235294,76.44117647058822,66.1470588235294,76.44117647058823,1.4210854715202004e-14,1,2501.0,0.9034848231884153,False
rise_crossing,6655,38.85048,2.0,True,0.0,69.22784810126582,73.49367088607595,69.22784810126582,73.49367088607595,0.0,1,2486.5,0.8926307914886819,False
rise_crossing,6656,38.855488,,True,0.0,68.58904109589041,66.32876712328768,68.58904109589041,66.32876712328768,0.0,1,2439.5,0.8981129169048774,False
rise_crossing,6657,38.860497,,True,0.0,59.329268292682926,65.8170731707317,59.329268292682926,65.8170731707317,0.0,1,2379.5,0.8919498915096746,False
rise_crossing,6658,38.865505,,True,0.0,56.65,72.3,56.65,72.3,0.0,1,2400.0,0.8939052833491227,False
rise_crossing,6659,38.870514,,True,0.0,63.445945945945944,77.85135135135135,63.445945945945944,77.85135135135135,0.0,1,2464.5,0.8959181531732998,False
rise_crossing,6660,38.875523,,True,0.0,67.47311827956989,76.25806451612904,67.47311827956989,76.25806451612904,0.0,1,2492.5,0.8791449686153335,False
rise_crossing,6661,38.880531,,True,0.0,69.35802469135803,68.87654320987654,69.35802469135803,68.87654320987654,0.0,1,2461.0,0.8890348460082728,False
rise_crossing,6662,38.88554,,True,0.0,69.0909090909091,66.84848484848484,69.0909090909091,66.84848484848484,0.0,1,2479.0,0.9068949919526843,False
rise_crossing,6663,38.890548,3.0,True,0.0,69.51807228915662,66.01204819277109,69.51807228915662,66.01204819277109,0.0,1,2458.0,0.8879511045302629,False
rise_crossing,6664,38.895557,,True,0.0,56.69444444444444,70.27777777777777,56.69444444444444,70.27777777777777,0.0,1,2364.0,0.8999889320518407,False
rise_crossing,6665,38.900565,,True,0.0,51.770114942528735,76.44827586206895,51.770114942528735,76.44827586206897,1.4210854715202004e-14,1,2366.5,0.8791037547404695,False
rise_crossing,6666,38.905574,,True,0.0,57.97222222222222,89.02777777777777,57.97222222222222,89.02777777777777,0.0,1,2381.0,0.9064609312991907,False
rise_crossing,6667,38.910583,,True,0.0,67.74324324324324,87.04054054054055,67.74324324324324,87.04054054054055,0.0,1,2395.5,0.9095500733977001,False
rise_crossing,6668,38.915591,,True,0.0,69.25714285714285,87.2,69.25714285714285,87.2,0.0,1,2432.0,0.9058240157573996,False
rise_crossing,6669,38.9206,,True,0.0,75.9047619047619,81.76190476190474,75.9047619047619,81.76190476190476,1.4210854715202004e-14,1,2476.0,0.8865603610524563,False
rise_crossing,6670,38.925608,,True,0.0,79.5,76.6470588235294,79.5,76.6470588235294,0.0,1,2525.0,0.9121548141605949,False
rise_crossing,6671,38.930617,4.0,True,0.0,69.47297297297297,68.85135135135135,69.47297297297297,68.85135135135135,0.0,1,2465.5,0.9043225662768297,False
rise_crossing,6672,38.935625,,True,0.0,60.1219512195122,60.53658536585366,60.1219512195122,60.53658536585366,0.0,1,2400.0,0.8858962396855081,False
rise_crossing,6673,38.940634,,True,0.0,55.86746987951807,66.39759036144578,55.86746987951807,66.39759036144578,0.0,1,2393.0,0.8912980619198342,False
rise_crossing,6674,38.945643,,True,0.0,52.19117647058823,69.3970588235294,52.19117647058823,69.3970588235294,0.0,1,2405.5,0.9016959270597834,False
rise_crossing,6675,38.950651,,True,0.0,54.20987654320987,76.11111111111111,54.20987654320987,76.11111111111111,0.0,1,2400.5,0.8837548991618417,False
rise_crossing,6676,38.95566,,True,0.0,58.14102564102564,78.62820512820512,58.14102564102564,78.62820512820512,0.0,1,2466.5,0.8887078855758724,False
rise_crossing,6677,38.960668,,True,0.0,65.68888888888888,81.9111111111111,65.68888888888888,81.91111111111111,1.4210854715202004e-14,1,2469.0,0.8840539291812424,False
rise_crossing,6678,38.965677,,True,0.0,68.77631578947368,74.98684210526316,68.77631578947368,74.98684210526316,0.0,1,2521.5,0.8972322901922055,False
rise_crossing,6679,38.970685,5.0,True,0.0,72.31521739130436,71.96739130434783,72.31521739130434,71.96739130434783,1.4210854715202004e-14,1,2505.5,0.8805258253089326,False
rise_crossing,6680,38.975694,,False,,70.53488372093024,68.3953488372093,70.53488372093024,68.3953488372093,0.0,1,2505.0,0.8858299229762173,False
rise_crossing,6681,38.980703,,False,,67.75714285714285,68.5,67.75714285714285,68.5,0.0,1,2497.5,0.9079146238261856,False
rise_crossing,6682,38.985711,,False,,67.53846153846153,67.38461538461539,67.53846153846153,67.38461538461539,0.0,1,2495.0,0.8933635347682767,False
rise_crossing,6683,38.99072,,False,,66.58108108108108,67.55405405405405,66.58108108108108,67.55405405405405,0.0,1,2477.0,0.8901765071527115,False
rise_crossing,6684,38.995728,,False,,58.32857142857143,67.75714285714285,58.32857142857143,67.75714285714285,0.0,1,2412.5,0.8961917611717489,False
rise_crossing,6685,39.000737,,False,,59.91358024691358,69.06172839506173,59.91358024691358,69.06172839506173,0.0,1,2446.5,0.8893746243613219,False
rise_crossing,6686,39.005745,,False,,62.328947368421055,66.88157894736842,62.328947368421055,66.88157894736842,0.0,1,2456.5,0.8930099227263416,False
rise_crossing,6687,39.010754,,False,,58.4390243902439,67.51219512195122,58.4390243902439,67.51219512195122,0.0,1,2468.0,0.8948533212609893,False
rise_crossing,6688,39.015762,,False,,58.5625,76.8875,58.5625,76.8875,0.0,1,2442.5,0.8958863873644595,False
rise_crossing,6689,39.020771,,False,,68.0,78.23809523809526,68.0,78.23809523809524,1.4210854715202004e-14,1,2488.0,0.8908570983405958,False
rise_crossing,6690,39.02578,,False,,66.87209302325581,67.75581395348837,66.87209302325581,67.75581395348837,0.0,1,2496.5,0.8883364724595074,False
rise_crossing,6691,39.030788,,False,,60.0,66.51851851851852,60.0,66.51851851851852,0.0,1,2434.5,0.8850122763595679,False
rise_crossing,6692,39.035797,,False,,57.247058823529414,76.54117647058824,57.247058823529414,76.54117647058824,0.0,1,2368.5,0.8878265689395144,False
rise_crossing,6693,39.040805,,False,,59.725,86.05,59.725,86.05,0.0,1,2402.0,0.8946502090636105,False
rise_crossing,6694,39.045814,,False,,69.52380952380952,85.19047619047619,69.52380952380952,85.19047619047619,0.0,1,2448.0,0.887601675874308,False
rise_crossing,6695,39.050822,,False,,75.77631578947368,84.64473684210526,75.77631578947368,84.64473684210526,0.0,1,2453.5,0.8999210739348483,False
rise_crossing,6696,39.055831,,False,,78.6625,79.1875,78.6625,79.1875,0.0,1,2484.5,0.8919128074809682,False
rise_crossing,6697,39.06084,,False,,82.96511627906976,71.17441860465117,82.96511627906976,71.17441860465117,0.0,1,2445.5,0.885738598995923,False
rise_crossing,6698,39.065848,,False,,85.11764705882354,69.91764705882353,85.11764705882354,69.91764705882353,0.0,1,2433.0,0.8867800617075893,False
rise_crossing,6699,39.070857,,False,,85.16867469879519,67.37349397590361,85.16867469879519,67.37349397590361,0.0,1,2422.0,0.8860426319633993,False
rise_crossing,6700,39.075865,,False,,83.6056338028169,68.84507042253522,83.6056338028169,68.84507042253522,0.0,1,2450.5,0.8988207144583128,False
rise_crossing,6701,39.080874,,False,,82.69736842105263,66.5657894736842,82.69736842105263,66.5657894736842,0.0,1,2437.5,0.8940524348060142,False
rise_crossing,6702,39.085882,,False,,78.02380952380952,67.11904761904762,78.02380952380952,67.11904761904762,0.0,1,2423.0,0.8864084652232885,False
rise_crossing,6703,39.090891,,False,,76.67948717948718,56.333333333333336,76.67948717948718,56.333333333333336,0.0,1,2367.5,0.8874517236387479,False
rise_crossing,6704,39.0959,,False,,69.6,58.81333333333333,69.6,58.81333333333333,0.0,1,2356.0,0.8888191634123934,False
rise_crossing,6705,39.100908,,False,,67.80246913580247,55.617283950617285,67.80246913580247,55.617283950617285,0.0,1,2389.5,0.8876477487619977,False
rise_crossing,6706,39.105917,,False,,67.03658536585365,56.5,67.03658536585365,56.5,0.0,1,2419.5,0.8954477230900132,False
rise_crossing,6707,39.110925,,False,,65.55,58.3,65.55,58.3,0.0,1,2431.0,0.8893351222178569,False
rise_crossing,6708,39.115934,,False,,58.041666666666664,59.59722222222222,58.041666666666664,59.59722222222222,0.0,1,2415.5,0.9054444008067346,False
rise_crossing,6709,39.120942,,False,,56.71084337349398,67.19277108433735,56.71084337349398,67.19277108433735,0.0,1,2462.5,0.8951911001561328,False
rise_crossing,6710,39.125951,,False,,59.81428571428572,71.64285714285714,59.81428571428572,71.64285714285714,0.0,1,2482.5,0.9024616819852775,False
rise_crossing,6711,39.130959,,False,,58.51807228915662,78.5421686746988,58.51807228915663,78.5421686746988,7.105427357601002e-15,1,2469.0,0.8919248494254436,False
rise_crossing,6712,39.135968,,False,,64.97647058823529,80.10588235294118,64.97647058823529,80.10588235294118,0.0,1,2476.5,0.8812198218347018,False
rise_crossing,6713,39.140977,,False,,64.59183673469387,84.63265306122447,64.59183673469387,84.63265306122449,1.4210854715202004e-14,1,2483.0,0.8703833709481559,False
rise_crossing,6714,39.145985,,False,,65.38636363636364,83.02272727272727,65.38636363636364,83.02272727272727,0.0,1,2520.0,0.8833532455090701,False
rise_crossing,6715,39.150994,,False,,62.92631578947368,84.58947368421053,62.92631578947368,84.58947368421053,0.0,1,2522.5,0.8787834938777008,False
rise_crossing,6716,39.156002,,False,,66.20731707317073,77.3048780487805,66.20731707317073,77.3048780487805,0.0,1,2550.5,0.8996025067674766,False
rise_crossing,6717,39.161011,,False,,69.6923076923077,77.07692307692308,69.6923076923077,77.07692307692308,0.0,1,2557.0,0.896323104431934,False
rise_crossing,6718,39.166019,,False,,69.82758620689656,72.88505747126437,69.82758620689656,72.88505747126437,0.0,1,2534.5,0.8907175110525235,False
rise_crossing,6719,39.171028,,False,,70.07692307692308,67.1025641025641,70.07692307692308,67.1025641025641,0.0,1,2490.0,0.8995110932622057,False
rise_crossing,6720,39.176037,,False,,63.12222222222222,64.03333333333333,63.12222222222222,64.03333333333333,0.0,1,2414.5,0.8777416932556811,False
rise_crossing,6721,39.181045,,False,,58.71052631578947,69.5,58.71052631578947,69.5,0.0,1,2474.0,0.9050658335749204,False
rise_crossing,6722,39.186054,,False,,59.75,78.36111111111111,59.75,78.36111111111111,0.0,1,2476.0,0.8977539906726141,False
rise_crossing,6723,39.191062,,False,,64.54545454545455,77.36363636363636,64.54545454545455,77.36363636363636,0.0,1,2510.0,0.9067360703721408,False
rise_crossing,6724,39.196071,,False,,67.51136363636364,69.35227272727273,67.51136363636364,69.35227272727273,0.0,1,2494.5,0.8876248035714439,False
rise_crossing,6725,39.201079,,False,,67.35365853658537,67.86585365853658,67.35365853658537,67.86585365853658,0.0,1,2466.5,0.8966452165294204,False
rise_crossing,6726,39.206088,,False,,63.71739130434782,64.65217391304348,63.71739130434783,64.65217391304348,7.105427357601002e-15,1,2427.0,0.876752376612831,False
rise_crossing,6727,39.211097,,False,,54.74025974025974,67.88311688311688,54.74025974025974,67.88311688311688,0.0,1,2433.0,0.8900667738811282,False
rise_crossing,6728,39.216105,,False,,57.6,69.69411764705882,57.6,69.69411764705882,0.0,1,2458.5,0.882579047204876,False
rise_crossing,6729,39.221114,,False,,58.40506329113924,76.35443037974683,58.40506329113924,76.35443037974683,0.0,1,2410.0,0.8976298886964107,False
rise_crossing,6730,39.226122,,False,,61.81927710843374,80.63855421686748,61.81927710843374,80.63855421686748,0.0,1,2488.0,0.8876025024822302,False
rise_crossing,6731,39.231131,,False,,67.2560975609756,78.76829268292683,67.2560975609756,78.76829268292683,0.0,1,2543.5,0.8971334915438719,False
rise_crossing,6732,39.236139,,False,,69.7840909090909,73.125,69.7840909090909,73.125,0.0,1,2544.5,0.8864478153446538,False
rise_crossing,6733,39.241148,,False,,61.794117647058826,65.32352941176471,61.794117647058826,65.32352941176471,0.0,1,2470.0,0.9036025247837203,False
rise_crossing,6734,39.246156,,False,,59.69230769230769,73.53846153846153,59.69230769230769,73.53846153846153,0.0,1,2437.0,0.8915301023878244,False
rise_crossing,6735,39.251165,,False,,58.80487804878049,77.92682926829268,58.80487804878049,77.92682926829268,0.0,1,2478.0,0.887276488639595,False
rise_crossing,6736,39.256174,,False,,68.05128205128206,78.2051282051282,68.05128205128206,78.2051282051282,0.0,1,2512.0,0.8994505717393663,False
rise_crossing,6737,39.261182,,False,,68.06493506493507,65.62337662337663,68.06493506493507,65.62337662337663,0.0,1,2478.5,0.8963224561150628,False
rise_crossing,6738,39.266191,,False,,65.0506329113924,58.721518987341774,65.0506329113924,58.721518987341774,0.0,1,2358.0,0.8895736776691691,False
rise_crossing,6739,39.271199,,False,,65.7439024390244,59.28048780487805,65.7439024390244,59.28048780487805,0.0,1,2368.5,0.895915478242261,False
rise_crossing,6740,39.276208,,False,,65.66666666666667,59.17948717948718,65.66666666666667,59.17948717948718,0.0,1,2366.0,0.8925917335105359,False
rise_crossing,6741,39.281216,,False,,67.8125,63.8125,67.8125,63.8125,0.0,1,2415.5,0.8973061988487657,False
rise_crossing,6742,39.286225,,False,,66.33333333333333,68.08333333333333,66.33333333333333,68.08333333333333,0.0,1,2438.0,0.8999229359614802,False
rise_crossing,6743,39.291234,,False,,67.54320987654322,65.32098765432099,67.54320987654322,65.32098765432099,0.0,1,2412.5,0.8848826616846867,False
rise_crossing,6744,39.296242,,False,,63.104651162790695,64.61627906976744,63.104651162790695,64.61627906976744,0.0,1,2417.5,0.886716616529826,False
rise_crossing,6745,39.301251,,False,,57.15116279069768,65.47674418604652,57.151162790697676,65.47674418604652,7.105427357601002e-15,1,2420.5,0.8878169876094442,False
rise_crossing,6746,39.306259,,False,,55.30263157894737,68.4342105263158,55.30263157894737,68.4342105263158,0.0,1,2428.5,0.9021354128670893,False
rise_crossing,6747,39.311268,,False,,58.66265060240964,77.21686746987952,58.66265060240964,77.21686746987952,0.0,1,2432.0,0.8864155873073445,False
rise_crossing,6748,39.316276,,False,,58.67088607594937,77.64556962025317,58.67088607594937,77.64556962025317,0.0,1,2497.0,0.8940796589801029,False
rise_crossing,6749,39.321285,,False,,62.88461538461539,75.83333333333333,62.88461538461539,75.83333333333333,0.0,1,2494.5,0.8955027172857595,False
rise_crossing,6750,39.326294,,False,,67.40229885057471,72.71264367816092,67.40229885057471,72.71264367816092,0.0,1,2470.5,0.886886938742395,False
rise_crossing,6751,39.331302,,False,,70.2875,67.3375,70.2875,67.3375,0.0,1,2464.5,0.899234391004587,False
rise_crossing,6752,39.336311,,False,,58.333333333333336,60.693333333333335,58.333333333333336,60.693333333333335,0.0,1,2333.5,0.8941339378229023,False
rise_crossing,6753,39.341319,,False,,49.55263157894737,67.3157894736842,49.55263157894737,67.3157894736842,0.0,1,2350.0,0.894659053055697,False
rise_crossing,6754,39.346328,,False,,51.10126582278481,77.46835443037975,51.10126582278481,77.46835443037975,0.0,1,2408.0,0.8888492340424132,False
rise_crossing,6755,39.351336,,False,,62.62068965517241,79.77011494252874,62.62068965517241,79.77011494252874,0.0,1,2459.5,0.8829380391972963,False
rise_crossing,6756,39.356345,,False,,67.35714285714286,77.71428571428571,67.35714285714286,77.71428571428571,0.0,1,2524.0,0.8958071159379453,False
rise_crossing,6757,39.361354,,False,,67.34210526315789,77.97368421052632,67.34210526315789,77.97368421052632,0.0,1,2530.0,0.9058956804923111,False
rise_crossing,6758,39.366362,,False,,70.59302325581395,73.31395348837209,70.59302325581395,73.31395348837209,0.0,1,2506.5,0.8840830001008412,False
rise_crossing,6759,39.371371,,False,,69.34177215189874,67.9873417721519,69.34177215189874,67.9873417721519,0.0,1,2486.5,0.8926307858012169,False
rise_crossing,6760,39.376379,,False,,71.98717948717949,68.78205128205128,71.98717948717949,68.78205128205128,0.0,1,2494.5,0.8955027138623012,False
rise_crossing,6761,39.381388,,False,,65.54054054054055,68.83783783783784,65.54054054054055,68.83783783783784,0.0,1,2450.0,0.9043523973226559,False
rise_crossing,6762,39.386396,,False,,65.8375,62.3125,65.8375,62.3125,0.0,1,2402.5,0.8924769766694826,False
rise_crossing,6763,39.391405,,False,,61.69230769230769,63.87179487179487,61.69230769230769,63.87179487179487,0.0,1,2422.0,0.8940169505950571,False
rise_crossing,6764,39.396413,,False,,57.65432098765432,69.11111111111111,57.65432098765432,69.11111111111111,0.0,1,2430.0,0.8969699380454124,False
rise_crossing,6765,39.401422,,False,,54.62162162162162,70.21621621621621,54.62162162162162,70.21621621621621,0.0,1,2379.0,0.897496080177371,False
rise_crossing,6766,39.406431,,False,,54.43589743589744,72.8974358974359,54.43589743589744,72.8974358974359,0.0,1,2413.0,0.8987472703005971,False
rise_crossing,6767,39.411439,,False,,56.82142857142857,75.82142857142857,56.82142857142857,75.82142857142857,0.0,1,2450.5,0.890828748729194,False
rise_crossing,6768,39.416448,,False,,57.025,78.025,57.025,78.025,0.0,1,2506.0,0.8973022139590003,False
rise_crossing,6769,39.421456,,False,,62.20779220779221,77.88311688311688,62.20779220779221,77.88311688311688,0.0,1,2498.0,0.8865793111266488,False
rise_crossing,6770,39.426465,,False,,67.33783783783784,78.3108108108108,67.33783783783784,78.3108108108108,0.0,1,2491.5,0.8977156629954672,False
rise_crossing,6771,39.431473,,False,,66.96511627906976,78.5,66.96511627906976,78.5,0.0,1,2519.5,0.8965206303704951,False
rise_crossing,6772,39.436482,,False,,68.26506024096386,76.20481927710843,68.26506024096386,76.20481927710843,0.0,1,2476.5,0.8890408816829758,False
rise_crossing,6773,39.441491,,False,,70.2183908045977,68.85057471264368,70.2183908045977,68.85057471264368,0.0,1,2491.5,0.8865573143091704,False
rise_crossing,6774,39.446499,,False,,66.82022471910112,67.82022471910112,66.82022471910112,67.82022471910112,0.0,1,2481.5,0.8862325209998496,False
rise_crossing,6775,39.451508,,False,,66.8170731707317,67.6951219512195,66.8170731707317,67.6951219512195,0.0,1,2429.5,0.8944313799265545,False
rise_crossing,6776,39.456516,,False,,62.92592592592592,60.7037037037037,62.925925925925924,60.7037037037037,7.105427357601002e-15,1,2371.0,0.883103931280799,False
rise_crossing,6777,39.461525,,False,,56.895348837209305,64.5,56.895348837209305,64.5,0.0,1,2378.5,0.8835614973000977,False
rise_crossing,6778,39.466533,,False,,57.392857142857146,67.27380952380952,57.392857142857146,67.27380952380952,0.0,1,2418.5,0.8984206260500428,False
rise_crossing,6779,39.471542,,False,,56.666666666666664,78.33333333333333,56.666666666666664,78.33333333333333,0.0,1,2428.0,0.8849576589793553,False
rise_crossing,6780,39.476551,,False,,54.532467532467535,78.25974025974025,54.532467532467535,78.25974025974025,0.0,1,2468.5,0.8973722741392954,False
rise_crossing,6781,39.481559,,False,,57.05681818181818,79.51136363636364,57.05681818181818,79.51136363636364,0.0,1,2496.5,0.8883364702054467,False
rise_crossing,6782,39.486568,,False,,59.617283950617285,82.0,59.617283950617285,82.0,0.0,1,2476.5,0.889040882815894,False
rise_crossing,6783,39.491576,,False,,67.05555555555556,82.18888888888888,67.05555555555556,82.18888888888888,0.0,1,2522.5,0.8787835004967205,False
rise_crossing,6784,39.496585,,False,,66.38271604938272,78.8395061728395,66.38271604938272,78.8395061728395,0.0,1,2543.5,0.8893100622224224,False
rise_crossing,6785,39.501593,,False,,68.7816091954023,77.64367816091954,68.7816091954023,77.64367816091954,0.0,1,2559.0,0.8892257516153579,False
rise_crossing,6786,39.506602,,False,,66.04444444444445,67.82222222222222,66.04444444444445,67.82222222222222,0.0,1,2521.0,0.8837037747218051,False
rise_crossing,6787,39.51161,,False,,67.61842105263158,65.72368421052632,67.61842105263158,65.72368421052632,0.0,1,2506.5,0.9031203224741775,False
rise_crossing,6788,39.516619,,False,,63.84126984126984,66.31746031746032,63.84126984126984,66.31746031746032,0.0,1,2453.0,0.9054597769651838,False
rise_crossing,6789,39.521628,,False,,58.875,72.76136363636364,58.875,72.76136363636364,0.0,1,2432.5,0.8842852164649934,False
rise_crossing,6790,39.526636,,False,,61.50704225352113,76.73239436619718,61.50704225352113,76.73239436619718,0.0,1,2456.5,0.8930099261617823,False
rise_crossing,6791,39.531645,,False,,66.55,78.575,66.55,78.575,0.0,1,2484.0,0.8894248555976034,False
rise_crossing,6792,39.536653,,False,,67.2375,78.0625,67.2375,78.0625,0.0,1,2526.5,0.8911373172343591,False
rise_crossing,6793,39.541662,,False,,69.36363636363636,80.6103896103896,69.36363636363636,80.6103896103896,0.0,1,2515.5,0.8950972891234394,False
rise_crossing,6794,39.54667,,False,,68.3,75.43333333333334,68.3,75.43333333333334,0.0,1,2512.5,0.8829858921672135,False
rise_crossing,6795,39.551679,,False,,71.32558139534883,67.34883720930233,71.32558139534883,67.34883720930233,0.0,1,2479.0,0.8876345535655596,False
rise_crossing,6796,39.556688,,False,,73.6547619047619,68.17857142857143,73.6547619047619,68.17857142857143,0.0,1,2478.5,0.8819314783967597,False
rise_crossing,6797,39.561696,,False,,69.89873417721519,63.75949367088607,69.89873417721519,63.75949367088607,0.0,1,2466.0,0.8908410999884574,False
rise_crossing,6798,39.566705,,False,,61.08108108108108,58.567567567567565,61.08108108108108,58.567567567567565,0.0,1,2431.0,0.897339062636225,False
rise_crossing,6799,39.571713,,False,,57.604395604395606,67.10989010989012,57.604395604395606,67.10989010989012,0.0,1,2441.0,0.8740282139959775,False
rise_crossing,6800,39.576722,,False,,54.9125,71.3875,54.9125,71.3875,0.0,1,2502.5,0.89837464422033,False
rise_crossing,6801,39.58173,,False,,57.85365853658536,75.29268292682929,57.853658536585364,75.29268292682927,1.5888218580782548e-14,1,2531.0,0.8950241622937836,False
rise_crossing,6802,39.586739,,False,,63.45679012345679,76.45679012345678,63.45679012345679,76.45679012345678,0.0,1,2519.0,0.883002706283092,False
rise_crossing,6803,39.591748,,False,,64.40229885057471,79.49425287356321,64.40229885057471,79.49425287356321,0.0,1,2501.0,0.8844154196229373,False
rise_crossing,6804,39.596756,,False,,68.57777777777778,79.15555555555555,68.57777777777778,79.15555555555555,0.0,1,2512.0,0.8883052926440079,False
rise_crossing,6805,39.601765,,False,,66.50588235294117,80.83529411764705,66.50588235294117,80.83529411764705,0.0,1,2522.0,0.8840543150605618,False
rise_crossing,6806,39.606773,,False,,67.6043956043956,78.94505494505495,67.6043956043956,78.94505494505495,0.0,1,2552.5,0.8815278103434043,False
rise_crossing,6807,39.611782,,False,,61.729729729729726,79.62162162162163,61.729729729729726,79.62162162162163,0.0,1,2543.0,0.8992676520905737,False
rise_crossing,6808,39.61679,,False,,63.04651162790697,79.88372093023256,63.04651162790697,79.88372093023256,0.0,1,2537.0,0.8893123711867108,False
rise_crossing,6809,39.621799,,False,,63.41573033707865,83.78651685393258,63.41573033707865,83.78651685393258,0.0,1,2537.0,0.8860976279605625,False
rise_crossing,6810,39.626808,,False,,66.34831460674157,83.88764044943821,66.34831460674157,83.88764044943821,0.0,1,2538.0,0.8819284622758027,False
rise_crossing,6811,39.631816,,False,,67.97777777777777,84.2,67.97777777777777,84.2,0.0,1,2544.0,0.8840134017555047,False
rise_crossing,6812,39.636825,,False,,68.5679012345679,78.1358024691358,68.5679012345679,78.1358024691358,0.0,1,2574.0,0.8944380914611283,False
rise_crossing,6813,39.641833,,False,,67.89887640449439,74.9438202247191,67.89887640449439,74.9438202247191,0.0,1,2551.5,0.8811824495469793,False
rise_crossing,6814,39.646842,,False,,67.51948051948052,68.07792207792208,67.51948051948052,68.07792207792208,0.0,1,2511.5,0.8936739637821162,False
rise_crossing,6815,39.65185,,False,,68.34146341463415,66.7560975609756,68.34146341463415,66.7560975609756,0.0,1,2468.0,0.8915636056912144,False
rise_crossing,6816,39.656859,,False,,59.98780487804878,66.01219512195122,59.98780487804878,66.01219512195122,0.0,1,2437.5,0.8893827630861573,False
rise_crossing,6817,39.661867,,False,,57.95238095238095,69.0952380952381,57.95238095238095,69.0952380952381,0.0,1,2442.0,0.8933592607439406,False
rise_crossing,6818,39.666876,,False,,57.96341463414634,77.81707317073169,57.96341463414634,77.8170731707317,1.4210854715202004e-14,1,2477.5,0.892671302184415,False
rise_crossing,6819,39.671885,,False,,57.54545454545455,75.48051948051948,57.54545454545455,75.48051948051948,0.0,1,2526.5,0.8990114596670196,False
rise_crossing,6820,39.676893,,False,,59.06666666666667,75.96,59.06666666666667,75.96,0.0,1,2547.0,0.9006821475360496,False
rise_crossing,6821,39.681902,,False,,56.85365853658536,77.73170731707317,56.853658536585364,77.73170731707317,7.105427357601002e-15,1,2530.0,0.894670530786139,False
rise_crossing,6822,39.68691,,False,,59.6,83.775,59.6,83.775,0.0,1,2539.0,0.8900134496713306,False
rise_crossing,6823,39.691919,,False,,67.59770114942529,83.19540229885058,67.59770114942529,83.19540229885058,0.0,1,2572.5,0.8884349799959257,False
rise_crossing,6824,39.696927,,False,,70.84615384615384,77.23076923076923,70.84615384615384,77.23076923076923,0.0,1,2601.0,0.9005673207555565,False
rise_crossing,6825,39.701936,,False,,69.1547619047619,67.94047619047619,69.1547619047619,67.94047619047619,0.0,1,2542.5,0.8967807742752681,False
rise_crossing,6826,39.706945,,False,,63.08974358974359,68.1025641025641,63.08974358974359,68.1025641025641,0.0,1,2506.5,0.8840829934005741,False
rise_crossing,6827,39.711953,,False,,57.69047619047619,66.95238095238095,57.69047619047619,66.95238095238095,0.0,1,2456.0,0.8905023315244637,False
rise_crossing,6828,39.716962,,False,,55.554054054054056,76.82432432432432,55.554054054054056,76.82432432432432,0.0,1,2481.5,0.9020981445092262,False
rise_crossing,6829,39.72197,,False,,61.328125,75.359375,61.328125,75.359375,0.0,1,2517.5,0.907083757411635,False
rise_crossing,6830,39.726979,,False,,66.94520547945206,76.21917808219177,66.94520547945206,76.21917808219177,0.0,1,2524.0,0.900445612925929,False
rise_crossing,6831,39.731987,,False,,66.48101265822785,69.58227848101266,66.48101265822785,69.58227848101266,0.0,1,2535.0,0.8964386657025223,False
rise_crossing,6832,39.736996,,False,,69.85555555555555,69.92222222222222,69.85555555555555,69.92222222222222,0.0,1,2525.5,0.8875545731522437,False
rise_crossing,6833,39.742005,,False,,76.55128205128206,69.24358974358974,76.55128205128206,69.24358974358974,0.0,1,2533.5,0.8936063234128928,False
rise_crossing,6834,39.747013,,False,,73.78205128205128,63.166666666666664,73.78205128205128,63.166666666666664,0.0,1,2454.5,0.8922828628215113,False
rise_crossing,6835,39.752022,,False,,69.48936170212765,62.87234042553192,69.48936170212765,62.87234042553192,0.0,1,2456.0,0.8761863886733348,False
rise_crossing,6836,39.75703,,False,,72.77272727272727,61.82954545454545,72.77272727272727,61.82954545454545,0.0,1,2471.5,0.8794406535884929,False
rise_crossing,6837,39.762039,,False,,69.54651162790698,61.2906976744186,69.54651162790698,61.2906976744186,0.0,1,2471.5,0.8872459307407622,False
rise_crossing,6838,39.767047,,False,,69.0,64.46341463414635,69.0,64.46341463414635,0.0,1,2448.0,0.8922472676571236,False
rise_crossing,6839,39.772056,,False,,66.53571428571429,63.964285714285715,66.53571428571429,63.964285714285715,0.0,1,2458.5,0.8904470858387865,False
rise_crossing,6840,39.777064,,False,,67.21428571428571,62.833333333333336,67.21428571428571,62.833333333333336,0.0,1,2416.0,0.8918022157691085,False
rise_crossing,6841,39.782073,,False,,67.59740259740259,60.285714285714285,67.59740259740259,60.285714285714285,0.0,1,2416.0,0.8918022111596542,False
rise_crossing,6842,39.787082,,False,,64.2051282051282,66.25641025641026,64.2051282051282,66.25641025641026,0.0,1,2431.0,0.8940106694981422,False
rise_crossing,6843,39.79209,,False,,63.1375,67.0375,63.1375,67.0375,0.0,1,2462.5,0.8918958483891433,False
rise_crossing,6844,39.797099,,False,,65.13698630136986,64.3972602739726,65.13698630136986,64.3972602739726,0.0,1,2432.5,0.8922184845413499,False
rise_crossing,6845,39.802107,,False,,70.7875,62.0125,70.7875,62.0125,0.0,1,2449.5,0.8984539214012593,False
rise_crossing,6846,39.807116,,False,,67.23376623376623,58.02597402597402,67.23376623376623,58.02597402597402,0.0,1,2447.0,0.8951883983859381,False
rise_crossing,6847,39.812124,,False,,69.08974358974359,59.833333333333336,69.08974358974359,59.833333333333336,0.0,1,2470.5,0.8901491354255269,False
rise_crossing,6848,39.817133,,False,,68.55319148936171,57.97872340425532,68.55319148936171,57.97872340425532,0.0,1,2486.0,0.8791110477416472,False
rise_crossing,6849,39.822142,,False,,64.7125,58.9125,64.7125,58.9125,0.0,1,2462.5,0.8951911058958526,False
rise_crossing,6850,39.82715,,False,,59.476190476190474,59.92857142857143,59.476190476190474,59.92857142857143,0.0,1,2478.0,0.8872764920272114,False
rise_crossing,6851,39.832159,,False,,56.52873563218391,67.44827586206897,56.52873563218391,67.44827586206897,0.0,1,2530.0,0.8868586132974285,False
rise_crossing,6852,39.837167,,False,,50.093023255813954,69.52325581395348,50.093023255813954,69.52325581395348,0.0,1,2548.5,0.8801463704683113,False
rise_crossing,6853,39.842176,,False,,51.30263157894737,72.73684210526316,51.30263157894737,72.73684210526316,0.0,1,2535.0,0.8886112915901953,False
rise_crossing,6854,39.847184,,False,,55.4,76.63529411764708,55.4,76.63529411764706,1.4210854715202004e-14,1,2572.0,0.8828317464681508,False
rise_crossing,6855,39.852193,,False,,53.68055555555556,77.43055555555556,53.68055555555556,77.43055555555556,0.0,1,2592.5,0.8953421529711403,False
rise_crossing,6856,39.857202,,False,,50.388888888888886,78.52777777777777,50.388888888888886,78.52777777777777,0.0,1,2609.0,0.8955319010481607,False
rise_crossing,6857,39.86221,,False,,59.756410256410255,75.52564102564102,59.756410256410255,75.52564102564102,0.0,1,2587.5,0.8936153555372791,False
rise_crossing,6858,39.867219,,False,,63.66233766233766,76.75324675324676,63.66233766233766,76.75324675324676,0.0,1,2606.5,0.8892207024404534,False
rise_crossing,6859,39.872227,,False,,65.9875,78.5625,65.9875,78.5625,0.0,1,2577.5,0.8979442813807464,False
rise_crossing,6860,39.877236,,False,,65.05,77.25,65.05,77.25,0.0,1,2593.0,0.8900399394622198,False
rise_crossing,6861,39.882244,,False,,63.659574468085104,81.1063829787234,63.659574468085104,81.1063829787234,0.0,1,2583.0,0.8758488976371552,False
rise_crossing,6862,39.887253,,False,,68.3048780487805,79.7439024390244,68.3048780487805,79.7439024390244,0.0,1,2585.5,0.8929246361221477,False
rise_crossing,6863,39.892262,,False,,69.51162790697674,80.88372093023256,69.51162790697674,80.88372093023256,0.0,1,2572.0,0.890526394418315,False
rise_crossing,6864,39.89727,,False,,65.17647058823529,86.82352941176471,65.17647058823529,86.82352941176471,0.0,1,2579.5,0.8908524923725021,False
rise_crossing,6865,39.902279,,False,,56.47560975609756,84.98780487804878,56.47560975609756,84.98780487804878,0.0,1,2562.5,0.8849813874311026,False
rise_crossing,6866,39.907287,,False,,56.83695652173913,81.20652173913044,56.83695652173913,81.20652173913044,0.0,1,2558.5,0.8835999641142239,False
rise_crossing,6867,39.912296,,False,,49.2875,79.5125,49.2875,79.5125,0.0,1,2558.5,0.8945546563566403,False
rise_crossing,6868,39.917304,,False,,48.51190476190476,74.05952380952381,48.51190476190476,74.05952380952381,0.0,1,2528.5,0.8997231194729295,False
rise_crossing,6869,39.922313,,False,,46.51315789473684,69.17105263157895,46.51315789473684,69.17105263157895,0.0,1,2557.5,0.9020715083303598,False
rise_crossing,6870,39.927321,,False,,45.98876404494382,65.08988764044943,45.98876404494382,65.08988764044943,0.0,1,2511.0,0.880198408055936,False
rise_crossing,6871,39.93233,,False,,47.81012658227848,59.81012658227848,47.81012658227848,59.81012658227848,0.0,1,2485.5,0.8955537984832189,False
rise_crossing,6872,39.937339,,False,,48.42168674698795,58.433734939759034,48.42168674698795,58.433734939759034,0.0,1,2428.5,0.8907513169762906,False
rise_crossing,6873,39.942347,,False,,46.78947368421053,54.1578947368421,46.78947368421053,54.1578947368421,0.0,1,2433.0,0.8980773025369352,False
rise_crossing,6874,39.947356,,False,,53.63513513513514,51.9054054054054,53.63513513513514,51.9054054054054,0.0,1,2419.5,0.8987921068280512,False
rise_crossing,6875,39.952364,,False,,56.922222222222224,49.41111111111111,56.922222222222224,49.41111111111111,0.0,1,2410.5,0.879531148803042,False
rise_crossing,6876,39.957373,,False,,60.30769230769231,47.333333333333336,60.30769230769231,47.333333333333336,0.0,1,2367.0,0.8929689935500386,False
rise_crossing,6877,39.962381,,False,,67.075,50.5,67.075,50.5,0.0,1,2327.0,0.8892587663221098,False
rise_crossing,6878,39.96739,,False,,68.5952380952381,56.54761904761905,68.5952380952381,56.54761904761905,0.0,1,2394.0,0.8950114505725193,False
rise_crossing,6879,39.972399,,False,,70.09210526315789,60.98684210526316,70.09210526315789,60.98684210526316,0.0,1,2425.5,0.8929587641947277,False
rise_crossing,6880,39.977407,,False,,70.8953488372093,63.13953488372093,70.8953488372093,63.13953488372093,0.0,1,2493.5,0.8840375556726665,False
rise_crossing,6881,39.982416,,False,,73.66666666666667,65.47222222222223,73.66666666666667,65.47222222222223,0.0,1,2555.0,0.8956220326910798,False
rise_crossing,6882,39.987424,,False,,71.3529411764706,73.62352941176471,71.3529411764706,73.62352941176471,0.0,1,2564.5,0.8856721090394922,False
rise_crossing,6883,39.992433,,False,,69.56410256410257,72.12820512820512,69.56410256410257,72.12820512820512,0.0,1,2576.0,0.8919113499306296,False
rise_crossing,6884,39.997441,,False,,65.9186046511628,76.19767441860466,65.9186046511628,76.19767441860465,1.4210854715202004e-14,1,2583.5,0.88903247343531,False
rise_crossing,6885,40.00245,,False,,58.84883720930232,77.75581395348837,58.848837209302324,77.75581395348837,7.105427357601002e-15,1,2568.5,0.8870535478421289,False
rise_crossing,6886,40.007459,,False,,58.80952380952381,78.11904761904762,58.80952380952381,78.11904761904762,0.0,1,2568.0,0.8923531474723444,False
rise_crossing,6887,40.012467,,False,,58.976470588235294,78.0,58.976470588235294,78.0,0.0,1,2576.0,0.8873847570806072,False
rise_crossing,6888,40.017476,,False,,59.13333333333333,77.71111111111111,59.13333333333333,77.71111111111111,0.0,1,2593.0,0.8823825820222371,False
rise_crossing,6889,40.022484,,False,,57.8875,77.2125,57.8875,77.2125,0.0,1,2593.5,0.895687509325365,False
rise_crossing,6890,40.027493,,False,,60.75609756097561,78.92682926829268,60.75609756097561,78.92682926829268,0.0,1,2564.0,0.890963194883874,False
rise_crossing,6891,40.032501,,False,,65.3061224489796,79.91836734693878,65.3061224489796,79.91836734693878,0.0,1,2560.0,0.8787127857850859,False
rise_crossing,6892,40.03751,,False,,67.85897435897436,78.08974358974358,67.85897435897436,78.08974358974359,1.4210854715202004e-14,1,2588.5,0.8939607141287911,False
rise_crossing,6893,40.042518,,False,,70.04878048780488,78.07317073170732,70.04878048780488,78.07317073170732,0.0,1,2576.0,0.8951330683086518,False
rise_crossing,6894,40.047527,,False,,71.84722222222223,76.26388888888889,71.84722222222223,76.26388888888889,0.0,1,2579.5,0.906532180339027,False
rise_crossing,6895,40.052536,,False,,75.6231884057971,78.4927536231884,75.6231884057971,78.4927536231884,0.0,1,2548.0,0.9010357859255096,False
rise_crossing,6896,40.057544,,False,,74.54022988505747,78.59770114942529,74.54022988505747,78.59770114942529,0.0,1,2582.0,0.8862642193705762,False
rise_crossing,6897,40.062553,,False,,77.08536585365853,74.9390243902439,77.08536585365853,74.9390243902439,0.0,1,2566.5,0.894112126806107,False
rise_crossing,6898,40.067561,,False,,77.72151898734175,67.0,77.72151898734177,67.0,1.4210854715202004e-14,1,2547.0,0.9006821532317617,False
rise_crossing,6899,40.07257,,False,,71.55813953488372,65.65116279069767,71.55813953488372,65.65116279069767,0.0,1,2526.5,0.8833661707297222,False
rise_crossing,6900,40.077578,,False,,61.79761904761905,64.08333333333333,61.79761904761905,64.08333333333333,0.0,1,2502.5,0.89047147011829,False
rise_crossing,6901,40.082587,,False,,58.45348837209303,68.84883720930233,58.45348837209303,68.84883720930233,0.0,1,2524.5,0.8872031382193555,False
rise_crossing,6902,40.087596,,False,,68.63095238095238,77.51190476190474,68.63095238095238,77.51190476190476,1.4210854715202004e-14,1,2544.5,0.8864478042167415,False
rise_crossing,6903,40.092604,,False,,67.05128205128206,73.23076923076923,67.05128205128206,73.23076923076923,0.0,1,2524.0,0.9004456255085004,False
rise_crossing,6904,40.097613,,False,,70.39759036144578,68.25301204819277,70.39759036144578,68.25301204819277,0.0,1,2497.5,0.8809085470691992,False
rise_crossing,6905,40.102621,,False,,69.67567567567568,67.13513513513513,69.67567567567568,67.13513513513513,0.0,1,2520.0,0.9023150731928085,False
rise_crossing,6906,40.10763,,False,,69.4,68.05714285714286,69.4,68.05714285714286,0.0,1,2521.0,0.90267313587859,False
rise_crossing,6907,40.112638,,False,,67.37349397590361,64.27710843373494,67.37349397590361,64.27710843373494,0.0,1,2491.0,0.8919312874852221,False
rise_crossing,6908,40.117647,,False,,66.72727272727273,58.79545454545455,66.72727272727273,58.79545454545455,0.0,1,2420.0,0.8853109756990296,False
rise_crossing,6909,40.122656,,False,,61.973684210526315,58.3421052631579,61.973684210526315,58.3421052631579,0.0,1,2466.0,0.8941281645105807,False
rise_crossing,6910,40.127664,,False,,56.38202247191011,61.48314606741573,56.38202247191011,61.48314606741573,0.0,1,2433.5,0.8768176129373094,False
rise_crossing,6911,40.132673,,False,,54.63529411764706,67.04705882352941,54.63529411764706,67.04705882352941,0.0,1,2471.0,0.8847700590067417,False
rise_crossing,6912,40.137681,,False,,51.39473684210526,65.92105263157895,51.39473684210526,65.92105263157895,0.0,1,2499.0,0.8947957774998767,False
rise_crossing,6913,40.14269,,False,,49.29761904761905,68.6547619047619,49.29761904761905,68.6547619047619,0.0,1,2507.5,0.8844357117702957,False
rise_crossing,6914,40.147698,,False,,49.77272727272727,73.52272727272727,49.77272727272727,73.52272727272727,0.0,1,2513.0,0.8886589128666733,False
rise_crossing,6915,40.152707,,False,,58.315789473684205,76.86842105263156,58.31578947368421,76.86842105263158,1.5888218580782548e-14,1,2547.0,0.9039701645738534,False
rise_crossing,6916,40.157715,,False,,61.52325581395349,79.05813953488372,61.52325581395349,79.05813953488372,0.0,1,2528.5,0.8840654535159609,False
rise_crossing,6917,40.162724,,False,,61.075,82.225,61.075,82.225,0.0,1,2552.0,0.8945704183144042,False
rise_crossing,6918,40.167733,,False,,66.1604938271605,78.41975308641975,66.1604938271605,78.41975308641975,0.0,1,2590.0,0.8922074880744628,False
rise_crossing,6919,40.172741,,False,,67.42682926829268,70.28048780487805,67.42682926829268,70.28048780487805,0.0,1,2567.5,0.8944605036792851,False
rise_crossing,6920,40.17775,,False,,62.1375,67.4125,62.1375,67.4125,0.0,1,2496.5,0.8962207013035373,False
rise_crossing,6921,40.182758,,False,,58.45882352941177,73.2235294117647,58.45882352941177,73.2235294117647,0.0,1,2504.0,0.8854762993763771,False
rise_crossing,6922,40.187767,,False,,57.0609756097561,78.13414634146342,57.0609756097561,78.13414634146342,0.0,1,2527.5,0.8914900322441457,False
rise_crossing,6923,40.192775,,False,,69.88571428571429,76.68571428571428,69.88571428571429,76.68571428571428,0.0,1,2543.0,0.9105504804315996,False
rise_crossing,6924,40.197784,,False,,73.7125,75.7625,73.7125,75.7625,0.0,1,2541.5,0.9010553195132183,False
rise_crossing,6925,40.202793,,False,,73.63095238095238,66.1547619047619,73.63095238095238,66.1547619047619,0.0,1,2518.5,0.8883155859034146,False
rise_crossing,6926,40.207801,,False,,66.81012658227849,63.34177215189873,66.81012658227849,63.34177215189873,0.0,1,2443.5,0.8882840453386858,False
rise_crossing,6927,40.21281,,False,,57.285714285714285,60.61904761904762,57.285714285714285,60.61904761904762,0.0,1,2431.0,0.88143777986274,False
rise_crossing,6928,40.217818,,False,,55.382716049382715,65.79012345679013,55.382716049382715,65.79012345679013,0.0,1,2454.5,0.8843841541801075,False
rise_crossing,6929,40.222827,,False,,51.273809523809526,67.01190476190476,51.273809523809526,67.01190476190476,0.0,1,2506.5,0.8918948000079131,False
rise_crossing,6930,40.227835,,False,,54.07608695652174,74.1413043478261,54.07608695652174,74.1413043478261,0.0,1,2514.5,0.883688764280862,False
rise_crossing,6931,40.232844,,False,,60.25,77.30263157894737,60.25,77.30263157894737,0.0,1,2555.5,0.9013660863126584,False
rise_crossing,6932,40.237853,,False,,65.64864864864865,77.54054054054055,65.64864864864865,77.54054054054055,0.0,1,2555.0,0.895622036074439,False
rise_crossing,6933,40.242861,,False,,68.01204819277109,71.59036144578313,68.01204819277109,71.59036144578313,0.0,1,2565.5,0.8860174731685386,False
rise_crossing,6934,40.24787,,False,,67.55172413793103,67.86206896551724,67.55172413793103,67.86206896551724,0.0,1,2552.5,0.8815278026307415,False
rise_crossing,6935,40.252878,,False,,70.05,68.75,70.05,68.75,0.0,1,2522.0,0.8918415387001392,False
rise_crossing,6936,40.257887,,False,,66.91666666666667,69.30555555555556,66.91666666666667,69.30555555555556,0.0,1,2556.0,0.9038647745381762,False
rise_crossing,6937,40.262895,,False,,58.0253164556962,70.68354430379746,58.0253164556962,70.68354430379746,0.0,1,2473.0,0.8933698505824191,False
rise_crossing,6938,40.267904,,False,,57.827586206896555,79.78160919540231,57.827586206896555,79.7816091954023,1.4210854715202004e-14,1,2413.0,0.8827501622338774,False
rise_crossing,6939,40.272913,,False,,65.97435897435898,87.6923076923077,65.97435897435898,87.6923076923077,0.0,1,2448.0,0.9036141633115917,False
rise_crossing,6940,40.277921,,False,,76.5,85.47619047619048,76.5,85.47619047619048,0.0,1,2490.0,0.8915732259486965,False
rise_crossing,6941,40.28293,,False,,78.16438356164383,75.93150684931507,78.16438356164383,75.93150684931507,0.0,1,2563.5,0.9041878051240967,False
rise_crossing,6942,40.287938,,False,,79.24705882352941,76.4235294117647,79.24705882352941,76.4235294117647,0.0,1,2552.0,0.8867933236722491,False
rise_crossing,6943,40.292947,,False,,80.21686746987952,68.07228915662651,80.21686746987952,68.07228915662651,0.0,1,2536.0,0.8889618308276497,False
rise_crossing,6944,40.297955,,False,,78.3125,65.0625,78.3125,65.0625,0.0,1,2516.5,0.8954531286923784,False
rise_crossing,6945,40.302964,,False,,70.28571428571429,58.55844155844156,70.28571428571429,58.55844155844156,0.0,1,2447.0,0.8951884110531939,False
rise_crossing,6946,40.307972,,False,,62.03488372093023,57.406976744186046,62.03488372093023,57.406976744186046,0.0,1,2489.5,0.8858456442994938,False
rise_crossing,6947,40.312981,,False,,57.6875,67.3125,57.6875,67.3125,0.0,1,2523.5,0.8979439613970805,False
rise_crossing,6948,40.31799,,False,,57.70238095238095,73.53571428571429,57.70238095238095,73.53571428571429,0.0,1,2531.5,0.8896631972947179,False
rise_crossing,6949,40.322998,,False,,62.973333333333336,77.68,62.973333333333336,77.68,0.0,1,2583.0,0.889796125370917,False
rise_crossing,6950,40.328007,,False,,71.8108108108108,75.29729729729729,71.8108108108108,75.29729729729729,0.0,1,2562.0,0.8980757916847539,False
rise_crossing,6951,40.333015,,False,,67.8076923076923,67.2948717948718,67.8076923076923,67.2948717948718,0.0,1,2535.5,0.9022139487536535,False
rise_crossing,6952,40.338024,,False,,62.315789473684205,68.44736842105263,62.31578947368421,68.44736842105263,7.105427357601002e-15,1,2494.0,0.8930054652758197,False
rise_crossing,6953,40.343032,,False,,54.416666666666664,69.16666666666667,54.416666666666664,69.16666666666667,0.0,1,2442.0,0.9013994192209454,False
rise_crossing,6954,40.348041,,False,,54.98780487804878,67.63414634146342,54.98780487804878,67.63414634146342,0.0,1,2463.0,0.8819055678296159,False
rise_crossing,6955,40.35305,,False,,53.34146341463414,67.14634146341463,53.34146341463415,67.14634146341463,7.105427357601002e-15,1,2474.0,0.8858442470012007,False
rise_crossing,6956,40.358058,,False,,54.358695652173914,73.8586956521739,54.358695652173914,73.8586956521739,0.0,1,2501.5,0.8791200843945107,False
rise_crossing,6957,40.363067,,False,,58.73809523809524,77.83333333333333,58.73809523809524,77.83333333333333,0.0,1,2580.0,0.8965230231172462,False
rise_crossing,6958,40.368075,,False,,65.275,76.1875,65.275,76.1875,0.0,1,2581.5,0.8915432084455154,False
rise_crossing,6959,40.373084,,False,,67.775,68.1,67.775,68.1,0.0,1,2544.0,0.8917661257010203,False
rise_crossing,6960,40.378092,,False,,57.08108108108108,63.78378378378378,57.08108108108108,63.78378378378378,0.0,1,2380.0,0.8978733507845105,False
rise_crossing,6961,40.383101,,False,,47.666666666666664,71.52777777777777,47.666666666666664,71.52777777777777,0.0,1,2368.0,0.9015117500487152,False
rise_crossing,6962,40.38811,,False,,45.707317073170735,81.2439024390244,45.707317073170735,81.2439024390244,0.0,1,2401.0,0.8862653676995464,False
rise_crossing,6963,40.393118,,False,,55.34615384615385,89.32051282051282,55.34615384615385,89.32051282051282,0.0,1,2378.5,0.8915750415762607,False
rise_crossing,6964,40.398127,,False,,61.56666666666667,94.12222222222222,61.56666666666667,94.12222222222222,0.0,1,2420.5,0.8799228695487166,False
rise_crossing,6965,40.403135,,False,,68.78481012658227,93.58227848101268,68.78481012658227,93.58227848101266,1.4210854715202004e-14,1,2465.0,0.8904798551094473,False
rise_crossing,6966,40.408144,,False,,70.74418604651163,88.4186046511628,70.74418604651163,88.4186046511628,0.0,1,2554.0,0.887488294977305,False
rise_crossing,6967,40.413152,,False,,72.09756097560977,86.70731707317071,72.09756097560975,86.70731707317073,2.0097183471152322e-14,1,2603.0,0.8934724146088198,False
rise_crossing,6968,40.418161,,False,,72.79347826086956,79.40217391304348,72.79347826086956,79.40217391304348,0.0,1,2611.5,0.8832847395159088,False
rise_crossing,6969,40.423169,,False,,71.96511627906976,78.36046511627907,71.96511627906976,78.36046511627907,0.0,1,2629.5,0.8893728605896772,False
rise_crossing,6970,40.428178,,False,,74.48387096774194,71.24731182795699,74.48387096774194,71.24731182795699,0.0,1,2583.0,0.8758488998065906,False
rise_crossing,6971,40.433187,,False,,69.93055555555556,64.59722222222223,69.93055555555556,64.59722222222223,0.0,1,2571.5,0.8958540145370492,False
rise_crossing,6972,40.438195,,False,,67.81927710843374,66.4578313253012,67.81927710843374,66.4578313253012,0.0,1,2549.5,0.8914078971998524,False
rise_crossing,6973,40.443204,,False,,64.4125,60.8125,64.4125,60.8125,0.0,1,2485.5,0.892271796073261,False
rise_crossing,6974,40.448212,,False,,56.577777777777776,67.04444444444445,56.577777777777776,67.04444444444445,0.0,1,2511.0,0.891193205633766,False
rise_crossing,6975,40.453221,,False,,58.333333333333336,71.52380952380952,58.333333333333336,71.52380952380952,0.0,1,2522.0,0.8918415398281004,False
rise_crossing,6976,40.458229,,False,,64.10843373493977,77.37349397590361,64.10843373493977,77.37349397590361,0.0,1,2560.0,0.8863715300999194,False
rise_crossing,6977,40.463238,,False,,66.3452380952381,77.01190476190474,66.3452380952381,77.01190476190476,1.4210854715202004e-14,1,2591.5,0.8949967899033271,False
rise_crossing,6978,40.468247,,False,,70.97727272727273,69.52272727272727,70.97727272727273,69.52272727272727,0.0,1,2556.0,0.8849865701539747,False
rise_crossing,6979,40.473255,,False,,70.41176470588235,66.3529411764706,70.41176470588235,66.3529411764706,0.0,1,2506.0,0.905291081908428,False
rise_crossing,6980,40.478264,,False,,67.54347826086956,58.23913043478261,67.54347826086956,58.23913043478261,0.0,1,2477.0,0.8791260745327991,False
rise_crossing,6981,40.483272,,False,,63.81927710843374,64.0,63.81927710843374,64.0,0.0,1,2476.0,0.8865603621807502,False
rise_crossing,6982,40.488281,,False,,57.80722891566265,62.40963855421687,57.80722891566265,62.40963855421687,0.0,1,2458.0,0.8879511068004298,False
rise_crossing,6983,40.493289,,False,,56.91891891891892,64.54054054054055,56.91891891891892,64.54054054054055,0.0,1,2490.0,0.8915732304873916,False
rise_crossing,6984,40.498298,,False,,55.86046511627907,67.11627906976744,55.86046511627907,67.11627906976744,0.0,1,2504.0,0.8887087960601155,False
rise_crossing,6985,40.503307,,False,,48.66265060240964,66.19277108433735,48.66265060240964,66.19277108433735,0.0,1,2492.5,0.8901610047647615,False
rise_crossing,6986,40.508315,,False,,47.46913580246913,68.18518518518519,47.46913580246913,68.18518518518519,0.0,1,2528.5,0.8918427540121177,False
rise_crossing,6987,40.513324,,False,,50.46666666666667,69.71111111111111,50.46666666666667,69.71111111111111,0.0,1,2562.0,0.8902682135603786,False
rise_crossing,6988,40.518332,,False,,47.55952380952381,74.48809523809526,47.55952380952381,74.48809523809524,1.4210854715202004e-14,1,2593.5,0.88795805042852,False
rise_crossing,6989,40.523341,,False,,53.36904761904762,79.51190476190474,53.36904761904762,79.51190476190476,1.4210854715202004e-14,1,2594.5,0.8851268393438637,False
rise_crossing,6990,40.528349,,False,,59.67857142857143,82.75,59.67857142857143,82.75,0.0,1,2585.5,0.8929246405863626,False
rise_crossing,6991,40.533358,,False,,66.10810810810811,77.21621621621621,66.10810810810811,77.21621621621621,0.0,1,2640.0,0.9061725671157375,False
rise_crossing,6992,40.538367,,False,,65.38095238095238,68.35714285714286,65.38095238095238,68.35714285714286,0.0,1,2590.0,0.8890102012435049,False
rise_crossing,6993,40.543375,,False,,69.15853658536585,63.84146341463414,69.15853658536585,63.84146341463415,7.105427357601002e-15,1,2512.5,0.8940297885971824,False
rise_crossing,6994,40.548384,,False,,61.825,59.05,61.825,59.05,0.0,1,2479.0,0.8955373460423668,False
rise_crossing,6995,40.553392,,False,,59.21333333333333,60.733333333333334,59.21333333333333,60.733333333333334,0.0,1,2498.5,0.8923038241573034,False
rise_crossing,6996,40.558401,,False,,57.01190476190476,59.226190476190474,57.01190476190476,59.226190476190474,0.0,1,2516.5,0.8876101581181552,False
rise_crossing,6997,40.563409,,False,,57.69230769230769,69.0,57.69230769230769,69.0,0.0,1,2546.0,0.9003285319312269,False
rise_crossing,6998,40.568418,,False,,54.27777777777778,66.21111111111111,54.27777777777778,66.21111111111111,0.0,1,2574.5,0.8814528698276013,False
rise_crossing,6999,40.573426,,False,,51.74025974025974,67.87012987012987,51.74025974025974,67.87012987012987,0.0,1,2561.0,0.8944801067842941,False
rise_crossing,7000,40.578435,,False,,59.18279569892473,68.81720430107526,59.18279569892473,68.81720430107526,0.0,1,2618.0,0.880125580537364,False
rise_crossing,7001,40.583444,,False,,64.70666666666666,66.98666666666666,64.70666666666666,66.98666666666666,0.0,1,2568.0,0.9001790182134306,False
rise_crossing,7002,40.588452,,False,,69.14473684210526,64.72368421052632,69.14473684210526,64.72368421052632,0.0,1,2497.5,0.8965796864586479,False
rise_crossing,7003,40.593461,,False,,60.5,59.285714285714285,60.5,59.285714285714285,0.0,1,2486.0,0.8901409865997002,False
rise_crossing,7004,40.598469,,False,,58.32222222222222,65.73333333333333,58.32222222222222,65.73333333333333,0.0,1,2520.5,0.8780867389888145,False
rise_crossing,7005,40.603478,,False,,58.91860465116278,67.9186046511628,58.91860465116279,67.9186046511628,7.105427357601002e-15,1,2526.5,0.8911373172343591,False
rise_crossing,7006,40.608486,,False,,57.03157894736842,67.62105263157895,57.03157894736842,67.62105263157895,0.0,1,2553.0,0.8763100566033891,False
rise_crossing,7007,40.613495,,False,,58.15909090909091,77.25,58.15909090909091,77.25,0.0,1,2599.0,0.8920994236578135,False
rise_crossing,7008,40.618504,,False,,64.32941176470588,72.82352941176471,64.32941176470588,72.82352941176471,0.0,1,2586.5,0.8900648338603785,False
rise_crossing,7009,40.623512,,False,,58.64634146341464,68.28048780487805,58.646341463414636,68.28048780487805,7.105427357601002e-15,1,2538.5,0.8953699119955716,False
rise_crossing,7010,40.628521,,False,,55.94285714285714,67.22857142857143,55.94285714285714,67.22857142857143,0.0,1,2469.0,0.9032366856685725,False
rise_crossing,7011,40.633529,,False,,53.95121951219512,75.41463414634147,53.951219512195124,75.41463414634147,7.105427357601002e-15,1,2468.0,0.8915636056912144,False
rise_crossing,7012,40.638538,,False,,57.764044943820224,81.69662921348315,57.764044943820224,81.69662921348315,0.0,1,2506.5,0.8840829911671518,False
rise_crossing,7013,40.643546,,False,,65.59550561797752,78.92134831460675,65.59550561797752,78.92134831460675,0.0,1,2606.5,0.889220700231174,False
rise_crossing,7014,40.648555,,False,,70.92682926829268,75.78048780487805,70.92682926829268,75.78048780487805,0.0,1,2630.0,0.8917857566179407,False
rise_crossing,7015,40.653564,,False,,66.62162162162163,68.51351351351352,66.62162162162163,68.51351351351352,0.0,1,2590.0,0.9078908139406241,False
rise_crossing,7016,40.658572,,False,,56.04545454545455,72.13636363636364,56.04545454545455,72.13636363636364,0.0,1,2514.0,0.8890125465783595,False
rise_crossing,7017,40.663581,,False,,58.5,77.94444444444444,58.5,77.94444444444444,0.0,1,2543.5,0.8893100644592323,False
rise_crossing,7018,40.668589,,False,,59.23684210526316,75.94736842105263,59.23684210526316,75.94736842105263,0.0,1,2536.0,0.9000660924064751,False
rise_crossing,7019,40.673598,,False,,62.01086956521739,80.66304347826087,62.01086956521739,80.66304347826087,0.0,1,2577.0,0.873814406506491,False
rise_crossing,7020,40.678606,,False,,67.28205128205128,76.76923076923077,67.28205128205128,76.76923076923077,0.0,1,2575.0,0.8993698814073627,False
rise_crossing,7021,40.683615,,False,,68.95505617977528,70.62921348314607,68.95505617977528,70.62921348314607,0.0,1,2588.5,0.8830799089002087,False
rise_crossing,7022,40.688623,,False,,63.01351351351352,68.63513513513513,63.013513513513516,68.63513513513513,7.105427357601002e-15,1,2549.5,0.8992497929024694,False
rise_crossing,7023,40.693632,,False,,58.30769230769231,67.82051282051282,58.30769230769231,67.82051282051282,0.0,1,2558.0,0.8999326660253265,False
rise_crossing,7024,40.698641,,False,,62.036144578313255,76.86746987951807,62.036144578313255,76.86746987951807,0.0,1,2579.5,0.8876559936148838,False
rise_crossing,7025,40.703649,,False,,70.10975609756098,71.3048780487805,70.10975609756098,71.3048780487805,0.0,1,2564.5,0.8901957354972179,False
rise_crossing,7026,40.708658,,False,,70.9125,64.4375,70.9125,64.4375,0.0,1,2515.5,0.895097291394655,False
rise_crossing,7027,40.713666,,False,,65.91954022988506,61.03448275862069,65.91954022988506,61.03448275862069,0.0,1,2522.0,0.8840543172870019,False
rise_crossing,7028,40.718675,,False,,62.60493827160494,58.81481481481482,62.60493827160494,58.81481481481482,0.0,1,2533.0,0.8879102209471119,False
rise_crossing,7029,40.723683,,False,,57.4875,64.0625,57.4875,64.0625,0.0,1,2529.5,0.8921954690227951,False
rise_crossing,7030,40.728692,,False,,56.174418604651166,66.77906976744185,56.174418604651166,66.77906976744185,0.0,1,2534.5,0.8939590406752591,False
rise_crossing,7031,40.733701,,False,,58.127906976744185,72.73255813953487,58.127906976744185,72.73255813953489,1.4210854715202004e-14,1,2543.5,0.8860994284480451,False
rise_crossing,7032,40.738709,,False,,59.309859154929576,78.36619718309859,59.309859154929576,78.36619718309859,0.0,1,2579.5,0.8986410452668636,False
rise_crossing,7033,40.743718,,False,,61.08536585365854,78.40243902439023,61.08536585365854,78.40243902439025,1.4210854715202004e-14,1,2589.5,0.8865885362340981,False
rise_crossing,7034,40.748726,,False,,64.1,80.675,64.1,80.675,0.0,1,2614.0,0.8895287612769931,False
rise_crossing,7035,40.753735,,False,,66.97560975609755,78.82926829268293,66.97560975609755,78.82926829268293,0.0,1,2626.0,0.8936122826421232,False
rise_crossing,7036,40.758743,,False,,66.7560975609756,77.5609756097561,66.7560975609756,77.5609756097561,0.0,1,2619.0,0.8989643740006278,False
rise_crossing,7037,40.763752,,False,,68.20930232558139,71.81395348837209,68.20930232558139,71.81395348837209,0.0,1,2599.0,0.8920994258810306,False
rise_crossing,7038,40.768761,,False,,68.3157894736842,68.23684210526316,68.3157894736842,68.23684210526316,0.0,1,2585.0,0.9061381460870548,False
rise_crossing,7039,40.773769,,False,,68.08974358974359,64.42307692307692,68.08974358974359,64.42307692307692,0.0,1,2559.5,0.8916734864306664,False
rise_crossing,7040,40.778778,6.0,True,0.0,66.2375,62.9125,66.2375,62.9125,0.0,1,2542.5,0.8935290072975682,False
rise_crossing,7041,40.783786,,True,0.0,60.395833333333336,65.39583333333333,60.395833333333336,65.39583333333333,0.0,1,2586.0,0.8800005288333067,False
rise_crossing,7042,40.788795,,True,0.0,62.23529411764706,69.49411764705883,62.23529411764706,69.49411764705883,0.0,1,2585.5,0.8897207144581515,False
rise_crossing,7043,40.793803,,True,0.0,69.88461538461539,74.78205128205128,69.88461538461539,74.78205128205128,0.0,1,2588.5,0.8985266740338096,False
rise_crossing,7044,40.798812,,True,0.0,79.53488372093024,67.27906976744185,79.53488372093024,67.27906976744185,0.0,1,2580.0,0.8855777261135855,False
rise_crossing,7045,40.80382,,True,0.0,73.025,66.95,73.025,66.95,0.0,1,2573.0,0.8940905963103389,False
rise_crossing,7046,40.808829,,True,0.0,62.785714285714285,65.92857142857143,62.785714285714285,65.92857142857143,0.0,1,2533.0,0.8879102153567342,False
rise_crossing,7047,40.813838,,True,0.0,57.4625,68.9875,57.4625,68.9875,0.0,1,2584.5,0.9003829318648972,False
rise_crossing,7048,40.818846,7.0,True,0.0,60.266666666666666,71.96666666666667,60.266666666666666,71.96666666666667,0.0,1,2601.0,0.8819523742757416,False
rise_crossing,7049,40.823855,,True,0.0,66.75581395348837,72.29069767441861,66.75581395348837,72.29069767441861,0.0,1,2605.5,0.8888795473656632,False
rise_crossing,7050,40.828863,,True,0.0,66.75675675675676,65.1891891891892,66.75675675675676,65.1891891891892,0.0,1,2527.0,0.9015158823250005,False
rise_crossing,7051,40.833872,,True,0.0,54.80232558139535,66.63953488372093,54.80232558139535,66.63953488372093,0.0,1,2485.5,0.8844223144003901,False
rise_crossing,7052,40.83888,,True,0.0,46.64367816091954,70.7816091954023,46.64367816091954,70.7816091954023,0.0,1,2477.0,0.8869184214588649,False
rise_crossing,7053,40.843889,,True,0.0,50.7,79.275,50.7,79.275,0.0,1,2476.0,0.8944535931678049,False
rise_crossing,7054,40.848898,,True,0.0,62.077777777777776,83.12222222222222,62.077777777777776,83.12222222222222,0.0,1,2571.5,0.8849030384108059,False
rise_crossing,7055,40.853906,,True,0.0,63.16304347826087,81.96739130434783,63.16304347826087,81.96739130434783,0.0,1,2599.5,0.8792259917792541,False
rise_crossing,7056,40.858915,8.0,True,0.0,68.55128205128206,78.91025641025642,68.55128205128206,78.91025641025641,1.4210854715202004e-14,1,2624.5,0.8985717746478733,False
rise_crossing,7057,40.863923,,True,0.0,65.42696629213484,80.17977528089888,65.42696629213484,80.17977528089888,0.0,1,2639.5,0.885130426798272,False
rise_crossing,7058,40.868932,,True,0.0,68.75,78.79545454545455,68.75,78.79545454545455,0.0,1,2688.0,0.8883669912062356,False
rise_crossing,7059,40.87394,,True,0.0,66.93258426966293,68.49438202247191,66.93258426966293,68.49438202247191,0.0,1,2607.0,0.8871467048215121,False
rise_crossing,7060,40.878949,,True,0.0,56.46341463414634,67.65853658536585,56.46341463414634,67.65853658536585,0.0,1,2570.0,0.9008800820054871,False
rise_crossing,7061,40.883958,,True,0.0,58.390804597701155,72.06896551724138,58.39080459770115,72.06896551724138,7.105427357601002e-15,1,2569.0,0.8818020126201668,False
rise_crossing,7062,40.888966,,True,0.0,64.82417582417582,77.17582417582418,64.82417582417582,77.17582417582418,0.0,1,2605.0,0.878872171725814,False
rise_crossing,7063,40.893975,,True,0.0,66.67857142857143,66.94047619047619,66.67857142857143,66.94047619047619,0.0,1,2602.5,0.8987957310397832,False
rise_crossing,7064,40.898983,9.0,True,0.0,62.144444444444446,60.21111111111111,62.144444444444446,60.21111111111111,0.0,1,2483.5,0.8804921863776656,False
rise_crossing,7065,40.903992,,True,0.0,55.226190476190474,64.36904761904762,55.226190476190474,64.36904761904762,0.0,1,2481.5,0.8829989811368988,False
rise_crossing,7066,40.909,,True,0.0,50.7875,65.8875,50.7875,65.8875,0.0,1,2515.5,0.8872574330156431,False
rise_crossing,7067,40.914009,,True,0.0,48.51807228915662,74.34939759036143,48.51807228915663,74.34939759036145,1.5888218580782548e-14,1,2459.0,0.8883123539625373,False
rise_crossing,7068,40.919018,,True,0.0,50.2247191011236,80.19101123595506,50.2247191011236,80.19101123595506,0.0,1,2473.0,0.8777064185901345,False
rise_crossing,7069,40.924026,,True,0.0,61.63157894736842,85.21052631578948,61.63157894736842,85.21052631578948,0.0,1,2544.0,0.8996212813575022,False
rise_crossing,7070,40.929035,,True,0.0,68.54545454545455,78.8409090909091,68.54545454545455,78.8409090909091,0.0,1,2663.0,0.8876307375018749,False
rise_crossing,7071,40.934043,,True,0.0,71.39024390243902,70.58536585365853,71.39024390243902,70.58536585365853,0.0,1,2632.0,0.8924639229020045,False
rise_crossing,7072,40.939052,10.0,True,0.0,68.03260869565217,64.79347826086956,68.03260869565217,64.79347826086956,0.0,1,2605.5,0.881255357471029,False
rise_crossing,7073,40.94406,,False,,68.70454545454545,60.47727272727273,68.70454545454545,60.47727272727273,0.0,1,2592.0,0.8820422868353329,False
rise_crossing,7074,40.949069,,False,,59.329268292682926,66.52439024390245,59.329268292682926,66.52439024390245,0.0,1,2585.5,0.8929246361221477,False
rise_crossing,7075,40.954077,,False,,60.708333333333336,69.375,60.708333333333336,69.375,0.0,1,2626.5,0.9070843383387432,False
rise_crossing,7076,40.959086,,False,,59.58536585365854,75.60975609756098,59.58536585365854,75.60975609756098,0.0,1,2625.0,0.893272001850502,False
rise_crossing,7077,40.964095,,False,,57.5,77.97368421052632,57.5,77.97368421052632,0.0,1,2643.0,0.8993972777235432,False
rise_crossing,7078,40.969103,,False,,68.27631578947368,77.80263157894737,68.27631578947368,77.80263157894737,0.0,1,2643.5,0.9018434379670471,False
rise_crossing,7079,40.974112,,False,,67.74193548387096,76.24731182795699,67.74193548387096,76.24731182795699,0.0,1,2668.0,0.8817571102129448,False
rise_crossing,7080,40.97912,,False,,66.98780487804878,67.7439024390244,66.98780487804878,67.7439024390244,0.0,1,2603.5,0.8991410930014709,False
rise_crossing,7081,40.984129,,False,,58.43589743589744,66.15384615384616,58.43589743589744,66.15384615384616,0.0,1,2555.0,0.8956220293077205,False
rise_crossing,7082,40.989137,,False,,57.7875,76.2875,57.7875,76.2875,0.0,1,2587.5,0.901428057933118,False
rise_crossing,7083,40.994146,,False,,62.70512820512821,79.5,62.705128205128204,79.5,7.105427357601002e-15,1,2605.5,0.8920665941423972,False
rise_crossing,7084,40.999155,,False,,66.46666666666667,79.07777777777778,66.46666666666667,79.07777777777778,0.0,1,2641.0,0.8802977074778301,False
rise_crossing,7085,41.004163,,False,,67.94047619047619,79.27380952380952,67.94047619047619,79.27380952380952,0.0,1,2645.5,0.8871424570013179,False
rise_crossing,7086,41.009172,,False,,64.33734939759036,80.36144578313252,64.33734939759036,80.36144578313252,0.0,1,2656.5,0.8908311979291027,False
rise_crossing,7087,41.01418,,False,,69.1604938271605,77.71604938271605,69.1604938271605,77.71604938271605,0.0,1,2650.5,0.8888191557323701,False
rise_crossing,7088,41.019189,,False,,69.29761904761905,75.53571428571429,69.29761904761905,75.53571428571429,0.0,1,2652.5,0.8971521205713127,False
rise_crossing,7089,41.024197,,False,,67.7051282051282,70.75641025641026,67.7051282051282,70.75641025641026,0.0,1,2641.5,0.9011611244607439,False
rise_crossing,7090,41.029206,,False,,69.96428571428571,69.82142857142857,69.96428571428571,69.82142857142857,0.0,1,2632.5,0.8903875417465367,False
rise_crossing,7091,41.034215,,False,,69.97435897435898,64.51282051282051,69.97435897435898,64.51282051282051,0.0,1,2625.0,0.9010238514889315,False
rise_crossing,7092,41.039223,,False,,70.70238095238095,68.70238095238095,70.70238095238095,68.70238095238095,0.0,1,2630.5,0.8897110817740322,False
rise_crossing,7093,41.044232,,False,,70.78378378378379,66.5945945945946,70.78378378378379,66.5945945945946,0.0,1,2624.0,0.9006806031851106,False
rise_crossing,7094,41.04924,,False,,74.24096385542168,67.86746987951807,74.24096385542168,67.86746987951807,0.0,1,2626.5,0.8883581739261407,False
rise_crossing,7095,41.054249,,False,,70.45555555555555,67.16666666666667,70.45555555555555,67.16666666666667,0.0,1,2624.5,0.880100319639211,False
rise_crossing,7096,41.059257,,False,,69.37777777777778,65.73333333333333,69.37777777777778,65.73333333333333,0.0,1,2604.0,0.8861258214380776,False
rise_crossing,7097,41.064266,,False,,60.55813953488372,60.30232558139535,60.55813953488372,60.30232558139535,0.0,1,2554.0,0.8920352121708854,False
rise_crossing,7098,41.069274,,False,,56.35,68.05,56.35,68.05,0.0,1,2617.0,0.9015085006538552,False
rise_crossing,7099,41.074283,,False,,58.375,70.5,58.375,70.5,0.0,1,2605.0,0.8941589167719388,False
rise_crossing,7100,41.079292,,False,,56.53488372093023,73.6046511627907,56.53488372093023,73.6046511627907,0.0,1,2639.0,0.8871854081151406,False
rise_crossing,7101,41.0843,,False,,62.82142857142857,77.19047619047619,62.82142857142857,77.19047619047619,0.0,1,2653.5,0.8866788947578274,False
rise_crossing,7102,41.089309,,False,,68.1978021978022,72.13186813186813,68.1978021978022,72.13186813186813,0.0,1,2639.0,0.8796310667101227,False
rise_crossing,7103,41.094317,,False,,69.63095238095238,64.98809523809524,69.63095238095238,64.98809523809524,0.0,1,2601.5,0.8906970799360452,False
rise_crossing,7104,41.099326,,False,,65.85714285714286,64.95238095238095,65.85714285714286,64.95238095238095,0.0,1,2630.0,0.8949734590056299,False
rise_crossing,7105,41.104334,,False,,58.675,66.1,58.675,66.1,0.0,1,2597.0,0.8914129226311104,False
rise_crossing,7106,41.109343,,False,,56.75,70.4342105263158,56.75,70.4342105263158,0.0,1,2606.5,0.9001771654006512,False
rise_crossing,7107,41.114352,,False,,59.50632911392405,77.10126582278481,59.50632911392405,77.10126582278481,0.0,1,2608.0,0.8951886538649303,False
rise_crossing,7108,41.11936,,False,,62.708333333333336,82.98958333333333,62.708333333333336,82.98958333333333,0.0,1,2598.5,0.8713814683492438,False
rise_crossing,7109,41.124369,,False,,67.35555555555555,82.24444444444444,67.35555555555555,82.24444444444444,0.0,1,2660.0,0.8866307747117373,False
rise_crossing,7110,41.129377,,False,,67.27380952380952,82.63095238095238,67.27380952380952,82.63095238095238,0.0,1,2672.5,0.8930278352391374,False
rise_crossing,7111,41.134386,,False,,68.17857142857143,85.1547619047619,68.17857142857143,85.1547619047619,0.0,1,2706.5,0.8891309992598273,False
rise_crossing,7112,41.139394,,False,,71.79347826086956,76.6195652173913,71.79347826086956,76.6195652173913,0.0,1,2715.5,0.8845781040071112,False
rise_crossing,7113,41.144403,,False,,70.16867469879519,71.67469879518072,70.16867469879519,71.67469879518072,0.0,1,2672.0,0.8906306193548171,False
rise_crossing,7114,41.149412,,False,,68.05128205128206,68.53846153846153,68.05128205128206,68.53846153846153,0.0,1,2641.0,0.8987166951202997,False
rise_crossing,7115,41.15442,,False,,59.026315789473685,67.63157894736842,59.026315789473685,67.63157894736842,0.0,1,2622.0,0.8922511118136401,False
rise_crossing,7116,41.159429,,False,,56.85,77.5,56.85,77.5,0.0,1,2573.0,0.8986713428232271,False
rise_crossing,7117,41.164437,,False,,54.15909090909091,77.29545454545455,54.15909090909091,77.29545454545455,0.0,1,2573.0,0.890872635526208,False
rise_crossing,7118,41.169446,,False,,55.146067415730336,80.20224719101124,55.146067415730336,80.20224719101124,0.0,1,2612.0,0.8812338135081333,False
rise_crossing,7119,41.174454,,False,,52.61842105263158,74.9342105263158,52.61842105263158,74.9342105263158,0.0,1,2627.5,0.8963849578975065,False
rise_crossing,7120,41.179463,,False,,54.30952380952381,77.64285714285714,54.30952380952381,77.64285714285714,0.0,1,2634.0,0.8931420770219438,False
rise_crossing,7121,41.184472,,False,,55.01351351351352,77.71621621621621,55.013513513513516,77.71621621621621,7.105427357601002e-15,1,2615.5,0.9000442942790994,False
rise_crossing,7122,41.18948,,False,,54.32530120481928,76.36144578313252,54.325301204819276,76.36144578313252,7.105427357601002e-15,1,2632.0,0.8879813968662463,False
rise_crossing,7123,41.194489,,False,,51.96341463414634,79.21951219512195,51.96341463414634,79.21951219512195,0.0,1,2647.0,0.8822976222071143,False
rise_crossing,7124,41.199497,,False,,47.69767441860465,76.3953488372093,47.69767441860465,76.3953488372093,0.0,1,2659.0,0.889438447857584,False
rise_crossing,7125,41.204506,,False,,49.433734939759034,77.21686746987952,49.433734939759034,77.21686746987952,0.0,1,2671.0,0.8902972962326354,False
rise_crossing,7126,41.209514,,False,,45.8375,76.9875,45.8375,76.9875,0.0,1,2687.5,0.9012267425130144,False
rise_crossing,7127,41.214523,,False,,48.05813953488372,72.43023255813954,48.05813953488372,72.43023255813954,0.0,1,2676.5,0.8943644531403372,False
rise_crossing,7128,41.219531,,False,,49.56989247311828,72.03225806451613,49.56989247311828,72.03225806451613,0.0,1,2673.5,0.8857778824351077,False
rise_crossing,7129,41.22454,,False,,47.88505747126437,69.1264367816092,47.88505747126437,69.1264367816092,0.0,1,2701.5,0.887488409333073,False
rise_crossing,7130,41.229549,,False,,46.95121951219512,67.5609756097561,46.951219512195124,67.5609756097561,7.105427357601002e-15,1,2688.0,0.8959637313351797,False
rise_crossing,7131,41.234557,,False,,46.55952380952381,68.13095238095238,46.55952380952381,68.13095238095238,0.0,1,2692.5,0.8952248321970753,False
rise_crossing,7132,41.239566,,False,,47.06976744186046,76.72093023255815,47.06976744186046,76.72093023255815,0.0,1,2704.0,0.8936548866854239,False
rise_crossing,7133,41.244574,,False,,58.84883720930232,76.29069767441861,58.848837209302324,76.29069767441861,7.105427357601002e-15,1,2725.5,0.8953728160599439,False
rise_crossing,7134,41.249583,,False,,60.41891891891892,75.33783783783784,60.41891891891892,75.33783783783784,0.0,1,2698.5,0.9017158504883269,False
rise_crossing,7135,41.254591,,False,,68.17045454545455,75.76136363636364,68.17045454545455,75.76136363636364,0.0,1,2687.5,0.8904163313853108,False
rise_crossing,7136,41.2596,,False,,70.13095238095238,69.70238095238095,70.13095238095238,69.70238095238095,0.0,1,2651.5,0.8936293058112501,False
rise_crossing,7137,41.264609,,False,,67.82954545454545,68.625,67.82954545454545,68.625,0.0,1,2658.5,0.8883496747692907,False
rise_crossing,7138,41.269617,,False,,69.1951219512195,67.21951219512195,69.1951219512195,67.21951219512195,0.0,1,2683.0,0.8942971365250049,False
rise_crossing,7139,41.274626,,False,,70.94680851063829,71.96808510638297,70.94680851063829,71.96808510638297,0.0,1,2660.5,0.8814707458046056,False
rise_crossing,7140,41.279634,,False,,70.44871794871794,69.01282051282051,70.44871794871794,69.01282051282051,0.0,1,2665.5,0.8983476955081602,False
rise_crossing,7141,41.284643,,False,,75.2,65.175,75.2,65.175,0.0,1,2666.5,0.8910228996236345,False
rise_crossing,7142,41.289651,,False,,75.45454545454545,66.81818181818181,75.45454545454545,66.81818181818181,0.0,1,2631.0,0.9109544848048386,False
rise_crossing,7143,41.29466,,False,,68.62820512820512,68.62820512820512,68.62820512820512,68.62820512820512,0.0,1,2680.5,0.8988793645514327,False
rise_crossing,7144,41.299669,,False,,69.85227272727273,69.64772727272727,69.85227272727273,69.64772727272727,0.0,1,2702.5,0.8878169327281948,False
rise_crossing,7145,41.304677,,False,,65.92222222222222,76.32222222222222,65.92222222222222,76.32222222222222,0.0,1,2710.5,0.8904450679592125,False
rise_crossing,7146,41.309686,,False,,67.11363636363636,77.86363636363636,67.11363636363636,77.86363636363636,0.0,1,2715.0,0.8866044755543118,False
rise_crossing,7147,41.314694,,False,,68.75641025641026,76.8076923076923,68.75641025641026,76.8076923076923,0.0,1,2702.5,0.9030524694981362,False
rise_crossing,7148,41.319703,,False,,61.333333333333336,79.75,61.333333333333336,79.75,0.0,1,2714.0,0.8969598233965387,False
rise_crossing,7149,41.324711,,False,,58.3,76.925,58.3,76.925,0.0,1,2701.0,0.8926634002148317,False
rise_crossing,7150,41.32972,,False,,58.65,78.675,58.65,78.675,0.0,1,2711.0,0.9036300921055864,False
rise_crossing,7151,41.334728,,False,,56.073170731707314,78.29268292682929,56.073170731707314,78.29268292682927,1.4210854715202004e-14,1,2734.0,0.8928090740941025,False
rise_crossing,7152,41.339737,,False,,52.11764705882353,76.05882352941178,52.11764705882353,76.05882352941177,1.4210854715202004e-14,1,2722.0,0.9072966070271565,False
rise_crossing,7153,41.344746,,False,,52.17567567567568,76.36486486486487,52.17567567567568,76.36486486486487,0.0,1,2733.5,0.898000958937767,False
rise_crossing,7154,41.349754,,False,,50.96153846153846,78.67948717948718,50.96153846153846,78.67948717948718,0.0,1,2733.5,0.8980009447068079,False
rise_crossing,7155,41.354763,,False,,52.725,77.2,52.725,77.2,0.0,1,2740.0,0.8872586703207221,False
rise_crossing,7156,41.359771,,False,,52.23684210526316,75.39473684210526,52.23684210526316,75.39473684210526,0.0,1,2735.0,0.9007272615135016,False
rise_crossing,7157,41.36478,,False,,56.54320987654321,80.1358024691358,56.54320987654321,80.1358024691358,0.0,1,2714.5,0.8917591301393204,False
rise_crossing,7158,41.369788,,False,,58.55813953488372,82.46511627906976,58.55813953488372,82.46511627906976,0.0,1,2671.0,0.8902973016986502,False
rise_crossing,7159,41.374797,,False,,56.89772727272727,86.51136363636364,56.89772727272727,86.51136363636364,0.0,1,2710.5,0.8904450647027776,False
rise_crossing,7160,41.379806,,False,,57.870588235294115,83.72941176470589,57.870588235294115,83.72941176470589,0.0,1,2717.5,0.8927446830215083,False
rise_crossing,7161,41.384814,,False,,61.134020618556704,88.35051546391753,61.134020618556704,88.35051546391753,0.0,1,2736.0,0.8755186261753823,False
rise_crossing,7162,41.389823,,False,,70.23809523809524,83.85714285714286,70.23809523809524,83.85714285714286,0.0,1,2748.0,0.8973808868164747,False
rise_crossing,7163,41.394831,,False,,67.1547619047619,78.77380952380952,67.1547619047619,78.77380952380952,0.0,1,2731.5,0.8973439284100754,False
rise_crossing,7164,41.39984,,False,,70.90217391304348,77.03260869565217,70.90217391304348,77.03260869565217,0.0,1,2767.5,0.8834338847814562,False
rise_crossing,7165,41.404848,,False,,70.78378378378379,78.86486486486487,70.78378378378379,78.86486486486487,0.0,1,2746.0,0.9043499283650087,False
rise_crossing,7166,41.409857,,False,,75.75,77.39285714285714,75.75,77.39285714285714,0.0,1,2788.5,0.8976175232304279,False
rise_crossing,7167,41.414866,,False,,76.7,74.65555555555555,76.7,74.65555555555555,0.0,1,2777.5,0.8909791511465235,False
rise_crossing,7168,41.419874,,False,,79.5,71.88636363636364,79.5,71.88636363636364,0.0,1,2784.0,0.8908786042168679,False
rise_crossing,7169,41.424883,,False,,77.71428571428571,68.91208791208791,77.71428571428571,68.91208791208791,0.0,1,2773.0,0.8873586054614117,False
rise_crossing,7170,41.429891,,False,,77.48837209302326,69.93023255813954,77.48837209302326,69.93023255813954,0.0,1,2833.0,0.8990261746585205,False
rise_crossing,7171,41.4349,,False,,77.2875,67.3375,77.2875,67.3375,0.0,1,2824.5,0.9016292623587273,False
rise_crossing,7172,41.439908,,False,,79.3076923076923,65.56410256410257,79.3076923076923,65.56410256410257,0.0,1,2800.0,0.9066876879091728,False
rise_crossing,7173,41.444917,,False,,67.16304347826087,61.33695652173913,67.16304347826087,61.33695652173913,0.0,1,2695.5,0.8855173100831694,False
rise_crossing,7174,41.449925,,False,,67.23333333333333,56.96666666666667,67.23333333333333,56.96666666666667,0.0,1,2701.5,0.8874884136605694,False
rise_crossing,7175,41.454934,,False,,56.71951219512195,67.40243902439025,56.71951219512195,67.40243902439025,0.0,1,2704.5,0.8960487290743693,False
rise_crossing,7176,41.459943,,False,,57.43617021276596,70.88297872340425,57.43617021276596,70.88297872340425,0.0,1,2707.5,0.8819720965672143,False
rise_crossing,7177,41.464951,,False,,66.67021276595744,72.56382978723404,66.67021276595744,72.56382978723404,0.0,1,2746.5,0.8840977369380698,False
rise_crossing,7178,41.46996,,False,,67.39784946236558,74.54838709677419,67.39784946236558,74.54838709677419,0.0,1,2745.5,0.8837758382277285,False
rise_crossing,7179,41.474968,,False,,69.86363636363636,69.56818181818181,69.86363636363636,69.56818181818181,0.0,1,2742.0,0.8879063033120366,False
rise_crossing,7180,41.479977,,False,,67.25773195876289,64.94845360824742,67.25773195876289,64.94845360824742,0.0,1,2657.5,0.8761052224028816,False
rise_crossing,7181,41.484985,,False,,54.30555555555556,66.61111111111111,54.30555555555556,66.61111111111111,0.0,1,2608.0,0.9062527314810768,False
rise_crossing,7182,41.489994,,False,,52.81927710843374,81.59036144578313,52.81927710843374,81.59036144578313,0.0,1,2596.5,0.8889851852468295,False
rise_crossing,7183,41.495003,,False,,61.773809523809526,87.01190476190474,61.773809523809526,87.01190476190476,1.4210854715202004e-14,1,2655.5,0.8873472091590381,False
rise_crossing,7184,41.500011,,False,,75.68131868131869,83.23076923076923,75.68131868131869,83.23076923076923,0.0,1,2711.0,0.885298242130814,False
rise_crossing,7185,41.50502,,False,,80.9111111111111,76.42222222222222,80.91111111111111,76.42222222222222,1.4210854715202004e-14,1,2739.0,0.8869348447002591,False
rise_crossing,7186,41.510028,,False,,76.97727272727273,68.72727272727273,76.97727272727273,68.72727272727273,0.0,1,2769.0,0.896649358850698,False
rise_crossing,7187,41.515037,,False,,69.72164948453609,61.27835051546392,69.72164948453609,61.27835051546392,0.0,1,2704.5,0.8779245334942141,False
rise_crossing,7188,41.520045,,False,,65.60493827160494,63.148148148148145,65.60493827160494,63.148148148148145,0.0,1,2724.5,0.8950443057045787,False
rise_crossing,7189,41.525054,,False,,60.5375,67.8625,60.5375,67.8625,0.0,1,2719.5,0.9010184935236,False
rise_crossing,7190,41.530063,,False,,64.63513513513513,74.12162162162163,64.63513513513513,74.12162162162163,0.0,1,2738.5,0.8996435368810088,False
rise_crossing,7191,41.535071,,False,,68.71739130434783,70.34782608695652,68.71739130434783,70.34782608695652,0.0,1,2723.0,0.8892169413396143,False
rise_crossing,7192,41.54008,,False,,65.95238095238095,67.02380952380952,65.95238095238095,67.02380952380952,0.0,1,2743.0,0.8957480933663741,False
rise_crossing,7193,41.545088,,False,,57.775,65.95,57.775,65.95,0.0,1,2675.0,0.8992879697139393,False
rise_crossing,7194,41.550097,,False,,56.76190476190476,66.85714285714286,56.76190476190476,66.85714285714286,0.0,1,2695.0,0.8982969746309682,False
rise_crossing,7195,41.555105,,False,,55.3974358974359,67.47435897435898,55.3974358974359,67.47435897435898,0.0,1,2710.5,0.8980366363946667,False
rise_crossing,7196,41.560114,,False,,57.828947368421055,68.77631578947368,57.828947368421055,68.77631578947368,0.0,1,2728.5,0.9040003517446216,False
rise_crossing,7197,41.565123,,False,,56.44444444444444,72.01234567901234,56.44444444444444,72.01234567901234,0.0,1,2700.5,0.8947234582604304,False
rise_crossing,7198,41.570131,,False,,55.49411764705882,78.32941176470588,55.49411764705882,78.32941176470588,0.0,1,2737.5,0.8917446373260668,False
rise_crossing,7199,41.57514,,False,,67.9,78.75,67.9,78.75,0.0,1,2772.0,0.8901186030935663,False
rise_crossing,7200,41.580148,,False,,70.80952380952381,67.45238095238095,70.80952380952381,67.45238095238095,0.0,1,2743.0,0.8957480890116454,False
rise_crossing,7201,41.585157,,False,,63.714285714285715,67.25714285714285,63.714285714285715,67.25714285714285,0.0,1,2699.0,0.90735635894921,False
rise_crossing,7202,41.590165,,False,,55.6,71.84705882352941,55.6,71.84705882352941,0.0,1,2641.0,0.8878577729564555,False
rise_crossing,7203,41.595174,,False,,58.426829268292686,82.08536585365853,58.426829268292686,82.08536585365853,0.0,1,2652.5,0.8971521183519076,False
rise_crossing,7204,41.600182,,False,,77.10344827586206,86.71264367816092,77.10344827586206,86.71264367816092,0.0,1,2753.5,0.8863510353755597,False
rise_crossing,7205,41.605191,,False,,79.36458333333333,73.84375,79.36458333333333,73.84375,0.0,1,2813.5,0.8802816367765434,False
rise_crossing,7206,41.6102,,False,,75.39080459770115,66.54022988505747,75.39080459770115,66.54022988505747,0.0,1,2806.0,0.8830899686936072,False
rise_crossing,7207,41.615208,,False,,66.05952380952381,68.63095238095238,66.05952380952381,68.63095238095238,0.0,1,2797.5,0.8930103952729828,False
rise_crossing,7208,41.620217,,False,,56.87640449438202,75.86516853932584,56.87640449438202,75.86516853932584,0.0,1,2750.5,0.8853853339084367,False
rise_crossing,7209,41.625225,,False,,62.41558441558442,78.16883116883116,62.41558441558441,78.16883116883118,1.5888218580782548e-14,1,2753.0,0.8914682949860235,False
rise_crossing,7210,41.630234,,False,,67.78205128205128,75.93589743589743,67.78205128205128,75.93589743589743,0.0,1,2810.5,0.9046993182855003,False
rise_crossing,7211,41.635242,,False,,66.24444444444444,72.0888888888889,66.24444444444444,72.08888888888889,1.4210854715202004e-14,1,2789.0,0.8850631906626899,False
rise_crossing,7212,41.640251,,False,,61.65277777777778,65.18055555555556,61.65277777777778,65.18055555555556,0.0,1,2701.5,0.9027183105834693,False
rise_crossing,7213,41.64526,,False,,54.96666666666667,66.72222222222223,54.96666666666667,66.72222222222223,0.0,1,2711.5,0.8907735881207263,False
rise_crossing,7214,41.650268,,False,,53.59090909090909,70.77272727272727,53.59090909090909,70.77272727272727,0.0,1,2702.0,0.8898592434750741,False
rise_crossing,7215,41.655277,,False,,53.82978723404256,75.17021276595744,53.829787234042556,75.17021276595744,7.105427357601002e-15,1,2740.0,0.8841756931285282,False
rise_crossing,7216,41.660285,,False,,53.073170731707314,74.14634146341463,53.073170731707314,74.14634146341463,0.0,1,2736.0,0.8934621810426391,False
rise_crossing,7217,41.665294,,False,,54.0,77.35064935064935,54.0,77.35064935064935,0.0,1,2792.5,0.8957909165023719,False
rise_crossing,7218,41.670302,,False,,57.97435897435897,76.71794871794872,57.97435897435897,76.71794871794872,0.0,1,2793.0,0.9044209730678019,False
rise_crossing,7219,41.675311,,False,,60.55434782608695,81.01086956521739,60.55434782608695,81.01086956521739,0.0,1,2776.5,0.8832490649802688,False
rise_crossing,7220,41.68032,,False,,67.65625,78.82291666666667,67.65625,78.82291666666667,0.0,1,2820.5,0.8824717812433768,False
rise_crossing,7221,41.685328,,False,,67.91463414634147,77.86585365853658,67.91463414634147,77.86585365853658,0.0,1,2830.5,0.9035445694127953,False
rise_crossing,7222,41.690337,,False,,68.31521739130434,70.6195652173913,68.31521739130434,70.6195652173913,0.0,1,2813.5,0.8876046230262634,False
rise_crossing,7223,41.695345,,False,,63.56923076923077,63.98461538461538,63.56923076923077,63.98461538461538,0.0,1,2741.0,0.9058831403327811,False
rise_crossing,7224,41.700354,,False,,57.73076923076923,66.01282051282051,57.73076923076923,66.01282051282051,0.0,1,2755.5,0.9052283242196896,False
rise_crossing,7225,41.705362,,False,,53.367816091954026,67.97701149425288,53.367816091954026,67.97701149425288,0.0,1,2730.5,0.8863645559662692,False
rise_crossing,7226,41.710371,,False,,48.23170731707317,66.23170731707317,48.23170731707317,66.23170731707317,0.0,1,2755.5,0.897608174604436,False
rise_crossing,7227,41.715379,,False,,54.80263157894737,68.80263157894737,54.80263157894737,68.80263157894737,0.0,1,2767.5,0.8983753534853219,False
rise_crossing,7228,41.720388,,False,,51.52173913043478,67.56521739130434,51.52173913043478,67.56521739130434,0.0,1,2765.0,0.8847986137426869,False
rise_crossing,7229,41.725397,,False,,52.273809523809526,65.41666666666667,52.273809523809526,65.41666666666667,0.0,1,2754.5,0.8866729330124664,False
rise_crossing,7230,41.730405,,False,,52.16091954022989,67.4367816091954,52.160919540229884,67.4367816091954,7.105427357601002e-15,1,2780.0,0.8895986051520075,False
rise_crossing,7231,41.735414,,False,,49.21590909090909,67.55681818181819,49.21590909090909,67.55681818181819,0.0,1,2801.5,0.8912019659681188,False
rise_crossing,7232,41.740422,,False,,48.523809523809526,65.54761904761905,48.523809523809526,65.54761904761905,0.0,1,2797.0,0.8950385912381568,False
rise_crossing,7233,41.745431,,False,,46.787234042553195,65.38297872340425,46.787234042553195,65.38297872340425,0.0,1,2805.0,0.8870786563794492,False
rise_crossing,7234,41.750439,,False,,48.358695652173914,68.42391304347827,48.358695652173914,68.42391304347827,0.0,1,2802.5,0.8915200755485729,False
rise_crossing,7235,41.755448,,False,,47.5,66.92857142857143,47.5,66.92857142857143,0.0,1,2793.0,0.9012783605563478,False
rise_crossing,7236,41.760457,,False,,46.32941176470588,68.2235294117647,46.32941176470588,68.2235294117647,0.0,1,2826.0,0.8893842770151272,False
rise_crossing,7237,41.765465,,False,,47.38636363636363,69.29545454545455,47.38636363636363,69.29545454545455,0.0,1,2786.0,0.8841111696452301,False
rise_crossing,7238,41.770474,,False,,46.888888888888886,75.13333333333334,46.888888888888886,75.13333333333334,0.0,1,2814.0,0.8929967068988263,False
rise_crossing,7239,41.775482,,False,,51.630434782608695,81.02173913043478,51.630434782608695,81.02173913043478,0.0,1,2802.0,0.8788102543479245,False
rise_crossing,7240,41.780491,,False,,55.55,79.53,55.55,79.53,0.0,1,2826.5,0.8770829031660995,False
rise_crossing,7241,41.785499,,False,,56.48913043478261,85.42391304347827,56.48913043478261,85.42391304347827,0.0,1,2825.5,0.8913903815151978,False
rise_crossing,7242,41.790508,,False,,65.54736842105264,82.58947368421053,65.54736842105264,82.58947368421053,0.0,1,2838.5,0.885070108959394,False
rise_crossing,7243,41.795517,,False,,67.71951219512195,78.79268292682929,67.71951219512195,78.79268292682927,1.4210854715202004e-14,1,2867.5,0.8971770326799191,False
rise_crossing,7244,41.800525,,False,,73.54545454545455,77.5909090909091,73.54545454545455,77.5909090909091,0.0,1,2868.0,0.8921106608249569,False
rise_crossing,7245,41.805534,,False,,73.82608695652173,78.1086956521739,73.82608695652173,78.1086956521739,0.0,1,2842.0,0.8840231904094523,False
rise_crossing,7246,41.810542,,False,,74.53333333333333,69.57777777777778,74.53333333333333,69.57777777777778,0.0,1,2839.0,0.8904148172866577,False
rise_crossing,7247,41.815551,,False,,76.17391304347827,69.45652173913044,76.17391304347827,69.45652173913044,0.0,1,2852.0,0.8871337565295886,False
rise_crossing,7248,41.820559,,False,,77.68292682926831,69.2439024390244,77.6829268292683,69.2439024390244,1.4210854715202004e-14,1,2885.0,0.8973986313799487,False
rise_crossing,7249,41.825568,,False,,70.18556701030928,65.70103092783505,70.18556701030928,65.70103092783505,0.0,1,2824.0,0.8784241674150884,False
rise_crossing,7250,41.830577,,False,,61.926829268292686,65.26829268292683,61.926829268292686,65.26829268292683,0.0,1,2756.0,0.8968529529348629,False
rise_crossing,7251,41.835585,,False,,59.92857142857143,66.69047619047619,59.92857142857143,66.69047619047619,0.0,1,2817.0,0.8970397586427094,False
rise_crossing,7252,41.840594,,False,,55.166666666666664,68.52222222222223,55.166666666666664,68.52222222222223,0.0,1,2845.5,0.89029372894522,False
rise_crossing,7253,41.845602,,False,,51.52325581395349,71.0813953488372,51.52325581395349,71.0813953488372,0.0,1,2810.5,0.8940650099423159,False
rise_crossing,7254,41.850611,,False,,49.55952380952381,76.67857142857143,49.55952380952381,76.67857142857143,0.0,1,2844.5,0.8899808469280318,False
rise_crossing,7255,41.855619,,False,,51.726190476190474,78.72619047619048,51.726190476190474,78.72619047619048,0.0,1,2821.5,0.8901284666347543,False
rise_crossing,7256,41.860628,,False,,50.285714285714285,77.58441558441558,50.285714285714285,77.58441558441558,0.0,1,2828.0,0.8900137004221224,False
rise_crossing,7257,41.865636,,False,,49.31506849315068,80.78082191780823,49.31506849315068,80.78082191780823,0.0,1,2863.0,0.8979420957189173,False
rise_crossing,7258,41.870645,,False,,49.11904761904762,80.14285714285714,49.11904761904762,80.14285714285714,0.0,1,2860.0,0.8970011853845978,False
rise_crossing,7259,41.875654,,False,,49.69047619047619,81.19047619047619,49.69047619047619,81.19047619047619,0.0,1,2825.0,0.8964874469906475,False
rise_crossing,7260,41.880662,,False,,53.46590909090909,80.94318181818181,53.46590909090909,80.94318181818181,0.0,1,2797.5,0.8868645142676967,False
rise_crossing,7261,41.885671,,False,,51.927083333333336,81.61458333333333,51.927083333333336,81.61458333333333,0.0,1,2848.5,0.8809029041164571,False
rise_crossing,7262,41.890679,,False,,55.32608695652174,84.73913043478261,55.32608695652174,84.73913043478261,0.0,1,2824.0,0.8784241653311292,False
rise_crossing,7263,41.895688,,False,,57.276595744680854,82.74468085106383,57.276595744680854,82.74468085106383,0.0,1,2807.0,0.8803784361449531,False
rise_crossing,7264,41.900696,,False,,58.0875,84.3125,58.0875,84.3125,0.0,1,2826.5,0.8991548551103944,False
rise_crossing,7265,41.905705,,False,,58.40217391304348,84.81521739130436,58.40217391304348,84.81521739130434,1.4210854715202004e-14,1,2849.5,0.8885000047556779,False
rise_crossing,7266,41.910714,,False,,58.791666666666664,84.55208333333333,58.791666666666664,84.55208333333333,0.0,1,2817.0,0.8762467745571283,False
rise_crossing,7267,41.915722,,False,,58.58163265306123,81.05102040816327,58.58163265306123,81.05102040816327,0.0,1,2825.5,0.8840361701482577,False
rise_crossing,7268,41.920731,,False,,58.17857142857143,79.25,58.17857142857143,79.25,0.0,1,2826.5,0.899154861582024,False
rise_crossing,7269,41.925739,,False,,56.12,83.24,56.12,83.24,0.0,1,2800.0,0.8781829849742362,False
rise_crossing,7270,41.930748,,False,,55.855555555555554,78.94444444444444,55.855555555555554,78.94444444444444,0.0,1,2821.5,0.882784664275417,False
rise_crossing,7271,41.935756,,False,,57.45454545454545,76.06818181818181,57.45454545454545,76.06818181818181,0.0,1,2831.0,0.8909578418939779,False
rise_crossing,7272,41.940765,,False,,57.795918367346935,81.55102040816327,57.795918367346935,81.55102040816327,0.0,1,2821.0,0.8847693489307447,False
rise_crossing,7273,41.945774,,False,,57.06315789473684,79.02105263157895,57.06315789473684,79.02105263157895,0.0,1,2856.0,0.8810998755681997,False
rise_crossing,7274,41.950782,,False,,57.06,83.1,57.06,83.1,0.0,1,2847.0,0.8783232992924812,False
rise_crossing,7275,41.955791,,False,,55.17045454545455,82.875,55.17045454545455,82.875,0.0,1,2842.5,0.8936778479453198,False
rise_crossing,7276,41.960799,,False,,53.34177215189873,87.34177215189874,53.34177215189873,87.34177215189874,0.0,1,2836.0,0.8968823766428329,False
rise_crossing,7277,41.965808,,False,,55.60493827160494,88.25925925925925,55.60493827160494,88.25925925925925,0.0,1,2829.5,0.8926523027726959,False
rise_crossing,7278,41.970816,,False,,56.675,86.625,56.675,86.625,0.0,1,2817.0,0.9014385811647792,False
rise_crossing,7279,41.975825,,False,,57.604651162790695,86.74418604651163,57.604651162790695,86.74418604651163,0.0,1,2862.0,0.8976284610791434,False
rise_crossing,7280,41.980833,,False,,57.302083333333336,84.15625,57.302083333333336,84.15625,0.0,1,2832.5,0.8862263230495487,False
rise_crossing,7281,41.985842,,False,,57.98837209302326,87.8953488372093,57.98837209302326,87.8953488372093,0.0,1,2852.5,0.8924838670493604,False
rise_crossing,7282,41.990851,,False,,58.02325581395349,88.23255813953487,58.02325581395349,88.23255813953489,1.4210854715202004e-14,1,2884.0,0.8970875618925499,False
rise_crossing,7283,41.995859,,False,,58.55952380952381,88.22619047619048,58.55952380952381,88.22619047619048,0.0,1,2882.5,0.8944600984879824,False
rise_crossing,7284,42.000868,,False,,68.1734693877551,87.23469387755102,68.1734693877551,87.23469387755102,0.0,1,2879.5,0.8832153677997157,False
rise_crossing,7285,42.005876,,False,,67.79545454545455,85.1590909090909,67.79545454545455,85.1590909090909,0.0,1,2898.0,0.8940572245671563,False
rise_crossing,7286,42.010885,,False,,68.96428571428571,76.98809523809526,68.96428571428571,76.98809523809524,1.4210854715202004e-14,1,2902.5,0.8976024799289746,False
rise_crossing,7287,42.015893,,False,,73.24468085106383,77.81914893617021,73.24468085106383,77.81914893617021,0.0,1,2893.5,0.8875095192595981,False
rise_crossing,7288,42.020902,,False,,67.32967032967034,66.31868131868131,67.32967032967034,66.31868131868131,0.0,1,2863.0,0.8905553709078955,False
rise_crossing,7289,42.025911,,False,,68.18085106382979,66.18085106382979,68.18085106382979,66.18085106382979,0.0,1,2849.5,0.8915452379523215,False
rise_crossing,7290,42.030919,,False,,66.23863636363636,60.07954545454545,66.23863636363636,60.07954545454545,0.0,1,2858.5,0.894361140112427,False
rise_crossing,7291,42.035928,,False,,67.43333333333334,61.144444444444446,67.43333333333334,61.144444444444446,0.0,1,2822.5,0.8830975389064991,False
rise_crossing,7292,42.040936,,False,,56.22727272727273,60.18181818181818,56.22727272727273,60.18181818181818,0.0,1,2780.0,0.8926874922544806,False
rise_crossing,7293,42.045945,,False,,57.19101123595506,62.561797752808985,57.19101123595506,62.561797752808985,0.0,1,2836.0,0.8821568417347257,False
rise_crossing,7294,42.050953,,False,,56.76744186046512,64.04651162790698,56.76744186046512,64.04651162790698,0.0,1,2786.0,0.8915185967785143,False
rise_crossing,7295,42.055962,,False,,54.14772727272727,59.57954545454545,54.14772727272727,59.57954545454545,0.0,1,2767.5,0.8908576225756439,False
rise_crossing,7296,42.060971,,False,,53.5609756097561,58.34146341463414,53.5609756097561,58.34146341463415,7.105427357601002e-15,1,2780.0,0.9046629832852385,False
rise_crossing,7297,42.065979,,False,,55.648648648648646,60.027027027027025,55.648648648648646,60.027027027027025,0.0,1,2802.0,0.9041825916517295,False
rise_crossing,7298,42.070988,,False,,54.56666666666667,59.9,54.56666666666667,59.9,0.0,1,2824.5,0.8910749009342332,False
rise_crossing,7299,42.075996,,False,,51.40449438202247,61.42696629213483,51.40449438202247,61.42696629213483,0.0,1,2784.5,0.8857939929542801,False
rise_crossing,7300,42.081005,,False,,47.5531914893617,63.702127659574465,47.5531914893617,63.702127659574465,0.0,1,2802.0,0.8891886111390422,False
rise_crossing,7301,42.086013,,False,,46.8780487804878,68.63414634146342,46.8780487804878,68.63414634146342,0.0,1,2832.0,0.8987088371988261,False
rise_crossing,7302,42.091022,,False,,48.80263157894737,66.4342105263158,48.80263157894737,66.4342105263158,0.0,1,2863.5,0.9033786328001133,False
rise_crossing,7303,42.09603,,False,,47.390804597701155,66.34482758620689,47.39080459770115,66.34482758620689,7.105427357601002e-15,1,2812.5,0.8872891339626594,False
rise_crossing,7304,42.101039,,False,,49.645833333333336,66.375,49.645833333333336,66.375,0.0,1,2832.0,0.880912622192074,False
rise_crossing,7305,42.106048,,False,,52.1,64.3,52.1,64.3,0.0,1,2791.5,0.8806640407103659,False
rise_crossing,7306,42.111056,,False,,53.294117647058826,61.8,53.294117647058826,61.8,0.0,1,2797.0,0.8919469220487273,False
rise_crossing,7307,42.116065,,False,,52.18888888888889,64.74444444444444,52.18888888888889,64.74444444444444,0.0,1,2815.5,0.8882355725223017,False
rise_crossing,7308,42.121073,,False,,55.98809523809524,64.25,55.98809523809524,64.25,0.0,1,2844.5,0.8973845222016403,False
rise_crossing,7309,42.126082,,False,,56.40909090909091,66.29545454545455,56.40909090909091,66.29545454545455,0.0,1,2890.0,0.8915891482153527,False
rise_crossing,7310,42.13109,,False,,55.01204819277108,65.78313253012048,55.01204819277108,65.78313253012048,0.0,1,2854.0,0.8951193668483143,False
rise_crossing,7311,42.136099,,False,,56.23076923076923,68.21978021978022,56.23076923076923,68.21978021978022,0.0,1,2853.0,0.8874448090357449,False
rise_crossing,7312,42.141108,,False,,59.80769230769231,68.5,59.80769230769231,68.5,0.0,1,2846.5,0.8980154769337524,False
rise_crossing,7313,42.146116,,False,,52.55813953488372,69.20930232558139,52.55813953488372,69.20930232558139,0.0,1,2849.0,0.8935511850826658,False
rise_crossing,7314,42.151125,,False,,46.489583333333336,74.21875,46.489583333333336,74.21875,0.0,1,2892.5,0.8872027940067003,False
rise_crossing,7315,42.156133,,False,,48.325,78.45,48.325,78.45,0.0,1,2952.0,0.9032859968303805,False
rise_crossing,7316,42.161142,,False,,56.6219512195122,75.6219512195122,56.6219512195122,75.6219512195122,0.0,1,2935.5,0.8930666633349061,False
rise_crossing,7317,42.16615,,False,,61.6,75.175,61.6,75.175,0.0,1,2936.0,0.9027083098148315,False
rise_crossing,7318,42.171159,,False,,67.06172839506173,68.8641975308642,67.06172839506173,68.8641975308642,0.0,1,2930.0,0.9008635444389552,False
rise_crossing,7319,42.176168,,False,,68.9875,66.3875,68.9875,66.3875,0.0,1,2892.5,0.9049989771671022,False
rise_crossing,7320,42.181176,,False,,68.62790697674419,68.20930232558139,68.62790697674419,68.20930232558139,0.0,1,2884.0,0.897087574661966,False
rise_crossing,7321,42.186185,,False,,68.26190476190476,67.54761904761905,68.26190476190476,67.54761904761905,0.0,1,2898.0,0.9014423612287378,False
rise_crossing,7322,42.191193,,False,,67.87654320987654,67.77777777777777,67.87654320987654,67.77777777777777,0.0,1,2863.0,0.8936039491660289,False
rise_crossing,7323,42.196202,,False,,68.54545454545455,68.4090909090909,68.54545454545455,68.4090909090909,0.0,1,2886.0,0.8977096838385076,False
rise_crossing,7324,42.20121,,False,,68.54736842105264,62.82105263157895,68.54736842105264,62.82105263157895,0.0,1,2796.0,0.8799428145891725,False
rise_crossing,7325,42.206219,,False,,60.75,59.958333333333336,60.75,59.958333333333336,0.0,1,2805.0,0.8797511636366125,False
rise_crossing,7326,42.211228,,False,,56.5,62.35365853658536,56.5,62.353658536585364,7.105427357601002e-15,1,2837.5,0.8951761484867718,False
rise_crossing,7327,42.216236,,False,,56.747252747252745,69.27472527472527,56.747252747252745,69.27472527472527,0.0,1,2905.0,0.8931770006916687,False
rise_crossing,7328,42.221245,,False,,58.81481481481482,73.71604938271605,58.81481481481482,73.71604938271605,0.0,1,2918.5,0.8994855623987205,False
rise_crossing,7329,42.226253,,False,,67.60227272727273,76.44318181818181,67.60227272727273,76.44318181818181,0.0,1,2946.5,0.8933938524405861,False
rise_crossing,7330,42.231262,,False,,67.76136363636364,69.39772727272727,67.76136363636364,69.39772727272727,0.0,1,2917.5,0.8948709232209996,False
rise_crossing,7331,42.23627,,False,,63.54347826086956,67.8913043478261,63.54347826086956,67.8913043478261,0.0,1,2824.0,0.8857102645376752,False
rise_crossing,7332,42.241279,,False,,59.166666666666664,66.64285714285714,59.166666666666664,66.64285714285714,0.0,1,2863.0,0.8979420999970769,False
rise_crossing,7333,42.246287,,False,,62.575,78.125,62.575,78.125,0.0,1,2893.0,0.8998870787191774,False
rise_crossing,7334,42.251296,,False,,70.6125,78.2375,70.6125,78.2375,0.0,1,2958.5,0.900063953627769,False
rise_crossing,7335,42.256305,,False,,68.4047619047619,79.54761904761905,68.4047619047619,79.54761904761905,0.0,1,2946.0,0.898404975997364,False
rise_crossing,7336,42.261313,,False,,67.1086956521739,74.1086956521739,67.1086956521739,74.1086956521739,0.0,1,2930.0,0.8862770651162103,False
rise_crossing,7337,42.266322,,False,,68.42857142857143,71.87755102040816,68.42857142857143,71.87755102040816,0.0,1,2930.0,0.8862770630427983,False
rise_crossing,7338,42.27133,,False,,68.86458333333333,75.86458333333333,68.86458333333333,75.86458333333333,0.0,1,2931.5,0.8816557613061357,False
rise_crossing,7339,42.276339,,False,,68.71428571428571,74.88095238095238,68.71428571428571,74.88095238095238,0.0,1,2914.0,0.895944146730388,False
rise_crossing,7340,42.281347,,False,,68.43157894736842,76.49473684210527,68.43157894736842,76.49473684210527,0.0,1,2929.5,0.8810542605480025,False
rise_crossing,7341,42.286356,,False,,68.77380952380952,77.58333333333333,68.77380952380952,77.58333333333333,0.0,1,2938.0,0.8959653134012256,False
rise_crossing,7342,42.291365,,False,,70.92,74.62,70.92,74.62,0.0,1,2913.0,0.8811348370525505,False
rise_crossing,7343,42.296373,,False,,73.71264367816092,68.55172413793103,73.71264367816092,68.55172413793103,0.0,1,2888.5,0.8859758929951095,False
rise_crossing,7344,42.301382,,False,,76.8953488372093,65.75581395348837,76.8953488372093,65.75581395348837,0.0,1,2881.5,0.8984778956671295,False
rise_crossing,7345,42.30639,,False,,74.97826086956522,61.08695652173913,74.97826086956522,61.08695652173913,0.0,1,2772.0,0.8870386059643105,False
rise_crossing,7346,42.311399,,False,,76.5,56.30434782608695,76.5,56.30434782608695,0.0,1,2728.0,0.8833728680634096,False
rise_crossing,7347,42.316407,,False,,67.20454545454545,50.61363636363637,67.20454545454545,50.61363636363637,0.0,1,2693.0,0.8900194595678544,False
rise_crossing,7348,42.321416,,False,,66.76086956521739,46.04347826086956,66.76086956521739,46.04347826086956,0.0,1,2647.0,0.8748167452928088,False
rise_crossing,7349,42.326425,,False,,58.684210526315795,47.757894736842104,58.68421052631579,47.757894736842104,7.105427357601002e-15,1,2679.0,0.8779171158355629,False
rise_crossing,7350,42.331433,,False,,55.9390243902439,48.0609756097561,55.9390243902439,48.0609756097561,0.0,1,2689.5,0.8942273737829336,False
rise_crossing,7351,42.336442,,False,,57.5375,48.1125,57.5375,48.1125,0.0,1,2672.0,0.8906306204484294,False
rise_crossing,7352,42.34145,,False,,57.91860465116278,49.31395348837209,57.91860465116279,49.31395348837209,7.105427357601002e-15,1,2676.5,0.8899050221693267,False
rise_crossing,7353,42.346459,,False,,54.12048192771084,52.506024096385545,54.12048192771084,52.506024096385545,0.0,1,2671.5,0.8926936785688033,False
rise_crossing,7354,42.351467,,False,,46.494623655913976,62.24731182795699,46.494623655913976,62.24731182795699,0.0,1,2742.0,0.877438623162609,False
rise_crossing,7355,42.356476,,False,,46.46052631578947,68.59210526315789,46.46052631578947,68.59210526315789,0.0,1,2826.5,0.9022677002103042,False
rise_crossing,7356,42.361484,,False,,46.97826086956522,71.34782608695652,46.97826086956522,71.34782608695652,0.0,1,2816.0,0.8862371186059488,False
rise_crossing,7357,42.366493,,False,,47.0375,77.9375,47.0375,77.9375,0.0,1,2836.5,0.9054598775687194,False
rise_crossing,7358,42.371502,,False,,49.486111111111114,76.23611111111111,49.486111111111114,76.23611111111111,0.0,1,2844.5,0.9080136083481679,False
rise_crossing,7359,42.37651,,False,,47.747368421052634,84.08421052631579,47.747368421052634,84.08421052631579,0.0,1,2785.5,0.878771160376173,False
rise_crossing,7360,42.381519,,False,,50.972972972972975,88.70270270270271,50.972972972972975,88.70270270270271,0.0,1,2811.0,0.89951859284464,False
rise_crossing,7361,42.386527,,False,,58.14942528735632,88.95402298850574,58.14942528735632,88.95402298850574,0.0,1,2826.0,0.8893842717092981,False
rise_crossing,7362,42.391536,,False,,57.40909090909091,87.81818181818181,57.40909090909091,87.81818181818181,0.0,1,2845.0,0.895363850296138,False
rise_crossing,7363,42.396544,,False,,67.41052631578947,93.98947368421052,67.41052631578947,93.98947368421052,0.0,1,2823.5,0.883410421943006,False
rise_crossing,7364,42.401553,,False,,67.80434782608695,89.67391304347827,67.80434782608695,89.67391304347827,0.0,1,2874.0,0.8909323436667665,False
rise_crossing,7365,42.406562,,False,,76.7439024390244,88.42682926829268,76.7439024390244,88.42682926829268,0.0,1,2932.5,0.8994718030631182,False
rise_crossing,7366,42.41157,,False,,75.5,88.66279069767444,75.5,88.66279069767442,1.4210854715202004e-14,1,2916.5,0.8872863080315876,False
rise_crossing,7367,42.416579,,False,,80.15384615384616,81.43956043956044,80.15384615384616,81.43956043956044,0.0,1,2992.0,0.8875280061618612,False
rise_crossing,7368,42.421587,,False,,78.125,78.5,78.125,78.5,0.0,1,3013.0,0.9040196132838207,False
rise_crossing,7369,42.426596,,False,,78.78313253012048,74.42168674698796,78.78313253012048,74.42168674698796,0.0,1,3055.5,0.8940361711206452,False
rise_crossing,7370,42.431604,,False,,76.28915662650603,68.26506024096386,76.28915662650603,68.26506024096386,0.0,1,3001.0,0.8974071997047817,False
rise_crossing,7371,42.436613,,False,,71.02127659574468,66.76595744680851,71.02127659574468,66.76595744680851,0.0,1,2953.0,0.8932341867458646,False
rise_crossing,7372,42.441622,,False,,58.86585365853659,67.67073170731707,58.86585365853659,67.67073170731707,0.0,1,2944.5,0.9031525082212096,False
rise_crossing,7373,42.44663,,False,,57.58426966292135,72.57303370786516,57.58426966292135,72.57303370786516,0.0,1,2911.5,0.8857651599055321,False
rise_crossing,7374,42.451639,,False,,69.78571428571429,75.42857142857143,69.78571428571429,75.42857142857143,0.0,1,2955.0,0.9011495887582854,False
rise_crossing,7375,42.456647,,False,,71.8265306122449,72.58163265306122,71.8265306122449,72.58163265306122,0.0,1,2915.5,0.8768437264474147,False
rise_crossing,7376,42.461656,,False,,76.19791666666667,71.63541666666667,76.19791666666667,71.63541666666667,0.0,1,2941.5,0.8846632815222555,False
rise_crossing,7377,42.466664,,False,,76.18279569892474,69.54838709677419,76.18279569892474,69.54838709677419,0.0,1,2963.5,0.8840991891075095,False
rise_crossing,7378,42.471673,,False,,73.11224489795919,75.94897959183673,73.11224489795919,75.94897959183673,0.0,1,2986.5,0.8808753247446975,False
rise_crossing,7379,42.476682,,False,,69.82608695652173,73.00869565217393,69.82608695652173,73.00869565217391,1.4210854715202004e-14,1,2970.0,0.8641269086220055,False
rise_crossing,7380,42.48169,,False,,66.84,68.4,66.84,68.4,0.0,1,2994.0,0.8810149355549611,False
rise_crossing,7381,42.486699,,False,,68.6829268292683,68.60975609756098,68.6829268292683,68.60975609756098,0.0,1,2930.0,0.9008635423141463,False
rise_crossing,7382,42.491707,,False,,63.85897435897436,64.73076923076923,63.85897435897436,64.73076923076923,0.0,1,2867.5,0.9046405572702586,False
rise_crossing,7383,42.496716,,False,,58.035714285714285,69.13095238095238,58.035714285714285,69.13095238095238,0.0,1,2926.5,0.8945956555592758,False
rise_crossing,7384,42.501724,,False,,55.73118279569893,74.3225806451613,55.73118279569893,74.3225806451613,0.0,1,2899.0,0.8840719758014964,False
rise_crossing,7385,42.506733,,False,,57.86046511627907,76.4186046511628,57.86046511627907,76.4186046511628,0.0,1,2989.0,0.889601888852896,False
rise_crossing,7386,42.511741,,False,,59.766666666666666,83.43333333333334,59.766666666666666,83.43333333333334,0.0,1,2947.5,0.8936970491761185,False
rise_crossing,7387,42.51675,,False,,68.83870967741936,78.23655913978494,68.83870967741936,78.23655913978494,0.0,1,3044.0,0.8885892915277213,False
rise_crossing,7388,42.521759,,False,,68.41836734693878,67.84693877551021,68.41836734693878,67.84693877551021,0.0,1,2974.5,0.8873808063677537,False
rise_crossing,7389,42.526767,,False,,69.67391304347827,66.97826086956522,69.67391304347827,66.97826086956522,0.0,1,2930.0,0.8862770588959743,False
rise_crossing,7390,42.531776,,False,,63.134020618556704,61.77319587628866,63.134020618556704,61.77319587628866,0.0,1,2909.0,0.8799248994133295,False
rise_crossing,7391,42.536784,,False,,58.75,68.33695652173913,58.75,68.33695652173913,0.0,1,2928.5,0.8909370722989106,False
rise_crossing,7392,42.541793,,False,,58.59550561797753,75.15730337078652,58.59550561797753,75.15730337078652,0.0,1,2961.5,0.8906783343367289,False
rise_crossing,7393,42.546801,,False,,59.5375,75.9125,59.5375,75.9125,0.0,1,2968.5,0.9000643574507998,False
rise_crossing,7394,42.55181,,False,,65.75555555555556,78.5111111111111,65.75555555555556,78.5111111111111,0.0,1,2993.0,0.8878246357400602,False
rise_crossing,7395,42.556819,,False,,69.0886075949367,78.43037974683544,69.0886075949367,78.43037974683544,0.0,1,3015.0,0.8943505696797107,False
rise_crossing,7396,42.561827,,False,,74.79268292682929,78.76829268292683,74.79268292682927,78.76829268292683,1.4210854715202004e-14,1,2977.5,0.8954903670194909,False
rise_crossing,7397,42.566836,,False,,75.97619047619048,76.85714285714286,75.97619047619048,76.85714285714286,0.0,1,3026.0,0.8904312526329978,False
rise_crossing,7398,42.571844,,False,,77.32584269662921,70.92134831460675,77.32584269662921,70.92134831460675,0.0,1,3044.5,0.8908175977575672,False
rise_crossing,7399,42.576853,,False,,76.47777777777777,71.63333333333334,76.47777777777777,71.63333333333334,0.0,1,3057.5,0.8946213783356501,False
rise_crossing,7400,42.581861,,False,,73.45555555555555,64.34444444444445,73.45555555555555,64.34444444444445,0.0,1,2986.5,0.8879889415755126,False
rise_crossing,7401,42.58687,,False,,67.95652173913044,62.54347826086956,67.95652173913044,62.54347826086956,0.0,1,2905.0,0.8931769943716314,False
rise_crossing,7402,42.591879,,False,,64.1685393258427,59.662921348314605,64.1685393258427,59.662921348314605,0.0,1,2932.5,0.8891489809204205,False
rise_crossing,7403,42.596887,,False,,64.34,62.9,64.34,62.9,0.0,1,2938.0,0.8785679200936066,False
rise_crossing,7404,42.601896,,False,,57.02325581395349,70.20930232558139,57.02325581395349,70.20930232558139,0.0,1,2997.0,0.8962110471479031,False
rise_crossing,7405,42.606904,,False,,57.316455696202524,77.39240506329114,57.31645569620253,77.39240506329114,7.105427357601002e-15,1,2981.0,0.8944183377037602,False
rise_crossing,7406,42.611913,,False,,66.17582417582418,79.3076923076923,66.17582417582418,79.3076923076923,0.0,1,3005.5,0.8894342552119024,False
rise_crossing,7407,42.616921,,False,,69.33695652173913,71.75,69.33695652173913,71.75,0.0,1,3003.5,0.8930436270578391,False
rise_crossing,7408,42.62193,,False,,64.66666666666667,66.07142857142857,64.66666666666667,66.07142857142857,0.0,1,2939.0,0.8962702762253172,False
rise_crossing,7409,42.626938,,False,,54.87777777777778,68.14444444444445,54.87777777777778,68.14444444444445,0.0,1,2913.5,0.8936440285280605,False
rise_crossing,7410,42.631947,,False,,56.904761904761905,76.73809523809526,56.904761904761905,76.73809523809524,1.4210854715202004e-14,1,2895.0,0.8931317026551955,False
rise_crossing,7411,42.636956,,False,,61.654761904761905,87.25,61.654761904761905,87.25,0.0,1,2886.5,0.8926544654245178,False
rise_crossing,7412,42.641964,,False,,78.22222222222223,83.86666666666666,78.22222222222223,83.86666666666666,0.0,1,3008.0,0.89227414006435,False
rise_crossing,7413,42.646973,,False,,76.24444444444444,76.0,76.24444444444444,76.0,0.0,1,3039.0,0.8942566368128446,False
rise_crossing,7414,42.651981,,False,,78.09302325581395,68.4186046511628,78.09302325581395,68.4186046511628,0.0,1,2980.0,0.9014012355164108,False
rise_crossing,7415,42.65699,,False,,73.41489361702128,60.308510638297875,73.41489361702128,60.308510638297875,0.0,1,2964.5,0.8843975123473545,False
rise_crossing,7416,42.661998,,False,,68.46341463414635,56.41463414634146,68.46341463414635,56.41463414634146,0.0,1,2968.0,0.8977714371342156,False
rise_crossing,7417,42.667007,,False,,67.84705882352941,55.88235294117647,67.84705882352941,55.88235294117647,0.0,1,2934.0,0.8874869882567615,False
rise_crossing,7418,42.672016,,False,,60.69879518072289,60.53012048192771,60.69879518072289,60.53012048192771,0.0,1,2919.0,0.8931882791095762,False
rise_crossing,7419,42.677024,,False,,55.48780487804878,68.90243902439025,55.48780487804878,68.90243902439025,0.0,1,2944.0,0.8977950587655577,False
rise_crossing,7420,42.682033,,False,,56.68478260869565,71.6195652173913,56.68478260869565,71.6195652173913,0.0,1,2963.5,0.8882949411761838,False
rise_crossing,7421,42.687041,,False,,56.666666666666664,75.9047619047619,56.666666666666664,75.9047619047619,0.0,1,3028.0,0.8982068159488719,False
rise_crossing,7422,42.69205,,False,,58.01282051282051,77.1923076923077,58.01282051282051,77.1923076923077,0.0,1,3017.5,0.900208972746964,False
rise_crossing,7423,42.697058,,False,,66.33720930232558,78.05813953488372,66.33720930232558,78.05813953488372,0.0,1,2977.5,0.8954903795532664,False
rise_crossing,7424,42.702067,,False,,67.575,81.1,67.575,81.1,0.0,1,3029.0,0.8913140300364142,False
rise_crossing,7425,42.707076,,False,,75.71794871794872,77.48717948717949,75.71794871794872,77.48717948717949,0.0,1,3011.0,0.9003975445422241,False
rise_crossing,7426,42.712084,,False,,70.65934065934066,69.52747252747253,70.65934065934066,69.52747252747253,0.0,1,3027.5,0.8858434059078443,False
rise_crossing,7427,42.717093,,False,,66.475,66.175,66.475,66.175,0.0,1,2968.0,0.8947561784132643,False
rise_crossing,7428,42.722101,,False,,61.26086956521739,71.67391304347827,61.26086956521739,71.67391304347827,0.0,1,2943.0,0.8872194876079222,False
rise_crossing,7429,42.72711,,False,,61.14634146341464,77.68292682926831,61.146341463414636,77.6829268292683,1.5888218580782548e-14,1,2924.0,0.8916959054565152,False
rise_crossing,7430,42.732118,,False,,68.42696629213484,77.91011235955057,68.42696629213484,77.91011235955057,0.0,1,3007.5,0.8870693321915821,False
rise_crossing,7431,42.737127,,False,,75.32222222222222,76.05555555555556,75.32222222222222,76.05555555555556,0.0,1,3066.5,0.8972547712112887,False
rise_crossing,7432,42.742135,,False,,70.23913043478261,69.45652173913044,70.23913043478261,69.45652173913044,0.0,1,3024.0,0.8798383059512216,False
rise_crossing,7433,42.747144,11.0,True,0.0,64.66666666666667,68.14285714285714,64.66666666666667,68.14285714285714,0.0,1,3008.0,0.8922741379971918,False
rise_crossing,7434,42.752153,,True,0.0,58.35526315789474,77.09210526315789,58.35526315789474,77.09210526315789,0.0,1,2981.5,0.9040060217126601,False
rise_crossing,7435,42.757161,,True,0.0,64.51648351648352,82.35164835164835,64.51648351648352,82.35164835164835,0.0,1,2980.0,0.883968393667409,False
rise_crossing,7436,42.76217,,True,0.0,66.25,78.325,66.25,78.325,0.0,1,3090.0,0.8990411250893963,False
rise_crossing,7437,42.767178,,True,0.0,68.82954545454545,70.0340909090909,68.82954545454545,70.0340909090909,0.0,1,2996.5,0.8981865259113813,False
rise_crossing,7438,42.772187,,True,0.0,69.20987654320987,69.19753086419753,69.20987654320987,69.19753086419753,0.0,1,2999.0,0.8968091129932563,False
rise_crossing,7439,42.777195,,True,0.0,61.854166666666664,66.70833333333333,61.854166666666664,66.70833333333333,0.0,1,2901.0,0.8846818867717017,False
rise_crossing,7440,42.782204,,True,0.0,49.07142857142857,67.89285714285714,49.07142857142857,67.89285714285714,0.0,1,2919.0,0.8829497399124552,False
rise_crossing,7441,42.787213,12.0,True,0.0,53.95121951219512,82.17073170731707,53.951219512195124,82.17073170731707,7.105427357601002e-15,1,2919.0,0.8974814596975547,False
rise_crossing,7442,42.792221,,True,0.0,67.55208333333333,83.17708333333333,67.55208333333333,83.17708333333333,0.0,1,3007.5,0.8870693291176807,False
rise_crossing,7443,42.79723,,True,0.0,72.33695652173913,78.33695652173913,72.33695652173913,78.33695652173913,0.0,1,3078.5,0.890667105521279,False
rise_crossing,7444,42.802238,,True,0.0,76.6195652173913,77.3586956521739,76.6195652173913,77.3586956521739,0.0,1,3079.5,0.8909564209970819,False
rise_crossing,7445,42.807247,,True,0.0,76.25531914893617,73.46808510638297,76.25531914893617,73.46808510638297,0.0,1,3048.0,0.886821152701377,False
rise_crossing,7446,42.812255,,True,0.0,78.5,69.78888888888889,78.5,69.78888888888889,0.0,1,3043.5,0.8905249885313987,False
rise_crossing,7447,42.817264,,True,0.0,66.98979591836735,67.60204081632654,66.98979591836735,67.60204081632654,0.0,1,3020.5,0.8837952130618145,False
rise_crossing,7448,42.822273,,True,0.0,58.71739130434782,67.15217391304348,58.71739130434783,67.15217391304348,7.105427357601002e-15,1,2995.0,0.8884179020919973,False
rise_crossing,7449,42.827281,13.0,True,0.0,62.166666666666664,75.85714285714286,62.166666666666664,75.85714285714286,0.0,1,3022.0,0.8964270117268834,False
rise_crossing,7450,42.83229,,True,0.0,65.94871794871794,76.87179487179488,65.94871794871794,76.87179487179488,0.0,1,3086.0,0.9080868634486808,False
rise_crossing,7451,42.837298,,True,0.0,71.1195652173913,71.90217391304348,71.1195652173913,71.90217391304348,0.0,1,3037.5,0.8817061089371094,False
rise_crossing,7452,42.842307,,True,0.0,78.16304347826087,68.94565217391305,78.16304347826087,68.94565217391305,0.0,1,3000.5,0.8921516251355545,False
rise_crossing,7453,42.847315,,True,0.0,78.7560975609756,65.65853658536585,78.7560975609756,65.65853658536585,0.0,1,3030.0,0.9018045159597318,False
rise_crossing,7454,42.852324,,True,0.0,72.6875,61.833333333333336,72.6875,61.833333333333336,0.0,1,2953.0,0.8902341647659513,False
rise_crossing,7455,42.857333,,True,0.0,67.4875,58.1625,67.4875,58.1625,0.0,1,2875.5,0.9071644127308149,False
rise_crossing,7456,42.862341,,True,0.0,56.92857142857143,59.30952380952381,56.92857142857143,59.30952380952381,0.0,1,2849.0,0.8966227141188218,False
rise_crossing,7457,42.86735,14.0,True,0.0,54.09756097560975,58.31707317073171,54.09756097560975,58.31707317073171,0.0,1,2862.0,0.8976284589408108,False
rise_crossing,7458,42.872358,,True,0.0,45.37234042553192,67.84042553191489,45.37234042553192,67.84042553191489,0.0,1,2907.5,0.8845482405719849,False
rise_crossing,7459,42.877367,,True,0.0,47.213592233009706,80.35922330097087,47.213592233009706,80.35922330097087,0.0,1,2900.0,0.8772025528387943,False
rise_crossing,7460,42.882375,,True,0.0,51.9010989010989,89.83516483516483,51.9010989010989,89.83516483516483,0.0,1,2864.0,0.8835679434903212,False
rise_crossing,7461,42.887384,,True,0.0,68.65957446808511,93.14893617021276,68.65957446808511,93.14893617021276,0.0,1,2926.0,0.8850671222739991,False
rise_crossing,7462,42.892392,,True,0.0,72.96739130434783,94.83695652173913,72.96739130434783,94.83695652173913,0.0,1,2954.5,0.888573066259844,False
rise_crossing,7463,42.897401,,True,0.0,77.26136363636364,87.10227272727273,77.26136363636364,87.10227272727273,0.0,1,3066.5,0.8972547650177538,False
rise_crossing,7464,42.90241,,True,0.0,79.86138613861387,74.95049504950494,79.86138613861387,74.95049504950495,1.4210854715202004e-14,1,3072.0,0.8797210750995025,False
rise_crossing,7465,42.907418,15.0,True,0.0,75.21428571428571,62.714285714285715,75.21428571428571,62.714285714285715,0.0,1,2963.0,0.9005420981100691,False
rise_crossing,7466,42.912427,,False,,77.52222222222223,57.9,77.52222222222223,57.9,0.0,1,2900.5,0.8896565991736728,False
rise_crossing,7467,42.917435,,False,,68.94565217391305,52.44565217391305,68.94565217391305,52.44565217391305,0.0,1,2841.5,0.8860055330800578,False
rise_crossing,7468,42.922444,,False,,67.25287356321839,49.758620689655174,67.25287356321839,49.758620689655174,0.0,1,2833.5,0.893914224027179,False
rise_crossing,7469,42.927452,,False,,64.51086956521739,50.77173913043478,64.51086956521739,50.77173913043478,0.0,1,2824.5,0.8837232944699402,False
rise_crossing,7470,42.932461,,False,,64.28089887640449,49.79775280898876,64.28089887640449,49.79775280898876,0.0,1,2774.0,0.8876786070944848,False
rise_crossing,7471,42.93747,,False,,63.48809523809524,49.51190476190476,63.48809523809524,49.51190476190476,0.0,1,2764.5,0.8898919286248943,False
rise_crossing,7472,42.942478,,False,,64.04878048780488,48.64634146341464,64.04878048780488,48.646341463414636,7.105427357601002e-15,1,2809.0,0.8914099970314544,False
rise_crossing,7473,42.947487,,False,,66.18604651162791,45.41860465116278,66.18604651162791,45.41860465116279,7.105427357601002e-15,1,2751.0,0.8908206598396041,False
rise_crossing,7474,42.952495,,False,,66.0952380952381,50.57142857142857,66.0952380952381,50.57142857142857,0.0,1,2785.0,0.8911985994266252,False
rise_crossing,7475,42.957504,,False,,67.90217391304348,47.33695652173913,67.90217391304348,47.33695652173913,0.0,1,2795.5,0.8819259672469015,False
rise_crossing,7476,42.962512,,False,,68.06172839506173,45.30864197530864,68.06172839506173,45.30864197530864,0.0,1,2794.5,0.8920527519500557,False
rise_crossing,7477,42.967521,,False,,61.45121951219512,49.15853658536586,61.451219512195124,49.15853658536585,1.0048591735576161e-14,1,2782.5,0.8956861234982296,False
rise_crossing,7478,42.97253,,False,,59.08974358974359,48.6025641025641,59.08974358974359,48.6025641025641,0.0,1,2800.5,0.9046197571473911,False
rise_crossing,7479,42.977538,,False,,58.758620689655174,46.0,58.758620689655174,46.0,0.0,1,2846.5,0.890606599310685,False
rise_crossing,7480,42.982547,,False,,57.64634146341464,47.30487804878049,57.646341463414636,47.30487804878049,7.105427357601002e-15,1,2817.5,0.8993947434239407,False
rise_crossing,7481,42.987555,,False,,56.689189189189186,49.445945945945944,56.689189189189186,49.445945945945944,0.0,1,2832.5,0.9041830072735783,False
rise_crossing,7482,42.992564,,False,,63.595238095238095,45.61904761904762,63.595238095238095,45.61904761904762,0.0,1,2785.0,0.8911986058599511,False
rise_crossing,7483,42.997572,,False,,66.74074074074075,48.91358024691358,66.74074074074075,48.91358024691358,0.0,1,2794.5,0.8995489229672876,False
rise_crossing,7484,43.002581,,False,,73.97916666666667,48.145833333333336,73.97916666666667,48.145833333333336,0.0,1,2786.0,0.8841111685859643,False
rise_crossing,7485,43.007589,,False,,76.79761904761905,54.67857142857143,76.79761904761905,54.67857142857143,0.0,1,2856.5,0.8937353930541648,False
rise_crossing,7486,43.012598,,False,,77.06944444444444,60.291666666666664,77.06944444444444,60.291666666666664,0.0,1,2903.5,0.9084406381451361,False
rise_crossing,7487,43.017607,,False,,76.9888888888889,64.74444444444444,76.9888888888889,64.74444444444444,0.0,1,3015.5,0.8894289523901912,False
rise_crossing,7488,43.022615,,False,,78.47674418604652,71.03488372093024,78.47674418604652,71.03488372093024,0.0,1,3093.5,0.8950068784050617,False
rise_crossing,7489,43.027624,,False,,76.91954022988506,75.71264367816092,76.91954022988506,75.71264367816092,0.0,1,3105.5,0.8913781514080975,False
rise_crossing,7490,43.032632,,False,,65.0,76.0810810810811,65.0,76.08108108108108,1.4210854715202004e-14,1,3120.0,0.9077696724120509,False
rise_crossing,7491,43.037641,,False,,65.44444444444444,75.42222222222222,65.44444444444444,75.42222222222222,0.0,1,3070.0,0.893222085606891,False
rise_crossing,7492,43.042649,,False,,62.30232558139535,76.72093023255815,62.30232558139535,76.72093023255815,0.0,1,3061.0,0.8906035263841584,False
rise_crossing,7493,43.047658,,False,,62.234693877551024,80.07142857142857,62.234693877551024,80.07142857142857,0.0,1,3080.5,0.8772421334741339,False
rise_crossing,7494,43.052667,,False,,66.92682926829268,77.26829268292683,66.92682926829268,77.26829268292683,0.0,1,3067.0,0.8995061765784917,False
rise_crossing,7495,43.057675,,False,,58.08641975308642,78.60493827160495,58.08641975308642,78.60493827160494,1.4210854715202004e-14,1,3064.5,0.8966695649992535,False
rise_crossing,7496,43.062684,,False,,58.43181818181818,76.93181818181819,58.43181818181818,76.93181818181819,0.0,1,3060.0,0.890312575583788,False
rise_crossing,7497,43.067692,,False,,57.47674418604651,76.73255813953487,57.47674418604651,76.73255813953489,1.4210854715202004e-14,1,3090.5,0.8970906095630338,False
rise_crossing,7498,43.072701,,False,,57.38372093023256,78.17441860465117,57.383720930232556,78.17441860465117,7.105427357601002e-15,1,3051.5,0.900047237633454,False
rise_crossing,7499,43.077709,,False,,56.64356435643565,72.5940594059406,56.64356435643565,72.5940594059406,0.0,1,3047.5,0.8816982269467282,False
rise_crossing,7500,43.082718,,False,,56.53921568627451,70.02941176470588,56.53921568627451,70.02941176470588,0.0,1,3020.5,0.8808756773986919,False
rise_crossing,7501,43.087727,,False,,58.34146341463414,68.2439024390244,58.34146341463415,68.2439024390244,7.105427357601002e-15,1,3020.0,0.8958337350072001,False
rise_crossing,7502,43.092735,,False,,57.28409090909091,67.19318181818181,57.28409090909091,67.19318181818181,0.0,1,3015.5,0.8923936064477702,False
rise_crossing,7503,43.097744,,False,,58.77894736842105,67.01052631578948,58.77894736842105,67.01052631578948,0.0,1,3034.5,0.8878916007968417,False
rise_crossing,7504,43.102752,,False,,56.773809523809526,65.89285714285714,56.773809523809526,65.89285714285714,0.0,1,3017.5,0.897206299199414,False
rise_crossing,7505,43.107761,,False,,67.70731707317073,65.29268292682927,67.70731707317073,65.29268292682927,0.0,1,3032.0,0.899393345503216,False
rise_crossing,7506,43.112769,,False,,65.67708333333333,69.01041666666667,65.67708333333333,69.01041666666667,0.0,1,3048.5,0.881987544469963,False
rise_crossing,7507,43.117778,,False,,66.2625,67.7125,66.2625,67.7125,0.0,1,3087.5,0.903399342509449,False
rise_crossing,7508,43.122787,,False,,68.23595505617978,67.06741573033707,68.23595505617978,67.06741573033707,0.0,1,3094.5,0.8882207994446688,False
rise_crossing,7509,43.127795,,False,,70.94565217391305,68.48913043478261,70.94565217391305,68.48913043478261,0.0,1,3096.5,0.8887948696991864,False
rise_crossing,7510,43.132804,,False,,68.04040404040404,71.05050505050505,68.04040404040404,71.05050505050505,0.0,1,3121.0,0.8838392340482937,False
rise_crossing,7511,43.137812,,False,,67.34313725490196,69.5,67.34313725490196,69.5,0.0,1,3101.0,0.8781754192233608,False
rise_crossing,7512,43.142821,,False,,66.65,75.125,66.65,75.125,0.0,1,3112.0,0.8953191577464258,False
rise_crossing,7513,43.147829,,False,,57.32954545454545,74.44318181818181,57.32954545454545,74.44318181818181,0.0,1,3143.5,0.8951828121524265,False
rise_crossing,7514,43.152838,,False,,55.159574468085104,74.32978723404256,55.159574468085104,74.32978723404256,0.0,1,3106.5,0.8916651855288212,False
rise_crossing,7515,43.157846,,False,,53.333333333333336,71.72916666666667,53.333333333333336,71.72916666666667,0.0,1,3025.0,0.8842540167359771,False
rise_crossing,7516,43.162855,,False,,52.724489795918366,67.8265306122449,52.724489795918366,67.8265306122449,0.0,1,3068.5,0.8807579691447478,False
rise_crossing,7517,43.167864,,False,,52.86238532110091,66.86238532110092,52.862385321100916,66.86238532110092,7.105427357601002e-15,1,3057.5,0.8706923596703866,False
rise_crossing,7518,43.172872,,False,,53.077777777777776,57.03333333333333,53.077777777777776,57.03333333333333,0.0,1,3037.5,0.8887693946653931,False
rise_crossing,7519,43.177881,,False,,59.247058823529414,57.1764705882353,59.247058823529414,57.1764705882353,0.0,1,3025.5,0.8953529628358675,False
rise_crossing,7520,43.182889,,False,,56.74193548387097,55.376344086021504,56.74193548387097,55.376344086021504,0.0,1,3023.5,0.888830829231805,False
rise_crossing,7521,43.187898,,False,,65.1304347826087,58.21739130434782,65.1304347826087,58.21739130434783,7.105427357601002e-15,1,3008.0,0.8922741307621385,False
rise_crossing,7522,43.192906,,False,,67.20430107526882,57.645161290322584,67.20430107526882,57.645161290322584,0.0,1,3023.5,0.8917885581730621,False
rise_crossing,7523,43.197915,,False,,65.01,55.23,65.01,55.23,0.0,1,3019.0,0.8783835458397694,False
rise_crossing,7524,43.202924,,False,,62.56603773584906,56.13207547169811,62.56603773584906,56.132075471698116,7.105427357601002e-15,1,3007.0,0.874892123994762,False
rise_crossing,7525,43.207932,,False,,65.5,55.72115384615385,65.5,55.72115384615385,0.0,1,2977.5,0.8683354860054625,False
rise_crossing,7526,43.212941,,False,,67.72527472527473,56.373626373626365,67.72527472527473,56.37362637362637,7.105427357601002e-15,1,3023.5,0.8917885643535716,False
rise_crossing,7527,43.217949,,False,,67.34444444444445,56.45555555555555,67.34444444444445,56.455555555555556,7.105427357601002e-15,1,3066.5,0.890124042784353,False
rise_crossing,7528,43.222958,,False,,65.67415730337079,55.056179775280896,65.67415730337079,55.056179775280896,0.0,1,3063.5,0.889253223974972,False
rise_crossing,7529,43.227966,,False,,68.23913043478261,55.47826086956522,68.23913043478261,55.47826086956522,0.0,1,3071.0,0.8964709926867774,False
rise_crossing,7530,43.232975,,False,,66.7159090909091,55.35227272727273,66.7159090909091,55.35227272727273,0.0,1,3051.5,0.8928657803527396,False
rise_crossing,7531,43.237984,,False,,66.5,53.95283018867924,66.5,53.95283018867924,0.0,1,3049.5,0.8753043634181906,False
rise_crossing,7532,43.242992,,False,,67.22619047619048,56.916666666666664,67.22619047619048,56.916666666666664,0.0,1,3048.5,0.8991623700582132,False
rise_crossing,7533,43.248001,,False,,64.57446808510639,56.8936170212766,64.57446808510639,56.8936170212766,0.0,1,3044.0,0.8856573413502014,False
rise_crossing,7534,43.253009,,False,,60.78431372549019,55.80392156862746,60.78431372549019,55.80392156862745,7.105427357601002e-15,1,3013.0,0.8766378389400423,False
rise_crossing,7535,43.258018,,False,,56.34177215189873,56.86075949367088,56.34177215189873,56.860759493670884,7.105427357601002e-15,1,3021.5,0.9014022893107634,False
rise_crossing,7536,43.263026,,False,,59.58888888888889,58.98888888888889,59.58888888888889,58.98888888888889,0.0,1,3036.5,0.8884767946655682,False
rise_crossing,7537,43.268035,,False,,62.55882352941177,55.71568627450981,62.55882352941177,55.71568627450981,0.0,1,3025.5,0.8782228255437776,False
rise_crossing,7538,43.273043,,False,,67.39080459770115,58.88505747126437,67.39080459770115,58.88505747126437,0.0,1,3046.0,0.8933471821149053,False
rise_crossing,7539,43.278052,,False,,67.72549019607843,56.23529411764706,67.72549019607843,56.23529411764706,0.0,1,3067.0,0.8782892354129275,False
rise_crossing,7540,43.283061,,False,,66.50549450549451,57.53846153846154,66.50549450549451,57.53846153846154,0.0,1,3061.5,0.888672675723773,False
rise_crossing,7541,43.288069,,False,,67.66666666666667,56.68888888888889,67.66666666666667,56.68888888888889,0.0,1,3013.0,0.8937573095505519,False
rise_crossing,7542,43.293078,,False,,76.61627906976744,56.26744186046512,76.61627906976744,56.26744186046512,0.0,1,2989.5,0.891855753614611,False
rise_crossing,7543,43.298086,,False,,77.68,57.413333333333334,77.68,57.413333333333334,0.0,1,3049.0,0.9044361171711012,False
rise_crossing,7544,43.303095,,False,,81.46363636363637,60.736363636363635,81.46363636363637,60.736363636363635,0.0,1,3059.5,0.8712619019922377,False
rise_crossing,7545,43.308103,,False,,78.94565217391305,63.16304347826087,78.94565217391305,63.16304347826087,0.0,1,3087.5,0.893270972323193,False
rise_crossing,7546,43.313112,,False,,79.88888888888889,65.64444444444445,79.88888888888889,65.64444444444445,0.0,1,3111.0,0.8950314577672414,False
rise_crossing,7547,43.318121,,False,,79.46739130434783,69.20652173913044,79.46739130434783,69.20652173913044,0.0,1,3100.5,0.8940854594741271,False
rise_crossing,7548,43.323129,,False,,78.52,63.06,78.52,63.06,0.0,1,3096.0,0.8836963899987162,False
rise_crossing,7549,43.328138,,False,,76.98947368421052,60.34736842105263,76.98947368421052,60.34736842105263,0.0,1,3082.5,0.8847764143765364,False
rise_crossing,7550,43.333146,,False,,76.33333333333333,59.857142857142854,76.33333333333333,59.857142857142854,0.0,1,3121.0,0.8979084504183718,False
rise_crossing,7551,43.338155,,False,,79.2289156626506,55.855421686746986,79.2289156626506,55.855421686746986,0.0,1,3058.0,0.8926761047500859,False
rise_crossing,7552,43.343163,,False,,77.98837209302326,54.80232558139535,77.98837209302326,54.80232558139535,0.0,1,3092.5,0.9048623259450158,False
rise_crossing,7553,43.348172,,False,,69.02325581395348,48.86046511627907,69.02325581395348,48.86046511627907,0.0,1,3082.0,0.8925403529706855,False
rise_crossing,7554,43.353181,,False,,66.08080808080808,48.17171717171717,66.08080808080808,48.17171717171717,0.0,1,3104.5,0.8742972829253357,False
rise_crossing,7555,43.358189,,False,,57.583333333333336,55.354166666666664,57.583333333333336,55.354166666666664,0.0,1,3179.0,0.8903333196815575,False
rise_crossing,7556,43.363198,,False,,52.66990291262136,65.07766990291262,52.66990291262136,65.07766990291262,0.0,1,3105.0,0.8764504246468514,False
rise_crossing,7557,43.368206,,False,,56.47826086956522,66.56521739130434,56.47826086956522,66.56521739130434,0.0,1,3204.0,0.8903571133608247,False
rise_crossing,7558,43.373215,,False,,55.85106382978723,76.14893617021276,55.851063829787236,76.14893617021276,7.105427357601002e-15,1,3204.0,0.8903571193502686,False
rise_crossing,7559,43.378223,,False,,66.93258426966293,77.95505617977528,66.93258426966293,77.95505617977528,0.0,1,3162.5,0.8906313912483901,False
rise_crossing,7560,43.383232,,False,,69.02222222222223,77.77777777777777,69.02222222222223,77.77777777777777,0.0,1,3217.0,0.8939696844589626,False
rise_crossing,7561,43.38824,,False,,69.8695652173913,75.67391304347827,69.8695652173913,75.67391304347827,0.0,1,3201.0,0.8964947939242236,False
rise_crossing,7562,43.393249,,False,,67.64285714285714,69.0,67.64285714285714,69.0,0.0,1,3189.0,0.9030962216628465,False
rise_crossing,7563,43.398258,,False,,59.85057471264368,67.7816091954023,59.85057471264368,67.7816091954023,0.0,1,3103.0,0.8927298701783651,False
later_reference,11849,64.864971,,False,,58.726190476190474,70.48809523809524,58.726190476190474,70.48809523809524,0.0,1,2887.5,0.8929637158720677,False
later_reference,11850,64.86998,,False,,61.08888888888889,73.53333333333333,61.08888888888889,73.53333333333333,0.0,1,2879.0,0.8924823250625162,False
later_reference,11851,64.874988,,False,,60.607142857142854,80.53571428571429,60.607142857142854,80.53571428571429,0.0,1,2901.5,0.8899633275725285,False
later_reference,11852,64.879997,,False,,59.75675675675676,77.1891891891892,59.75675675675676,77.1891891891892,0.0,1,2906.0,0.9039308106629947,False
later_reference,11853,64.885005,,False,,62.02325581395349,78.76744186046513,62.02325581395349,78.76744186046511,1.4210854715202004e-14,1,2857.0,0.8960602729156814,False
later_reference,11854,64.890014,,False,,66.20652173913044,78.8804347826087,66.20652173913044,78.8804347826087,0.0,1,2898.5,0.889043142382464,False
later_reference,11855,64.895022,,False,,66.55555555555556,77.5111111111111,66.55555555555556,77.5111111111111,0.0,1,2935.0,0.8950504449240245,False
later_reference,11856,64.900031,,False,,66.55813953488372,73.5813953488372,66.55813953488372,73.5813953488372,0.0,1,2893.0,0.8968222877408336,False
later_reference,11857,64.90504,,False,,65.98666666666666,67.81333333333333,65.98666666666666,67.81333333333333,0.0,1,2860.5,0.8949868871587785,False
later_reference,11858,64.910048,,False,,58.52272727272727,66.5,58.52272727272727,66.5,0.0,1,2815.0,0.885922409005257,False
later_reference,11859,64.915057,,False,,46.48837209302326,77.20930232558139,46.48837209302326,77.20930232558139,0.0,1,2788.0,0.8921585946978006,False
later_reference,11860,64.920065,,False,,57.404761904761905,86.35714285714286,57.404761904761905,86.35714285714286,0.0,1,2806.0,0.8979185964278904,False
later_reference,11861,64.925074,,False,,62.56666666666667,89.87777777777778,62.56666666666667,89.87777777777778,0.0,1,2812.5,0.8872891350226124,False
later_reference,11862,64.930082,,False,,74.56666666666666,88.23333333333333,74.56666666666666,88.23333333333333,0.0,1,2873.5,0.8886341969274704,False
later_reference,11863,64.935091,,False,,78.88764044943821,77.33707865168539,78.88764044943821,77.33707865168539,0.0,1,2938.0,0.8886969342359815,False
later_reference,11864,64.9401,,False,,75.70652173913044,67.8586956521739,75.70652173913044,67.8586956521739,0.0,1,2844.5,0.8899808490455794,False
later_reference,11865,64.945108,,False,,68.19565217391305,55.41304347826087,68.19565217391305,55.41304347826087,0.0,1,2728.0,0.8864584264280755,False
later_reference,11866,64.950117,,False,,68.10975609756098,55.03658536585366,68.10975609756098,55.03658536585366,0.0,1,2689.0,0.8855779192563178,False
later_reference,11867,64.955125,,False,,58.45348837209303,51.05813953488372,58.45348837209303,51.05813953488372,0.0,1,2712.5,0.8911020985081293,False
later_reference,11868,64.960134,,False,,57.80487804878049,56.09756097560975,57.80487804878049,56.09756097560975,0.0,1,2727.0,0.8980925854337551,False
later_reference,11869,64.965142,,False,,58.7037037037037,58.45679012345679,58.7037037037037,58.45679012345679,0.0,1,2780.0,0.8895985987302315,False
later_reference,11870,64.970151,,False,,51.07954545454545,62.39772727272727,51.07954545454545,62.39772727272727,0.0,1,2794.5,0.8889751539881878,False
later_reference,11871,64.97516,,False,,46.09638554216867,67.96385542168674,46.096385542168676,67.96385542168674,7.105427357601002e-15,1,2842.5,0.8967535535341128,False
later_reference,11872,64.980168,,False,,50.380434782608695,73.18478260869564,50.380434782608695,73.18478260869566,1.4210854715202004e-14,1,2870.5,0.8804548477767724,False
later_reference,11873,64.985177,,False,,49.357142857142854,72.4795918367347,49.357142857142854,72.4795918367347,0.0,1,2866.5,0.886469434302089,False
later_reference,11874,64.990185,,False,,56.30952380952381,75.88095238095238,56.30952380952381,75.88095238095238,0.0,1,2870.0,0.8927327774333518,False
later_reference,11875,64.995194,,False,,58.61904761904762,78.21428571428571,58.61904761904762,78.21428571428571,0.0,1,2899.0,0.894365737152359,False
later_reference,11876,65.000202,,False,,57.52325581395349,77.38372093023256,57.52325581395349,77.38372093023256,0.0,1,2917.5,0.894870927437288,False
later_reference,11877,65.005211,,False,,54.37647058823529,75.21176470588235,54.37647058823529,75.21176470588236,1.4210854715202004e-14,1,2863.0,0.8905553730206346,False
later_reference,11878,65.01022,,False,,54.77906976744186,76.70930232558139,54.77906976744186,76.70930232558139,0.0,1,2859.5,0.894674020023234,False
later_reference,11879,65.015228,,False,,53.54761904761905,80.54761904761905,53.54761904761905,80.54761904761905,0.0,1,2870.0,0.8927327679027803,False
later_reference,11880,65.020237,,False,,52.825,76.225,52.825,76.225,0.0,1,2851.0,0.897252127835263,False
later_reference,11881,65.025245,,False,,50.89473684210526,71.02105263157895,50.89473684210526,71.02105263157895,0.0,1,2895.0,0.8828521424378367,False
later_reference,11882,65.030254,,False,,50.734693877551024,70.12244897959184,50.734693877551024,70.12244897959184,0.0,1,2883.0,0.8791926578876774,False
later_reference,11883,65.035262,,False,,50.857142857142854,73.81632653061224,50.857142857142854,73.81632653061224,0.0,1,2889.0,0.8810223991344389,False
later_reference,11884,65.040271,,False,,52.141176470588235,71.92941176470588,52.141176470588235,71.92941176470588,0.0,1,2887.5,0.8856691698286783,False
later_reference,11885,65.045279,,False,,51.01282051282051,78.34615384615384,51.01282051282051,78.34615384615384,0.0,1,2876.5,0.8999929412607831,False
later_reference,11886,65.050288,,False,,52.476190476190474,74.47619047619048,52.476190476190474,74.47619047619048,0.0,1,2878.0,0.8995597686153437,False
later_reference,11887,65.055297,,False,,51.86666666666667,77.55555555555556,51.86666666666667,77.55555555555556,0.0,1,2861.0,0.8826424204952208,False
later_reference,11888,65.060305,,False,,53.77894736842105,72.93684210526315,53.77894736842105,72.93684210526315,0.0,1,2867.0,0.8814934440423976,False
later_reference,11889,65.065314,,False,,49.98809523809524,65.6547619047619,49.98809523809524,65.6547619047619,0.0,1,2920.5,0.895791101087837,False
later_reference,11890,65.070322,,False,,56.9080459770115,58.264367816091955,56.9080459770115,58.264367816091955,0.0,1,2843.0,0.8916693633429925,False
later_reference,11891,65.075331,,False,,57.80246913580246,55.76543209876543,57.80246913580247,55.76543209876543,7.105427357601002e-15,1,2871.0,0.8961009288839099,False
later_reference,11892,65.080339,,False,,59.69318181818182,56.64772727272727,59.69318181818182,56.64772727272727,0.0,1,2863.5,0.8959255279570452,False
later_reference,11893,65.085348,,False,,64.08333333333333,57.375,64.08333333333333,57.375,0.0,1,2842.0,0.8840231925066947,False
later_reference,11894,65.090357,,False,,66.07291666666667,57.072916666666664,66.07291666666667,57.072916666666664,0.0,1,2857.5,0.8867024262071229,False
later_reference,11895,65.095365,,False,,66.0375,56.7625,66.0375,56.7625,0.0,1,2872.5,0.8987414247849433,False
later_reference,11896,65.100374,,False,,63.01136363636363,58.96590909090909,63.01136363636363,58.96590909090909,0.0,1,2842.5,0.8820478192502582,False
later_reference,11897,65.105382,,False,,60.06410256410256,56.98717948717949,60.06410256410256,56.98717948717949,0.0,1,2862.5,0.9030631662472745,False
later_reference,11898,65.110391,,False,,59.39772727272727,58.53409090909091,59.39772727272727,58.53409090909091,0.0,1,2853.5,0.892796754388334,False
later_reference,11899,65.115399,,False,,57.225,60.15,57.225,60.15,0.0,1,2906.0,0.9039308170964072,False
later_reference,11900,65.120408,,False,,58.27777777777778,59.25555555555555,58.27777777777778,59.25555555555555,0.0,1,2850.5,0.891858116794677,False
later_reference,11901,65.125417,,False,,53.697916666666664,65.80208333333333,53.697916666666664,65.80208333333333,0.0,1,2841.5,0.8787381415221658,False
later_reference,11902,65.130425,,False,,50.5,68.92105263157895,50.5,68.92105263157895,0.0,1,2853.0,0.9022586055217525,False
later_reference,11903,65.135434,,False,,53.76744186046512,71.69767441860465,53.76744186046512,71.69767441860465,0.0,1,2867.0,0.8917995988199607,False
later_reference,11904,65.140442,,False,,52.78260869565218,76.41304347826087,52.78260869565217,76.41304347826087,7.105427357601002e-15,1,2877.0,0.884568056356561,False
later_reference,11905,65.145451,,False,,57.9875,75.9125,57.9875,75.9125,0.0,1,2883.5,0.8917267130227939,False
later_reference,11906,65.150459,,False,,56.766666666666666,78.4111111111111,56.766666666666666,78.41111111111111,1.4210854715202004e-14,1,2942.5,0.8879427428503245,False
later_reference,11907,65.155468,,False,,63.58108108108108,77.3108108108108,63.58108108108108,77.3108108108108,0.0,1,2895.5,0.9028432143629721,False
later_reference,11908,65.160476,,False,,66.82894736842105,80.14473684210526,66.82894736842105,80.14473684210526,0.0,1,2920.5,0.9031690133455971,False
later_reference,11909,65.165485,,False,,68.04285714285714,69.01428571428572,68.04285714285714,69.01428571428572,0.0,1,2880.5,0.9118747493473964,False
later_reference,11910,65.170494,,False,,62.425,65.25,62.425,65.25,0.0,1,2811.0,0.8995185906801781,False
later_reference,11911,65.175502,,False,,59.95652173913044,65.84782608695652,59.95652173913044,65.84782608695652,0.0,1,2836.0,0.8821568542916134,False
later_reference,11912,65.180511,,False,,56.5,66.34444444444445,56.5,66.34444444444445,0.0,1,2876.5,0.8925982571895824,False
later_reference,11913,65.185519,,False,,56.45348837209303,77.70930232558139,56.45348837209303,77.70930232558139,0.0,1,2878.5,0.8975424694601255,False
later_reference,11914,65.190528,,False,,62.839506172839506,76.92592592592592,62.839506172839506,76.92592592592592,0.0,1,2865.5,0.8861601786063511,False
later_reference,11915,65.195536,,False,,67.13095238095238,79.94047619047619,67.13095238095238,79.94047619047619,0.0,1,2898.5,0.8890431455240868,False
later_reference,11916,65.200545,,False,,69.53846153846153,78.71794871794872,69.53846153846153,78.71794871794872,0.0,1,2903.0,0.8955997642464907,False
later_reference,11917,65.205554,,False,,69.6125,78.8375,69.6125,78.8375,0.0,1,2912.5,0.9006950077165451,False
later_reference,11918,65.210562,,False,,71.01123595505618,78.20224719101124,71.01123595505618,78.20224719101124,0.0,1,2874.0,0.8866530260444699,False
later_reference,11919,65.215571,,False,,70.07142857142857,82.66326530612245,70.07142857142857,82.66326530612245,0.0,1,2924.5,0.8795504901621064,False
later_reference,11920,65.220579,,False,,69.46808510638297,78.87234042553192,69.46808510638297,78.87234042553192,0.0,1,2900.0,0.8886205354002081,False
later_reference,11921,65.225588,,False,,71.06896551724138,80.34482758620689,71.06896551724138,80.34482758620689,0.0,1,2905.5,0.8911902159959513,False
later_reference,11922,65.230596,,False,,73.78888888888889,79.25555555555556,73.78888888888889,79.25555555555556,0.0,1,2892.5,0.8914723237794531,False
later_reference,11923,65.235605,,False,,76.35106382978724,78.90425531914893,76.35106382978724,78.90425531914893,0.0,1,2904.5,0.8878705143290282,False
later_reference,11924,65.240614,,False,,71.62790697674419,76.97674418604652,71.62790697674419,76.97674418604652,0.0,1,2922.0,0.8910859987091834,False
later_reference,11925,65.245622,,False,,71.68888888888888,76.77777777777777,71.68888888888888,76.77777777777777,0.0,1,2912.0,0.8880364199514633,False
later_reference,11926,65.250631,,False,,76.14583333333333,71.27083333333333,76.14583333333333,71.27083333333333,0.0,1,2903.0,0.8852918018952948,False
later_reference,11927,65.255639,,False,,76.89772727272727,69.14772727272727,76.89772727272727,69.14772727272727,0.0,1,2881.5,0.8911082079060273,False
later_reference,11928,65.260648,,False,,75.24691358024691,69.35802469135803,75.24691358024691,69.35802469135803,0.0,1,2832.5,0.8935987455819493,False
later_reference,11929,65.265656,,False,,70.15853658536585,65.79268292682927,70.15853658536585,65.79268292682927,0.0,1,2820.5,0.8972461666846998,False
later_reference,11930,65.270665,,False,,66.73404255319149,64.15957446808511,66.73404255319149,64.15957446808511,0.0,1,2835.5,0.8871649553459866,False
later_reference,11931,65.275674,,False,,67.6421052631579,60.61052631578947,67.6421052631579,60.61052631578947,0.0,1,2802.0,0.8818311080994811,False
later_reference,11932,65.280682,,False,,64.04878048780488,58.73170731707317,64.04878048780488,58.73170731707317,0.0,1,2846.0,0.9031516014638523,False
later_reference,11933,65.285691,,False,,64.0375,60.8875,64.0375,60.8875,0.0,1,2868.5,0.8974899232718907,False
later_reference,11934,65.290699,,False,,57.0,63.87012987012987,57.0,63.87012987012987,0.0,1,2867.5,0.9015378135779405,False
later_reference,11935,65.295708,,False,,58.56818181818182,68.43181818181819,58.56818181818182,68.43181818181819,0.0,1,2898.0,0.8940572266794968,False
later_reference,11936,65.300716,,False,,56.47727272727273,69.43181818181819,56.47727272727273,69.43181818181819,0.0,1,2900.0,0.894674241285284,False
later_reference,11937,65.305725,,False,,59.66304347826087,75.42391304347827,59.66304347826087,75.42391304347827,0.0,1,2868.5,0.8870879341611575,False
later_reference,11938,65.310733,,False,,57.68888888888889,77.2,57.68888888888889,77.2,0.0,1,2845.0,0.8922966294617379,False
later_reference,11939,65.315742,,False,,58.5609756097561,77.68292682926831,58.5609756097561,77.6829268292683,1.4210854715202004e-14,1,2899.0,0.9017534222227479,False
later_reference,11940,65.320751,,False,,55.173333333333325,77.62666666666667,55.17333333333333,77.62666666666667,7.105427357601002e-15,1,2901.0,0.9023755367268899,False
later_reference,11941,65.325759,,False,,67.54878048780488,78.29268292682929,67.54878048780488,78.29268292682927,1.4210854715202004e-14,1,2914.0,0.8959441509567996,False
later_reference,11942,65.330768,,False,,65.96666666666667,78.63333333333334,65.96666666666667,78.63333333333334,0.0,1,2888.5,0.893272968431914,False
later_reference,11943,65.335776,,False,,71.91025641025641,69.14102564102564,71.91025641025641,69.14102564102564,0.0,1,2854.5,0.9005393172873866,False
later_reference,11944,65.340785,,False,,71.39772727272727,66.85227272727273,71.39772727272727,66.85227272727273,0.0,1,2860.5,0.8919299068750469,False
later_reference,11945,65.345793,,False,,66.59782608695652,67.16304347826087,66.59782608695652,67.16304347826087,0.0,1,2846.5,0.890606603548758,False
later_reference,11946,65.350802,,False,,68.3936170212766,60.43617021276596,68.3936170212766,60.43617021276596,0.0,1,2801.5,0.8838188507394723,False
later_reference,11947,65.355811,1.0,True,0.0,64.71951219512195,55.86585365853659,64.71951219512195,55.86585365853659,0.0,1,2896.5,0.8988043941238459,False
later_reference,11948,65.360819,,True,0.0,56.604651162790695,61.604651162790695,56.604651162790695,61.604651162790695,0.0,1,2879.0,0.8955322889475064,False
later_reference,11949,65.365828,,True,0.0,58.391304347826086,67.91304347826087,58.391304347826086,67.91304347826087,0.0,1,2921.0,0.8938002604349422,False
later_reference,11950,65.370836,,True,0.0,57.577777777777776,74.24444444444444,57.577777777777776,74.24444444444444,0.0,1,2886.0,0.8873352223601438,False
later_reference,11951,65.375845,,True,0.0,56.5360824742268,75.62886597938144,56.5360824742268,75.62886597938144,0.0,1,2892.5,0.8799847879096205,False
later_reference,11952,65.380853,,True,0.0,56.19565217391305,77.30434782608695,56.19565217391305,77.30434782608695,0.0,1,2909.0,0.8901283735083768,False
later_reference,11953,65.385862,,True,0.0,59.79347826086956,76.31521739130436,59.79347826086956,76.31521739130434,1.4210854715202004e-14,1,2895.5,0.8881229687192699,False
later_reference,11954,65.390871,,True,0.0,58.861702127659576,77.41489361702128,58.861702127659576,77.41489361702128,0.0,1,2898.5,0.8890431528545396,False
later_reference,11955,65.395879,2.0,True,0.0,57.952941176470596,82.12941176470588,57.95294117647059,82.12941176470588,7.105427357601002e-15,1,2888.0,0.8909721420290431,False
later_reference,11956,65.400888,,True,0.0,59.625,81.625,59.625,81.625,0.0,1,2883.5,0.8917267151321644,False
later_reference,11957,65.405896,,True,0.0,59.48936170212766,82.0,59.48936170212766,82.0,0.0,1,2821.0,0.8847693510384442,False
later_reference,11958,65.410905,,True,0.0,64.1875,83.91666666666667,64.1875,83.91666666666667,0.0,1,2847.0,0.8855784729452099,False
later_reference,11959,65.415913,,True,0.0,68.1,81.67777777777778,68.1,81.67777777777778,0.0,1,2920.5,0.892761528126043,False
later_reference,11960,65.420922,,True,0.0,67.96039603960396,78.74257425742574,67.96039603960396,78.74257425742574,0.0,1,2882.5,0.8739887224206059,False
later_reference,11961,65.42593,,True,0.0,70.47916666666667,79.97916666666667,70.47916666666667,79.97916666666667,0.0,1,2941.0,0.8824167559791296,False
later_reference,11962,65.430939,,True,0.0,78.02173913043478,75.97826086956522,78.02173913043478,75.97826086956522,0.0,1,2929.0,0.8932206922074512,False
later_reference,11963,65.435948,3.0,True,0.0,76.0888888888889,68.88888888888889,76.08888888888889,68.88888888888889,1.4210854715202004e-14,1,2914.0,0.8886463402936543,False
later_reference,11964,65.440956,,True,0.0,73.37209302325581,69.5813953488372,73.37209302325581,69.5813953488372,0.0,1,2887.0,0.8906636410347445,False
later_reference,11965,65.445965,,True,0.0,72.56976744186046,65.45348837209302,72.56976744186046,65.45348837209302,0.0,1,2878.5,0.8901804523420769,False
later_reference,11966,65.450973,,True,0.0,72.8953488372093,67.82558139534883,72.8953488372093,67.82558139534883,0.0,1,2899.5,0.8893498718245534,False
later_reference,11967,65.455982,,True,0.0,75.81927710843374,61.2289156626506,75.81927710843374,61.2289156626506,0.0,1,2852.0,0.8944920986177598,False
later_reference,11968,65.46099,,True,0.0,76.8125,60.4375,76.8125,60.4375,0.0,1,2878.5,0.9006186893257089,False
later_reference,11969,65.465999,,True,0.0,73.71428571428571,57.42857142857143,73.71428571428571,57.42857142857143,0.0,1,2869.0,0.8851104852911074,False
later_reference,11970,65.471008,,True,0.0,66.22988505747126,59.689655172413794,66.22988505747126,59.689655172413794,0.0,1,2873.0,0.8936659391035044,False
later_reference,11971,65.476016,4.0,True,0.0,59.734042553191486,55.734042553191486,59.734042553191486,55.734042553191486,0.0,1,2880.5,0.8835220951347446,False
later_reference,11972,65.481025,,True,0.0,55.95,66.775,55.95,66.775,0.0,1,2887.0,0.8980207405550144,False
later_reference,11973,65.486033,,True,0.0,59.15294117647059,76.32941176470588,59.15294117647059,76.32941176470588,0.0,1,2879.0,0.8881955709911712,False
later_reference,11974,65.491042,,True,0.0,66.86363636363636,77.47727272727273,66.86363636363636,77.47727272727273,0.0,1,2910.0,0.8947142999520052,False
later_reference,11975,65.49605,,True,0.0,69.23469387755102,67.5204081632653,69.23469387755102,67.5204081632653,0.0,1,2838.0,0.8797724416543325,False
later_reference,11976,65.501059,,True,0.0,70.15053763440861,65.84946236559139,70.15053763440861,65.84946236559139,0.0,1,2818.0,0.8868665420287153,False
later_reference,11977,65.506068,,True,0.0,62.58536585365854,69.6829268292683,62.58536585365854,69.6829268292683,0.0,1,2780.0,0.8926874804198524,False
later_reference,11978,65.511076,,True,0.0,55.07407407407408,67.06172839506173,55.074074074074076,67.06172839506173,7.105427357601002e-15,1,2833.5,0.8939142282986486,False
later_reference,11979,65.516085,5.0,True,0.0,58.27586206896552,74.78160919540231,58.275862068965516,74.7816091954023,1.5888218580782548e-14,1,2828.5,0.8819520201296106,False
later_reference,11980,65.521093,,False,,65.13541666666667,80.13541666666667,65.13541666666667,80.13541666666667,0.0,1,2859.5,0.8843046758705764,False
later_reference,11981,65.526102,,False,,79.11224489795919,76.5204081632653,79.11224489795919,76.5204081632653,0.0,1,2891.5,0.886896069798481,False
later_reference,11982,65.53111,,False,,77.03488372093024,67.9186046511628,77.03488372093024,67.9186046511628,0.0,1,2854.5,0.8931096342965356,False
later_reference,11983,65.536119,,False,,74.9080459770115,57.47126436781609,74.9080459770115,57.47126436781609,0.0,1,2745.0,0.888877754409752,False
later_reference,11984,65.541127,,False,,70.45263157894736,56.526315789473685,70.45263157894736,56.526315789473685,0.0,1,2725.5,0.8847414663494014,False
later_reference,11985,65.546136,,False,,58.34146341463414,53.68292682926829,58.34146341463415,53.68292682926829,7.105427357601002e-15,1,2679.0,0.8929638538669185,False
later_reference,11986,65.551145,,False,,54.21176470588235,58.89411764705882,54.21176470588235,58.89411764705882,0.0,1,2751.0,0.8908206544489026,False
later_reference,11987,65.556153,,False,,49.47826086956522,76.73913043478261,49.47826086956522,76.73913043478261,0.0,1,2785.0,0.891198600498846,False
later_reference,11988,65.561162,,False,,55.91489361702128,86.06382978723404,55.91489361702128,86.06382978723404,0.0,1,2775.0,0.8879986055239849,False
later_reference,11989,65.56617,,False,,62.67021276595744,88.30851063829788,62.670212765957444,88.30851063829788,7.105427357601002e-15,1,2779.5,0.8768782800284123,False
later_reference,11990,65.571179,,False,,68.3586956521739,91.6195652173913,68.3586956521739,91.6195652173913,0.0,1,2794.5,0.8920527498061834,False
later_reference,11991,65.576187,,False,,67.875,88.54166666666667,67.875,88.54166666666667,0.0,1,2800.0,0.8812016793806486,False
later_reference,11992,65.581196,,False,,69.21428571428571,88.28571428571429,69.21428571428571,88.28571428571429,0.0,1,2806.0,0.8904579792301927,False
later_reference,11993,65.586205,,False,,74.03846153846153,89.52564102564102,74.03846153846153,89.52564102564102,0.0,1,2836.5,0.902336020455669,False
later_reference,11994,65.591213,,False,,75.32558139534883,86.76744186046513,75.32558139534883,86.76744186046511,1.4210854715202004e-14,1,2823.0,0.8853966203762693,False
later_reference,11995,65.596222,,False,,74.8804347826087,86.75,74.8804347826087,86.75,0.0,1,2851.5,0.8891236271614276,False
later_reference,11996,65.60123,,False,,76.45833333333333,80.16666666666667,76.45833333333333,80.16666666666667,0.0,1,2889.0,0.8810223960301434,False
later_reference,11997,65.606239,,False,,79.86486486486487,79.02702702702705,79.86486486486487,79.02702702702703,1.4210854715202004e-14,1,2908.0,0.9045529262367894,False
later_reference,11998,65.611247,,False,,76.2840909090909,75.67045454545455,76.2840909090909,75.67045454545455,0.0,1,2876.5,0.8895619545960363,False
later_reference,11999,65.616256,,False,,77.125,70.3125,77.125,70.3125,0.0,1,2868.0,0.8848019800666607,False
later_reference,12000,65.621265,,False,,72.75531914893617,66.54255319148936,72.75531914893617,66.54255319148936,0.0,1,2800.5,0.8835033669910853,False
later_reference,12001,65.626273,,False,,69.01351351351352,57.391891891891895,69.01351351351352,57.391891891891895,0.0,1,2793.5,0.90681536937882,False
later_reference,12002,65.631282,,False,,57.40909090909091,59.09090909090909,57.40909090909091,59.09090909090909,0.0,1,2743.0,0.8957480933663741,False
later_reference,12003,65.63629,,False,,52.81609195402299,60.804597701149426,52.81609195402299,60.804597701149426,0.0,1,2737.0,0.8906699936142354,False
later_reference,12004,65.641299,,False,,50.922222222222224,67.03333333333333,50.922222222222224,67.03333333333333,0.0,1,2798.5,0.8859161576657284,False
later_reference,12005,65.646307,,False,,57.92307692307692,77.92307692307692,57.92307692307692,77.92307692307692,0.0,1,2839.0,0.8861130397427446,False
later_reference,12006,65.651316,,False,,60.833333333333336,79.37179487179488,60.833333333333336,79.37179487179488,0.0,1,2854.5,0.9005393172873866,False
later_reference,12007,65.656325,,False,,68.40229885057471,74.8735632183908,68.40229885057471,74.8735632183908,0.0,1,2903.5,0.8936040684041441,False
later_reference,12008,65.661333,,False,,66.63736263736264,67.27472527472527,66.63736263736264,67.27472527472527,0.0,1,2893.0,0.8925146869892291,False
later_reference,12009,65.666342,,False,,68.37209302325581,67.67441860465117,68.37209302325581,67.67441860465117,0.0,1,2804.0,0.8972785844738667,False
later_reference,12010,65.67135,,False,,65.05952380952381,65.75,65.05952380952381,65.75,0.0,1,2820.5,0.8898129839252156,False
later_reference,12011,65.676359,,False,,58.083333333333336,67.41666666666667,58.083333333333336,67.41666666666667,0.0,1,2801.5,0.9018022203084253,False
later_reference,12012,65.681367,,False,,57.96590909090909,66.875,57.96590909090909,66.875,0.0,1,2808.5,0.8890818398442731,False
later_reference,12013,65.686376,,False,,50.0,76.3404255319149,50.0,76.34042553191489,1.4210854715202004e-14,1,2746.5,0.8767303182675292,False
later_reference,12014,65.691384,,False,,48.81818181818182,78.63636363636364,48.81818181818182,78.63636363636364,0.0,1,2803.0,0.889505957156889,False
later_reference,12015,65.696393,,False,,58.266666666666666,84.0,58.266666666666666,84.0,0.0,1,2829.0,0.8903284153091175,False
later_reference,12016,65.701402,,False,,67.46153846153847,86.12087912087912,67.46153846153847,86.12087912087912,0.0,1,2838.5,0.8881035823574889,False
later_reference,12017,65.70641,,False,,77.85714285714286,76.26190476190474,77.85714285714286,76.26190476190476,1.4210854715202004e-14,1,2880.0,0.8958433467273933,False
later_reference,12018,65.711419,,False,,77.52631578947368,78.60526315789474,77.52631578947368,78.60526315789474,0.0,1,2938.0,0.9063975503637262,False
later_reference,12019,65.716427,,False,,76.375,75.65,76.375,75.65,0.0,1,2926.0,0.9026954532890711,False
later_reference,12020,65.721436,,False,,77.43617021276596,73.11702127659575,77.43617021276596,73.11702127659575,0.0,1,2923.5,0.8864201287145159,False
later_reference,12021,65.726444,,False,,75.95238095238095,72.07142857142857,75.95238095238095,72.07142857142857,0.0,1,2905.0,0.9005422578836102,False
later_reference,12022,65.731453,,False,,76.96551724137932,66.77011494252874,76.96551724137932,66.77011494252874,0.0,1,2930.0,0.8935256581627015,False
later_reference,12023,65.736462,,False,,77.64197530864197,68.07407407407408,77.64197530864197,68.07407407407408,0.0,1,2929.5,0.8985516283639166,False
later_reference,12024,65.74147,,False,,75.02298850574712,63.93103448275862,75.02298850574712,63.93103448275862,0.0,1,2891.5,0.8868960708431595,False
later_reference,12025,65.746479,,False,,67.77777777777777,62.17171717171717,67.77777777777777,62.17171717171717,0.0,1,2847.0,0.8783233065555653,False
later_reference,12026,65.751487,,False,,58.47727272727273,59.40909090909091,58.47727272727273,59.40909090909091,0.0,1,2847.0,0.8929239072692132,False
later_reference,12027,65.756496,,False,,56.375,62.78409090909091,56.375,62.78409090909091,0.0,1,2857.5,0.89099448277438,False
later_reference,12028,65.761504,,False,,57.41489361702128,66.84042553191489,57.41489361702128,66.84042553191489,0.0,1,2886.5,0.8853624414464418,False
later_reference,12029,65.766513,,False,,58.5125,71.8625,58.5125,71.8625,0.0,1,2847.5,0.9058352877101946,False
later_reference,12030,65.771522,,False,,58.575,78.375,58.575,78.375,0.0,1,2892.0,0.8995760241375481,False
later_reference,12031,65.77653,,False,,62.3875,79.1875,62.3875,79.1875,0.0,1,2886.5,0.8957013214192966,False
later_reference,12032,65.781539,,False,,69.3529411764706,79.30588235294118,69.3529411764706,79.30588235294118,0.0,1,2903.5,0.8905767780826596,False
later_reference,12033,65.786547,,False,,69.67032967032966,72.63736263736264,69.67032967032966,72.63736263736264,0.0,1,2850.5,0.8888118222912662,False
later_reference,12034,65.791556,,False,,66.72043010752688,67.39784946236558,66.72043010752688,67.39784946236558,0.0,1,2867.0,0.8844934675259203,False
later_reference,12035,65.796564,,False,,58.5,68.26744186046511,58.5,68.26744186046511,0.0,1,2813.5,0.8950193471972738,False
later_reference,12036,65.801573,,False,,54.68181818181818,70.0,54.68181818181818,70.0,0.0,1,2839.0,0.8904148162260834,False
later_reference,12037,65.806581,,False,,59.0531914893617,76.3936170212766,59.0531914893617,76.3936170212766,0.0,1,2858.5,0.887012736420609,False
later_reference,12038,65.81159,,False,,65.55952380952381,76.72619047619048,65.55952380952381,76.72619047619048,0.0,1,2858.5,0.894361140112427,False
later_reference,12039,65.816599,,False,,72.4065934065934,68.81318681318682,72.4065934065934,68.81318681318682,0.0,1,2849.5,0.8842199592449048,False
later_reference,12040,65.821607,,False,,74.92553191489361,66.94680851063829,74.92553191489361,66.94680851063829,0.0,1,2783.5,0.885475869522157,False
later_reference,12041,65.826616,,False,,65.1875,59.1375,65.1875,59.1375,0.0,1,2746.5,0.9022716819982692,False
later_reference,12042,65.831624,,False,,57.23809523809524,59.023809523809526,57.23809523809524,59.023809523809526,0.0,1,2778.0,0.8920452656615248,False
later_reference,12043,65.836633,,False,,52.27173913043478,62.358695652173914,52.27173913043478,62.358695652173914,0.0,1,2799.5,0.8831878864101208,False
later_reference,12044,65.841641,,False,,51.525,65.55,51.525,65.55,0.0,1,2805.0,0.8975985904485684,False
later_reference,12045,65.84665,,False,,47.78888888888889,67.14444444444445,47.78888888888889,67.14444444444445,0.0,1,2871.5,0.883755495926468,False
later_reference,12046,65.851659,,False,,53.43333333333333,78.27777777777777,53.43333333333333,78.27777777777777,0.0,1,2882.5,0.8914174520294895,False
later_reference,12047,65.856667,,False,,63.51315789473684,78.48684210526316,63.51315789473684,78.48684210526316,0.0,1,2914.5,0.9013135043299924,False
later_reference,12048,65.861676,,False,,66.5,74.80232558139534,66.5,74.80232558139535,1.4210854715202004e-14,1,2895.5,0.8881229718576409,False
later_reference,12049,65.866684,,False,,66.8170731707317,67.98780487804878,66.8170731707317,67.98780487804878,0.0,1,2859.5,0.8946740168301627,False
later_reference,12050,65.871693,,False,,68.40425531914893,64.20212765957447,68.40425531914893,64.20212765957447,0.0,1,2807.0,0.880378441388052,False
later_reference,12051,65.876701,,False,,56.73809523809524,67.5,56.73809523809524,67.5,0.0,1,2784.0,0.8908785988576879,False
later_reference,12052,65.88171,,False,,59.63414634146341,63.02439024390244,59.63414634146341,63.02439024390244,0.0,1,2819.0,0.8915061445007496,False
later_reference,12053,65.886719,,False,,58.41463414634146,63.170731707317074,58.41463414634146,63.170731707317074,0.0,1,2817.0,0.8939487279033591,False
later_reference,12054,65.891727,,False,,57.18181818181818,63.43181818181818,57.18181818181818,63.43181818181818,0.0,1,2807.0,0.8907753188540439,False
later_reference,12055,65.896736,,False,,58.68604651162791,62.24418604651163,58.68604651162791,62.24418604651163,0.0,1,2824.5,0.8910749009342332,False
later_reference,12056,65.901744,,False,,55.166666666666664,65.46666666666667,55.166666666666664,65.46666666666667,0.0,1,2857.5,0.8836861707720981,False
later_reference,12057,65.906753,,False,,56.30952380952381,64.10714285714286,56.30952380952381,64.10714285714286,0.0,1,2832.5,0.8862263209409343,False
later_reference,12058,65.911761,,False,,54.252873563218394,73.27586206896552,54.252873563218394,73.27586206896552,0.0,1,2812.5,0.884245898093505,False
later_reference,12059,65.91677,,False,,49.904761904761905,78.61904761904762,49.904761904761905,78.61904761904762,0.0,1,2864.0,0.8908664360753589,False
later_reference,12060,65.921779,,False,,58.93478260869565,79.97826086956522,58.93478260869565,79.97826086956522,0.0,1,2890.0,0.8915891524283716,False
later_reference,12061,65.926787,,False,,66.92631578947369,81.52631578947368,66.92631578947369,81.52631578947368,0.0,1,2896.5,0.8782335939258576,False
later_reference,12062,65.931796,,False,,70.63829787234043,78.29787234042554,70.63829787234043,78.29787234042553,1.4210854715202004e-14,1,2893.0,0.8822422273135274,False
later_reference,12063,65.936804,,False,,73.90625,77.65625,73.90625,77.65625,0.0,1,2884.5,0.8775509533746322,False
later_reference,12064,65.941813,,False,,72.67391304347827,70.17391304347827,72.67391304347827,70.17391304347827,0.0,1,2836.0,0.8821568448739476,False
later_reference,12065,65.946821,,False,,66.5111111111111,61.0,66.5111111111111,61.0,0.0,1,2772.0,0.8870386102331745,False
later_reference,12066,65.95183,,False,,67.7840909090909,59.03409090909091,67.7840909090909,59.03409090909091,0.0,1,2789.5,0.8979394262562606,False
later_reference,12067,65.956838,,False,,68.04444444444445,60.644444444444446,68.04444444444445,60.644444444444446,0.0,1,2768.0,0.8857586047788779,False
later_reference,12068,65.961847,,False,,66.66666666666667,56.666666666666664,66.66666666666667,56.666666666666664,0.0,1,2816.0,0.8832011681998935,False
later_reference,12069,65.966856,,False,,61.86419753086419,55.17283950617284,61.864197530864196,55.17283950617284,7.105427357601002e-15,1,2783.5,0.8960080286790887,False
later_reference,12070,65.971864,,False,,59.632183908045974,56.3448275862069,59.632183908045974,56.3448275862069,0.0,1,2830.0,0.8906431270081092,False
later_reference,12071,65.976873,,False,,57.04651162790697,59.674418604651166,57.04651162790697,59.674418604651166,0.0,1,2860.0,0.9000845714363013,False
later_reference,12072,65.981881,,False,,58.09574468085106,57.712765957446805,58.09574468085106,57.712765957446805,0.0,1,2856.5,0.8863921233469868,False
later_reference,12073,65.98689,,False,,58.11904761904762,56.92857142857143,58.11904761904762,56.92857142857143,0.0,1,2834.0,0.8993435250461236,False
later_reference,12074,65.991898,,False,,58.506666666666675,55.76,58.50666666666667,55.76,7.105427357601002e-15,1,2826.5,0.9022677023787261,False
later_reference,12075,65.996907,,False,,58.19736842105263,59.223684210526315,58.19736842105263,59.223684210526315,0.0,1,2851.5,0.9102481305382727,False
later_reference,12076,66.001916,,False,,55.40243902439025,57.170731707317074,55.40243902439025,57.170731707317074,0.0,1,2837.0,0.892846126948004,False
later_reference,12077,66.006924,,False,,54.406976744186046,60.19767441860465,54.406976744186046,60.19767441860465,0.0,1,2841.5,0.8964380697397473,False
later_reference,12078,66.011933,,False,,57.5609756097561,58.41463414634146,57.5609756097561,58.41463414634146,0.0,1,2838.0,0.9006128781083239,False
later_reference,12079,66.016941,,False,,58.55681818181818,58.55681818181818,58.55681818181818,58.55681818181818,0.0,1,2836.5,0.8948606743197954,False
later_reference,12080,66.02195,,False,,57.043010752688176,56.526881720430104,57.043010752688176,56.526881720430104,0.0,1,2802.0,0.8891886207271841,False
later_reference,12081,66.026958,,False,,58.72093023255814,57.76744186046512,58.72093023255814,57.76744186046512,0.0,1,2791.0,0.8962197024696574,False
later_reference,12082,66.031967,,False,,53.54736842105263,61.92631578947368,53.54736842105263,61.92631578947368,0.0,1,2778.0,0.8742779498135171,False
later_reference,12083,66.036976,,False,,53.53125,62.947916666666664,53.53125,62.947916666666664,0.0,1,2797.5,0.8795299157748172,False
later_reference,12084,66.041984,,False,,48.842696629213485,68.01123595505618,48.842696629213485,68.01123595505618,0.0,1,2818.5,0.8891820131995891,False
later_reference,12085,66.046993,,False,,51.40217391304348,66.1413043478261,51.40217391304348,66.1413043478261,0.0,1,2833.5,0.8865391976694645,False
later_reference,12086,66.052001,,False,,46.42045454545455,68.375,46.42045454545455,68.375,0.0,1,2861.5,0.8879436512942779,False
later_reference,12087,66.05701,,False,,52.16470588235294,72.90588235294119,52.16470588235294,72.90588235294118,1.4210854715202004e-14,1,2827.0,0.8866511748753569,False
later_reference,12088,66.062018,,False,,56.5,78.68181818181819,56.5,78.68181818181819,0.0,1,2872.0,0.8933548845089611,False
later_reference,12089,66.067027,,False,,65.6969696969697,79.66666666666667,65.6969696969697,79.66666666666667,0.0,1,2900.5,0.8752686309942606,False
later_reference,12090,66.072035,,False,,68.33707865168539,78.6067415730337,68.33707865168539,78.6067415730337,0.0,1,2890.5,0.8938914640385913,False
later_reference,12091,66.077044,,False,,70.1195652173913,70.20652173913044,70.1195652173913,70.20652173913044,0.0,1,2868.5,0.8870879352103561,False
later_reference,12092,66.082053,,False,,76.2,67.225,76.2,67.225,0.0,1,2858.0,0.8890000978853676,False
later_reference,12093,66.087061,,False,,72.66304347826087,67.44565217391305,72.66304347826087,67.44565217391305,0.0,1,2850.5,0.8888118201801148,False
later_reference,12094,66.09207,,False,,72.73333333333333,64.86666666666666,72.73333333333333,64.86666666666666,0.0,1,2820.0,0.8918223914431554,False
later_reference,12095,66.097078,,False,,69.08653846153847,65.4326923076923,69.08653846153847,65.4326923076923,0.0,1,2832.5,0.8717525513050541,False
later_reference,12096,66.102087,,False,,67.10714285714286,60.654761904761905,67.10714285714286,60.654761904761905,0.0,1,2871.5,0.8984285523484578,False
later_reference,12097,66.107095,,False,,64.84146341463415,57.25609756097561,64.84146341463415,57.25609756097561,0.0,1,2825.5,0.8988367412735241,False
later_reference,12098,66.112104,,False,,58.276595744680854,58.48936170212766,58.276595744680854,58.48936170212766,0.0,1,2848.0,0.8858895202045709,False
later_reference,12099,66.117113,,False,,53.18292682926829,66.42682926829268,53.18292682926829,66.42682926829268,0.0,1,2845.5,0.8976999888449285,False
later_reference,12100,66.122121,,False,,51.8,69.64444444444445,51.8,69.64444444444445,0.0,1,2817.0,0.8908736495458686,False
later_reference,12101,66.12713,,False,,55.94,77.83,55.94,77.83,0.0,1,2838.5,0.8706396282991626,False
later_reference,12102,66.132138,,False,,54.51111111111111,77.0,54.51111111111111,77.0,0.0,1,2834.0,0.8815347377171641,False
later_reference,12103,66.137147,,False,,56.550561797752806,76.30337078651685,56.550561797752806,76.30337078651685,0.0,1,2861.5,0.8849231757387892,False
later_reference,12104,66.142155,,False,,57.26829268292683,74.8048780487805,57.26829268292683,74.8048780487805,0.0,1,2880.0,0.8958433403515406,False
later_reference,12105,66.147164,,False,,54.8876404494382,78.59550561797752,54.8876404494382,78.59550561797752,0.0,1,2850.5,0.8815214123340018,False
later_reference,12106,66.152173,,False,,53.851851851851855,78.32098765432099,53.851851851851855,78.32098765432099,0.0,1,2856.0,0.8883779739130105,False
later_reference,12107,66.157181,,False,,54.2375,77.8625,54.2375,77.8625,0.0,1,2887.5,0.892963712703623,False
later_reference,12108,66.16219,,False,,57.40625,78.88541666666667,57.40625,78.88541666666667,0.0,1,2882.5,0.8841355456434304,False
later_reference,12109,66.167198,,False,,56.40816326530612,84.40816326530613,56.40816326530612,84.40816326530613,0.0,1,2853.0,0.8874448090357449,False
later_reference,12110,66.172207,,False,,57.857142857142854,85.85714285714286,57.857142857142854,85.85714285714286,0.0,1,2871.0,0.8961009342077373,False
later_reference,12111,66.177215,,False,,57.55555555555556,85.44444444444444,57.55555555555556,85.44444444444444,0.0,1,2884.0,0.8970875650849038,False
later_reference,12112,66.182224,,False,,64.91111111111111,82.11111111111111,64.91111111111111,82.11111111111111,0.0,1,2864.0,0.8878323650500336,False
later_reference,12113,66.187232,,False,,67.5125,78.9625,67.5125,78.9625,0.0,1,2939.5,0.9016188851409762,False
later_reference,12114,66.192241,,False,,67.144578313253,75.89156626506023,67.144578313253,75.89156626506023,0.0,1,2864.0,0.8982557357067641,False
later_reference,12115,66.19725,,False,,71.08602150537635,75.74193548387096,71.08602150537635,75.74193548387096,0.0,1,2825.5,0.8810165886647247,False
later_reference,12116,66.202258,,False,,76.86904761904762,71.13095238095238,76.86904761904762,71.13095238095238,0.0,1,2820.5,0.8972461666846998,False
later_reference,12117,66.207267,,False,,75.92391304347827,71.07608695652173,75.92391304347827,71.07608695652173,0.0,1,2861.5,0.8849231778320658,False
later_reference,12118,66.212275,,False,,75.14772727272727,72.94318181818181,75.14772727272727,72.94318181818181,0.0,1,2854.5,0.8931096215465837,False
later_reference,12119,66.217284,,False,,75.3780487804878,71.7439024390244,75.3780487804878,71.7439024390244,0.0,1,2840.5,0.8930490498017276,False
later_reference,12120,66.222292,,False,,77.80434782608695,73.95652173913044,77.80434782608695,73.95652173913044,0.0,1,2873.5,0.8886341969274704,False
later_reference,12121,66.227301,,False,,77.04444444444445,71.35555555555555,77.04444444444445,71.35555555555555,0.0,1,2890.0,0.8843145450481928,False
later_reference,12122,66.23231,,False,,76.67441860465117,68.32558139534883,76.67441860465117,68.32558139534883,0.0,1,2868.0,0.8921106629413859,False
later_reference,12123,66.237318,,False,,76.70270270270271,68.67567567567568,76.70270270270271,68.67567567567568,0.0,1,2915.0,0.9067303264660913,False
later_reference,12124,66.242327,,False,,77.33720930232556,65.94186046511628,77.33720930232558,65.94186046511628,1.4210854715202004e-14,1,2893.5,0.8948192259504043,False
later_reference,12125,66.247335,,False,,72.47826086956522,60.52173913043478,72.47826086956522,60.52173913043478,0.0,1,2841.0,0.8837121305474511,False
later_reference,12126,66.252344,,False,,68.12087912087912,61.04395604395605,68.12087912087912,61.043956043956044,7.105427357601002e-15,1,2858.5,0.8870127269625208,False
later_reference,12127,66.257352,,False,,58.43478260869565,60.08695652173913,58.43478260869565,60.08695652173913,0.0,1,2809.0,0.8840341175692157,False
later_reference,12128,66.262361,,False,,58.949367088607595,64.20253164556962,58.949367088607595,64.20253164556962,0.0,1,2826.0,0.8968047909032701,False
later_reference,12129,66.26737,,False,,58.32051282051282,66.34615384615384,58.32051282051282,66.34615384615384,0.0,1,2831.5,0.9007454491236478,False
later_reference,12130,66.272378,,False,,57.88372093023256,69.27906976744185,57.883720930232556,69.27906976744185,7.105427357601002e-15,1,2853.0,0.8874448079830651,False
later_reference,12131,66.277387,,False,,67.84883720930233,76.56976744186046,67.84883720930233,76.56976744186046,0.0,1,2883.5,0.8991015255948512,False
later_reference,12132,66.282395,,False,,69.58823529411765,75.85882352941177,69.58823529411765,75.85882352941177,0.0,1,2876.5,0.8969188587338457,False
later_reference,12133,66.287404,,False,,75.13636363636364,68.56818181818181,75.13636363636364,68.56818181818181,0.0,1,2838.0,0.8901011794468564,False
later_reference,12134,66.292412,,False,,73.84782608695652,67.04347826086956,73.84782608695652,67.04347826086956,0.0,1,2851.0,0.8868227008646546,False
later_reference,12135,66.297421,,False,,73.875,69.35,73.875,69.35,0.0,1,2841.0,0.9015649023385603,False
later_reference,12136,66.30243,,False,,70.57954545454545,65.26136363636364,70.57954545454545,65.26136363636364,0.0,1,2779.5,0.8916207170701318,False
later_reference,12137,66.307438,,False,,69.86363636363636,59.0,69.86363636363636,59.0,0.0,1,2823.0,0.895852761318913,False
later_reference,12138,66.312447,,False,,67.62921348314607,58.01123595505618,67.62921348314607,58.01123595505618,0.0,1,2816.5,0.8916143866540633,False
later_reference,12139,66.317455,,False,,64.29545454545455,59.88636363636363,64.29545454545455,59.88636363636363,0.0,1,2826.0,0.8893842579141427,False
later_reference,12140,66.322464,,False,,58.825581395348834,60.593023255813954,58.825581395348834,60.593023255813954,0.0,1,2832.5,0.8935987455819493,False
later_reference,12141,66.327472,,False,,58.14772727272727,66.17045454545455,58.14772727272727,66.17045454545455,0.0,1,2816.5,0.8916143887879724,False
later_reference,12142,66.332481,,False,,56.5125,66.9375,56.5125,66.9375,0.0,1,2839.5,0.8988954502950922,False
later_reference,12143,66.337489,,False,,57.93333333333333,69.42222222222222,57.93333333333333,69.42222222222222,0.0,1,2848.0,0.8858895265095807,False
later_reference,12144,66.342498,,False,,62.04819277108434,78.67469879518072,62.04819277108434,78.67469879518072,0.0,1,2865.0,0.8911774970202957,False
later_reference,12145,66.347507,,False,,65.49350649350649,77.3896103896104,65.49350649350649,77.3896103896104,0.0,1,2875.0,0.901705738130218,False
later_reference,12146,66.352515,,False,,66.7560975609756,73.39024390243902,66.7560975609756,73.39024390243902,0.0,1,2858.0,0.8963739054223526,False
later_reference,12147,66.357524,,False,,68.10843373493977,70.25301204819277,68.10843373493977,70.25301204819277,0.0,1,2841.5,0.8964380654562178,False
later_reference,12148,66.362532,,False,,66.52808988764045,65.01123595505618,66.52808988764045,65.01123595505618,0.0,1,2802.5,0.8871824273521934,False
later_reference,12149,66.367541,,False,,64.73404255319149,59.67021276595744,64.73404255319149,59.670212765957444,7.105427357601002e-15,1,2761.5,0.8815185788476563,False
later_reference,12150,66.372549,,False,,57.357142857142854,58.54761904761905,57.357142857142854,58.54761904761905,0.0,1,2764.0,0.8950302704459716,False
later_reference,12151,66.377558,,False,,57.11627906976744,62.093023255813954,57.116279069767444,62.093023255813954,7.105427357601002e-15,1,2761.0,0.8940588215206048,False
later_reference,12152,66.382567,,False,,57.166666666666664,66.27777777777777,57.166666666666664,66.27777777777777,0.0,1,2795.5,0.8923719681802769,False
later_reference,12153,66.387575,,False,,60.65384615384615,67.47435897435898,60.65384615384615,67.47435897435898,0.0,1,2854.5,0.9005393140600415,False
later_reference,12154,66.392584,,False,,58.15116279069768,76.12790697674419,58.151162790697676,76.12790697674419,7.105427357601002e-15,1,2852.5,0.8999083593512952,False
later_reference,12155,66.397592,,False,,69.34782608695652,75.8695652173913,69.34782608695652,75.8695652173913,0.0,1,2860.0,0.8896222070988066,False
later_reference,12156,66.402601,,False,,70.11111111111111,67.68888888888888,70.11111111111111,67.68888888888888,0.0,1,2821.0,0.8878106856202738,False
later_reference,12157,66.407609,,False,,69.07843137254902,62.8235294117647,69.07843137254902,62.8235294117647,0.0,1,2771.0,0.8720749497823757,False
later_reference,12158,66.412618,,False,,68.85555555555555,60.3,68.85555555555555,60.3,0.0,1,2779.5,0.887264489213398,False
later_reference,12159,66.417627,,False,,66.8780487804878,60.48780487804878,66.8780487804878,60.48780487804878,0.0,1,2816.0,0.901118580584292,False
later_reference,12160,66.422635,,False,,57.744897959183675,59.47959183673469,57.744897959183675,59.47959183673469,0.0,1,2803.5,0.8844498066208563,False
later_reference,12161,66.427644,,False,,57.604395604395606,64.53846153846153,57.604395604395606,64.53846153846153,0.0,1,2858.5,0.8839954254120534,False
later_reference,12162,66.432652,,False,,57.724489795918366,74.15306122448979,57.724489795918366,74.15306122448979,0.0,1,2870.5,0.8804548363687674,False
later_reference,12163,66.437661,,False,,60.4078947368421,78.35526315789474,60.4078947368421,78.35526315789474,0.0,1,2853.5,0.9002238377822038,False
later_reference,12164,66.442669,,False,,67.34146341463415,76.51219512195122,67.34146341463415,76.51219512195122,0.0,1,2879.0,0.8955322878852333,False
later_reference,12165,66.447678,,False,,69.7840909090909,78.73863636363636,69.7840909090909,78.73863636363636,0.0,1,2881.5,0.8911082026362591,False
later_reference,12166,66.452686,,False,,77.20689655172414,77.93103448275862,77.20689655172414,77.93103448275862,0.0,1,2891.5,0.894200718712563,False
later_reference,12167,66.457695,,False,,77.02325581395348,76.69767441860466,77.02325581395348,76.69767441860465,1.4210854715202004e-14,1,2896.0,0.9008202531406664,False
later_reference,12168,66.462704,,False,,77.48913043478261,75.96739130434783,77.48913043478261,75.96739130434783,0.0,1,2904.5,0.8908834970414732,False
later_reference,12169,66.467712,,False,,77.26506024096386,78.89156626506023,77.26506024096386,78.89156626506023,0.0,1,2915.5,0.8942574706099501,False
later_reference,12170,66.472721,,False,,75.84615384615384,77.07692307692308,75.84615384615384,77.07692307692308,0.0,1,2908.0,0.9045529305286828,False
later_reference,12171,66.477729,,False,,76.98837209302326,70.96511627906976,76.98837209302326,70.96511627906976,0.0,1,2863.5,0.8928653341502173,False
later_reference,12172,66.482738,,False,,74.67532467532467,73.07792207792208,74.67532467532467,73.07792207792208,0.0,1,2861.0,0.8973148221627042,False
later_reference,12173,66.487746,,False,,76.5,72.5,76.5,72.5,0.0,1,2861.5,0.8776943132345499,False
later_reference,12174,66.492755,,False,,76.58974358974358,67.15384615384616,76.58974358974359,67.15384615384616,1.4210854715202004e-14,1,2858.0,0.8994551373733387,False
later_reference,12175,66.497764,,False,,75.18811881188118,62.82178217821782,75.18811881188118,62.82178217821782,0.0,1,2822.0,0.8778020560645581,False
later_reference,12176,66.502772,,False,,68.07894736842105,56.8421052631579,68.07894736842105,56.8421052631579,0.0,1,2803.0,0.900073040594253,False
later_reference,12177,66.507781,,False,,67.51162790697674,58.27906976744186,67.51162790697674,58.27906976744186,0.0,1,2804.0,0.8898233021124283,False
later_reference,12178,66.512789,,False,,67.35227272727273,55.14772727272727,67.35227272727273,55.14772727272727,0.0,1,2823.5,0.893830366320909,False
later_reference,12179,66.517798,,False,,68.22093023255815,55.593023255813954,68.22093023255815,55.593023255813954,0.0,1,2805.5,0.8955641347449145,False
later_reference,12180,66.522806,,False,,64.75581395348837,57.05813953488372,64.75581395348837,57.05813953488372,0.0,1,2819.5,0.8925640849002175,False
later_reference,12181,66.527815,,False,,67.46315789473684,58.02105263157895,67.46315789473684,58.02105263157895,0.0,1,2835.5,0.8798756719121882,False
later_reference,12182,66.532824,,False,,65.75,57.51190476190476,65.75,57.51190476190476,0.0,1,2805.5,0.9030898270375901,False
later_reference,12183,66.537832,,False,,66.71764705882353,58.45882352941177,66.71764705882353,58.45882352941177,0.0,1,2794.5,0.892052745518439,False
later_reference,12184,66.542841,,False,,67.53846153846153,57.87179487179487,67.53846153846153,57.87179487179487,0.0,1,2826.0,0.9074585693190382,False
later_reference,12185,66.547849,,False,,67.55421686746988,58.44578313253012,67.55421686746988,58.44578313253012,0.0,1,2827.5,0.8950966327701435,False
later_reference,12186,66.552858,,False,,66.54838709677419,59.72043010752688,66.54838709677419,59.72043010752688,0.0,1,2822.5,0.8830975389064991,False
later_reference,12187,66.557866,,False,,65.5,59.5,65.5,59.5,0.0,1,2797.5,0.8930104049307649,False
later_reference,12188,66.562875,,False,,64.75903614457832,56.57831325301205,64.75903614457832,56.57831325301205,0.0,1,2758.0,0.8930873758331862,False
later_reference,12189,66.567884,,False,,67.80434782608695,61.17391304347826,67.80434782608695,61.17391304347826,0.0,1,2806.0,0.8904579792301927,False
later_reference,12190,66.572892,,False,,67.81927710843374,57.24096385542169,67.81927710843374,57.24096385542169,0.0,1,2820.0,0.8979950736274359,False
later_reference,12191,66.577901,,False,,69.9,57.025,69.9,57.025,0.0,1,2800.0,0.8991096968436653,False
later_reference,12192,66.582909,,False,,66.26190476190476,58.19047619047619,66.26190476190476,58.19047619047619,0.0,1,2802.0,0.8966385854835144,False
later_reference,12193,66.587918,,False,,68.11764705882354,58.92941176470588,68.11764705882354,58.92941176470588,0.0,1,2746.5,0.8946764157217841,False
later_reference,12194,66.592926,,False,,68.14285714285714,59.57142857142857,68.14285714285714,59.57142857142857,0.0,1,2767.0,0.8960017302107438,False
later_reference,12195,66.597935,,False,,66.90697674418605,56.74418604651163,66.90697674418605,56.74418604651163,0.0,1,2784.0,0.8939719293022624,False
later_reference,12196,66.602943,,False,,66.0340909090909,59.94318181818182,66.0340909090909,59.94318181818182,0.0,1,2820.5,0.8928806659378151,False
later_reference,12197,66.607952,,False,,68.72619047619048,57.845238095238095,68.72619047619048,57.845238095238095,0.0,1,2804.5,0.895244928202779,False
later_reference,12198,66.612961,,False,,67.33734939759036,57.42168674698795,67.33734939759036,57.42168674698795,0.0,1,2794.5,0.899548931651097,False
later_reference,12199,66.617969,,False,,66.81395348837209,57.81395348837209,66.81395348837209,57.81395348837209,0.0,1,2847.0,0.8959932886202858,False
later_reference,12200,66.622978,,False,,68.01149425287356,58.10344827586207,68.01149425287356,58.10344827586207,0.0,1,2823.0,0.8884401217469897,False
later_reference,12201,66.627986,,False,,65.17105263157895,58.48684210526316,65.17105263157895,58.48684210526316,0.0,1,2797.5,0.9036507045710681,False
later_reference,12202,66.632995,,False,,66.41666666666667,57.05555555555556,66.41666666666667,57.05555555555556,0.0,1,2812.0,0.9105734878777395,False
later_reference,12203,66.638003,,False,,66.87777777777778,56.477777777777774,66.87777777777778,56.477777777777774,0.0,1,2787.5,0.8824339030454549,False
later_reference,12204,66.643012,,False,,62.7093023255814,59.45348837209303,62.7093023255814,59.45348837209303,0.0,1,2740.5,0.8896107180463506,False
later_reference,12205,66.648021,,False,,61.333333333333336,55.853333333333325,61.333333333333336,55.85333333333333,7.105427357601002e-15,1,2752.5,0.9010781217090948,False
later_reference,12206,66.653029,,False,,62.31944444444444,59.291666666666664,62.31944444444444,59.291666666666664,0.0,1,2758.5,0.906213881554721,False
later_reference,12207,66.658038,,False,,64.91954022988506,56.47126436781609,64.91954022988506,56.47126436781609,0.0,1,2764.5,0.8898919339940102,False
later_reference,12208,66.663046,,False,,67.25,57.42391304347826,67.25,57.42391304347826,0.0,1,2781.5,0.8953642237233875,False
later_reference,12209,66.668055,,False,,67.31818181818181,58.81818181818182,67.31818181818181,58.81818181818182,0.0,1,2792.0,0.889078814753266,False
later_reference,12210,66.673063,,False,,66.75581395348837,58.38372093023256,66.75581395348837,58.383720930232556,7.105427357601002e-15,1,2801.5,0.8942872633962498,False
later_reference,12211,66.678072,,False,,66.87,56.97,66.87,56.97,0.0,1,2778.5,0.8795848006765536,False
later_reference,12212,66.683081,,False,,66.1086956521739,57.08695652173913,66.1086956521739,57.08695652173913,0.0,1,2803.0,0.8895059603540768,False
later_reference,12213,66.688089,,False,,64.52577319587628,56.03092783505155,64.52577319587628,56.03092783505155,0.0,1,2806.5,0.878091496488228,False
later_reference,12214,66.693098,,False,,65.04651162790698,57.95348837209303,65.04651162790698,57.95348837209303,0.0,1,2762.0,0.894382634221412,False
later_reference,12215,66.698106,,False,,63.376344086021504,58.73118279569893,63.376344086021504,58.73118279569893,0.0,1,2778.0,0.8815724451604771,False
later_reference,12216,66.703115,,False,,62.7,58.6,62.7,58.6,0.0,1,2758.0,0.8930873736714189,False
later_reference,12217,66.708123,,False,,59.2,58.07058823529412,59.2,58.07058823529412,0.0,1,2778.0,0.8951480294618314,False
later_reference,12218,66.713132,,False,,57.25,59.34090909090909,57.25,59.34090909090909,0.0,1,2764.0,0.8950302758621471,False
later_reference,12219,66.71814,,False,,56.41860465116278,56.58139534883722,56.41860465116279,56.58139534883721,1.0048591735576161e-14,1,2767.0,0.8960017312951546,False
later_reference,12220,66.723149,,False,,59.05,57.35,59.05,57.35,0.0,1,2752.0,0.8986871202772806,False
later_reference,12221,66.728158,,False,,67.35,57.15,67.35,57.15,0.0,1,2779.0,0.8998875324280816,False
later_reference,12222,66.733166,,False,,67.42857142857143,58.95238095238095,67.42857142857143,58.95238095238095,0.0,1,2798.0,0.8984674810458412,False
later_reference,12223,66.738175,,False,,66.2439024390244,56.073170731707314,66.2439024390244,56.073170731707314,0.0,1,2797.0,0.8950385955455206,False
later_reference,12224,66.743183,,False,,67.5875,53.8625,67.5875,53.8625,0.0,1,2768.5,0.8986999609804007,False
later_reference,12225,66.748192,,False,,61.0375,58.6875,61.0375,58.6875,0.0,1,2754.5,0.8941553362903785,False
later_reference,12226,66.7532,,False,,65.84782608695652,56.58695652173913,65.84782608695652,56.58695652173913,0.0,1,2789.0,0.8850631885418774,False
later_reference,12227,66.758209,,False,,63.82954545454545,58.32954545454545,63.82954545454545,58.32954545454545,0.0,1,2764.5,0.8898919296987176,False
later_reference,12228,66.763218,,False,,61.2,59.025,61.2,59.025,0.0,1,2752.5,0.8935061082115522,False
later_reference,12229,66.768226,,False,,58.43478260869565,57.19565217391305,58.43478260869565,57.19565217391305,0.0,1,2759.0,0.8934111939470338,False
later_reference,12230,66.773235,,False,,58.52564102564103,59.85897435897436,58.52564102564103,59.85897435897436,0.0,1,2761.5,0.8995626714106566,False
later_reference,12231,66.778243,,False,,60.65060240963855,59.42168674698795,60.65060240963855,59.42168674698795,0.0,1,2737.5,0.8961676185960046,False
later_reference,12232,66.783252,,False,,58.01136363636363,59.85227272727273,58.01136363636363,59.85227272727273,0.0,1,2755.5,0.8869948306478193,False
later_reference,12233,66.78826,,False,,61.0,60.375,61.0,60.375,0.0,1,2757.0,0.8822386177535578,False
later_reference,12234,66.793269,,False,,57.148148148148145,59.641975308641975,57.148148148148145,59.641975308641975,0.0,1,2746.5,0.8991139274720036,False
later_reference,12235,66.798278,,False,,57.674157303370784,61.62921348314607,57.674157303370784,61.62921348314607,0.0,1,2729.5,0.8891386309971181,False
later_reference,12236,66.803286,,False,,62.25252525252525,60.71717171717171,62.25252525252525,60.717171717171716,7.105427357601002e-15,1,2762.5,0.8715151101199816,False
later_reference,12237,66.808295,,False,,61.67045454545455,57.57954545454545,61.67045454545455,57.57954545454545,0.0,1,2742.5,0.8902599418320432,False
later_reference,12238,66.813303,,False,,61.644444444444446,62.6,61.644444444444446,62.6,0.0,1,2776.0,0.8809377584971544,False
later_reference,12239,66.818312,,False,,65.17857142857143,60.70238095238095,65.17857142857143,60.70238095238095,0.0,1,2755.5,0.894479954663048,False
later_reference,12240,66.82332,,False,,64.875,63.71590909090909,64.875,63.71590909090909,0.0,1,2759.5,0.8882824308206226,False
later_reference,12241,66.828329,,False,,63.76923076923077,57.8974358974359,63.76923076923077,57.8974358974359,0.0,1,2794.0,0.9047447846258035,False
later_reference,12242,66.833338,,False,,67.92857142857143,57.357142857142854,67.92857142857143,57.357142857142854,0.0,1,2825.0,0.8995872569962752,False
later_reference,12243,66.838346,,False,,63.73913043478261,57.91304347826087,63.73913043478261,57.91304347826087,0.0,1,2843.0,0.8843342492246774,False
later_reference,12244,66.843355,,False,,61.48780487804878,57.21951219512195,61.48780487804878,57.21951219512195,0.0,1,2774.0,0.8876786092304568,False
later_reference,12245,66.848363,,False,,57.175,59.325,57.175,59.325,0.0,1,2776.0,0.8989160758918515,False
later_reference,12246,66.853372,,False,,57.34883720930232,60.23255813953488,57.348837209302324,60.23255813953488,7.105427357601002e-15,1,2781.0,0.8899185971554968,False
later_reference,12247,66.85838,,False,,58.888888888888886,57.8,58.888888888888886,57.8,0.0,1,2794.0,0.8897156821524909,False
later_reference,12248,66.863389,,False,,56.53658536585366,57.80487804878049,56.53658536585366,57.80487804878049,0.0,1,2795.0,0.8975041405685462,False
later_reference,12249,66.868397,,False,,58.05,58.05,58.05,58.05,0.0,1,2858.0,0.8994551448856115,False
later_reference,12250,66.873406,,False,,56.94117647058823,57.15294117647059,56.94117647058823,57.15294117647059,0.0,1,2797.0,0.8906709971249874,False
later_reference,12251,66.878415,,False,,58.86419753086419,59.0,58.864197530864196,59.0,7.105427357601002e-15,1,2766.0,0.8956779164298371,False
later_reference,12252,66.883423,,False,,58.1,56.422222222222224,58.1,56.422222222222224,0.0,1,2791.5,0.8837001759108116,False
later_reference,12253,66.888432,,False,,56.88297872340426,58.287234042553195,56.88297872340426,58.287234042553195,0.0,1,2784.5,0.8888605746522475,False
later_reference,12254,66.89344,,False,,57.81521739130435,59.96739130434782,57.81521739130435,59.96739130434783,7.105427357601002e-15,1,2790.0,0.8853805281725723,False
later_reference,12255,66.898449,,False,,56.48717948717949,58.58974358974359,56.48717948717949,58.58974358974359,0.0,1,2807.0,0.9013574710857745,False
later_reference,12256,66.903457,,False,,56.172413793103445,57.48275862068966,56.172413793103445,57.48275862068966,0.0,1,2809.0,0.8840341217883448,False
later_reference,12257,66.908466,,False,,58.5632183908046,60.48275862068966,58.5632183908046,60.48275862068966,0.0,1,2822.0,0.89553542921486,False
later_reference,12258,66.913475,,False,,57.023809523809526,56.976190476190474,57.023809523809526,56.976190476190474,0.0,1,2842.0,0.8987798743176724,False
later_reference,12259,66.918483,,False,,58.94117647058823,58.8235294117647,58.94117647058823,58.8235294117647,0.0,1,2816.5,0.8885510573479778,False
later_reference,12260,66.923492,,False,,56.44318181818182,59.125,56.44318181818182,59.125,0.0,1,2823.5,0.8907594150327754,False
later_reference,12261,66.9285,,False,,54.68181818181818,59.43181818181818,54.68181818181818,59.43181818181818,0.0,1,2827.0,0.8940361296214492,False
later_reference,12262,66.933509,,False,,55.520833333333336,61.104166666666664,55.520833333333336,61.104166666666664,0.0,1,2807.0,0.8731362001273522,False
later_reference,12263,66.938517,,False,,56.644444444444446,62.62222222222222,56.644444444444446,62.62222222222222,0.0,1,2809.0,0.88834364524335,False
later_reference,12264,66.943526,,False,,52.64893617021277,65.41489361702128,52.648936170212764,65.41489361702128,7.105427357601002e-15,1,2813.5,0.8845602955801698,False
later_reference,12265,66.948535,,False,,52.578947368421055,65.0421052631579,52.578947368421055,65.0421052631579,0.0,1,2785.5,0.8757571353830447,False
later_reference,12266,66.953543,,False,,51.224489795918366,64.36734693877551,51.224489795918366,64.36734693877551,0.0,1,2813.0,0.8822602568135921,False
later_reference,12267,66.958552,,False,,51.88297872340426,65.32978723404256,51.88297872340426,65.32978723404256,0.0,1,2829.5,0.8895906743606377,False
later_reference,12268,66.96356,,False,,49.388888888888886,67.07777777777778,49.388888888888886,67.07777777777778,0.0,1,2815.5,0.8882355757055528,False
later_reference,12269,66.968569,,False,,52.21111111111111,68.81111111111112,52.21111111111111,68.81111111111112,0.0,1,2805.5,0.8850807730678527,False
later_reference,12270,66.973577,,False,,50.276595744680854,66.31914893617021,50.276595744680854,66.31914893617021,0.0,1,2838.0,0.8827789635404736,False
later_reference,12271,66.978586,,False,,55.90588235294118,67.55294117647058,55.90588235294118,67.55294117647058,0.0,1,2819.5,0.8894974990920018,False
later_reference,12272,66.983594,,False,,51.34444444444444,67.52222222222223,51.34444444444444,67.52222222222223,0.0,1,2831.5,0.8902194640130776,False
later_reference,12273,66.988603,,False,,52.875,64.925,52.875,64.925,0.0,1,2829.0,0.8977568097474484,False
later_reference,12274,66.993612,,False,,51.583333333333336,68.77380952380952,51.583333333333336,68.77380952380952,0.0,1,2816.5,0.8885510584094385,False
later_reference,12275,66.99862,,False,,48.6025641025641,65.88461538461539,48.6025641025641,65.88461538461539,0.0,1,2801.5,0.8986779744001339,False
later_reference,12276,67.003629,,False,,49.36904761904762,67.96428571428571,49.36904761904762,67.96428571428571,0.0,1,2846.5,0.898015470497152,False
later_reference,12277,67.008637,,False,,52.073170731707314,66.8048780487805,52.073170731707314,66.8048780487805,0.0,1,2819.0,0.8945834146453855,False
later_reference,12278,67.013646,,False,,51.0,68.18181818181819,51.0,68.18181818181819,0.0,1,2849.0,0.8935511840183559,False
later_reference,12279,67.018654,,False,,47.98780487804878,68.28048780487805,47.98780487804878,68.28048780487805,0.0,1,2846.5,0.8980154662060851,False
later_reference,12280,67.023663,,False,,47.95348837209303,70.32558139534883,47.95348837209303,70.32558139534883,0.0,1,2800.0,0.8885539308252303,False
later_reference,12281,67.028672,,False,,49.26470588235294,70.57843137254902,49.26470588235294,70.57843137254902,0.0,1,2798.5,0.8755884721452037,False
later_reference,12282,67.03368,,False,,51.58888888888889,68.81111111111112,51.58888888888889,68.81111111111112,0.0,1,2810.5,0.8866581728007303,False
later_reference,12283,67.038689,,False,,54.30864197530864,70.49382716049382,54.30864197530864,70.49382716049382,0.0,1,2805.0,0.8944980752043904,False
later_reference,12284,67.043697,,False,,52.48780487804878,73.82926829268293,52.48780487804878,73.82926829268293,0.0,1,2747.0,0.8970543224557819,False
later_reference,12285,67.048706,,False,,50.69892473118279,71.13978494623656,50.69892473118279,71.13978494623656,0.0,1,2816.0,0.8832011671479115,False
later_reference,12286,67.053714,,False,,49.79545454545455,72.68181818181819,49.79545454545455,72.68181818181819,0.0,1,2775.0,0.8923637913555562,False
later_reference,12287,67.058723,,False,,48.626373626373635,75.63736263736264,48.62637362637363,75.63736263736264,7.105427357601002e-15,1,2792.0,0.886015206370134,False
later_reference,12288,67.063732,,False,,52.48684210526316,76.32894736842105,52.48684210526316,76.32894736842105,0.0,1,2790.5,0.895149350593834,False
later_reference,12289,67.06874,,False,,48.752941176470586,76.01176470588236,48.752941176470586,76.01176470588236,0.0,1,2821.5,0.8901284591913399,False
later_reference,12290,67.073749,,False,,50.329268292682926,78.32926829268293,50.329268292682926,78.32926829268293,0.0,1,2797.5,0.893010401711504,False
later_reference,12291,67.078757,,False,,52.04054054054054,79.82432432432432,52.04054054054054,79.82432432432432,0.0,1,2787.5,0.8972956277862258,False
later_reference,12292,67.083766,,False,,47.75,78.75,47.75,78.75,0.0,1,2799.5,0.8862327280046118,False
later_reference,12293,67.088774,,False,,51.86075949367088,77.75949367088609,51.860759493670884,77.75949367088607,1.5888218580782548e-14,1,2773.5,0.8927890298339268,False
later_reference,12294,67.093783,,False,,51.666666666666664,79.33333333333333,51.666666666666664,79.33333333333333,0.0,1,2808.0,0.8880274046676498,False
later_reference,12295,67.098791,,False,,49.13414634146341,79.6951219512195,49.13414634146341,79.6951219512195,0.0,1,2792.5,0.8914143184161433,False
later_reference,12296,67.1038,,False,,50.535714285714285,78.25,50.535714285714285,78.25,0.0,1,2754.5,0.8941553438749539,False
later_reference,12297,67.108809,,False,,53.16304347826087,80.3586956521739,53.16304347826087,80.3586956521739,0.0,1,2756.5,0.8842426740510964,False
later_reference,12298,67.113817,,False,,56.26190476190476,80.5952380952381,56.26190476190476,80.5952380952381,0.0,1,2772.0,0.8870386006282304,False
later_reference,12299,67.118826,,False,,57.077777777777776,79.94444444444444,57.077777777777776,79.94444444444444,0.0,1,2748.5,0.8847415300859889,False
later_reference,12300,67.123834,,False,,56.91111111111111,81.64444444444445,56.91111111111111,81.64444444444445,0.0,1,2730.0,0.8915028428225676,False
later_reference,12301,67.128843,,False,,56.34782608695652,83.15217391304348,56.34782608695652,83.15217391304348,0.0,1,2766.0,0.885118611111516,False
later_reference,12302,67.133851,,False,,57.215053763440864,85.21505376344086,57.215053763440864,85.21505376344086,0.0,1,2755.0,0.8815986134529205,False
later_reference,12303,67.13886,,False,,56.73170731707317,88.5609756097561,56.73170731707317,88.5609756097561,0.0,1,2766.0,0.8956779066736665,False
later_reference,12304,67.143869,,False,,59.28409090909091,87.7840909090909,59.28409090909091,87.7840909090909,0.0,1,2781.5,0.8953642258842406,False
later_reference,12305,67.148877,,False,,58.37234042553192,86.11702127659575,58.37234042553192,86.11702127659575,0.0,1,2768.5,0.8837530978361456,False
later_reference,12306,67.153886,,False,,57.4375,90.2625,57.4375,90.2625,0.0,1,2765.5,0.8977261134560146,False
later_reference,12307,67.158894,,False,,57.22,84.22,57.22,84.22,0.0,1,2760.0,0.875860311637055,False
later_reference,12308,67.163903,,False,,58.010989010989015,85.35164835164835,58.010989010989015,85.35164835164835,0.0,1,2762.0,0.8838386152467634,False
later_reference,12309,67.168911,,False,,60.0625,87.4125,60.0625,87.4125,0.0,1,2745.5,0.8943506577367129,False
later_reference,12310,67.17392,,False,,62.7,89.9375,62.7,89.9375,0.0,1,2745.0,0.8888777587129075,False
later_reference,12311,67.178929,,False,,63.627906976744185,89.37209302325581,63.627906976744185,89.37209302325581,0.0,1,2750.0,0.8904968460391018,False
later_reference,12312,67.183937,,False,,61.25581395348837,88.30232558139534,61.25581395348837,88.30232558139535,1.4210854715202004e-14,1,2724.0,0.8895435034832533,False
later_reference,12313,67.188946,,False,,65.15625,85.09375,65.15625,85.09375,0.0,1,2755.0,0.9073139358523014,False
later_reference,12314,67.193954,,False,,66.8953488372093,88.1046511627907,66.8953488372093,88.1046511627907,0.0,1,2762.5,0.8892481269283408,False
later_reference,12315,67.198963,,False,,66.86585365853658,89.40243902439023,66.86585365853658,89.40243902439025,1.4210854715202004e-14,1,2772.5,0.9031459441067997,False
later_reference,12316,67.203971,,False,,67.95121951219512,87.8780487804878,67.95121951219512,87.8780487804878,0.0,1,2763.0,0.9022792530059706,False
later_reference,12317,67.20898,,False,,68.29761904761905,87.46428571428571,68.29761904761905,87.46428571428571,0.0,1,2725.5,0.8878356218932528,False
later_reference,12318,67.213989,,False,,66.6144578313253,85.83132530120481,66.6144578313253,85.83132530120481,0.0,1,2752.0,0.8911444725592229,False
later_reference,12319,67.218997,,False,,61.888888888888886,86.97777777777777,61.888888888888886,86.97777777777777,0.0,1,2762.0,0.8869075012974371,False
later_reference,12320,67.224006,,False,,61.775,84.825,61.775,84.825,0.0,1,2732.0,0.89215595412107,False
later_reference,12321,67.229014,,False,,65.91025641025641,87.88461538461539,65.91025641025641,87.88461538461539,0.0,1,2749.5,0.892532255266072,False
later_reference,12322,67.234023,,False,,66.7625,87.8125,66.7625,87.8125,0.0,1,2730.5,0.8970154093172205,False
later_reference,12323,67.239031,,False,,64.11702127659575,89.8404255319149,64.11702127659575,89.84042553191489,1.4210854715202004e-14,1,2778.5,0.8765628015398422,False
later_reference,12324,67.24404,,False,,61.81318681318681,89.25274725274724,61.81318681318681,89.25274725274726,1.4210854715202004e-14,1,2751.5,0.8783264026635953,False
later_reference,12325,67.249048,,False,,63.145833333333336,88.29166666666667,63.145833333333336,88.29166666666667,0.0,1,2726.0,0.8796580071052438,False
later_reference,12326,67.254057,,False,,62.98913043478261,91.8586956521739,62.98913043478261,91.8586956521739,0.0,1,2708.5,0.8792229993900897,False
later_reference,12327,67.259066,,False,,61.64772727272727,91.0568181818182,61.64772727272727,91.05681818181819,1.4210854715202004e-14,1,2737.5,0.8886368586540895,False
later_reference,12328,67.264074,,False,,60.75308641975309,89.61728395061728,60.75308641975309,89.61728395061728,0.0,1,2716.0,0.8900421310903007,False
later_reference,12329,67.269083,,False,,64.3452380952381,89.41666666666667,64.3452380952381,89.41666666666667,0.0,1,2732.5,0.8901158843196187,False
later_reference,12330,67.274091,,False,,66.65277777777777,89.29166666666667,66.65277777777777,89.29166666666667,0.0,1,2709.5,0.9053915419202091,False
later_reference,12331,67.2791,,False,,67.73493975903614,89.90361445783132,67.73493975903614,89.90361445783132,0.0,1,2729.0,0.8943022814603305,False
later_reference,12332,67.284108,,False,,65.92682926829268,90.97560975609755,65.92682926829268,90.97560975609755,0.0,1,2713.0,0.8934819212142275,False
later_reference,12333,67.289117,,False,,64.11764705882354,92.97647058823529,64.11764705882354,92.97647058823529,0.0,1,2736.5,0.8883122478321663,False
later_reference,12334,67.294126,,False,,65.37209302325581,90.4186046511628,65.37209302325581,90.4186046511628,0.0,1,2735.0,0.8931356395105352,False
later_reference,12335,67.299134,,False,,69.0,86.13888888888889,69.0,86.13888888888889,0.0,1,2748.0,0.905008593255852,False
later_reference,12336,67.304143,,False,,65.46753246753246,88.57142857142857,65.46753246753246,88.57142857142857,0.0,1,2755.0,0.8921159290543026,False
later_reference,12337,67.309151,,False,,63.51351351351352,87.24324324324324,63.513513513513516,87.24324324324324,7.105427357601002e-15,1,2752.0,0.8986871148160095,False
later_reference,12338,67.31416,,False,,61.75,89.51190476190474,61.75,89.51190476190476,1.4210854715202004e-14,1,2778.5,0.8943985222403388,False
later_reference,12339,67.319168,6.0,True,0.0,61.89156626506024,88.73493975903614,61.89156626506024,88.73493975903614,0.0,1,2751.5,0.8931814963344403,False
later_reference,12340,67.324177,,True,0.0,60.635416666666664,92.09375,60.635416666666664,92.09375,0.0,1,2745.5,0.8764111051787007,False
later_reference,12341,67.329186,,True,0.0,60.357142857142854,88.95238095238095,60.357142857142854,88.95238095238095,0.0,1,2758.0,0.8930873693478841,False
later_reference,12342,67.334194,,True,0.0,61.12048192771084,88.98795180722891,61.12048192771084,88.98795180722891,0.0,1,2771.0,0.8941791375105459,False
later_reference,12343,67.339203,,True,0.0,59.84507042253521,87.97183098591549,59.84507042253521,87.97183098591549,0.0,1,2770.0,0.9045651511403235,False
later_reference,12344,67.344211,,True,0.0,59.743589743589745,86.51282051282051,59.743589743589745,86.51282051282051,0.0,1,2766.0,0.8956779142617991,False
later_reference,12345,67.34922,,True,0.0,59.166666666666664,87.0952380952381,59.166666666666664,87.0952380952381,0.0,1,2770.0,0.889476371159161,False
later_reference,12346,67.354228,,True,0.0,62.1875,87.6125,62.1875,87.6125,0.0,1,2750.5,0.8928568714709334,False
later_reference,12347,67.359237,7.0,True,0.0,59.01315789473684,86.5657894736842,59.01315789473684,86.5657894736842,0.0,1,2818.5,0.8997139596430375,False
later_reference,12348,67.364245,,True,0.0,63.91111111111111,83.4888888888889,63.91111111111111,83.4888888888889,0.0,1,2811.0,0.8889761487050757,False
later_reference,12349,67.369254,,True,0.0,66.58333333333333,86.27083333333333,66.58333333333333,86.27083333333333,0.0,1,2831.0,0.8806015633860733,False
later_reference,12350,67.374263,,True,0.0,68.32142857142857,86.89285714285714,68.32142857142857,86.89285714285714,0.0,1,2841.5,0.8964380740232768,False
later_reference,12351,67.379271,,True,0.0,69.97368421052632,87.42105263157895,69.97368421052632,87.42105263157895,0.0,1,2842.0,0.9018822354653789,False
later_reference,12352,67.38428,,True,0.0,73.87951807228916,88.43373493975903,73.87951807228916,88.43373493975903,0.0,1,2831.0,0.8953011334095858,False
later_reference,12353,67.389288,,True,0.0,73.27380952380952,85.44047619047619,73.27380952380952,85.44047619047619,0.0,1,2838.5,0.8924202559166465,False
later_reference,12354,67.394297,,True,0.0,70.0989010989011,85.73626373626374,70.0989010989011,85.73626373626374,0.0,1,2823.5,0.8877042809918642,False
later_reference,12355,67.399305,8.0,True,0.0,72.26744186046513,85.12790697674419,72.26744186046511,85.12790697674419,1.4210854715202004e-14,1,2828.5,0.8892762673346898,False
later_reference,12356,67.404314,,True,0.0,77.35,81.51,77.35,81.51,0.0,1,2798.5,0.8755884658952932,False
later_reference,12357,67.409323,,True,0.0,71.95348837209302,83.11627906976744,71.95348837209302,83.11627906976744,0.0,1,2797.0,0.8919469231199937,False
later_reference,12358,67.414331,,True,0.0,74.0752688172043,81.25806451612904,74.0752688172043,81.25806451612904,0.0,1,2811.5,0.8839314932271827,False
later_reference,12359,67.41934,,True,0.0,72.78021978021978,81.83516483516483,72.78021978021978,81.83516483516483,0.0,1,2811.0,0.8889761497683367,False
later_reference,12360,67.424348,,True,0.0,77.23762376237623,84.22772277227723,77.23762376237623,84.22772277227723,0.0,1,2821.0,0.877490998306441,False
later_reference,12361,67.429357,,True,0.0,70.44,85.22,70.44,85.22,0.0,1,2822.0,0.8748124801228626,False
later_reference,12362,67.434365,,True,0.0,67.58536585365853,84.41463414634147,67.58536585365853,84.41463414634147,0.0,1,2855.0,0.895433007893373,False
later_reference,12363,67.439374,9.0,True,0.0,70.10714285714286,85.36904761904762,70.10714285714286,85.36904761904762,0.0,1,2851.5,0.896507440144608,False
later_reference,12364,67.444383,,True,0.0,67.15116279069767,83.5,67.15116279069767,83.5,0.0,1,2830.5,0.8929677876202305,False
later_reference,12365,67.449391,,True,0.0,69.0,84.88764044943821,69.0,84.88764044943821,0.0,1,2849.5,0.8915452443161308,False
later_reference,12366,67.4544,,True,0.0,69.75581395348837,83.24418604651163,69.75581395348837,83.24418604651163,0.0,1,2819.5,0.8894974969668195,False
later_reference,12367,67.459408,,True,0.0,67.28260869565217,83.52173913043478,67.28260869565217,83.52173913043478,0.0,1,2816.0,0.8862371143763056,False
later_reference,12368,67.464417,,True,0.0,70.9888888888889,80.16666666666667,70.9888888888889,80.16666666666667,0.0,1,2795.5,0.8892932689185455,False
later_reference,12369,67.469425,,True,0.0,72.32142857142857,79.32142857142857,72.32142857142857,79.32142857142857,0.0,1,2838.5,0.895491630137488,False
later_reference,12370,67.474434,,True,0.0,72.1025641025641,75.8974358974359,72.1025641025641,75.8974358974359,0.0,1,2827.0,0.8971221348181742,False
later_reference,12371,67.479443,10.0,True,0.0,79.13793103448276,77.52873563218391,79.13793103448276,77.52873563218391,0.0,1,2846.0,0.892610273680674,False
later_reference,12372,67.484451,,False,,79.40217391304348,75.1413043478261,79.40217391304348,75.1413043478261,0.0,1,2874.5,0.8889434463287474,False
later_reference,12373,67.48946,,False,,76.8953488372093,72.96511627906976,76.8953488372093,72.96511627906976,0.0,1,2912.5,0.8933372980123893,False
later_reference,12374,67.494468,,False,,77.21,73.03,77.21,73.03,0.0,1,2895.5,0.880897482571344,False
later_reference,12375,67.499477,,False,,77.55555555555556,74.77777777777777,77.55555555555556,74.77777777777777,0.0,1,2894.0,0.8928231858573381,False
later_reference,12376,67.504485,,False,,78.75,73.625,78.75,73.625,0.0,1,2874.0,0.9013921034990363,False
later_reference,12377,67.509494,,False,,76.76595744680851,70.25531914893617,76.76595744680851,70.25531914893617,0.0,1,2883.0,0.8864128322926648,False
later_reference,12378,67.514502,,False,,75.8108108108108,67.02702702702703,75.8108108108108,67.02702702702703,0.0,1,2850.0,0.9044209674714506,False
later_reference,12379,67.519511,,False,,71.74074074074075,66.38271604938272,71.74074074074075,66.38271604938272,0.0,1,2830.0,0.8875920767553428,False
later_reference,12380,67.52452,,False,,70.4,64.68,70.4,64.68,0.0,1,2797.0,0.8772420714985402,False
later_reference,12381,67.529528,,False,,69.45348837209302,60.825581395348834,69.45348837209302,60.825581395348834,0.0,1,2788.5,0.890137443856273,False
later_reference,12382,67.534537,,False,,68.30232558139535,60.30232558139535,68.30232558139535,60.30232558139535,0.0,1,2826.0,0.8937198923066434,False
later_reference,12383,67.539545,,False,,64.67058823529412,63.07058823529412,64.67058823529412,63.07058823529412,0.0,1,2727.0,0.8874158188384457,False
later_reference,12384,67.544554,,False,,57.12222222222222,62.54444444444445,57.12222222222222,62.544444444444444,7.105427357601002e-15,1,2720.5,0.8831183874653681,False
later_reference,12385,67.549562,,False,,58.66265060240964,60.75903614457831,58.66265060240964,60.75903614457831,0.0,1,2735.0,0.8856395894433824,False
later_reference,12386,67.554571,,False,,56.95,57.3,56.95,57.3,0.0,1,2750.0,0.8904968417281082,False
later_reference,12387,67.55958,,False,,54.64772727272727,60.10227272727273,54.64772727272727,60.10227272727273,0.0,1,2770.5,0.8843915356263483,False
later_reference,12388,67.564588,,False,,55.40243902439025,64.59756097560975,55.40243902439025,64.59756097560975,0.0,1,2751.5,0.8931814898404561,False
later_reference,12389,67.569597,,False,,56.92857142857143,64.0,56.92857142857143,64.0,0.0,1,2751.0,0.8908206522926219,False
later_reference,12390,67.574605,,False,,57.56976744186046,66.47674418604652,57.56976744186046,66.47674418604652,0.0,1,2745.5,0.8912337872067154,False
later_reference,12391,67.579614,,False,,57.67045454545455,60.85227272727273,57.67045454545455,60.85227272727273,0.0,1,2802.5,0.8915200766180195,False
later_reference,12392,67.584622,,False,,59.16279069767442,62.25581395348837,59.16279069767442,62.25581395348837,0.0,1,2794.0,0.8940785959762211,False
later_reference,12393,67.589631,,False,,57.3936170212766,64.5,57.3936170212766,64.5,0.0,1,2771.5,0.8847107486760509,False
later_reference,12394,67.59464,,False,,58.22727272727273,66.86363636363636,58.22727272727273,66.86363636363636,0.0,1,2813.0,0.8926793640679017,False
later_reference,12395,67.599648,,False,,55.48717948717949,68.8974358974359,55.48717948717949,68.8974358974359,0.0,1,2767.0,0.903585483182473,False
later_reference,12396,67.604657,,False,,57.833333333333336,70.34615384615384,57.833333333333336,70.34615384615384,0.0,1,2738.5,0.8996435324942426,False
later_reference,12397,67.609665,,False,,59.48148148148148,77.1604938271605,59.48148148148148,77.1604938271605,0.0,1,2805.0,0.8975985872088056,False
later_reference,12398,67.614674,,False,,57.7093023255814,77.19767441860466,57.7093023255814,77.19767441860465,1.4210854715202004e-14,1,2821.5,0.8901284634447195,False
later_reference,12399,67.619682,,False,,59.406976744186046,78.94186046511628,59.406976744186046,78.94186046511628,0.0,1,2805.5,0.895564133668759,False
later_reference,12400,67.624691,,False,,57.752808988764045,78.34831460674157,57.752808988764045,78.34831460674157,0.0,1,2797.0,0.8876019119468332,False
later_reference,12401,67.629699,,False,,56.39772727272727,79.9659090909091,56.39772727272727,79.9659090909091,0.0,1,2750.5,0.8897506314586827,False
later_reference,12402,67.634708,,False,,57.73033707865169,83.02247191011236,57.73033707865169,83.02247191011236,0.0,1,2775.0,0.887998606592356,False
later_reference,12403,67.639717,,False,,60.14772727272727,88.17045454545455,60.14772727272727,88.17045454545455,0.0,1,2770.5,0.8887336548541683,False
later_reference,12404,67.644725,,False,,62.63095238095238,85.8452380952381,62.63095238095238,85.8452380952381,0.0,1,2746.5,0.8915584055711244,False
later_reference,12405,67.649734,,False,,57.15555555555556,83.35555555555555,57.15555555555556,83.35555555555555,0.0,1,2792.0,0.8829674162876455,False
later_reference,12406,67.654742,,False,,61.46,86.3,61.46,86.3,0.0,1,2768.5,0.8734079936170748,False
later_reference,12407,67.659751,,False,,68.17441860465117,87.82558139534883,68.17441860465117,87.82558139534883,0.0,1,2820.5,0.8972461602268078,False
later_reference,12408,67.664759,,False,,64.69318181818181,84.14772727272727,64.69318181818181,84.14772727272727,0.0,1,2806.5,0.8853962536499478,False
later_reference,12409,67.669768,,False,,65.89285714285714,87.08333333333333,65.89285714285714,87.08333333333333,0.0,1,2823.5,0.8907594139686769,False
later_reference,12410,67.674777,,False,,65.65306122448979,85.83673469387755,65.65306122448979,85.83673469387755,0.0,1,2829.0,0.8799794520414467,False
later_reference,12411,67.679785,,False,,67.54545454545455,82.38636363636364,67.54545454545455,82.38636363636364,0.0,1,2847.0,0.8855784708442779,False
later_reference,12412,67.684794,,False,,69.29213483146067,81.14606741573034,69.29213483146067,81.14606741573034,0.0,1,2824.5,0.886757351254104,False
later_reference,12413,67.689802,,False,,69.53191489361703,83.76595744680851,69.53191489361703,83.76595744680851,0.0,1,2829.0,0.8799794499537976,False
later_reference,12414,67.694811,,False,,72.27956989247312,78.16129032258064,72.27956989247312,78.16129032258064,0.0,1,2863.5,0.8783077606381036,False
later_reference,12415,67.699819,,False,,75.6547619047619,77.51190476190474,75.6547619047619,77.51190476190476,1.4210854715202004e-14,1,2842.5,0.8967535471065573,False
later_reference,12416,67.704828,,False,,78.73913043478261,70.26086956521739,78.73913043478261,70.26086956521739,0.0,1,2852.0,0.887133752320345,False
later_reference,12417,67.709837,,False,,75.41414141414141,69.11111111111111,75.41414141414141,69.11111111111111,0.0,1,2866.5,0.8792279343244206,False
later_reference,12418,67.714845,,False,,74.6590909090909,68.0,74.6590909090909,68.0,0.0,1,2828.0,0.8869648074287247,False
later_reference,12419,67.719854,,False,,73.93478260869564,68.15217391304348,73.93478260869566,68.15217391304348,1.4210854715202004e-14,1,2912.0,0.8880364189084602,False
later_reference,12420,67.724862,,False,,77.175,68.275,77.175,68.275,0.0,1,2814.0,0.9004785880927155,False
later_reference,12421,67.729871,,False,,75.5,67.34210526315789,75.5,67.34210526315789,0.0,1,2832.0,0.89870883396856,False
later_reference,12422,67.734879,,False,,77.14444444444445,67.9,77.14444444444445,67.9,0.0,1,2823.5,0.8907594203532689,False
later_reference,12423,67.739888,,False,,78.98901098901099,64.46153846153847,78.98901098901099,64.46153846153847,0.0,1,2872.0,0.8860360061848003,False
later_reference,12424,67.744896,,False,,69.27906976744185,60.69767441860465,69.27906976744185,60.69767441860465,0.0,1,2776.0,0.8883186082277391,False
later_reference,12425,67.749905,,False,,66.55681818181819,60.69318181818182,66.55681818181819,60.69318181818182,0.0,1,2799.5,0.8936488352411972,False
later_reference,12426,67.754914,,False,,66.1,60.5,66.1,60.5,0.0,1,2771.5,0.8847107508022782,False
later_reference,12427,67.759922,,False,,59.02150537634409,65.34408602150538,59.02150537634409,65.34408602150538,0.0,1,2748.5,0.8847415332888137,False
later_reference,12428,67.764931,,False,,58.35632183908046,64.63218390804597,58.35632183908046,64.63218390804597,0.0,1,2768.0,0.8857586165013143,False
later_reference,12429,67.769939,,False,,58.15909090909091,63.01136363636363,58.15909090909091,63.01136363636363,0.0,1,2759.5,0.8808801474196409,False
later_reference,12430,67.774948,,False,,54.76136363636363,66.82954545454545,54.76136363636363,66.82954545454545,0.0,1,2787.0,0.8844285060992685,False
later_reference,12431,67.779956,,False,,56.18681318681319,68.12087912087912,56.18681318681319,68.12087912087912,0.0,1,2755.0,0.8846597259701646,False
later_reference,12432,67.784965,,False,,52.05747126436781,68.9080459770115,52.05747126436781,68.9080459770115,0.0,1,2760.0,0.8906295324567184,False
later_reference,12433,67.789974,,False,,52.91463414634146,69.40243902439025,52.91463414634146,69.40243902439025,0.0,1,2725.5,0.89223921368244,False
later_reference,12434,67.794982,,False,,49.85365853658536,69.85365853658537,49.853658536585364,69.85365853658537,7.105427357601002e-15,1,2753.0,0.8958766979062692,False
later_reference,12435,67.799991,,False,,53.76136363636363,68.55681818181819,53.76136363636363,68.55681818181819,0.0,1,2774.5,0.8900167931394659,False
later_reference,12436,67.804999,,False,,53.91358024691358,77.92592592592592,53.91358024691358,77.92592592592592,0.0,1,2793.5,0.8886570337270066,False
later_reference,12437,67.810008,,False,,56.90909090909091,79.9090909090909,56.90909090909091,79.9090909090909,0.0,1,2790.0,0.8853805302941454,False
later_reference,12438,67.815016,,False,,58.01111111111111,79.76666666666667,58.01111111111111,79.76666666666667,0.0,1,2803.5,0.8918381915434164,False
later_reference,12439,67.820025,,False,,57.101010101010104,80.45454545454545,57.101010101010104,80.45454545454545,0.0,1,2786.0,0.8767956751683286,False
later_reference,12440,67.825034,,False,,57.48888888888889,81.22222222222223,57.48888888888889,81.22222222222223,0.0,1,2788.0,0.8847458531505268,False
later_reference,12441,67.830042,,False,,57.02439024390244,81.29268292682929,57.02439024390244,81.29268292682927,1.4210854715202004e-14,1,2781.0,0.8974060636764631,False
later_reference,12442,67.835051,,False,,58.30434782608695,82.06521739130436,58.30434782608695,82.06521739130434,1.4210854715202004e-14,1,2789.0,0.885063187481471,False
later_reference,12443,67.840059,,False,,57.98913043478261,82.52173913043478,57.98913043478261,82.52173913043478,0.0,1,2769.0,0.8787163747122476,False
later_reference,12444,67.845068,,False,,57.1063829787234,81.63829787234043,57.1063829787234,81.63829787234043,0.0,1,2772.0,0.8870386016954465,False
later_reference,12445,67.850076,,False,,56.888888888888886,85.35555555555555,56.888888888888886,85.35555555555555,0.0,1,2769.0,0.8935337581134467,False
later_reference,12446,67.855085,,False,,57.82105263157895,85.69473684210526,57.82105263157895,85.69473684210526,0.0,1,2739.5,0.8818444406288044,False
later_reference,12447,67.860094,,False,,59.111111111111114,84.33333333333333,59.111111111111114,84.33333333333333,0.0,1,2783.0,0.8905586047182268,False
later_reference,12448,67.865102,,False,,57.108695652173914,82.84782608695652,57.108695652173914,82.84782608695652,0.0,1,2761.0,0.8909522178577568,False
later_reference,12449,67.870111,,False,,58.50561797752809,86.59550561797752,58.50561797752809,86.59550561797752,0.0,1,2797.5,0.8899294966418946,False
later_reference,12450,67.875119,,False,,63.89873417721519,84.82278481012658,63.89873417721519,84.82278481012658,0.0,1,2802.5,0.8946064774703235,False
later_reference,12451,67.880128,,False,,69.95744680851064,83.12765957446808,69.95744680851064,83.12765957446808,0.0,1,2854.0,0.8877558710163889,False
later_reference,12452,67.885136,,False,,70.8586956521739,76.98913043478261,70.8586956521739,76.98913043478261,0.0,1,2803.5,0.8844498140167849,False
later_reference,12453,67.890145,,False,,69.95652173913044,68.47826086956522,69.95652173913044,68.47826086956522,0.0,1,2808.0,0.8910926680858078,False
later_reference,12454,67.895153,,False,,62.18571428571428,68.12857142857143,62.18571428571428,68.12857142857143,0.0,1,2730.5,0.9046629838274642,False
later_reference,12455,67.900162,,False,,60.05128205128205,70.82051282051282,60.05128205128205,70.82051282051282,0.0,1,2730.0,0.899080599246197,False
later_reference,12456,67.905171,,False,,58.9080459770115,77.02298850574712,58.9080459770115,77.02298850574712,0.0,1,2732.5,0.8901158897221204,False
later_reference,12457,67.910179,,False,,66.775,83.3,66.775,83.3,0.0,1,2738.0,0.9017152544619075,False
later_reference,12458,67.915188,,False,,78.7764705882353,86.3529411764706,78.7764705882353,86.3529411764706,0.0,1,2791.5,0.8880207964095493,False
later_reference,12459,67.920196,,False,,78.17582417582418,74.89010989010988,78.17582417582418,74.89010989010988,0.0,1,2800.5,0.8835033712128079,False
later_reference,12460,67.925205,,False,,77.57831325301204,68.6987951807229,77.57831325301204,68.6987951807229,0.0,1,2776.0,0.8957925924696378,False
later_reference,12461,67.930213,,False,,75.06024096385542,66.0,75.06024096385542,66.0,0.0,1,2737.5,0.8917446394910217,False
later_reference,12462,67.935222,,False,,76.40229885057471,65.98850574712644,76.40229885057471,65.98850574712644,0.0,1,2751.0,0.8908206566051832,False
later_reference,12463,67.940231,,False,,75.43023255813954,65.45348837209302,75.43023255813954,65.45348837209302,0.0,1,2729.5,0.8935486812631214,False
later_reference,12464,67.945239,,False,,67.44680851063829,64.85106382978724,67.44680851063829,64.85106382978724,0.0,1,2747.0,0.8790386153640093,False
later_reference,12465,67.950248,,False,,67.9888888888889,62.58888888888889,67.9888888888889,62.58888888888889,0.0,1,2732.5,0.887013783008001,False
later_reference,12466,67.955256,,False,,67.34831460674157,65.65168539325843,67.34831460674157,65.65168539325843,0.0,1,2706.0,0.8836654627113375,False
later_reference,12467,67.960265,,False,,68.80459770114942,66.40229885057471,68.80459770114942,66.40229885057471,0.0,1,2745.0,0.8888777511823854,False
later_reference,12468,67.965273,,False,,67.68478260869566,62.59782608695652,67.68478260869566,62.59782608695652,0.0,1,2736.5,0.8839464343412283,False
later_reference,12469,67.970282,,False,,59.72527472527472,65.46153846153847,59.72527472527472,65.46153846153847,0.0,1,2728.0,0.8833728691325361,False
later_reference,12470,67.975291,,False,,58.7375,68.7375,58.7375,68.7375,0.0,1,2754.5,0.8972824187779931,False
later_reference,12471,67.980299,,False,,51.77173913043478,70.44565217391305,51.77173913043478,70.44565217391305,0.0,1,2730.5,0.883280889817352,False
later_reference,12472,67.985308,,False,,52.53846153846154,77.92307692307692,52.53846153846154,77.92307692307692,0.0,1,2778.0,0.8889586072250213,False
later_reference,12473,67.990316,,False,,62.19565217391305,81.23913043478261,62.19565217391305,81.23913043478261,0.0,1,2768.0,0.885758603713202,False
later_reference,12474,67.995325,,False,,68.58695652173913,78.47826086956522,68.58695652173913,78.47826086956522,0.0,1,2829.0,0.8799794520414467,False
later_reference,12475,68.000333,,False,,75.79310344827586,73.0919540229885,75.79310344827586,73.0919540229885,0.0,1,2785.5,0.8861121057621539,False
later_reference,12476,68.005342,,False,,75.61702127659575,72.40425531914893,75.61702127659575,72.40425531914893,0.0,1,2799.0,0.8851811566336906,False
later_reference,12477,68.01035,,False,,75.04347826086956,68.71739130434783,75.04347826086956,68.71739130434783,0.0,1,2833.0,0.8812236768183488,False
later_reference,12478,68.015359,,False,,66.44186046511628,69.30232558139535,66.44186046511628,69.30232558139535,0.0,1,2798.0,0.8953585907344879,False
later_reference,12479,68.020368,,False,,58.90243902439025,66.92682926829268,58.90243902439025,66.92682926829268,0.0,1,2762.0,0.894382645045925,False
later_reference,12480,68.025376,,False,,56.01190476190476,76.86904761904762,56.01190476190476,76.86904761904762,0.0,1,2755.5,0.8976081626188898,False
later_reference,12481,68.030385,,False,,56.89411764705882,81.11764705882354,56.89411764705882,81.11764705882354,0.0,1,2778.5,0.8943985287159061,False
later_reference,12482,68.035393,,False,,56.725,76.7,56.725,76.7,0.0,1,2785.0,0.9018304433528829,False
later_reference,12483,68.040402,,False,,59.17977528089887,78.86516853932584,59.17977528089887,78.86516853932584,0.0,1,2765.0,0.8847986116136448,False
later_reference,12484,68.04541,,False,,66.86170212765957,80.88297872340425,66.86170212765957,80.88297872340425,0.0,1,2803.5,0.8844498140167849,False
later_reference,12485,68.050419,,False,,66.49425287356321,81.03448275862068,66.49425287356321,81.03448275862068,0.0,1,2775.0,0.8879986097974689,False
later_reference,12486,68.055428,,False,,62.21348314606742,86.8314606741573,62.21348314606742,86.8314606741573,0.0,1,2765.5,0.882795441689878,False
later_reference,12487,68.060436,,False,,62.15853658536586,87.57317073170732,62.15853658536585,87.57317073170732,7.105427357601002e-15,1,2763.5,0.8970768788729769,False
later_reference,12488,68.065445,,False,,62.888888888888886,86.19444444444444,62.888888888888886,86.19444444444444,0.0,1,2772.0,0.8976208110300811,False
later_reference,12489,68.070453,,False,,68.45,88.025,68.45,88.025,0.0,1,2768.0,0.8963255483285103,False
later_reference,12490,68.075462,,False,,66.4125,87.7875,66.4125,87.7875,0.0,1,2811.5,0.9050212235211286,False
later_reference,12491,68.08047,,False,,66.89285714285714,86.94047619047619,66.89285714285714,86.94047619047619,0.0,1,2815.5,0.898756313143428,False
later_reference,12492,68.085479,,False,,73.54368932038835,84.48543689320388,73.54368932038835,84.48543689320388,0.0,1,2791.5,0.870415083681035,False
later_reference,12493,68.090488,,False,,79.80232558139534,80.26744186046513,79.80232558139535,80.26744186046511,2.0097183471152322e-14,1,2841.5,0.8964380665271003,False
later_reference,12494,68.095496,,False,,75.44871794871794,77.14102564102564,75.44871794871794,77.14102564102564,0.0,1,2857.5,0.9014857579522371,False
later_reference,12495,68.100505,,False,,76.76829268292683,78.03658536585365,76.76829268292683,78.03658536585365,0.0,1,2847.5,0.8983309521501296,False
later_reference,12496,68.105513,,False,,73.69411764705882,77.15294117647059,73.69411764705882,77.15294117647059,0.0,1,2836.5,0.8874778331295683,False
later_reference,12497,68.110522,,False,,74.92553191489361,74.18085106382979,74.92553191489361,74.18085106382979,0.0,1,2828.5,0.8819520159398953,False
later_reference,12498,68.11553,,False,,76.30208333333333,69.07291666666667,76.30208333333333,69.07291666666667,0.0,1,2858.5,0.8870127280134195,False
later_reference,12499,68.120539,,False,,75.97435897435898,66.62820512820512,75.97435897435898,66.62820512820512,0.0,1,2828.5,0.8997910881763964,False
later_reference,12500,68.125548,,False,,77.71794871794872,67.71794871794872,77.71794871794872,67.71794871794872,0.0,1,2844.0,0.902516931979949,False
later_reference,12501,68.130556,,False,,76.25925925925925,61.123456790123456,76.25925925925925,61.123456790123456,0.0,1,2775.0,0.8954699081867393,False
later_reference,12502,68.135565,,False,,68.3953488372093,58.81395348837209,68.3953488372093,58.81395348837209,0.0,1,2759.0,0.8934112004346872,False
later_reference,12503,68.140573,,False,,66.8170731707317,59.74390243902439,66.8170731707317,59.74390243902439,0.0,1,2786.5,0.8969737247623355,False
later_reference,12504,68.145582,,False,,66.56842105263158,59.71578947368421,66.56842105263158,59.71578947368421,0.0,1,2788.0,0.884745847850396,False
later_reference,12505,68.15059,,False,,65.63953488372093,57.5,65.63953488372093,57.5,0.0,1,2769.5,0.8946061317377177,False
later_reference,12506,68.155599,,False,,69.45555555555555,59.58888888888889,69.45555555555555,59.58888888888889,0.0,1,2792.5,0.8914143227008191,False
later_reference,12507,68.160607,,False,,69.64444444444445,62.022222222222226,69.64444444444445,62.022222222222226,0.0,1,2753.0,0.8883706883663123,False
later_reference,12508,68.165616,,False,,60.11904761904762,66.45238095238095,60.11904761904762,66.45238095238095,0.0,1,2779.0,0.8967606734550793,False
later_reference,12509,68.170625,,False,,64.17204301075269,64.53763440860214,64.17204301075269,64.53763440860214,0.0,1,2759.5,0.8808801421270882,False
later_reference,12510,68.175633,,False,,62.25,64.38636363636364,62.25,64.38636363636364,0.0,1,2740.0,0.8916462562036158,False
later_reference,12511,68.180642,,False,,55.67948717948718,60.91025641025641,55.67948717948718,60.91025641025641,0.0,1,2747.5,0.9026001912020781,False
later_reference,12512,68.18565,,False,,56.1,59.41111111111111,56.1,59.41111111111111,0.0,1,2763.5,0.8895700352902723,False
later_reference,12513,68.190659,,False,,57.42168674698795,58.9277108433735,57.42168674698795,58.9277108433735,0.0,1,2765.5,0.8933140398613432,False
later_reference,12514,68.195667,,False,,56.27906976744186,59.06976744186046,56.27906976744186,59.06976744186046,0.0,1,2754.0,0.8917921077028989,False
later_reference,12515,68.200676,,False,,56.61904761904762,60.30952380952381,56.61904761904762,60.30952380952381,0.0,1,2778.0,0.8995637153959016,False
later_reference,12516,68.205685,,False,,59.093023255813954,59.674418604651166,59.093023255813954,59.674418604651166,0.0,1,2786.0,0.8915185935606963,False
later_reference,12517,68.210693,,False,,59.02127659574468,59.744680851063826,59.02127659574468,59.744680851063826,0.0,1,2788.0,0.8847458489104221,False
later_reference,12518,68.215702,,False,,56.91025641025641,65.57692307692308,56.91025641025641,65.57692307692308,0.0,1,2770.5,0.8993491955681588,False
later_reference,12519,68.22071,,False,,56.06976744186046,63.55813953488372,56.06976744186046,63.55813953488372,0.0,1,2747.0,0.8895253938577592,False
later_reference,12520,68.225719,,False,,56.73863636363637,64.375,56.73863636363637,64.375,0.0,1,2761.5,0.8889262346624921,False
later_reference,12521,68.230727,,False,,58.28947368421053,63.184210526315795,58.28947368421053,63.18421052631579,7.105427357601002e-15,1,2762.0,0.9019526886099543,False
later_reference,12522,68.235736,,False,,57.214285714285715,62.23809523809524,57.214285714285715,62.23809523809524,0.0,1,2766.0,0.892565683614233,False
later_reference,12523,68.240745,,False,,57.27160493827161,64.12345679012346,57.27160493827161,64.12345679012346,0.0,1,2767.5,0.8908576376254824,False
later_reference,12524,68.245753,,False,,58.16279069767442,68.16279069767442,58.16279069767442,68.16279069767442,0.0,1,2774.0,0.8907608200137066,False
later_reference,12525,68.250762,,False,,55.924731182795696,62.956989247311824,55.924731182795696,62.956989247311824,0.0,1,2763.5,0.8821570198114731,False
later_reference,12526,68.25577,,False,,58.760416666666664,64.67708333333333,58.760416666666664,64.67708333333333,0.0,1,2760.5,0.8811993604869887,False
later_reference,12527,68.260779,,False,,57.81395348837209,67.81395348837209,57.81395348837209,67.81395348837209,0.0,1,2771.0,0.8897974924863898,False
later_reference,12528,68.265787,,False,,58.93827160493827,66.80246913580247,58.93827160493827,66.80246913580247,0.0,1,2762.5,0.896752268102584,False
later_reference,12529,68.270796,,False,,58.13095238095238,66.22619047619048,58.13095238095238,66.22619047619048,0.0,1,2768.5,0.9018429360466603,False
later_reference,12530,68.275804,,False,,58.671052631578945,68.67105263157895,58.671052631578945,68.67105263157895,0.0,1,2767.5,0.9015171802024233,False
later_reference,12531,68.280813,,False,,55.7625,63.2125,55.7625,63.2125,0.0,1,2740.5,0.8971497113619475,False
later_reference,12532,68.285822,,False,,58.108695652173914,65.97826086956522,58.108695652173914,65.97826086956522,0.0,1,2761.0,0.8835186136221602,False
later_reference,12533,68.29083,,False,,59.611111111111114,64.7,59.611111111111114,64.7,0.0,1,2779.5,0.8872644966766743,False
later_reference,12534,68.295839,,False,,56.72222222222222,66.78888888888889,56.72222222222222,66.78888888888889,0.0,1,2784.5,0.8888605703798466,False
later_reference,12535,68.300847,,False,,57.775,68.575,57.775,68.575,0.0,1,2785.0,0.8942930323643797,False
later_reference,12536,68.305856,,False,,58.13636363636363,67.20454545454545,58.13636363636363,67.20454545454545,0.0,1,2764.0,0.8950302736956769,False
later_reference,12537,68.310864,,False,,57.380434782608695,68.72826086956522,57.380434782608695,68.72826086956522,0.0,1,2768.5,0.8911795352534552,False
later_reference,12538,68.315873,,False,,57.24731182795699,64.02150537634408,57.24731182795699,64.02150537634408,0.0,1,2770.0,0.8863986091030004,False
later_reference,12539,68.320882,,False,,57.906976744186046,68.67441860465117,57.906976744186046,68.67441860465117,0.0,1,2765.0,0.8953540972284434,False
later_reference,12540,68.32589,,False,,56.60227272727273,66.39772727272727,56.60227272727273,66.39772727272727,0.0,1,2757.5,0.8876386344826971,False
later_reference,12541,68.330899,,False,,50.40243902439025,67.3780487804878,50.40243902439025,67.3780487804878,0.0,1,2766.5,0.8905357238769555,False
later_reference,12542,68.335907,,False,,47.833333333333336,66.65555555555555,47.833333333333336,66.65555555555555,0.0,1,2734.5,0.8876630186470146,False
later_reference,12543,68.340916,,False,,50.37777777777778,70.31111111111112,50.37777777777778,70.31111111111112,0.0,1,2758.0,0.8825586204376771,False
later_reference,12544,68.345924,,False,,50.01190476190476,75.82142857142857,50.01190476190476,75.82142857142857,0.0,1,2782.5,0.8956861256598596,False
later_reference,12545,68.350933,,False,,48.48809523809524,78.05952380952381,48.48809523809524,78.05952380952381,0.0,1,2771.5,0.8877788953867775,False
later_reference,12546,68.355942,,False,,50.0375,76.8375,50.0375,76.8375,0.0,1,2811.5,0.8974794428578767,False
later_reference,12547,68.36095,,False,,50.75,78.1,50.75,78.1,0.0,1,2788.0,0.8952563706504497,False
later_reference,12548,68.365959,,False,,54.036144578313255,77.8433734939759,54.036144578313255,77.8433734939759,0.0,1,2779.5,0.8872644870810333,False
later_reference,12549,68.370967,,False,,54.90243902439025,76.02439024390245,54.90243902439025,76.02439024390245,0.0,1,2790.0,0.8927985936896927,False
later_reference,12550,68.375976,,False,,56.81111111111111,78.05555555555556,56.81111111111111,78.05555555555556,0.0,1,2775.5,0.8829309447469449,False
later_reference,12551,68.380984,,False,,56.144444444444446,79.52222222222223,56.144444444444446,79.52222222222223,0.0,1,2778.5,0.8912999314247634,False
later_reference,12552,68.385993,,False,,56.913978494623656,85.45161290322581,56.913978494623656,85.45161290322581,0.0,1,2773.0,0.8799857406411424,False
later_reference,12553,68.391002,,False,,57.81927710843374,87.60240963855422,57.81927710843374,87.60240963855422,0.0,1,2815.0,0.893314042239229,False
later_reference,12554,68.39601,,False,,57.52439024390244,85.7439024390244,57.52439024390244,85.7439024390244,0.0,1,2781.5,0.8953642345276528,False
later_reference,12555,68.401019,,False,,57.869565217391305,86.15217391304348,57.869565217391305,86.15217391304348,0.0,1,2779.0,0.8923663730418495,False
later_reference,12556,68.406027,,False,,57.39772727272727,84.85227272727273,57.39772727272727,84.85227272727273,0.0,1,2782.5,0.8956861299831195,False
later_reference,12557,68.411036,,False,,57.63414634146341,87.2439024390244,57.63414634146341,87.2439024390244,0.0,1,2771.0,0.8972970026865129,False
later_reference,12558,68.416044,,False,,58.36046511627907,86.45348837209302,58.36046511627907,86.45348837209302,0.0,1,2756.5,0.8948045762901835,False
later_reference,12559,68.421053,,False,,55.82142857142857,87.41666666666667,55.82142857142857,87.41666666666667,0.0,1,2790.5,0.8982613303683462,False
later_reference,12560,68.426061,,False,,57.9078947368421,87.22368421052632,57.9078947368421,87.22368421052632,0.0,1,2795.5,0.907464595191498,False
later_reference,12561,68.43107,,False,,59.55421686746988,86.24096385542168,59.55421686746988,86.24096385542168,0.0,1,2796.5,0.8896113870496106,False
later_reference,12562,68.436079,,False,,62.75714285714286,83.92857142857143,62.75714285714286,83.92857142857143,0.0,1,2764.5,0.9005399367380793,False
later_reference,12563,68.441087,,False,,57.476190476190474,87.5,57.476190476190474,87.5,0.0,1,2818.0,0.8942660707377054,False
later_reference,12564,68.446096,,False,,68.01190476190476,87.86904761904762,68.01190476190476,87.86904761904762,0.0,1,2824.5,0.9016292699428337,False
later_reference,12565,68.451104,,False,,66.02439024390245,83.14634146341463,66.02439024390245,83.14634146341463,0.0,1,2818.0,0.8942660707377054,False
later_reference,12566,68.456113,,False,,68.97777777777777,84.5111111111111,68.97777777777777,84.5111111111111,0.0,1,2812.0,0.8923620223076493,False
later_reference,12567,68.461121,,False,,72.65625,83.34375,72.65625,83.34375,0.0,1,2825.5,0.8810165907573604,False
later_reference,12568,68.46613,,False,,74.56470588235294,78.95294117647059,74.56470588235294,78.95294117647059,0.0,1,2847.5,0.8909194792099533,False
later_reference,12569,68.471139,,False,,79.25555555555556,74.37777777777778,79.25555555555556,74.37777777777778,0.0,1,2805.0,0.8797511667802306,False
later_reference,12570,68.476147,,False,,78.27777777777777,70.81111111111112,78.27777777777777,70.81111111111112,0.0,1,2837.5,0.8951761442092723,False
later_reference,12571,68.481156,,False,,76.98809523809526,69.89285714285714,76.98809523809524,69.89285714285714,1.4210854715202004e-14,1,2830.5,0.8929677812198098,False
later_reference,12572,68.486164,,False,,78.01190476190474,67.3452380952381,78.01190476190476,67.3452380952381,1.4210854715202004e-14,1,2808.5,0.8965217963402385,False
later_reference,12573,68.491173,,False,,73.3804347826087,59.880434782608695,73.3804347826087,59.880434782608695,0.0,1,2754.5,0.8836011017129785,False
later_reference,12574,68.496181,,False,,66.39024390243902,59.5609756097561,66.39024390243902,59.5609756097561,0.0,1,2763.0,0.8978316035204731,False
later_reference,12575,68.50119,,False,,58.170731707317074,57.90243902439025,58.170731707317074,57.90243902439025,0.0,1,2720.0,0.8957872473176172,False
later_reference,12576,68.506199,,False,,56.7375,61.6125,56.7375,61.6125,0.0,1,2751.5,0.893181486593464,False
later_reference,12577,68.511207,,False,,57.644444444444446,69.15555555555555,57.644444444444446,69.15555555555555,0.0,1,2784.0,0.890878599929524,False
later_reference,12578,68.516216,,False,,52.77906976744186,65.19767441860465,52.77906976744186,65.19767441860465,0.0,1,2762.5,0.8818377961494299,False
later_reference,12579,68.521224,,False,,49.3125,71.0375,49.3125,71.0375,0.0,1,2777.5,0.8940766159930368,False
later_reference,12580,68.526233,,False,,53.565789473684205,76.11842105263156,53.56578947368421,76.11842105263158,1.5888218580782548e-14,1,2776.5,0.9012968906129971,False
later_reference,12581,68.531241,,False,,52.595238095238095,80.88095238095238,52.595238095238095,80.88095238095238,0.0,1,2789.0,0.8924785984887905,False
later_reference,12582,68.53625,,False,,55.34883720930232,82.65116279069767,55.348837209302324,82.65116279069767,7.105427357601002e-15,1,2753.0,0.8883706808531734,False
later_reference,12583,68.541258,,False,,59.022222222222226,84.28888888888889,59.022222222222226,84.28888888888889,0.0,1,2768.0,0.8932110673334044,False
later_reference,12584,68.546267,,False,,63.426829268292686,81.57317073170732,63.426829268292686,81.57317073170732,0.0,1,2787.5,0.8941869871810064,False
later_reference,12585,68.551276,,False,,68.33673469387755,84.05102040816327,68.33673469387755,84.05102040816327,0.0,1,2788.5,0.8797176021213275,False
later_reference,12586,68.556284,,False,,67.9090909090909,78.3409090909091,67.9090909090909,78.3409090909091,0.0,1,2818.0,0.8942660675234081,False
later_reference,12587,68.561293,,False,,71.04761904761905,78.16666666666667,71.04761904761905,78.16666666666667,0.0,1,2828.0,0.89743947658489,False
later_reference,12588,68.566301,,False,,74.54166666666667,76.02083333333333,74.54166666666667,76.02083333333333,0.0,1,2846.0,0.8822524203482136,False
later_reference,12589,68.57131,,False,,76.63953488372093,67.12790697674419,76.63953488372093,67.12790697674419,0.0,1,2823.5,0.8907594246096636,False
later_reference,12590,68.576318,,False,,76.55294117647058,67.87058823529412,76.55294117647058,67.87058823529412,0.0,1,2826.5,0.8917058663570795,False
later_reference,12591,68.581327,,False,,76.65882352941176,67.15294117647059,76.65882352941176,67.15294117647059,0.0,1,2770.5,0.8843915292499681,False
later_reference,12592,68.586336,,False,,73.97727272727273,63.95454545454545,73.97727272727273,63.95454545454545,0.0,1,2782.0,0.8902385987931899,False
later_reference,12593,68.591344,,False,,66.65882352941176,59.01176470588235,66.65882352941176,59.01176470588236,7.105427357601002e-15,1,2763.5,0.8895700352902723,False
later_reference,12594,68.596353,,False,,57.98850574712644,63.793103448275865,57.98850574712644,63.793103448275865,0.0,1,2768.0,0.8932110587001757,False
later_reference,12595,68.601361,,False,,56.26315789473684,69.05263157894737,56.26315789473684,69.05263157894737,0.0,1,2767.0,0.9035854875753035,False
later_reference,12596,68.60637,,False,,56.326530612244895,75.53061224489795,56.326530612244895,75.53061224489795,0.0,1,2780.0,0.874907381670787,False
later_reference,12597,68.611378,,False,,54.241379310344826,77.32183908045978,54.241379310344826,77.32183908045977,1.4210854715202004e-14,1,2770.0,0.8863986069701084,False
later_reference,12598,68.616387,,False,,52.74285714285714,78.42857142857143,52.74285714285714,78.42857142857143,0.0,1,2789.0,0.903125696191684,False
later_reference,12599,68.621396,,False,,55.680851063829785,83.51063829787235,55.680851063829785,83.51063829787235,0.0,1,2769.0,0.8891552680571818,False
later_reference,12600,68.626404,,False,,59.15909090909091,86.77272727272727,59.15909090909091,86.77272727272727,0.0,1,2789.0,0.8924785974150296,False
later_reference,12601,68.631413,,False,,63.76315789473684,86.57894736842105,63.76315789473684,86.57894736842105,0.0,1,2814.0,0.9004785880927155,False
later_reference,12602,68.636421,,False,,67.20430107526882,86.16129032258064,67.20430107526882,86.16129032258064,0.0,1,2802.0,0.8818311144124038,False
later_reference,12603,68.64143,,False,,68.28888888888889,81.5111111111111,68.28888888888889,81.5111111111111,0.0,1,2789.0,0.8893957720976708,False
later_reference,12604,68.646438,,False,,72.95121951219512,77.92682926829268,72.95121951219512,77.92682926829268,0.0,1,2818.0,0.9017585784912584,False
later_reference,12605,68.651447,,False,,75.64285714285714,77.23809523809526,75.64285714285714,77.23809523809524,1.4210854715202004e-14,1,2843.0,0.8947344215919502,False
later_reference,12606,68.656455,,False,,72.41,75.39,72.41,75.39,0.0,1,2809.5,0.8790301225153999,False
later_reference,12607,68.661464,,False,,71.02702702702703,64.86486486486487,71.02702702702703,64.86486486486487,0.0,1,2766.0,0.903258927559814,False
later_reference,12608,68.666473,,False,,67.34444444444445,65.03333333333333,67.34444444444445,65.03333333333333,0.0,1,2744.5,0.8909091774804972,False
later_reference,12609,68.671481,,False,,65.38297872340425,61.17021276595744,65.38297872340425,61.170212765957444,7.105427357601002e-15,1,2730.0,0.8840204957114436,False
later_reference,12610,68.67649,,False,,67.0909090909091,61.52272727272727,67.0909090909091,61.52272727272727,0.0,1,2710.0,0.8849716929184008,False
later_reference,12611,68.681498,,False,,62.21951219512195,58.81707317073171,62.21951219512195,58.81707317073171,0.0,1,2732.0,0.8921559573740189,False
later_reference,12612,68.686507,,False,,57.88372093023256,64.23255813953489,57.883720930232556,64.23255813953489,7.105427357601002e-15,1,2710.0,0.8924939249214662,False
later_reference,12613,68.691515,,False,,57.25555555555555,67.83333333333333,57.25555555555555,67.83333333333333,0.0,1,2787.5,0.8898182286937686,False
later_reference,12614,68.696524,,False,,54.43023255813954,72.70930232558139,54.43023255813954,72.70930232558139,0.0,1,2765.5,0.8902138284001249,False
later_reference,12615,68.701533,,False,,59.57608695652174,76.03260869565217,59.57608695652174,76.03260869565217,0.0,1,2758.5,0.8879605235445556,False
later_reference,12616,68.706541,,False,,58.45555555555555,80.5888888888889,58.455555555555556,80.58888888888889,1.5888218580782548e-14,1,2789.5,0.8873845750670083,False
later_reference,12617,68.71155,,False,,65.04081632653062,82.89795918367348,65.04081632653062,82.89795918367346,1.4210854715202004e-14,1,2738.0,0.8761586283335027,False
later_reference,12618,68.716558,,False,,66.54347826086956,78.80434782608695,66.54347826086956,78.80434782608695,0.0,1,2776.0,0.8883186060902272,False
later_reference,12619,68.721567,,False,,72.40625,77.15625,72.40625,77.15625,0.0,1,2776.5,0.8832490607421699,False
later_reference,12620,68.726575,,False,,78.41463414634147,74.7560975609756,78.41463414634147,74.7560975609756,0.0,1,2787.0,0.8993422083192897,False
later_reference,12621,68.731584,,False,,74.69047619047619,67.14285714285714,74.69047619047619,67.14285714285714,0.0,1,2776.0,0.8883186050214711,False
later_reference,12622,68.736593,,False,,67.01136363636364,66.85227272727273,67.01136363636364,66.85227272727273,0.0,1,2750.5,0.8928568790444947,False
later_reference,12623,68.741601,,False,,57.74324324324324,64.87837837837837,57.74324324324324,64.87837837837837,0.0,1,2716.5,0.9000245349052476,False
later_reference,12624,68.74661,,False,,57.26086956521739,68.3913043478261,57.26086956521739,68.3913043478261,0.0,1,2745.0,0.8888777554855409,False
later_reference,12625,68.751618,,False,,59.18390804597701,67.40229885057471,59.18390804597701,67.40229885057471,0.0,1,2756.5,0.8873167314937657,False
later_reference,12626,68.756627,,False,,52.166666666666664,66.93589743589743,52.166666666666664,66.93589743589743,0.0,1,2754.5,0.8941553341233569,False
later_reference,12627,68.761635,,False,,51.14942528735632,66.67816091954023,51.14942528735632,66.67816091954023,0.0,1,2778.5,0.8869452772410017,False
later_reference,12628,68.766644,,False,,48.21590909090909,70.4659090909091,48.21590909090909,70.4659090909091,0.0,1,2773.5,0.8896960074964162,False
later_reference,12629,68.771653,,False,,50.8875,77.2375,50.8875,77.2375,0.0,1,2752.5,0.8935061082115522,False
later_reference,12630,68.776661,,False,,50.5609756097561,79.97560975609755,50.5609756097561,79.97560975609755,0.0,1,2772.0,0.8945018272067559,False
later_reference,12631,68.78167,,False,,54.13157894736842,76.65789473684211,54.13157894736842,76.65789473684211,0.0,1,2800.0,0.89599858972715,False
later_reference,12632,68.786678,,False,,56.75,80.33695652173913,56.75,80.33695652173913,0.0,1,2775.5,0.8829309468652311,False
later_reference,12633,68.791687,,False,,56.2093023255814,82.83720930232556,56.2093023255814,82.83720930232558,1.4210854715202004e-14,1,2765.0,0.8922429885206952,False
later_reference,12634,68.796695,,False,,59.96907216494845,83.52577319587628,59.96907216494845,83.52577319587628,0.0,1,2781.0,0.8794886817265957,False
later_reference,12635,68.801704,,False,,60.63953488372093,81.0813953488372,60.63953488372093,81.0813953488372,0.0,1,2749.5,0.892532260673792,False
later_reference,12636,68.806712,,False,,68.85227272727273,81.4659090909091,68.85227272727273,81.4659090909091,0.0,1,2792.5,0.8883389187970304,False
later_reference,12637,68.811721,,False,,68.12765957446808,84.59574468085107,68.12765957446808,84.59574468085107,0.0,1,2789.0,0.8747329751809314,False
later_reference,12638,68.81673,,False,,68.52222222222223,81.96666666666667,68.52222222222223,81.96666666666667,0.0,1,2777.5,0.8866260492835424,False
later_reference,12639,68.821738,,False,,72.69047619047619,79.5,72.69047619047619,79.5,0.0,1,2826.0,0.8968047887543219,False
later_reference,12640,68.826747,,False,,76.18681318681318,79.3956043956044,76.18681318681318,79.3956043956044,0.0,1,2862.5,0.8882539551968571,False
later_reference,12641,68.831755,,False,,77.30337078651685,78.49438202247191,77.30337078651685,78.49438202247191,0.0,1,2866.5,0.8894951876465524,False
later_reference,12642,68.836764,,False,,76.7,76.975,76.7,76.975,0.0,1,2846.0,0.9031516090384006,False
later_reference,12643,68.841772,,False,,79.35227272727273,75.875,79.35227272727273,75.875,0.0,1,2831.5,0.8932832607325302,False
later_reference,12644,68.846781,,False,,77.80681818181819,74.0340909090909,77.80681818181819,74.0340909090909,0.0,1,2806.5,0.892792544882811,False
later_reference,12645,68.85179,,False,,77.26804123711341,74.34020618556701,77.26804123711341,74.34020618556701,0.0,1,2808.0,0.8806920760700396,False
later_reference,12646,68.856798,,False,,76.05319148936171,67.88297872340425,76.05319148936171,67.88297872340425,0.0,1,2823.5,0.890759426737861,False
later_reference,12647,68.861807,,False,,77.325,68.475,77.325,68.475,0.0,1,2799.0,0.8987885884041067,False
later_reference,12648,68.866815,,False,,78.4659090909091,65.7159090909091,78.4659090909091,65.7159090909091,0.0,1,2806.5,0.8927925427408653,False
later_reference,12649,68.871824,,False,,69.08602150537635,60.774193548387096,69.08602150537635,60.774193548387096,0.0,1,2766.0,0.8807994327954657,False
later_reference,12650,68.876832,,False,,66.49462365591398,60.96774193548387,66.49462365591398,60.96774193548387,0.0,1,2732.0,0.8772741756346049,False
later_reference,12651,68.881841,,False,,60.4,59.88421052631579,60.4,59.88421052631579,0.0,1,2710.0,0.8775441593318093,False
later_reference,12652,68.88685,,False,,56.96703296703296,64.79120879120879,56.967032967032964,64.79120879120879,7.105427357601002e-15,1,2751.5,0.8783263994972698,False
later_reference,12653,68.891858,,False,,59.535714285714285,69.25,59.535714285714285,69.25,0.0,1,2767.5,0.8908576333255286,False
later_reference,12654,68.896867,,False,,58.3,73.4,58.3,73.4,0.0,1,2718.0,0.8951285835016305,False
later_reference,12655,68.901875,,False,,56.072916666666664,79.84375,56.072916666666664,79.84375,0.0,1,2752.5,0.8786456189083928,False
later_reference,12656,68.906884,,False,,57.79347826086956,84.40217391304348,57.79347826086956,84.40217391304348,0.0,1,2791.5,0.8880208038662909,False
later_reference,12657,68.911892,,False,,64.98936170212765,83.22340425531915,64.98936170212765,83.22340425531915,0.0,1,2798.5,0.8828724068838331,False
later_reference,12658,68.916901,,False,,69.76744186046511,72.97674418604652,69.76744186046511,72.97674418604652,0.0,1,2799.0,0.895678589153208,False
later_reference,12659,68.921909,,False,,67.38888888888889,65.61111111111111,67.38888888888889,65.61111111111111,0.0,1,2774.0,0.905871382405508,False
later_reference,12660,68.926918,,False,,61.2289156626506,69.7710843373494,61.2289156626506,69.7710843373494,0.0,1,2727.5,0.8853906998320141,False
later_reference,12661,68.931927,,False,,58.739583333333336,74.23958333333333,58.739583333333336,74.23958333333333,0.0,1,2752.5,0.878645622075869,False
later_reference,12662,68.936935,,False,,66.67777777777778,77.21111111111111,66.67777777777778,77.21111111111111,0.0,1,2769.0,0.8787163799762584,False
later_reference,12663,68.941944,,False,,70.02941176470588,78.88235294117646,70.02941176470588,78.88235294117646,0.0,1,2756.0,0.9076432638652455,False
later_reference,12664,68.946952,,False,,74.95918367346938,73.63265306122447,74.95918367346938,73.63265306122449,1.4210854715202004e-14,1,2733.0,0.8745586287339701,False
later_reference,12665,68.951961,,False,,67.45714285714286,66.45714285714286,67.45714285714286,66.45714285714286,0.0,1,2737.0,0.9013859308155177,False
later_reference,12666,68.956969,,False,,65.62820512820512,65.8076923076923,65.62820512820512,65.8076923076923,0.0,1,2723.5,0.8947157931630388,False
later_reference,12667,68.961978,,False,,58.68292682926829,68.90243902439025,58.68292682926829,68.90243902439025,0.0,1,2727.0,0.9012562378151141,False
later_reference,12668,68.966987,,False,,57.91208791208791,66.8021978021978,57.91208791208791,66.8021978021978,0.0,1,2786.5,0.8894990071165253,False
later_reference,12669,68.971995,,False,,58.872093023255815,74.98837209302326,58.872093023255815,74.98837209302326,0.0,1,2757.5,0.895129188159035,False
later_reference,12670,68.977004,,False,,60.583333333333336,75.98809523809526,60.583333333333336,75.98809523809524,1.4210854715202004e-14,1,2782.5,0.8956861256598596,False
later_reference,12671,68.982012,,False,,56.926829268292686,76.78048780487805,56.926829268292686,76.78048780487805,0.0,1,2733.0,0.8924825151915058,False
later_reference,12672,68.987021,,False,,58.9,78.725,58.9,78.725,0.0,1,2773.0,0.8979446248011902,False
later_reference,12673,68.992029,,False,,66.6219512195122,81.2560975609756,66.6219512195122,81.2560975609756,0.0,1,2773.0,0.8873586065290126,False
later_reference,12674,68.997038,,False,,62.87951807228916,78.2289156626506,62.87951807228916,78.2289156626506,0.0,1,2753.5,0.8863510310973581,False
later_reference,12675,69.002047,,False,,63.96153846153846,80.21794871794872,63.96153846153846,80.21794871794872,0.0,1,2779.5,0.8947204230940536,False
later_reference,12676,69.007055,,False,,66.6046511627907,78.93023255813954,66.6046511627907,78.93023255813954,0.0,1,2766.0,0.8956779077576854,False
later_reference,12677,69.012064,,False,,66.0609756097561,77.23170731707317,66.0609756097561,77.23170731707317,0.0,1,2798.5,0.8933296211602186,False
later_reference,12678,69.017072,,False,,69.18518518518519,79.20987654320987,69.18518518518519,79.20987654320987,0.0,1,2777.0,0.8917241475317353,False
later_reference,12679,69.022081,,False,,69.07142857142857,78.78571428571429,69.07142857142857,78.78571428571429,0.0,1,2765.5,0.9008656838331305,False
later_reference,12680,69.027089,,False,,70.32098765432099,77.1358024691358,70.32098765432099,77.1358024691358,0.0,1,2792.0,0.8829674162876455,False
later_reference,12681,69.032098,,False,,68.83529411764705,76.27058823529411,68.83529411764705,76.27058823529411,0.0,1,2788.0,0.8847458467903698,False
later_reference,12682,69.037107,,False,,69.56565656565657,76.16161616161617,69.56565656565657,76.16161616161617,0.0,1,2748.5,0.8743418160223896,False
later_reference,12683,69.042115,,False,,69.67032967032966,71.3956043956044,69.67032967032966,71.3956043956044,0.0,1,2726.0,0.8827252318592295,False
later_reference,12684,69.047124,,False,,72.0945945945946,68.58108108108108,72.0945945945946,68.58108108108108,0.0,1,2732.5,0.9053256192303775,False
later_reference,12685,69.052132,,False,,75.14102564102564,68.47435897435898,75.14102564102564,68.47435897435898,0.0,1,2779.5,0.8947204274126522,False
later_reference,12686,69.057141,,False,,77.2,66.825,77.2,66.825,0.0,1,2782.0,0.9008589737120162,False
later_reference,12687,69.062149,,False,,74.77777777777777,65.31111111111112,74.77777777777777,65.31111111111112,0.0,1,2802.0,0.8891886164657876,False
later_reference,12688,69.067158,,False,,75.44871794871794,68.24358974358974,75.44871794871794,68.24358974358974,0.0,1,2791.5,0.8985832258090521,False
later_reference,12689,69.072166,,False,,68.52272727272727,65.54545454545455,68.52272727272727,65.54545454545455,0.0,1,2746.0,0.8892015757470471,False
later_reference,12690,69.077175,,False,,71.375,64.94318181818181,71.375,64.94318181818181,0.0,1,2773.5,0.8853491779578927,False
later_reference,12691,69.082184,,False,,69.25806451612904,62.1505376344086,69.25806451612904,62.1505376344086,0.0,1,2748.5,0.8743418160223896,False
later_reference,12692,69.087192,,False,,70.02083333333333,60.770833333333336,70.02083333333333,60.770833333333336,0.0,1,2737.0,0.8788797276054489,False
later_reference,12693,69.092201,,False,,68.12048192771084,58.69879518072289,68.12048192771084,58.69879518072289,0.0,1,2753.0,0.8914682874335547,False
later_reference,12694,69.097209,,False,,67.88636363636364,63.86363636363637,67.88636363636364,63.86363636363637,0.0,1,2740.0,0.8872586670992341,False
later_reference,12695,69.102218,,False,,65.9,64.43333333333334,65.9,64.43333333333334,0.0,1,2692.5,0.8845317561415337,False
later_reference,12696,69.107226,,False,,58.93023255813954,65.63953488372093,58.93023255813954,65.63953488372093,0.0,1,2701.5,0.8874884050055768,False
later_reference,12697,69.112235,,False,,58.29545454545455,71.56818181818181,58.29545454545455,71.56818181818181,0.0,1,2713.0,0.8934819168520945,False
later_reference,12698,69.117244,,False,,57.87951807228916,68.93975903614458,57.87951807228916,68.93975903614458,0.0,1,2739.5,0.89239614459052,False
later_reference,12699,69.122252,,False,,53.29333333333334,67.69333333333333,53.29333333333334,67.69333333333333,0.0,1,2728.0,0.901586727075565,False
later_reference,12700,69.127261,,False,,50.69230769230769,69.28205128205128,50.69230769230769,69.28205128205128,0.0,1,2743.0,0.9033619199967923,False
later_reference,12701,69.132269,,False,,50.95744680851064,75.1063829787234,50.95744680851064,75.1063829787234,0.0,1,2757.0,0.8822386188149988,False
later_reference,12702,69.137278,,False,,48.41772151898734,78.34177215189874,48.41772151898734,78.34177215189874,0.0,1,2765.5,0.893314047420139,False
later_reference,12703,69.142286,,False,,53.56666666666667,80.36666666666666,53.56666666666667,80.36666666666666,0.0,1,2737.5,0.8812006378836756,False
later_reference,12704,69.147295,,False,,57.223404255319146,80.77659574468085,57.223404255319146,80.77659574468085,0.0,1,2762.5,0.8818378003880752,False
later_reference,12705,69.152304,,False,,56.26315789473684,84.9578947368421,56.26315789473684,84.9578947368421,0.0,1,2759.5,0.8808801505951727,False
later_reference,12706,69.157312,,False,,59.525,87.1,59.525,87.1,0.0,1,2780.0,0.9002113570868012,False
later_reference,12707,69.162321,,False,,64.48837209302326,85.13953488372093,64.48837209302326,85.13953488372093,0.0,1,2799.0,0.8882365933282755,False
later_reference,12708,69.167329,,False,,68.86904761904762,85.94047619047619,68.86904761904762,85.94047619047619,0.0,1,2821.5,0.8931972191944413,False
later_reference,12709,69.172338,,False,,70.66666666666667,86.57777777777778,70.66666666666667,86.57777777777778,0.0,1,2775.0,0.887998604455614,False
later_reference,12710,69.177346,,False,,73.35576923076923,85.75961538461539,73.35576923076923,85.75961538461539,0.0,1,2801.5,0.8735331715007915,False
later_reference,12711,69.182355,,False,,76.13829787234043,84.45744680851064,76.13829787234043,84.45744680851064,0.0,1,2780.5,0.8845215236620185,False
later_reference,12712,69.187363,,False,,76.7,80.5888888888889,76.7,80.58888888888889,1.4210854715202004e-14,1,2793.5,0.8886570379910548,False
later_reference,12713,69.192372,,False,,78.10112359550561,79.47191011235955,78.10112359550561,79.47191011235955,0.0,1,2874.5,0.896295235223639,False
later_reference,12714,69.197381,,False,,76.5340909090909,75.44318181818181,76.5340909090909,75.44318181818181,0.0,1,2851.5,0.8921709924536392,False
later_reference,12715,69.202389,,False,,76.93670886075948,66.48101265822785,76.9367088607595,66.48101265822785,1.4210854715202004e-14,1,2800.5,0.8865492877360777,False
later_reference,12716,69.207398,,False,,67.7375,66.7375,67.7375,66.7375,0.0,1,2778.5,0.8943985222403388,False
later_reference,12717,69.212406,,False,,63.78048780487805,64.58536585365853,63.78048780487805,64.58536585365853,0.0,1,2760.0,0.893735003408325,False
later_reference,12718,69.217415,,False,,59.964285714285715,76.41666666666667,59.964285714285715,76.41666666666667,0.0,1,2741.5,0.8899353331759616,False
later_reference,12719,69.222423,,False,,67.49425287356321,76.41379310344827,67.49425287356321,76.41379310344827,0.0,1,2766.0,0.8881919373095924,False
later_reference,12720,69.227432,,False,,66.18085106382979,76.73404255319149,66.18085106382979,76.73404255319149,0.0,1,2787.5,0.886748343071979,False
later_reference,12721,69.232441,,False,,76.0888888888889,74.36666666666666,76.08888888888889,74.36666666666666,1.4210854715202004e-14,1,2738.5,0.8815225408512432,False
later_reference,12722,69.237449,,False,,73.76470588235294,69.01470588235294,73.76470588235294,69.01470588235294,0.0,1,2752.0,0.9031500586732902,False
later_reference,12723,69.242458,,False,,70.3076923076923,67.35897435897436,70.3076923076923,67.35897435897436,0.0,1,2776.0,0.8989160758918515,False
later_reference,12724,69.247466,,False,,67.94680851063829,66.79787234042553,67.94680851063829,66.79787234042553,0.0,1,2755.5,0.8869948359994557,False
later_reference,12725,69.252475,,False,,63.47560975609756,65.91463414634147,63.47560975609756,65.91463414634147,0.0,1,2680.5,0.8957010666366794,False
later_reference,12726,69.257483,,False,,60.03409090909091,68.17045454545455,60.03409090909091,68.17045454545455,0.0,1,2727.5,0.8960298531405526,False
later_reference,12727,69.262492,,False,,56.989010989010985,77.28571428571429,56.989010989010985,77.28571428571429,0.0,1,2749.0,0.8901730182306136,False
later_reference,12728,69.267501,,False,,54.829268292682926,77.04878048780488,54.829268292682926,77.04878048780488,0.0,1,2741.0,0.8950949853466187,False
later_reference,12729,69.272509,,False,,60.180851063829785,80.45744680851064,60.180851063829785,80.45744680851064,0.0,1,2742.5,0.875453452217938,False
later_reference,12730,69.277518,,False,,63.65,78.225,63.65,78.225,0.0,1,2772.0,0.8976208088573403,False
later_reference,12731,69.282526,,False,,65.53658536585365,77.92682926829268,65.53658536585365,77.92682926829268,0.0,1,2805.0,0.8975985926084104,False
later_reference,12732,69.287535,11.0,True,0.0,72.11538461538461,80.32051282051282,72.11538461538461,80.32051282051282,0.0,1,2764.5,0.8974014972515467,False
later_reference,12733,69.292543,,True,0.0,75.875,72.70833333333333,75.875,72.70833333333333,0.0,1,2776.0,0.8809377648299362,False
later_reference,12734,69.297552,,True,0.0,72.21428571428571,65.38095238095238,72.21428571428571,65.38095238095238,0.0,1,2688.0,0.8928052782480409,False
later_reference,12735,69.302561,,True,0.0,68.82894736842105,68.64473684210526,68.82894736842105,68.64473684210526,0.0,1,2738.5,0.8996435324942426,False
later_reference,12736,69.307569,,True,0.0,69.58333333333333,68.44047619047619,69.58333333333333,68.44047619047619,0.0,1,2718.5,0.8930731977468199,False
later_reference,12737,69.312578,,True,0.0,68.07777777777778,64.65555555555555,68.07777777777778,64.65555555555555,0.0,1,2688.5,0.8907476447281479,False
later_reference,12738,69.317586,,True,0.0,62.27906976744186,66.62790697674419,62.27906976744186,66.62790697674419,0.0,1,2724.0,0.8895434948341242,False
later_reference,12739,69.322595,,True,0.0,59.701149425287355,73.93103448275862,59.701149425287355,73.93103448275862,0.0,1,2690.0,0.8859072495636829,False
later_reference,12740,69.327603,12.0,True,0.0,68.3170731707317,78.1951219512195,68.3170731707317,78.1951219512195,0.0,1,2754.0,0.8993402370100649,False
later_reference,12741,69.332612,,True,0.0,72.77777777777777,76.79012345679013,72.77777777777777,76.79012345679013,0.0,1,2748.5,0.8922076347366085,False
later_reference,12742,69.33762,,True,0.0,72.26315789473684,67.71052631578948,72.26315789473684,67.71052631578948,0.0,1,2702.0,0.9006302135261136,False
later_reference,12743,69.342629,,True,0.0,71.5505617977528,67.07865168539325,71.5505617977528,67.07865168539325,0.0,1,2727.5,0.8853907041235743,False
later_reference,12744,69.347638,,True,0.0,69.60714285714286,65.67857142857143,69.60714285714286,65.67857142857143,0.0,1,2687.5,0.8904163226648268,False
later_reference,12745,69.352646,,True,0.0,67.29545454545455,64.48863636363636,67.29545454545455,64.48863636363636,0.0,1,2719.5,0.8858811227726069,False
later_reference,12746,69.357655,,True,0.0,66.16867469879519,59.626506024096386,66.16867469879519,59.626506024096386,0.0,1,2675.0,0.8916305788825358,False
later_reference,12747,69.362663,,True,0.0,63.607142857142854,59.25,63.607142857142854,59.25,0.0,1,2677.5,0.8946986065156551,False
later_reference,12748,69.367672,13.0,True,0.0,62.075,59.475,62.075,59.475,0.0,1,2734.0,0.8959407935526214,False
later_reference,12749,69.37268,,True,0.0,59.04545454545455,61.65909090909091,59.04545454545455,61.65909090909091,0.0,1,2693.0,0.890019448685666,False
later_reference,12750,69.377689,,True,0.0,60.142857142857146,62.40659340659341,60.142857142857146,62.40659340659341,0.0,1,2719.5,0.8827937712597203,False
later_reference,12751,69.382698,,True,0.0,57.71951219512195,62.45121951219512,57.71951219512195,62.451219512195124,7.105427357601002e-15,1,2718.5,0.8930732042789126,False
later_reference,12752,69.387706,,True,0.0,55.3125,68.6875,55.3125,68.6875,0.0,1,2735.0,0.8782375148618721,False
later_reference,12753,69.392715,,True,0.0,49.11627906976744,71.95348837209302,49.116279069767444,71.95348837209302,7.105427357601002e-15,1,2726.0,0.8901966126329678,False
later_reference,12754,69.397723,,True,0.0,51.32142857142857,78.55952380952381,51.32142857142857,78.55952380952381,0.0,1,2746.5,0.8946764037753847,False
later_reference,12755,69.402732,,True,0.0,53.97435897435897,70.84615384615384,53.97435897435897,70.84615384615384,0.0,1,2732.0,0.8997392575665069,False
later_reference,12756,69.40774,14.0,True,0.0,50.34883720930232,67.6046511627907,50.348837209302324,67.6046511627907,7.105427357601002e-15,1,2702.0,0.8898592489056323,False
later_reference,12757,69.412749,,True,0.0,55.33720930232558,65.31395348837209,55.33720930232558,65.31395348837209,0.0,1,2699.5,0.8943921361772347,False
later_reference,12758,69.417758,,True,0.0,59.721518987341774,62.10126582278481,59.721518987341774,62.10126582278481,0.0,1,2669.5,0.899695804628392,False
later_reference,12759,69.422766,,True,0.0,55.45555555555555,67.18888888888888,55.455555555555556,67.18888888888888,7.105427357601002e-15,1,2679.5,0.8802610417928912,False
later_reference,12760,69.427775,,True,0.0,54.73863636363637,64.69318181818181,54.73863636363637,64.69318181818181,0.0,1,2685.5,0.8866265417702012,False
later_reference,12761,69.432783,,True,0.0,50.61363636363637,66.72727272727273,50.61363636363637,66.72727272727273,0.0,1,2711.0,0.8928232530244511,False
later_reference,12762,69.437792,,True,0.0,52.95,70.375,52.95,70.375,0.0,1,2716.0,0.8944699229560379,False
later_reference,12763,69.4428,,True,0.0,50.614583333333336,68.86458333333333,50.614583333333336,68.86458333333333,0.0,1,2711.5,0.8801968416145363,False
later_reference,12764,69.447809,15.0,True,0.0,52.27777777777778,76.47777777777777,52.27777777777778,76.47777777777777,0.0,1,2738.5,0.888961475935381,False
later_reference,12765,69.452817,,False,,50.52439024390244,77.28048780487805,50.52439024390244,77.28048780487805,0.0,1,2707.5,0.8970426821848234,False
later_reference,12766,69.457826,,False,,54.80487804878049,77.73170731707317,54.80487804878049,77.73170731707317,0.0,1,2741.0,0.8950949766435119,False
later_reference,12767,69.462835,,False,,53.23255813953488,78.62790697674419,53.23255813953488,78.62790697674419,0.0,1,2719.0,0.8879107046675333,False
later_reference,12768,69.467843,,False,,50.71052631578947,78.28947368421052,50.71052631578947,78.28947368421052,0.0,1,2726.0,0.900925736434338,False
later_reference,12769,69.472852,,False,,53.28378378378378,76.25675675675676,53.28378378378378,76.25675675675676,0.0,1,2732.5,0.9053256181220648,False
later_reference,12770,69.47786,,False,,55.328947368421055,79.69736842105263,55.328947368421055,79.69736842105263,0.0,1,2719.5,0.8934017146486949,False
later_reference,12771,69.482869,,False,,58.09756097560975,77.17073170731707,58.09756097560975,77.17073170731707,0.0,1,2751.0,0.8908206533707623,False
later_reference,12772,69.487877,,False,,55.0375,76.8125,55.0375,76.8125,0.0,1,2727.5,0.8960298520482664,False
later_reference,12773,69.492886,,False,,54.91463414634146,78.08536585365853,54.91463414634146,78.08536585365853,0.0,1,2732.5,0.890115885400119,False
later_reference,12774,69.497895,,False,,55.03409090909091,79.01136363636364,55.03409090909091,79.01136363636364,0.0,1,2744.5,0.8865306018571212,False
later_reference,12775,69.502903,,False,,57.02970297029703,81.30693069306932,57.02970297029703,81.3069306930693,1.4210854715202004e-14,1,2693.5,0.8743537541509356,False
later_reference,12776,69.507912,,False,,60.21686746987952,86.97590361445783,60.21686746987952,86.97590361445783,0.0,1,2713.5,0.8914306164974848,False
later_reference,12777,69.51292,,False,,56.92307692307692,88.3076923076923,56.92307692307692,88.3076923076923,0.0,1,2708.0,0.9026301303624024,False
later_reference,12778,69.517929,,False,,58.72527472527472,85.38461538461539,58.72527472527472,85.38461538461539,0.0,1,2692.0,0.882177259688974,False
later_reference,12779,69.522937,,False,,61.05952380952381,84.17857142857143,61.05952380952381,84.17857142857143,0.0,1,2716.5,0.889292908097186,False
later_reference,12780,69.527946,,False,,57.31395348837209,86.52325581395348,57.31395348837209,86.52325581395348,0.0,1,2739.5,0.8892860910622387,False
later_reference,12781,69.532955,,False,,57.625,86.7,57.625,86.7,0.0,1,2727.0,0.9012562267955347,False
later_reference,12782,69.537963,,False,,57.84883720930232,88.98837209302326,57.848837209302324,88.98837209302326,7.105427357601002e-15,1,2726.5,0.8957013416969057,False
later_reference,12783,69.542972,,False,,57.38202247191011,86.57303370786516,57.38202247191011,86.57303370786516,0.0,1,2765.5,0.8827954448723142,False
later_reference,12784,69.54798,,False,,57.82954545454545,84.42045454545455,57.82954545454545,84.42045454545455,0.0,1,2740.5,0.8896107148123393,False
later_reference,12785,69.552989,,False,,55.94871794871795,85.6923076923077,55.94871794871795,85.6923076923077,0.0,1,2742.0,0.8954215366371724,False
later_reference,12786,69.557997,,False,,63.0125,83.9625,63.0125,83.9625,0.0,1,2755.5,0.8944799470757191,False
later_reference,12787,69.563006,,False,,63.31707317073171,87.70731707317071,63.31707317073171,87.70731707317073,1.4210854715202004e-14,1,2773.0,0.8948245223069214,False
later_reference,12788,69.568014,,False,,68.0,85.8,68.0,85.8,0.0,1,2792.0,0.893438600205997,False
later_reference,12789,69.573023,,False,,71.70930232558139,80.98837209302326,71.70930232558139,80.98837209302326,0.0,1,2759.5,0.8882824286768606,False
later_reference,12790,69.578032,,False,,73.41463414634147,79.8048780487805,73.41463414634147,79.8048780487805,0.0,1,2802.0,0.8891886217925331,False
later_reference,12791,69.58304,,False,,77.78205128205128,77.83333333333333,77.78205128205128,77.83333333333333,0.0,1,2832.5,0.9041830127061407,False
later_reference,12792,69.588049,,False,,76.10975609756098,72.71951219512195,76.10975609756098,72.71951219512195,0.0,1,2778.5,0.894398533032951,False
later_reference,12793,69.593057,,False,,77.1923076923077,68.8076923076923,77.1923076923077,68.8076923076923,0.0,1,2785.5,0.904218437545373,False
later_reference,12794,69.598066,,False,,79.0875,69.2125,79.0875,69.2125,0.0,1,2771.5,0.8996738095926243,False
later_reference,12795,69.603074,,False,,78.23404255319149,70.14893617021276,78.23404255319149,70.14893617021276,0.0,1,2819.0,0.8871812611464801,False
later_reference,12796,69.608083,,False,,77.78823529411765,68.91764705882353,77.78823529411764,68.91764705882353,1.4210854715202004e-14,1,2785.0,0.8868497478925825,False
later_reference,12797,69.613092,,False,,75.26190476190474,65.57142857142857,75.26190476190476,65.57142857142857,1.4210854715202004e-14,1,2749.0,0.8901730203853265,False
later_reference,12798,69.6181,,False,,68.02439024390245,63.48780487804878,68.02439024390245,63.48780487804878,0.0,1,2742.0,0.8954215399020281,False
later_reference,12799,69.623109,,False,,66.16129032258064,60.02150537634409,66.16129032258064,60.02150537634409,0.0,1,2732.0,0.8846681372690942,False
later_reference,12800,69.628117,,False,,66.52173913043478,59.93478260869565,66.52173913043478,59.93478260869565,0.0,1,2726.0,0.882725232927572,False
later_reference,12801,69.633126,,False,,62.53488372093023,60.48837209302326,62.53488372093023,60.48837209302326,0.0,1,2711.0,0.8928232530244511,False
later_reference,12802,69.638134,,False,,63.351351351351354,58.729729729729726,63.351351351351354,58.729729729729726,0.0,1,2690.0,0.9043307104534801,False
later_reference,12803,69.643143,,False,,57.55670103092783,62.06185567010309,57.55670103092783,62.06185567010309,0.0,1,2688.5,0.8832176993039176,False
later_reference,12804,69.648152,,False,,57.888888888888886,68.33333333333333,57.888888888888886,68.33333333333333,0.0,1,2676.0,0.8844010574062072,False
later_reference,12805,69.65316,,False,,57.2,67.4,57.2,67.4,0.0,1,2706.0,0.8943158652798707,False
later_reference,12806,69.658169,,False,,55.40625,66.65625,55.40625,66.65625,0.0,1,2705.5,0.8813205979127573,False
later_reference,12807,69.663177,,False,,55.23170731707317,69.45121951219512,55.23170731707317,69.45121951219512,0.0,1,2737.5,0.8917446546457062,False
later_reference,12808,69.668186,,False,,49.6,71.85,49.6,71.85,0.0,1,2721.0,0.8961165852394212,False
later_reference,12809,69.673194,,False,,57.885416666666664,79.30208333333333,57.885416666666664,79.30208333333333,0.0,1,2760.5,0.8811993668403535,False
later_reference,12810,69.678203,,False,,66.02222222222223,83.35555555555555,66.02222222222223,83.35555555555555,0.0,1,2737.0,0.8832076175521102,False
later_reference,12811,69.683212,,False,,69.4125,80.5375,69.4125,80.5375,0.0,1,2776.5,0.8937547259276611,False
later_reference,12812,69.68822,,False,,71.76666666666667,76.18888888888888,71.76666666666667,76.18888888888888,0.0,1,2741.5,0.8899353299407703,False
later_reference,12813,69.693229,,False,,75.03614457831324,73.59036144578313,75.03614457831326,73.59036144578313,1.4210854715202004e-14,1,2709.0,0.8921645881030583,False
later_reference,12814,69.698237,,False,,70.64935064935065,70.0909090909091,70.64935064935065,70.0909090909091,0.0,1,2699.5,0.8943921350823071,False
later_reference,12815,69.703246,,False,,70.7,67.92222222222222,70.7,67.92222222222222,0.0,1,2698.5,0.8834003012482073,False
later_reference,12816,69.708254,,False,,71.14634146341463,59.31707317073171,71.14634146341463,59.31707317073171,0.0,1,2668.0,0.8892973421684756,False
later_reference,12817,69.713263,,False,,72.13333333333334,61.666666666666664,72.13333333333334,61.666666666666664,0.0,1,2683.0,0.8836019157919918,False
later_reference,12818,69.718271,,False,,75.06666666666666,60.37777777777778,75.06666666666666,60.37777777777778,0.0,1,2690.0,0.8859072506449711,False
later_reference,12819,69.72328,,False,,72.79166666666667,60.770833333333336,72.79166666666667,60.770833333333336,0.0,1,2692.0,0.8790936436061051,False
later_reference,12820,69.728289,,False,,72.98863636363636,59.48863636363637,72.98863636363636,59.48863636363637,0.0,1,2661.5,0.8849176982657617,False
later_reference,12821,69.733297,,False,,73.19318181818181,60.23863636363637,73.19318181818181,60.23863636363637,0.0,1,2711.5,0.8876560690235841,False
later_reference,12822,69.738306,,False,,74.025,58.7125,74.025,58.7125,0.0,1,2709.0,0.8877482026677774,False
later_reference,12823,69.743314,,False,,76.41176470588235,57.45882352941177,76.41176470588235,57.45882352941177,0.0,1,2726.0,0.8827252339959145,False
later_reference,12824,69.748323,,False,,73.67088607594938,58.07594936708861,73.67088607594937,58.075949367088604,1.5888218580782548e-14,1,2741.5,0.8899353245487849,False
later_reference,12825,69.753331,,False,,68.06593406593407,58.08791208791209,68.06593406593407,58.08791208791209,0.0,1,2740.5,0.8883267819235716,False
later_reference,12826,69.75834,,False,,59.8235294117647,59.89411764705882,59.8235294117647,59.89411764705882,0.0,1,2705.0,0.8908472539013559,False
later_reference,12827,69.763349,,False,,56.57142857142857,71.5,56.57142857142857,71.5,0.0,1,2743.0,0.8957480955437384,False
later_reference,12828,69.768357,,False,,53.80487804878049,68.73170731707317,53.80487804878049,68.73170731707317,0.0,1,2726.0,0.8977632584602943,False
later_reference,12829,69.773366,,False,,54.39506172839506,67.95061728395062,54.39506172839506,67.95061728395062,0.0,1,2695.5,0.893066866463091,False
later_reference,12830,69.778374,,False,,55.875,75.26136363636364,55.875,75.26136363636364,0.0,1,2724.5,0.8844168490728302,False
later_reference,12831,69.783383,,False,,54.255102040816325,76.58163265306122,54.255102040816325,76.58163265306122,0.0,1,2736.5,0.8808787370443326,False
later_reference,12832,69.788391,,False,,58.050632911392405,76.24050632911391,58.050632911392405,76.24050632911393,1.4210854715202004e-14,1,2762.5,0.899888433799582,False
later_reference,12833,69.7934,,False,,59.75675675675676,78.10810810810811,59.75675675675676,78.10810810810811,0.0,1,2778.0,0.8995637153959016,False
later_reference,12834,69.798409,,False,,66.41025641025641,76.12820512820512,66.41025641025641,76.12820512820512,0.0,1,2744.0,0.896074656629256,False
later_reference,12835,69.803417,,False,,69.28378378378379,77.39189189189189,69.28378378378379,77.39189189189189,0.0,1,2765.5,0.908513494349947,False
later_reference,12836,69.808426,,False,,73.54666666666667,78.16,73.54666666666667,78.16,0.0,1,2780.5,0.8994552331577171,False
later_reference,12837,69.813434,,False,,69.49382716049382,75.53086419753086,69.49382716049382,75.53086419753086,0.0,1,2758.5,0.895453808705413,False
later_reference,12838,69.818443,,False,,66.125,68.1,66.125,68.1,0.0,1,2717.0,0.897951301116122,False
later_reference,12839,69.823451,,False,,62.92307692307692,66.82051282051282,62.92307692307692,66.82051282051282,0.0,1,2650.0,0.9017793441796421,False
later_reference,12840,69.82846,,False,,58.275,69.325,58.275,69.325,0.0,1,2680.0,0.900968887362098,False
later_reference,12841,69.833468,,False,,57.525,73.075,57.525,73.075,0.0,1,2624.0,0.8929316977839172,False
later_reference,12842,69.838477,,False,,54.28409090909091,72.7159090909091,54.28409090909091,72.7159090909091,0.0,1,2646.5,0.8843398134451065,False
later_reference,12843,69.843486,,False,,58.674157303370784,72.78651685393258,58.674157303370784,72.78651685393258,0.0,1,2685.5,0.8822321475132151,False
later_reference,12844,69.848494,,False,,55.97435897435897,73.35897435897436,55.97435897435897,73.35897435897436,0.0,1,2654.0,0.8922281444250031,False
later_reference,12845,69.853503,,False,,55.24096385542169,79.13253012048193,55.24096385542169,79.13253012048193,0.0,1,2685.5,0.8897536981544065,False
later_reference,12846,69.858511,,False,,52.76923076923077,78.43589743589743,52.76923076923077,78.43589743589743,0.0,1,2690.0,0.8966303743191706,False
later_reference,12847,69.86352,,False,,50.28409090909091,79.375,50.28409090909091,79.375,0.0,1,2695.5,0.8855173176394681,False
later_reference,12848,69.868528,,False,,49.93975903614458,76.79518072289157,49.93975903614458,76.79518072289157,0.0,1,2679.5,0.8953669187678444,False
later_reference,12849,69.873537,,False,,50.26373626373626,76.13186813186813,50.26373626373626,76.13186813186813,0.0,1,2675.0,0.8809672473885866,False
later_reference,12850,69.878546,,False,,53.373493975903614,74.97590361445783,53.373493975903614,74.97590361445783,0.0,1,2659.5,0.888683828152825,False
later_reference,12851,69.883554,,False,,54.522222222222226,78.94444444444444,54.522222222222226,78.94444444444444,0.0,1,2668.5,0.8841212971606903,False
later_reference,12852,69.888563,,False,,53.45882352941177,76.45882352941176,53.45882352941177,76.45882352941176,0.0,1,2678.0,0.8850620555651556,False
later_reference,12853,69.893571,,False,,49.51111111111111,72.66666666666667,49.51111111111111,72.66666666666667,0.0,1,2633.0,0.8851683135911956,False
later_reference,12854,69.89858,,False,,54.861702127659576,71.22340425531915,54.861702127659576,71.22340425531915,0.0,1,2639.5,0.8820007386386094,False
later_reference,12855,69.903588,,False,,57.666666666666664,68.76190476190476,57.666666666666664,68.76190476190476,0.0,1,2682.0,0.8939638199759564,False
later_reference,12856,69.908597,,False,,61.8235294117647,67.04705882352941,61.8235294117647,67.04705882352941,0.0,1,2650.5,0.8812603320065976,False
later_reference,12857,69.913606,,False,,63.92307692307692,66.38461538461539,63.92307692307692,66.38461538461539,0.0,1,2656.0,0.8929005158729023,False
later_reference,12858,69.918614,,False,,66.42857142857143,65.0,66.42857142857143,65.0,0.0,1,2651.0,0.8867624378977222,False
later_reference,12859,69.923623,,False,,64.05555555555556,58.9,64.05555555555556,58.9,0.0,1,2611.5,0.8832847307755104,False
later_reference,12860,69.928631,,False,,58.21052631578947,61.55263157894737,58.21052631578947,61.55263157894737,0.0,1,2606.0,0.9022985174021959,False
later_reference,12861,69.93364,,False,,61.10588235294118,64.47058823529412,61.10588235294118,64.47058823529412,0.0,1,2616.0,0.8870386103007766,False
later_reference,12862,69.938648,,False,,60.74117647058824,63.247058823529414,60.741176470588236,63.247058823529414,7.105427357601002e-15,1,2638.0,0.8913180553663481,False
terminal_hold,15370,82.500132,,False,,71.5657894736842,80.53947368421052,71.5657894736842,80.53947368421052,0.0,1,2353.5,0.8936030604909243,False
terminal_hold,15371,82.50514,,False,,71.30985915492958,77.85915492957747,71.30985915492958,77.85915492957747,0.0,1,2362.0,0.8910827061768067,False
terminal_hold,15372,82.510149,,False,,77.3375,76.6125,77.3375,76.6125,0.0,1,2330.5,0.8929844179785322,False
terminal_hold,15373,82.515157,,False,,77.07228915662651,71.3132530120482,77.07228915662651,71.3132530120482,0.0,1,2338.5,0.8798760587062509,False
terminal_hold,15374,82.520166,,False,,74.5,67.88461538461539,74.5,67.88461538461539,0.0,1,2333.5,0.8941339331142663,False
terminal_hold,15375,82.525175,,False,,70.32857142857142,67.07142857142857,70.32857142857142,67.07142857142857,0.0,1,2282.5,0.8991005753479957,False
terminal_hold,15376,82.530183,,False,,67.26829268292683,64.02439024390245,67.26829268292683,64.02439024390245,0.0,1,2261.0,0.8882165913911152,False
terminal_hold,15377,82.535192,,False,,65.94047619047619,62.345238095238095,65.94047619047619,62.345238095238095,0.0,1,2231.5,0.8858052941128757,False
terminal_hold,15378,82.5402,,False,,66.41025641025641,61.35897435897436,66.41025641025641,61.35897435897436,0.0,1,2235.0,0.8896193945363744,False
terminal_hold,15379,82.545209,,False,,63.52325581395349,60.45348837209303,63.52325581395349,60.45348837209303,0.0,1,2230.5,0.8820029887474438,False
terminal_hold,15380,82.550217,,False,,58.573170731707314,63.74390243902439,58.573170731707314,63.74390243902439,0.0,1,2231.5,0.8823984124011232,False
terminal_hold,15381,82.555226,,False,,60.13333333333333,67.89333333333333,60.13333333333333,67.89333333333333,0.0,1,2257.5,0.892679550076422,False
terminal_hold,15382,82.560235,,False,,53.208333333333336,70.54166666666667,53.208333333333336,70.54166666666667,0.0,1,2264.5,0.89544754868131,False
terminal_hold,15383,82.565243,,False,,48.608108108108105,71.22972972972973,48.608108108108105,71.22972972972973,0.0,1,2279.5,0.8930593904099481,False
terminal_hold,15384,82.570252,,False,,56.48717948717949,77.35897435897436,56.48717948717949,77.35897435897436,0.0,1,2321.0,0.8951258021925302,False
terminal_hold,15385,82.57526,,False,,55.472972972972975,77.4189189189189,55.472972972972975,77.41891891891892,1.4210854715202004e-14,1,2297.5,0.9001114033796793,False
terminal_hold,15386,82.580269,,False,,57.857142857142854,80.76190476190474,57.857142857142854,80.76190476190476,1.4210854715202004e-14,1,2312.0,0.8882744303058597,False
terminal_hold,15387,82.585277,,False,,59.890243902439025,81.6951219512195,59.890243902439025,81.6951219512195,0.0,1,2327.5,0.891834894614792,False
terminal_hold,15388,82.590286,,False,,56.792682926829265,83.2560975609756,56.792682926829265,83.2560975609756,0.0,1,2317.5,0.8846474725430615,False
terminal_hold,15389,82.595294,,False,,57.714285714285715,84.14285714285714,57.714285714285715,84.14285714285714,0.0,1,2343.0,0.8919941135366419,False
terminal_hold,15390,82.600303,,False,,57.19512195121951,85.2439024390244,57.19512195121951,85.2439024390244,0.0,1,2328.0,0.894421654659897,False
terminal_hold,15391,82.605312,,False,,57.775,89.175,57.775,89.175,0.0,1,2330.0,0.898596781614619,False
terminal_hold,15392,82.61032,,False,,60.375,88.23611111111111,60.375,88.23611111111111,0.0,1,2331.5,0.8933675896914526,False
terminal_hold,15393,82.615329,,False,,63.25675675675676,87.47297297297295,63.25675675675676,87.47297297297297,1.4210854715202004e-14,1,2319.5,0.8840253160830517,False
terminal_hold,15394,82.620337,,False,,63.58139534883722,85.97674418604652,63.58139534883721,85.97674418604652,7.105427357601002e-15,1,2338.0,0.8740755033881995,False
terminal_hold,15395,82.625346,,False,,64.48192771084338,88.08433734939759,64.48192771084338,88.08433734939759,0.0,1,2296.5,0.8833007783372241,False
terminal_hold,15396,82.630354,,False,,67.1829268292683,86.71951219512195,67.1829268292683,86.71951219512195,0.0,1,2379.5,0.8919498949940446,False
terminal_hold,15397,82.635363,,False,,66.74418604651163,88.83720930232556,66.74418604651163,88.83720930232558,1.4210854715202004e-14,1,2387.0,0.8923944487430049,False
terminal_hold,15398,82.640372,,False,,69.1,86.425,69.1,86.425,0.0,1,2396.0,0.8957591569040203,False
terminal_hold,15399,82.64538,,False,,75.76744186046513,83.74418604651163,75.76744186046511,83.74418604651163,1.4210854715202004e-14,1,2396.0,0.884419745952699,False
terminal_hold,15400,82.650389,,False,,76.08974358974358,80.32051282051282,76.08974358974359,80.32051282051282,1.4210854715202004e-14,1,2424.5,0.8925905993178418,False
terminal_hold,15401,82.655397,,False,,79.0,76.09411764705881,79.0,76.09411764705882,1.4210854715202004e-14,1,2444.0,0.8828936169928961,False
terminal_hold,15402,82.660406,,False,,76.51764705882351,76.76470588235294,76.51764705882353,76.76470588235294,1.4210854715202004e-14,1,2412.5,0.8881727475405462,False
terminal_hold,15403,82.665414,,False,,74.88888888888889,76.05555555555556,74.88888888888889,76.05555555555556,0.0,1,2368.0,0.8740842875640968,False
terminal_hold,15404,82.670423,,False,,76.44594594594595,69.28378378378379,76.44594594594595,69.28378378378379,0.0,1,2347.5,0.8960992150503868,False
terminal_hold,15405,82.675432,,False,,74.33783783783784,68.14864864864865,74.33783783783784,68.14864864864865,0.0,1,2363.5,0.8973999705555121,False
terminal_hold,15406,82.68044,,False,,73.79710144927536,66.46376811594203,73.79710144927536,66.46376811594203,0.0,1,2361.5,0.9014433696464319,False
terminal_hold,15407,82.685449,,False,,65.48809523809524,62.107142857142854,65.48809523809524,62.107142857142854,0.0,1,2334.5,0.886388927972009,False
terminal_hold,15408,82.690457,,False,,66.525,62.375,66.525,62.375,0.0,1,2329.0,0.8900230661509297,False
terminal_hold,15409,82.695466,,False,,61.63095238095238,60.5,61.63095238095238,60.5,0.0,1,2311.5,0.8776560355805312,False
terminal_hold,15410,82.700474,,False,,57.28767123287671,64.47945205479452,57.28767123287671,64.47945205479452,0.0,1,2318.0,0.8905796395910784,False
terminal_hold,15411,82.705483,,False,,59.03846153846154,63.06410256410256,59.03846153846154,63.06410256410256,0.0,1,2316.5,0.8957969532217848,False
terminal_hold,15412,82.710492,,False,,53.82857142857143,66.54285714285714,53.82857142857143,66.54285714285714,0.0,1,2338.0,0.8982636732610035,False
terminal_hold,15413,82.7155,,False,,52.56410256410256,70.66666666666667,52.56410256410256,70.66666666666667,0.0,1,2352.0,0.8873101244608179,False
terminal_hold,15414,82.720509,,False,,50.013888888888886,72.31944444444444,50.013888888888886,72.31944444444444,0.0,1,2343.5,0.8979656655364473,False
terminal_hold,15415,82.725517,,False,,49.9125,77.5125,49.9125,77.5125,0.0,1,2314.5,0.8868536482506832,False
terminal_hold,15416,82.730526,,False,,54.717948717948715,76.61538461538461,54.717948717948715,76.61538461538461,0.0,1,2336.0,0.8893291693353652,False
terminal_hold,15417,82.735534,,False,,55.22857142857142,79.91428571428571,55.22857142857143,79.91428571428571,7.105427357601002e-15,1,2310.0,0.8991173467377551,False
terminal_hold,15418,82.740543,,False,,54.12658227848101,76.31645569620254,54.12658227848101,76.31645569620254,0.0,1,2338.5,0.8879076982844795,False
terminal_hold,15419,82.745551,,False,,51.028985507246375,78.55072463768116,51.028985507246375,78.55072463768116,0.0,1,2367.5,0.8907874977771261,False
terminal_hold,15420,82.75056,,False,,52.159574468085104,77.79787234042554,52.159574468085104,77.79787234042553,1.4210854715202004e-14,1,2324.5,0.8713332728784361,False
terminal_hold,15421,82.755569,,False,,50.82716049382716,80.35802469135803,50.82716049382716,80.35802469135803,0.0,1,2351.5,0.8814541595361064,False
terminal_hold,15422,82.760577,,False,,54.86746987951807,79.6144578313253,54.86746987951807,79.6144578313253,0.0,1,2327.0,0.8859028178402757,False
terminal_hold,15423,82.765586,,False,,56.766666666666666,82.47777777777777,56.766666666666666,82.47777777777777,0.0,1,2329.5,0.8811632295948243,False
terminal_hold,15424,82.770594,,False,,58.13414634146341,83.84146341463415,58.13414634146341,83.84146341463415,0.0,1,2336.5,0.8919002446087417,False
terminal_hold,15425,82.775603,,False,,58.95744680851064,85.17021276595744,58.95744680851064,85.17021276595744,0.0,1,2337.0,0.873701648449372,False
terminal_hold,15426,82.780611,,False,,55.141304347826086,85.20652173913044,55.141304347826086,85.20652173913044,0.0,1,2345.5,0.8792050715745937,False
terminal_hold,15427,82.78562,,False,,54.46511627906977,84.30232558139534,54.46511627906977,84.30232558139535,1.4210854715202004e-14,1,2351.0,0.8869328702307312,False
terminal_hold,15428,82.790629,,False,,55.214285714285715,87.5952380952381,55.214285714285715,87.5952380952381,0.0,1,2358.0,0.8895736730208478,False
terminal_hold,15429,82.795637,,False,,57.5,87.03846153846153,57.5,87.03846153846153,0.0,1,2333.5,0.8941339354685843,False
terminal_hold,15430,82.800646,,False,,59.734939759036145,85.53012048192771,59.734939759036145,85.53012048192771,0.0,1,2326.0,0.8888766169942965,False
terminal_hold,15431,82.805654,,False,,57.64772727272727,87.42045454545455,57.64772727272727,87.42045454545455,0.0,1,2340.5,0.8886670758780575,False
terminal_hold,15432,82.810663,,False,,61.09722222222222,86.09722222222223,61.09722222222222,86.09722222222223,0.0,1,2338.5,0.8994552038279084,False
terminal_hold,15433,82.815671,,False,,61.69230769230769,87.76923076923077,61.69230769230769,87.76923076923077,0.0,1,2336.0,0.8926981021017747,False
terminal_hold,15434,82.82068,,False,,61.85057471264368,88.45977011494253,61.85057471264368,88.45977011494253,0.0,1,2353.5,0.874274537141629,False
terminal_hold,15435,82.825689,,False,,59.5,86.5,59.5,86.5,0.0,1,2333.0,0.8915516505882031,False
terminal_hold,15436,82.830697,,False,,59.4054054054054,87.16216216216216,59.4054054054054,87.16216216216216,0.0,1,2363.0,0.8948215942815628,False
terminal_hold,15437,82.835706,,False,,58.5,87.25,58.5,87.25,0.0,1,2318.0,0.8939688129958543,False
terminal_hold,15438,82.840714,,False,,64.33333333333333,87.44444444444444,64.33333333333333,87.44444444444444,0.0,1,2326.0,0.8888766146569531,False
terminal_hold,15439,82.845723,,False,,63.20253164556962,87.73417721518987,63.20253164556962,87.73417721518987,0.0,1,2378.5,0.8835614950093948,False
terminal_hold,15440,82.850731,,False,,65.43589743589743,90.3846153846154,65.43589743589743,90.38461538461539,1.4210854715202004e-14,1,2371.0,0.8944780197059173,False
terminal_hold,15441,82.85574,,False,,67.6,88.05882352941178,67.6,88.05882352941177,1.4210854715202004e-14,1,2353.0,0.8876873891244932,False
terminal_hold,15442,82.860748,,False,,70.5,82.42682926829268,70.5,82.42682926829268,0.0,1,2369.5,0.8882014142383285,False
terminal_hold,15443,82.865757,,False,,73.89024390243902,76.98780487804878,73.89024390243902,76.98780487804878,0.0,1,2420.5,0.8911179881944351,False
terminal_hold,15444,82.870766,,False,,73.79761904761905,77.01190476190474,73.79761904761905,77.01190476190476,1.4210854715202004e-14,1,2413.5,0.8852494581266618,False
terminal_hold,15445,82.875774,,False,,71.80232558139535,67.68604651162791,71.80232558139535,67.68604651162791,0.0,1,2361.5,0.8852026287397342,False
terminal_hold,15446,82.880783,,False,,68.35365853658537,67.76829268292683,68.35365853658537,67.76829268292683,0.0,1,2333.5,0.8941339378229023,False
terminal_hold,15447,82.885791,,False,,62.94047619047619,66.77380952380952,62.94047619047619,66.77380952380952,0.0,1,2305.5,0.8786895432922734,False
terminal_hold,15448,82.8908,,False,,57.714285714285715,71.83516483516483,57.714285714285715,71.83516483516483,0.0,1,2277.0,0.8701513652293517,False
terminal_hold,15449,82.895808,,False,,58.43333333333333,77.1,58.43333333333333,77.1,0.0,1,2274.5,0.882913568619902,False
terminal_hold,15450,82.900817,,False,,57.675,78.175,57.675,78.175,0.0,1,2286.0,0.8931841135390309,False
terminal_hold,15451,82.905826,,False,,60.425,83.35,60.425,83.35,0.0,1,2278.0,0.8832851129500302,False
terminal_hold,15452,82.910834,,False,,64.60810810810811,84.60810810810811,64.60810810810811,84.60810810810811,0.0,1,2242.5,0.8950475667808279,False
terminal_hold,15453,82.915843,,False,,64.67142857142858,86.35714285714286,64.67142857142858,86.35714285714286,0.0,1,2284.5,0.8950182776098318,False
terminal_hold,15454,82.920851,,False,,68.6,88.56,68.6,88.56,0.0,1,2219.0,0.891544910389782,False
terminal_hold,15455,82.92586,,False,,69.02702702702703,89.43243243243244,69.02702702702703,89.43243243243244,0.0,1,2206.0,0.8981825216577688,False
terminal_hold,15456,82.930868,,False,,68.28395061728395,88.79012345679013,68.28395061728395,88.79012345679013,0.0,1,2235.5,0.8873931144921953,False
terminal_hold,15457,82.935877,,False,,70.21518987341773,86.93670886075948,70.21518987341773,86.9367088607595,1.4210854715202004e-14,1,2266.0,0.8819913043786125,False
terminal_hold,15458,82.940886,,False,,70.0126582278481,85.75949367088609,70.0126582278481,85.75949367088607,1.4210854715202004e-14,1,2246.5,0.8917596277050888,False
terminal_hold,15459,82.945894,,False,,69.51515151515152,88.54545454545455,69.51515151515152,88.54545454545455,0.0,1,2299.0,0.9066201217869115,False
terminal_hold,15460,82.950903,,False,,69.42307692307692,86.5,69.42307692307692,86.5,0.0,1,2274.5,0.8911004972526549,False
terminal_hold,15461,82.955911,,False,,66.33333333333333,89.30952380952381,66.33333333333333,89.30952380952381,0.0,1,2227.0,0.886435075745379,False
terminal_hold,15462,82.96092,,False,,70.6219512195122,88.28048780487805,70.6219512195122,88.28048780487805,0.0,1,2233.5,0.883189269145377,False
terminal_hold,15463,82.965928,,False,,73.33333333333333,89.70370370370371,73.33333333333333,89.70370370370371,0.0,1,2260.5,0.8856155952332694,False
terminal_hold,15464,82.970937,,False,,73.42307692307692,86.14102564102564,73.42307692307692,86.14102564102564,0.0,1,2265.5,0.895842977053437,False
terminal_hold,15465,82.975946,,False,,71.53012048192771,87.24096385542168,71.53012048192771,87.24096385542168,0.0,1,2226.5,0.8804212764279711,False
terminal_hold,15466,82.980954,,False,,69.43037974683544,85.9873417721519,69.43037974683544,85.9873417721519,0.0,1,2272.0,0.887714050503018,False
terminal_hold,15467,82.985963,,False,,69.27777777777777,89.75,69.27777777777777,89.75,0.0,1,2261.0,0.8916346735645583,False
terminal_hold,15468,82.990971,1.0,True,0.0,70.8780487804878,88.70731707317071,70.8780487804878,88.70731707317073,1.4210854715202004e-14,1,2252.0,0.8880854900101374,False
terminal_hold,15469,82.99598,,True,0.0,73.08823529411765,87.5,73.08823529411765,87.5,0.0,1,2270.0,0.9035507944508142,False
terminal_hold,15470,83.000988,,True,0.0,74.25675675675676,87.4189189189189,74.25675675675676,87.41891891891892,1.4210854715202004e-14,1,2292.5,0.8947206688617281,False
terminal_hold,15471,83.005997,,True,0.0,76.07317073170732,78.65853658536585,76.07317073170732,78.65853658536585,0.0,1,2300.0,0.8836640117171888,False
terminal_hold,15472,83.011005,,True,0.0,76.69620253164557,81.22784810126582,76.69620253164557,81.22784810126582,0.0,1,2304.0,0.8885695143488157,False
terminal_hold,15473,83.016014,,True,0.0,76.41975308641975,76.96296296296296,76.41975308641975,76.96296296296296,0.0,1,2279.5,0.8814889497812991,False
terminal_hold,15474,83.021023,,True,0.0,77.04545454545455,79.31818181818181,77.04545454545455,79.31818181818181,0.0,1,2339.0,0.8824057823521172,False
terminal_hold,15475,83.026031,,True,0.0,73.85,80.75,73.85,80.75,0.0,1,2359.0,0.8899509307278117,False
terminal_hold,15476,83.03104,2.0,True,0.0,70.05,77.2,70.05,77.2,0.0,1,2352.0,0.8873101302564346,False
terminal_hold,15477,83.036048,,True,0.0,74.95348837209302,74.13953488372093,74.95348837209302,74.13953488372093,0.0,1,2342.0,0.8835375520178159,False
terminal_hold,15478,83.041057,,True,0.0,76.36842105263156,69.0657894736842,76.36842105263158,69.0657894736842,1.4210854715202004e-14,1,2312.0,0.8835265392884379,False
terminal_hold,15479,83.046065,,True,0.0,76.6375,71.8625,76.6375,71.8625,0.0,1,2330.5,0.8848701611584167,False
terminal_hold,15480,83.051074,,True,0.0,73.925,69.125,73.925,69.125,0.0,1,2339.0,0.8938445418814001,False
terminal_hold,15481,83.056083,,True,0.0,75.89041095890411,63.64383561643836,75.89041095890411,63.64383561643836,0.0,1,2303.5,0.890769816109332,False
terminal_hold,15482,83.061091,,True,0.0,67.44594594594595,60.067567567567565,67.44594594594595,60.067567567567565,0.0,1,2289.5,0.89354981918073,False
terminal_hold,15483,83.0661,,True,0.0,69.87058823529412,57.858823529411765,69.87058823529412,57.858823529411765,0.0,1,2280.5,0.8852426390702788,False
terminal_hold,15484,83.071108,3.0,True,0.0,61.586666666666666,59.56,61.586666666666666,59.56,0.0,1,2251.5,0.8903069810343786,False
terminal_hold,15485,83.076117,,True,0.0,60.315789473684205,60.21052631578947,60.31578947368421,60.21052631578947,7.105427357601002e-15,1,2322.0,0.8921164512662145,False
terminal_hold,15486,83.081125,,True,0.0,57.60227272727273,68.35227272727273,57.60227272727273,68.35227272727273,0.0,1,2325.5,0.8829717043883772,False
terminal_hold,15487,83.086134,,True,0.0,54.3125,69.7875,54.3125,69.7875,0.0,1,2321.5,0.8861743779944138,False
terminal_hold,15488,83.091143,,True,0.0,59.52439024390244,75.10975609756098,59.52439024390244,75.10975609756098,0.0,1,2313.5,0.8864704800314055,False
terminal_hold,15489,83.096151,,True,0.0,57.24418604651163,78.43023255813954,57.24418604651163,78.43023255813954,0.0,1,2323.5,0.88221232098805,False
terminal_hold,15490,83.10116,,True,0.0,58.627906976744185,76.34883720930233,58.627906976744185,76.34883720930233,0.0,1,2313.0,0.8839086909319896,False
terminal_hold,15491,83.106168,,True,0.0,67.3780487804878,81.54878048780488,67.3780487804878,81.54878048780488,0.0,1,2317.5,0.8846474737055287,False
terminal_hold,15492,83.111177,4.0,True,0.0,66.37179487179488,79.32051282051282,66.37179487179488,79.32051282051282,0.0,1,2294.5,0.8955012321497208,False
terminal_hold,15493,83.116185,,True,0.0,67.95294117647059,78.11764705882354,67.95294117647059,78.11764705882354,0.0,1,2349.0,0.8861783513428831,False
terminal_hold,15494,83.121194,,True,0.0,67.8170731707317,78.68292682926831,67.8170731707317,78.6829268292683,1.4210854715202004e-14,1,2338.5,0.8798760667414522,False
terminal_hold,15495,83.126202,,True,0.0,71.1219512195122,78.85365853658537,71.1219512195122,78.85365853658537,0.0,1,2331.0,0.8874256417643672,False
terminal_hold,15496,83.131211,,True,0.0,73.5,75.71428571428571,73.5,75.71428571428571,0.0,1,2342.0,0.8835375485552304,False
terminal_hold,15497,83.13622,,True,0.0,69.26190476190476,70.82142857142857,69.26190476190476,70.82142857142857,0.0,1,2326.0,0.8775014275443134,False
terminal_hold,15498,83.141228,,True,0.0,64.70731707317073,66.5609756097561,64.70731707317073,66.5609756097561,0.0,1,2231.0,0.8798040475050226,False
terminal_hold,15499,83.146237,,True,0.0,57.48192771084338,66.59036144578313,57.48192771084337,66.59036144578313,7.105427357601002e-15,1,2208.0,0.8871253547276425,False
terminal_hold,15500,83.151245,5.0,True,0.0,56.88636363636363,66.3409090909091,56.88636363636363,66.3409090909091,0.0,1,2234.0,0.8809871169327115,False
terminal_hold,15501,83.156254,,False,,56.315789473684205,68.57894736842105,56.31578947368421,68.57894736842105,7.105427357601002e-15,1,2229.0,0.8990481267813386,False
terminal_hold,15502,83.161262,,False,,57.71084337349398,66.56626506024097,57.71084337349398,66.56626506024097,0.0,1,2229.0,0.8872311581225905,False
terminal_hold,15503,83.166271,,False,,58.925,65.975,58.925,65.975,0.0,1,2213.0,0.8891342424663201,False
terminal_hold,15504,83.17128,,False,,57.17977528089887,66.17977528089888,57.17977528089887,66.17977528089888,0.0,1,2262.5,0.8782554113521115,False
terminal_hold,15505,83.176288,,False,,55.18292682926829,67.17073170731707,55.18292682926829,67.17073170731707,0.0,1,2289.0,0.8827845624030509,False
terminal_hold,15506,83.181297,,False,,53.57831325301205,69.86746987951807,53.57831325301205,69.86746987951807,0.0,1,2307.5,0.8841714426939563,False
terminal_hold,15507,83.186305,,False,,54.723684210526315,75.09210526315789,54.723684210526315,75.09210526315789,0.0,1,2299.5,0.892618042466431,False
terminal_hold,15508,83.191314,,False,,55.48809523809524,80.36904761904762,55.48809523809524,80.36904761904762,0.0,1,2327.0,0.8778786932793895,False
terminal_hold,15509,83.196322,,False,,67.7,81.2,67.7,81.2,0.0,1,2310.0,0.8875060209694323,False
terminal_hold,15510,83.201331,,False,,70.18518518518519,72.23456790123457,70.18518518518519,72.23456790123457,0.0,1,2284.5,0.8834224706100505,False
terminal_hold,15511,83.20634,,False,,67.625,64.80681818181819,67.625,64.80681818181819,0.0,1,2180.5,0.8819090560569395,False
terminal_hold,15512,83.211348,,False,,66.55128205128206,58.833333333333336,66.55128205128206,58.833333333333336,0.0,1,2118.5,0.8885195985930358,False
terminal_hold,15513,83.216357,,False,,65.77941176470588,58.72058823529411,65.77941176470588,58.720588235294116,7.105427357601002e-15,1,2146.5,0.9053322342288659,False
terminal_hold,15514,83.221365,,False,,56.41860465116278,57.604651162790695,56.41860465116279,57.604651162790695,7.105427357601002e-15,1,2191.0,0.8837211630260093,False
terminal_hold,15515,83.226374,,False,,53.857142857142854,61.25974025974026,53.857142857142854,61.25974025974026,0.0,1,2172.0,0.8843392805647278,False
terminal_hold,15516,83.231382,,False,,56.55128205128205,60.62820512820513,56.55128205128205,60.62820512820513,0.0,1,2181.5,0.8906658175270856,False
terminal_hold,15517,83.236391,,False,,55.13235294117647,65.3970588235294,55.13235294117647,65.3970588235294,0.0,1,2205.5,0.9004645656098182,False
terminal_hold,15518,83.241399,,False,,53.19736842105263,69.53947368421052,53.19736842105263,69.53947368421052,0.0,1,2217.5,0.8885025371728085,False
terminal_hold,15519,83.246408,,False,,52.98571428571429,66.75714285714285,52.98571428571429,66.75714285714285,0.0,1,2244.5,0.8958458290914563,False
terminal_hold,15520,83.251417,,False,,52.752941176470586,71.69411764705882,52.752941176470586,71.69411764705882,0.0,1,2274.5,0.8795554406161085,False
terminal_hold,15521,83.256425,,False,,51.721518987341774,74.58227848101268,51.721518987341774,74.58227848101266,1.4210854715202004e-14,1,2239.5,0.8855618370093951,False
terminal_hold,15522,83.261434,,False,,51.41860465116278,69.18604651162791,51.41860465116279,69.18604651162791,7.105427357601002e-15,1,2334.0,0.8805194926547246,False
terminal_hold,15523,83.266442,,False,,53.65,78.6,53.65,78.6,0.0,1,2297.0,0.8858698779173931,False
terminal_hold,15524,83.271451,,False,,53.935064935064936,75.15584415584415,53.935064935064936,75.15584415584415,0.0,1,2246.0,0.8823239547125653,False
terminal_hold,15525,83.276459,,False,,52.372093023255815,79.67441860465117,52.372093023255815,79.67441860465117,0.0,1,2291.0,0.8835558831095276,False
terminal_hold,15526,83.281468,,False,,58.92857142857143,79.11904761904762,58.92857142857143,79.11904761904762,0.0,1,2292.0,0.8839415527983165,False
terminal_hold,15527,83.286477,,False,,56.95744680851064,82.30851063829788,56.95744680851064,82.30851063829788,0.0,1,2278.5,0.8651262284534892,False
terminal_hold,15528,83.291485,,False,,58.48351648351648,82.71428571428571,58.48351648351648,82.71428571428571,0.0,1,2318.0,0.8744833670270271,False
terminal_hold,15529,83.296494,,False,,58.48837209302326,83.90697674418605,58.48837209302326,83.90697674418605,0.0,1,2298.0,0.882895609392662,False
terminal_hold,15530,83.301502,,False,,59.66279069767442,84.98837209302326,59.66279069767442,84.98837209302326,0.0,1,2305.5,0.8834050957517726,False
terminal_hold,15531,83.306511,,False,,59.896103896103895,84.96103896103897,59.896103896103895,84.96103896103897,0.0,1,2331.0,0.8874256394352467,False
terminal_hold,15532,83.311519,,False,,61.41463414634146,85.29268292682929,61.41463414634146,85.29268292682927,1.4210854715202004e-14,1,2322.0,0.8873480243597405,False
terminal_hold,15533,83.316528,,False,,65.14473684210526,84.27631578947368,65.14473684210526,84.27631578947368,0.0,1,2282.5,0.8942347251138851,False
terminal_hold,15534,83.321537,,False,,68.77631578947368,82.64473684210526,68.77631578947368,82.64473684210526,0.0,1,2325.5,0.8992772864249986,False
terminal_hold,15535,83.326545,,False,,68.45454545454545,81.3409090909091,68.45454545454545,81.3409090909091,0.0,1,2343.0,0.8806003758166597,False
terminal_hold,15536,83.331554,,False,,73.25316455696202,81.0886075949367,73.25316455696202,81.0886075949367,0.0,1,2331.0,0.887425633612445,False
terminal_hold,15537,83.336562,,False,,73.09876543209876,78.82716049382717,73.09876543209876,78.82716049382717,0.0,1,2341.5,0.8857023833853964,False
terminal_hold,15538,83.341571,,False,,75.66176470588235,77.77941176470588,75.66176470588235,77.77941176470588,0.0,1,2333.5,0.9023709049866873,False
terminal_hold,15539,83.346579,,False,,70.91358024691358,77.4320987654321,70.91358024691358,77.4320987654321,0.0,1,2378.0,0.8857111527347438,False
terminal_hold,15540,83.351588,,False,,75.66666666666667,77.88888888888889,75.66666666666667,77.88888888888889,0.0,1,2386.0,0.8807285173109481,False
terminal_hold,15541,83.356597,,False,,72.9375,71.4625,72.9375,71.4625,0.0,1,2338.5,0.8845675960948322,False
terminal_hold,15542,83.361605,,False,,67.1038961038961,69.24675324675324,67.1038961038961,69.24675324675324,0.0,1,2283.0,0.8886081829447164,False
terminal_hold,15543,83.366614,,False,,70.25,67.11842105263158,70.25,67.11842105263158,0.0,1,2267.5,0.8966338313993317,False
terminal_hold,15544,83.371622,,False,,69.0375,66.2375,69.0375,66.2375,0.0,1,2329.5,0.8926012439143207,False
terminal_hold,15545,83.376631,,False,,67.90277777777777,70.06944444444444,67.90277777777777,70.06944444444444,0.0,1,2273.5,0.899006404030452,False
terminal_hold,15546,83.381639,,False,,74.84722222222223,66.34722222222223,74.84722222222223,66.34722222222223,0.0,1,2313.5,0.8946368520286494,False
terminal_hold,15547,83.386648,,False,,72.78571428571429,67.87142857142857,72.78571428571429,67.87142857142857,0.0,1,2338.5,0.8960498022707765,False
terminal_hold,15548,83.391656,,False,,75.54166666666667,67.95833333333333,75.54166666666667,67.95833333333333,0.0,1,2322.5,0.8981171698068617,False
terminal_hold,15549,83.396665,,False,,75.3108108108108,63.7972972972973,75.3108108108108,63.7972972972973,0.0,1,2294.5,0.8955012369091011,False
terminal_hold,15550,83.401674,,False,,74.21739130434783,68.56521739130434,74.21739130434783,68.56521739130434,0.0,1,2325.0,0.869215380064761,False
terminal_hold,15551,83.406682,,False,,70.1923076923077,65.57692307692308,70.1923076923077,65.57692307692308,0.0,1,2252.5,0.8872832621999388,False
terminal_hold,15552,83.411691,,False,,68.13636363636364,65.32954545454545,68.13636363636364,65.32954545454545,0.0,1,2227.0,0.8748599462541629,False
terminal_hold,15553,83.416699,,False,,69.97701149425288,64.44827586206897,69.97701149425288,64.44827586206897,0.0,1,2253.5,0.8794996824087009,False
terminal_hold,15554,83.421708,,False,,65.625,62.56944444444444,65.625,62.56944444444444,0.0,1,2298.5,0.8888363105199267,False
terminal_hold,15555,83.426716,,False,,64.09722222222223,62.458333333333336,64.09722222222223,62.458333333333336,0.0,1,2289.5,0.8969771791127136,False
terminal_hold,15556,83.431725,,False,,60.51136363636363,61.26136363636363,60.51136363636363,61.26136363636363,0.0,1,2332.5,0.8822980180424673,False
terminal_hold,15557,83.436734,,False,,56.11904761904762,63.523809523809526,56.11904761904762,63.523809523809526,0.0,1,2319.0,0.8828571641992669,False
terminal_hold,15558,83.441742,,False,,56.92405063291139,65.11392405063292,56.924050632911396,65.11392405063292,7.105427357601002e-15,1,2327.5,0.8918349004854532,False
terminal_hold,15559,83.446751,,False,,53.01162790697674,69.84883720930233,53.01162790697674,69.84883720930233,0.0,1,2249.5,0.8779385640024318,False
terminal_hold,15560,83.451759,,False,,52.47435897435897,69.67948717948718,52.47435897435897,69.67948717948718,0.0,1,2286.5,0.8923789801834463,False
terminal_hold,15561,83.456768,,False,,52.0375,72.775,52.0375,72.775,0.0,1,2287.5,0.8845825730605796,False
terminal_hold,15562,83.461776,,False,,54.675,79.575,54.675,79.575,0.0,1,2303.0,0.8881838551895825,False
terminal_hold,15563,83.466785,,False,,58.21590909090909,80.8409090909091,58.21590909090909,80.8409090909091,0.0,1,2294.0,0.8733395124439935,False
terminal_hold,15564,83.471794,,False,,61.22222222222222,77.91666666666667,61.22222222222222,77.91666666666667,0.0,1,2317.0,0.8935831491421028,False
terminal_hold,15565,83.476802,,False,,62.46835443037974,78.73417721518987,62.46835443037975,78.73417721518987,7.105427357601002e-15,1,2324.5,0.8825920190496632,False
terminal_hold,15566,83.481811,,False,,66.03488372093024,80.36046511627907,66.03488372093024,80.36046511627907,0.0,1,2324.5,0.8825920167363183,False
terminal_hold,15567,83.486819,,False,,63.875,79.875,63.875,79.875,0.0,1,2305.0,0.8695790190956043,False
terminal_hold,15568,83.491828,,False,,69.7710843373494,79.13253012048193,69.7710843373494,79.13253012048193,0.0,1,2338.0,0.8934623984220674,False
terminal_hold,15569,83.496836,,False,,67.32926829268293,79.7439024390244,67.32926829268293,79.7439024390244,0.0,1,2310.5,0.8886855895597987,False
terminal_hold,15570,83.501845,,False,,68.14814814814815,81.23456790123457,68.14814814814815,81.23456790123457,0.0,1,2300.0,0.8870268718294723,False
terminal_hold,15571,83.506853,,False,,71.77215189873418,76.9113924050633,71.77215189873418,76.9113924050633,0.0,1,2330.0,0.8870449334552231,False
terminal_hold,15572,83.511862,,False,,73.5,73.52941176470588,73.5,73.52941176470588,0.0,1,2286.0,0.9014935290637992,False
terminal_hold,15573,83.516871,,False,,68.65384615384616,69.34615384615384,68.65384615384616,69.34615384615384,0.0,1,2261.5,0.8942612611729167,False
terminal_hold,15574,83.521879,,False,,67.58108108108108,67.79729729729729,67.58108108108108,67.79729729729729,0.0,1,2282.5,0.9060500015209797,False
terminal_hold,15575,83.526888,,False,,66.30555555555556,70.08333333333333,66.30555555555556,70.08333333333333,0.0,1,2276.0,0.8975499902143471,False
terminal_hold,15576,83.531896,,False,,63.55882352941177,66.47058823529412,63.55882352941177,66.47058823529412,0.0,1,2238.0,0.8991786907760585,False
terminal_hold,15577,83.536905,,False,,60.5,67.225,60.5,67.225,0.0,1,2201.0,0.8877545753380557,False
terminal_hold,15578,83.541913,,False,,60.983870967741936,68.24193548387096,60.983870967741936,68.24193548387096,0.0,1,2237.5,0.9049628658297048,False
terminal_hold,15579,83.546922,,False,,60.17391304347826,69.06521739130434,60.17391304347826,69.06521739130434,0.0,1,2203.0,0.8768821193211189,False
terminal_hold,15580,83.551931,,False,,55.628571428571426,68.31428571428572,55.628571428571426,68.31428571428572,0.0,1,2216.0,0.9022540518045971,False
terminal_hold,15581,83.556939,,False,,58.38157894736842,66.59210526315789,58.38157894736842,66.59210526315789,0.0,1,2257.5,0.8926795536580949,False
terminal_hold,15582,83.561948,,False,,55.24324324324324,71.91891891891892,55.24324324324324,71.91891891891892,0.0,1,2199.0,0.8869478864079978,False
terminal_hold,15583,83.566956,,False,,54.455882352941174,71.33823529411765,54.455882352941174,71.33823529411765,0.0,1,2241.5,0.8981187894580412,False
terminal_hold,15584,83.571965,,False,,52.66216216216216,72.17567567567568,52.66216216216216,72.17567567567568,0.0,1,2232.5,0.8994352567464381,False
terminal_hold,15585,83.576973,,False,,54.310810810810814,74.3108108108108,54.310810810810814,74.3108108108108,0.0,1,2280.5,0.8934511737989894,False
terminal_hold,15586,83.581982,,False,,57.48809523809524,71.58333333333333,57.48809523809524,71.58333333333333,0.0,1,2281.5,0.8856308217793151,False
terminal_hold,15587,83.586991,,False,,56.675,71.65,56.675,71.65,0.0,1,2260.0,0.8878237490242903,False
terminal_hold,15588,83.591999,,False,,54.67469879518072,73.36144578313252,54.674698795180724,73.36144578313252,7.105427357601002e-15,1,2235.5,0.8791869372291486,False
terminal_hold,15589,83.597008,,False,,50.03030303030303,75.0909090909091,50.03030303030303,75.0909090909091,0.0,1,2252.5,0.8941413499061509,False
terminal_hold,15590,83.602016,,False,,52.2,74.54666666666667,52.2,74.54666666666667,0.0,1,2241.5,0.8863527032349676,False
terminal_hold,15591,83.607025,,False,,54.917808219178085,79.72602739726027,54.917808219178085,79.72602739726027,0.0,1,2253.5,0.8828731518685927,False
terminal_hold,15592,83.612033,,False,,50.10526315789474,76.47368421052632,50.10526315789474,76.47368421052632,0.0,1,2306.0,0.8893408444015402,False
terminal_hold,15593,83.617042,,False,,52.36842105263158,78.34210526315789,52.36842105263158,78.34210526315789,0.0,1,2240.0,0.8867591749379701,False
terminal_hold,15594,83.622051,,False,,53.73076923076923,76.44871794871794,53.73076923076923,76.44871794871794,0.0,1,2260.5,0.8938658339973251,False
terminal_hold,15595,83.627059,,False,,53.84615384615385,77.53846153846153,53.84615384615385,77.53846153846153,0.0,1,2307.0,0.8897265023784843,False
terminal_hold,15596,83.632068,,False,,50.425,81.1,50.425,81.1,0.0,1,2250.0,0.8872967817596844,False
terminal_hold,15597,83.637076,,False,,50.34146341463414,78.04878048780488,50.34146341463415,78.04878048780488,7.105427357601002e-15,1,2275.0,0.8807305962118468,False
terminal_hold,15598,83.642085,,False,,51.30882352941177,75.27941176470588,51.30882352941177,75.27941176470588,0.0,1,2239.5,0.8973174463838246,False
terminal_hold,15599,83.647093,,False,,52.08536585365854,80.0609756097561,52.08536585365854,80.0609756097561,0.0,1,2226.5,0.8838205221916934,False
terminal_hold,15600,83.652102,,False,,52.7,81.38571428571429,52.7,81.38571428571429,0.0,1,2252.5,0.8941413451135417,False
terminal_hold,15601,83.65711,,False,,54.10126582278481,79.13924050632912,54.10126582278481,79.13924050632912,0.0,1,2225.5,0.8800258445222972,False
terminal_hold,15602,83.662119,,False,,54.24675324675325,77.27272727272727,54.246753246753244,77.27272727272727,7.105427357601002e-15,1,2243.5,0.8871435587990807,False
terminal_hold,15603,83.667128,,False,,55.01282051282051,79.91025641025642,55.01282051282051,79.91025641025641,1.4210854715202004e-14,1,2261.5,0.8860073726847202,False
terminal_hold,15604,83.672136,,False,,55.65853658536586,74.70731707317071,55.65853658536585,74.70731707317073,1.5888218580782548e-14,1,2279.0,0.8870512697901922,False
terminal_hold,15605,83.677145,,False,,58.82051282051282,76.97435897435898,58.82051282051282,76.97435897435898,0.0,1,2268.0,0.8827697527585259,False
terminal_hold,15606,83.682153,,False,,55.98780487804878,77.23170731707317,55.98780487804878,77.23170731707317,0.0,1,2251.5,0.8820895828577529,False
terminal_hold,15607,83.687162,,False,,56.74390243902439,78.23170731707317,56.74390243902439,78.23170731707317,0.0,1,2256.5,0.8759263420315689,False
terminal_hold,15608,83.69217,,False,,55.851351351351354,76.44594594594595,55.851351351351354,76.44594594594595,0.0,1,2218.5,0.8889032087708714,False
terminal_hold,15609,83.697179,,False,,55.86764705882353,78.42647058823529,55.86764705882353,78.42647058823529,0.0,1,2204.5,0.8916159238553376,False
terminal_hold,15610,83.702188,,False,,53.037974683544306,80.45569620253166,53.037974683544306,80.45569620253164,1.4210854715202004e-14,1,2253.0,0.8802903796165515,False
terminal_hold,15611,83.707196,,False,,54.506493506493506,76.32467532467533,54.506493506493506,76.32467532467533,0.0,1,2172.5,0.8869912803388483,False
terminal_hold,15612,83.712205,,False,,55.39473684210526,81.28947368421052,55.39473684210526,81.28947368421052,0.0,1,2140.0,0.8914927628074333,False
terminal_hold,15613,83.717213,,False,,55.48648648648648,76.56756756756756,55.486486486486484,76.56756756756756,7.105427357601002e-15,1,2134.0,0.8889932467272865,False
terminal_hold,15614,83.722222,,False,,50.24285714285714,76.21428571428571,50.24285714285714,76.21428571428571,0.0,1,2190.5,0.8894131208619709,False
terminal_hold,15615,83.72723,,False,,54.256410256410255,76.33333333333333,54.256410256410255,76.33333333333333,0.0,1,2155.0,0.8892383052249498,False
terminal_hold,15616,83.732239,,False,,50.42307692307692,78.6025641025641,50.42307692307692,78.6025641025641,0.0,1,2180.5,0.881909058442678,False
terminal_hold,15617,83.737248,,False,,56.7027027027027,79.8108108108108,56.7027027027027,79.8108108108108,0.0,1,2136.0,0.8898264163087203,False
terminal_hold,15618,83.742256,,False,,52.81159420289855,82.52173913043478,52.81159420289855,82.52173913043478,0.0,1,2133.5,0.8863067899650041,False
terminal_hold,15619,83.747265,,False,,55.06849315068493,79.52054794520548,55.06849315068493,79.52054794520548,0.0,1,2152.5,0.8906818165859105,False
terminal_hold,15620,83.752273,,False,,53.97222222222222,80.88888888888889,53.97222222222222,80.88888888888889,0.0,1,2167.0,0.8906837533623256,False
terminal_hold,15621,83.757282,,False,,54.78947368421053,81.36842105263156,54.78947368421053,81.36842105263158,1.4210854715202004e-14,1,2170.0,0.8919168180877927,False
terminal_hold,15622,83.76229,,False,,52.388888888888886,80.58333333333333,52.388888888888886,80.58333333333333,0.0,1,2155.0,0.8942046439008433,False
terminal_hold,15623,83.767299,,False,,54.921052631578945,79.3157894736842,54.921052631578945,79.3157894736842,0.0,1,2182.0,0.8884108145683746,False
terminal_hold,15624,83.772307,,False,,53.97142857142857,77.28571428571429,53.97142857142857,77.28571428571429,0.0,1,2201.0,0.8912163595369211,False
terminal_hold,15625,83.777316,,False,,55.849315068493155,75.75342465753425,55.84931506849315,75.75342465753425,7.105427357601002e-15,1,2224.0,0.8852409521875735,False
terminal_hold,15626,83.782325,,False,,54.567567567567565,78.29729729729729,54.567567567567565,78.29729729729729,0.0,1,2206.0,0.8814776344977325,False
terminal_hold,15627,83.787333,,False,,56.09090909090909,79.76136363636364,56.09090909090909,79.76136363636364,0.0,1,2201.5,0.8658152739394172,False
terminal_hold,15628,83.792342,,False,,55.96629213483146,83.10112359550561,55.96629213483146,83.10112359550561,0.0,1,2171.0,0.8756543300570732,False
terminal_hold,15629,83.79735,,False,,56.21052631578947,83.41052631578947,56.21052631578947,83.41052631578947,0.0,1,2168.5,0.8688693345052311,False
terminal_hold,15630,83.802359,,False,,57.30487804878049,82.96341463414635,57.30487804878049,82.96341463414635,0.0,1,2185.5,0.8839313206234611,False
terminal_hold,15631,83.807367,,False,,51.96103896103896,84.6103896103896,51.96103896103896,84.6103896103896,0.0,1,2211.0,0.884893457011056,False
terminal_hold,15632,83.812376,,False,,57.64473684210526,84.46052631578948,57.64473684210526,84.46052631578948,0.0,1,2189.5,0.8890070924650674,False
terminal_hold,15633,83.817385,,False,,55.2962962962963,84.8641975308642,55.2962962962963,84.8641975308642,0.0,1,2164.5,0.8837250269621282,False
terminal_hold,15634,83.822393,,False,,57.21951219512195,84.97560975609755,57.21951219512195,84.97560975609755,0.0,1,2153.0,0.8849294549300529,False
terminal_hold,15635,83.827402,,False,,56.2375,81.7875,56.2375,81.7875,0.0,1,2207.5,0.8844957613569221,False
terminal_hold,15636,83.83241,,False,,54.361111111111114,82.88888888888889,54.361111111111114,82.88888888888889,0.0,1,2195.0,0.8937038261060344,False
terminal_hold,15637,83.837419,,False,,53.721518987341774,82.51898734177215,53.721518987341774,82.51898734177215,0.0,1,2195.0,0.8819022482462041,False
terminal_hold,15638,83.842427,,False,,52.88505747126437,83.33333333333333,52.88505747126437,83.33333333333333,0.0,1,2174.5,0.8679067733312024,False
terminal_hold,15639,83.847436,,False,,52.932432432432435,87.17567567567568,52.932432432432435,87.17567567567568,0.0,1,2159.5,0.8851427896285098,False
terminal_hold,15640,83.852445,,False,,54.63414634146341,84.7560975609756,54.63414634146341,84.7560975609756,0.0,1,2164.0,0.8810820348840018,False
terminal_hold,15641,83.857453,,False,,53.77333333333333,84.16,53.77333333333333,84.16,0.0,1,2194.0,0.8898172417272077,False
terminal_hold,15642,83.862462,,False,,54.45454545454545,80.03030303030302,54.45454545454545,80.03030303030303,1.4210854715202004e-14,1,2186.0,0.898493168190804,False
terminal_hold,15643,83.86747,,False,,56.67045454545455,84.82954545454545,56.67045454545455,84.82954545454545,0.0,1,2164.5,0.8754378109017725,False
terminal_hold,15644,83.872479,,False,,57.888888888888886,78.27160493827162,57.888888888888886,78.27160493827161,1.4210854715202004e-14,1,2214.0,0.8812605522227013,False
terminal_hold,15645,83.877487,,False,,54.71052631578947,82.13157894736844,54.71052631578947,82.13157894736842,1.4210854715202004e-14,1,2169.0,0.8880169444263233,False
terminal_hold,15646,83.882496,,False,,54.3625,83.45,54.3625,83.45,0.0,1,2157.5,0.8808670621553065,False
terminal_hold,15647,83.887505,,False,,53.04054054054054,80.5810810810811,53.04054054054054,80.58108108108108,1.4210854715202004e-14,1,2173.5,0.8873995629166593,False
terminal_hold,15648,83.892513,,False,,54.042857142857144,79.98571428571428,54.042857142857144,79.98571428571428,0.0,1,2195.5,0.8914432869593056,False
terminal_hold,15649,83.897522,,False,,56.54430379746835,81.0126582278481,56.54430379746835,81.0126582278481,0.0,1,2183.0,0.8888179677226322,False
terminal_hold,15650,83.90253,,False,,59.22077922077922,80.51948051948052,59.22077922077922,80.51948051948052,0.0,1,2187.0,0.8869782659821711,False
terminal_hold,15651,83.907539,,False,,55.078947368421055,80.97368421052632,55.078947368421055,80.97368421052632,0.0,1,2178.0,0.886782204347213,False
terminal_hold,15652,83.912547,,False,,58.12820512820513,81.46153846153847,58.12820512820513,81.46153846153847,0.0,1,2167.0,0.8906837630781799,False
terminal_hold,15653,83.917556,,False,,53.82954545454545,78.98863636363636,53.82954545454545,78.98863636363636,0.0,1,2208.5,0.8766753363297709,False
terminal_hold,15654,83.922564,,False,,53.294117647058826,75.08823529411765,53.294117647058826,75.08823529411765,0.0,1,2203.0,0.896961059790286,False
terminal_hold,15655,83.927573,,False,,55.0,77.89189189189189,55.0,77.89189189189189,0.0,1,2151.0,0.8960751874815231,False
terminal_hold,15656,83.932582,,False,,58.62337662337662,77.40259740259741,58.62337662337662,77.40259740259741,0.0,1,2197.5,0.888784752720227,False
terminal_hold,15657,83.93759,,False,,53.48648648648648,82.62162162162163,53.486486486486484,82.62162162162163,7.105427357601002e-15,1,2153.0,0.8933747629439391,False
terminal_hold,15658,83.942599,,False,,55.0,78.19444444444444,55.0,78.19444444444444,0.0,1,2161.0,0.8917141415154193,False
terminal_hold,15659,83.947607,,False,,52.3875,83.8625,52.3875,83.8625,0.0,1,2161.5,0.8825001876471357,False
terminal_hold,15660,83.952616,,False,,54.27906976744186,82.18604651162791,54.27906976744186,82.18604651162791,0.0,1,2199.5,0.8731027310783196,False
terminal_hold,15661,83.957624,,False,,55.88461538461539,83.65384615384616,55.88461538461539,83.65384615384616,0.0,1,2149.5,0.8894404530678776,False
terminal_hold,15662,83.962633,,False,,55.95945945945946,85.22972972972973,55.95945945945946,85.22972972972973,0.0,1,2167.5,0.8968886523780722,False
terminal_hold,15663,83.967642,,False,,53.684210526315795,83.02631578947368,53.68421052631579,83.02631578947368,7.105427357601002e-15,1,2171.0,0.8839321226010503,False
terminal_hold,15664,83.97265,,False,,52.5,83.0813953488372,52.5,83.0813953488372,0.0,1,2181.5,0.874078143058871,False
terminal_hold,15665,83.977659,,False,,56.337078651685395,83.01123595505618,56.337078651685395,83.01123595505618,0.0,1,2189.5,0.8738937147675401,False
terminal_hold,15666,83.982667,,False,,55.047058823529404,80.49411764705883,55.04705882352941,80.49411764705883,7.105427357601002e-15,1,2158.5,0.8730110948632368,False
terminal_hold,15667,83.987676,,False,,58.72839506172839,80.24691358024691,58.72839506172839,80.24691358024691,0.0,1,2162.5,0.8780442233542152,False
terminal_hold,15668,83.992684,,False,,59.243589743589745,80.85897435897436,59.243589743589745,80.85897435897436,0.0,1,2214.5,0.8873005008444004,False
terminal_hold,15669,83.997693,,False,,60.75,79.53947368421052,60.75,79.53947368421052,0.0,1,2163.5,0.8867823164266944,False
terminal_hold,15670,84.002702,,False,,60.58974358974359,83.56410256410257,60.58974358974359,83.56410256410257,0.0,1,2233.5,0.8797989603496255,False
terminal_hold,15671,84.00771,,False,,62.40277777777778,80.59722222222223,62.40277777777778,80.59722222222223,0.0,1,2217.5,0.8968737989361735,False
terminal_hold,15672,84.012719,,False,,61.0,80.24324324324324,61.0,80.24324324324324,0.0,1,2197.0,0.8945181299755816,False
terminal_hold,15673,84.017727,,False,,62.24285714285714,81.44285714285714,62.24285714285714,81.44285714285714,0.0,1,2234.5,0.8953140548544796,False
terminal_hold,15674,84.022736,,False,,64.98591549295774,80.80281690140845,64.98591549295774,80.80281690140845,0.0,1,2206.0,0.8897712862933037,False
terminal_hold,15675,84.027744,,False,,60.15384615384615,83.51282051282051,60.15384615384615,83.51282051282051,0.0,1,2188.0,0.8873838284526282,False
terminal_hold,15676,84.032753,,False,,58.52808988764045,79.57303370786516,58.52808988764045,79.57303370786516,0.0,1,2190.0,0.879893355739433,False
terminal_hold,15677,84.037761,,False,,56.75,82.25,56.75,82.25,0.0,1,2220.5,0.8862667234683536,False
terminal_hold,15678,84.04277,,False,,58.01111111111111,80.34444444444445,58.01111111111111,80.34444444444445,0.0,1,2217.5,0.8802479345806083,False
terminal_hold,15679,84.047779,,False,,56.21951219512195,79.68292682926831,56.21951219512195,79.6829268292683,1.4210854715202004e-14,1,2216.0,0.8938046889360753,False
terminal_hold,15680,84.052787,,False,,56.63095238095238,78.91666666666667,56.63095238095238,78.91666666666667,0.0,1,2217.5,0.8802479275033978,False
terminal_hold,15681,84.057796,,False,,58.525,79.8,58.525,79.8,0.0,1,2208.0,0.8905779560041255,False
terminal_hold,15682,84.062804,,False,,58.53947368421053,79.5657894736842,58.53947368421053,79.5657894736842,0.0,1,2232.5,0.8945126924668388,False
terminal_hold,15683,84.067813,,False,,60.53012048192771,76.93975903614458,60.53012048192771,76.93975903614458,0.0,1,2217.0,0.8776540419671821,False
terminal_hold,15684,84.072821,,False,,60.75,76.46052631578948,60.75,76.46052631578948,0.0,1,2176.5,0.8921108029651384,False
terminal_hold,15685,84.07783,,False,,57.20512820512821,80.3076923076923,57.205128205128204,80.3076923076923,7.105427357601002e-15,1,2205.0,0.8859200213652408,False
terminal_hold,15686,84.082839,,False,,59.9375,76.9625,59.9375,76.9625,0.0,1,2205.5,0.8836944061937448,False
terminal_hold,15687,84.087847,,False,,65.26744186046511,79.22093023255815,65.26744186046511,79.22093023255815,0.0,1,2185.5,0.8756808498463551,False
terminal_hold,15688,84.092856,,False,,62.77777777777778,79.86111111111111,62.77777777777778,79.86111111111111,0.0,1,2164.0,0.8894506910624594,False
terminal_hold,15689,84.097864,,False,,61.935064935064936,82.27272727272727,61.935064935064936,82.27272727272727,0.0,1,2198.0,0.8831075768529703,False
terminal_hold,15690,84.102873,,False,,57.63529411764706,80.27058823529411,57.63529411764706,80.27058823529411,0.0,1,2169.5,0.877460074267219,False
terminal_hold,15691,84.107881,,False,,59.97530864197531,78.24691358024691,59.97530864197531,78.24691358024691,0.0,1,2182.0,0.8800910838428733,False
terminal_hold,15692,84.11289,,False,,57.09411764705882,81.51764705882351,57.09411764705882,81.51764705882353,1.4210854715202004e-14,1,2174.0,0.8734649123088253,False
terminal_hold,15693,84.117899,,False,,60.44047619047619,80.10714285714286,60.44047619047619,80.10714285714286,0.0,1,2125.5,0.8760560577505547,False
terminal_hold,15694,84.122907,,False,,59.63095238095238,79.76190476190474,59.63095238095238,79.76190476190476,1.4210854715202004e-14,1,2171.5,0.8782689796133976,False
terminal_hold,15695,84.127916,,False,,58.29761904761905,78.86904761904762,58.29761904761905,78.86904761904762,0.0,1,2223.5,0.8826296509887834,False
terminal_hold,15696,84.132924,,False,,60.48571428571429,80.31428571428572,60.48571428571429,80.31428571428572,0.0,1,2211.0,0.9002182812487539,False
terminal_hold,15697,84.137933,,False,,56.8421052631579,80.42105263157895,56.8421052631579,80.42105263157895,0.0,1,2190.0,0.8916680518723995,False
terminal_hold,15698,84.142941,,False,,56.08536585365854,80.20731707317071,56.08536585365854,80.20731707317073,1.4210854715202004e-14,1,2170.5,0.881292478246252,False
terminal_hold,15699,84.14795,,False,,58.13953488372093,79.18604651162791,58.13953488372093,79.18604651162791,0.0,1,2163.0,0.872427600658756,False
terminal_hold,15700,84.152958,,False,,57.975,78.675,57.975,78.675,0.0,1,2188.0,0.8825111314606644,False
terminal_hold,15701,84.157967,,False,,54.945945945945944,81.94594594594595,54.945945945945944,81.94594594594595,0.0,1,2148.0,0.891300040954267,False
terminal_hold,15702,84.162976,,False,,57.054794520547944,80.47945205479452,57.054794520547944,80.47945205479452,0.0,1,2182.5,0.8910740904244527,False
terminal_hold,15703,84.167984,,False,,52.58571428571429,82.92857142857143,52.58571428571429,82.92857142857143,0.0,1,2171.5,0.8985438126726994,False
terminal_hold,15704,84.172993,,False,,56.04444444444445,85.35555555555555,56.044444444444444,85.35555555555555,7.105427357601002e-15,1,2188.0,0.8709115111454157,False
terminal_hold,15705,84.178001,,False,,56.12,88.05333333333333,56.12,88.05333333333333,0.0,1,2130.0,0.8873269087756228,False
terminal_hold,15706,84.18301,,False,,57.72222222222222,86.76388888888889,57.72222222222222,86.76388888888889,0.0,1,2143.5,0.8869577065755877,False
terminal_hold,15707,84.188018,,False,,57.973684210526315,83.52631578947368,57.973684210526315,83.52631578947368,0.0,1,2152.0,0.8929598163434631,False
terminal_hold,15708,84.193027,,False,,57.752941176470586,82.49411764705883,57.752941176470586,82.49411764705883,0.0,1,2171.5,0.8748594186404973,False
terminal_hold,15709,84.198036,,False,,54.64473684210526,82.90789473684211,54.64473684210526,82.90789473684211,0.0,1,2135.5,0.8836473981527007,False
terminal_hold,15710,84.203044,,False,,57.23255813953488,80.0,57.23255813953488,80.0,0.0,1,2182.0,0.871887673987974,False
terminal_hold,15711,84.208053,,False,,56.851351351351354,81.71621621621621,56.851351351351354,81.71621621621621,0.0,1,2195.5,0.8963817531095126,False
terminal_hold,15712,84.213061,,False,,54.32911392405063,80.93670886075948,54.32911392405063,80.9367088607595,1.4210854715202004e-14,1,2190.0,0.8798933616704363,False
terminal_hold,15713,84.21807,,False,,54.56410256410256,84.38461538461539,54.56410256410256,84.38461538461539,0.0,1,2141.0,0.888395433099384,False
terminal_hold,15714,84.223078,,False,,57.53086419753087,84.5925925925926,57.53086419753087,84.5925925925926,0.0,1,2177.5,0.8806956980343893,False
terminal_hold,15715,84.228087,,False,,54.903225806451616,83.87096774193549,54.903225806451616,83.87096774193549,0.0,1,2151.5,0.8701799296826248,False
terminal_hold,15716,84.233096,,False,,54.027397260273965,82.89041095890411,54.02739726027397,82.89041095890411,7.105427357601002e-15,1,2196.0,0.8857378632027509,False
terminal_hold,15717,84.238104,,False,,52.88,84.98666666666668,52.88,84.98666666666666,1.4210854715202004e-14,1,2176.5,0.8886244034109826,False
terminal_hold,15718,84.243113,,False,,54.95774647887324,81.97183098591549,54.95774647887324,81.97183098591549,0.0,1,2197.5,0.8971983109771982,False
terminal_hold,15719,84.248121,,False,,55.03846153846154,80.8076923076923,55.03846153846154,80.8076923076923,0.0,1,2214.5,0.8873005032334952,False
terminal_hold,15720,84.25313,,False,,55.916666666666664,75.38888888888889,55.916666666666664,75.38888888888889,0.0,1,2208.0,0.8905779560041255,False
terminal_hold,15721,84.258138,,False,,55.72058823529411,79.83823529411765,55.720588235294116,79.83823529411765,7.105427357601002e-15,1,2244.5,0.8993208318757018,False
terminal_hold,15722,84.263147,,False,,56.265822784810126,81.65822784810126,56.265822784810126,81.65822784810126,0.0,1,2236.0,0.8865896844073878,False
terminal_hold,15723,84.268156,,False,,53.774647887323944,78.33802816901408,53.774647887323944,78.33802816901408,0.0,1,2226.5,0.8886615055435299,False
terminal_hold,15724,84.273164,,False,,51.31666666666667,80.18333333333334,51.31666666666667,80.18333333333334,0.0,1,2220.5,0.9065887824914076,False
terminal_hold,15725,84.278173,,False,,54.6125,78.2125,54.6125,78.2125,0.0,1,2241.5,0.8863526973078213,False
terminal_hold,15726,84.283181,,False,,54.217948717948715,77.57692307692308,54.217948717948715,77.57692307692308,0.0,1,2248.5,0.8891206923490176,False
terminal_hold,15727,84.28819,,False,,54.8,78.55,54.8,78.55,0.0,1,2253.0,0.8884798476953409,False
terminal_hold,15728,84.293198,,False,,59.345238095238095,77.98809523809526,59.345238095238095,77.98809523809524,1.4210854715202004e-14,1,2233.5,0.8831892726889723,False
terminal_hold,15729,84.298207,,False,,55.42168674698795,79.1566265060241,55.42168674698795,79.1566265060241,0.0,1,2219.5,0.8810418329749172,False
terminal_hold,15730,84.303215,,False,,55.82222222222222,81.37777777777778,55.82222222222222,81.37777777777778,0.0,1,2214.0,0.8697530013097632,False
terminal_hold,15731,84.308224,,False,,56.77906976744186,79.03488372093024,56.77906976744186,79.03488372093024,0.0,1,2215.5,0.8842710814669826,False
terminal_hold,15732,84.313233,,False,,58.55,79.05,58.55,79.05,0.0,1,2188.0,0.8873838272506993,False
terminal_hold,15733,84.318241,,False,,56.86585365853659,81.09756097560977,56.86585365853659,81.09756097560975,1.4210854715202004e-14,1,2159.0,0.8756223378653413,False
terminal_hold,15734,84.32325,,False,,54.56521739130435,81.04347826086956,54.56521739130435,81.04347826086956,0.0,1,2185.0,0.8778844703498659,False
terminal_hold,15735,84.328258,,False,,61.125,81.375,61.125,81.375,0.0,1,2181.5,0.8823135063442905,False
terminal_hold,15736,84.333267,,False,,59.21951219512195,82.41463414634147,59.21951219512195,82.41463414634147,0.0,1,2187.0,0.8786880211908308,False
terminal_hold,15737,84.338275,,False,,60.75675675675676,77.78378378378379,60.75675675675676,77.78378378378379,0.0,1,2212.0,0.8887324622831608,False
terminal_hold,15738,84.343284,,False,,60.86842105263158,78.39473684210526,60.86842105263158,78.39473684210526,0.0,1,2188.0,0.8908537455671995,False
terminal_hold,15739,84.348293,,False,,58.455882352941174,82.22058823529412,58.455882352941174,82.22058823529412,0.0,1,2183.5,0.8949799866422095,False
terminal_hold,15740,84.353301,,False,,60.80555555555556,79.33333333333333,60.80555555555556,79.33333333333333,0.0,1,2169.0,0.8915058062374583,False
terminal_hold,15741,84.35831,,False,,68.5,81.98717948717949,68.5,81.98717948717949,0.0,1,2182.5,0.8744788241717782,False
terminal_hold,15742,84.363318,,False,,66.04651162790698,82.6046511627907,66.04651162790698,82.6046511627907,0.0,1,2186.0,0.8817044497160959,False
terminal_hold,15743,84.368327,,False,,66.3048780487805,84.20731707317071,66.3048780487805,84.20731707317073,1.4210854715202004e-14,1,2137.5,0.8810020328792947,False
terminal_hold,15744,84.373335,,False,,65.27631578947368,85.5657894736842,65.27631578947368,85.5657894736842,0.0,1,2132.5,0.8908557621934887,False
terminal_hold,15745,84.378344,,False,,66.3375,86.9125,66.3375,86.9125,0.0,1,2130.5,0.890020252430458,False
terminal_hold,15746,84.383353,,False,,63.9054054054054,84.83783783783784,63.9054054054054,84.83783783783784,0.0,1,2195.0,0.8902228138229838,False
terminal_hold,15747,84.388361,,False,,61.775,86.6,61.775,86.6,0.0,1,2161.0,0.879860578968618,False
terminal_hold,15748,84.39337,,False,,62.57142857142857,86.94285714285714,62.57142857142857,86.94285714285714,0.0,1,2147.0,0.8944088557185498,False
terminal_hold,15749,84.398378,,False,,64.91891891891892,85.48648648648648,64.91891891891892,85.48648648648648,0.0,1,2151.0,0.8875877529489856,False
terminal_hold,15750,84.403387,,False,,63.76315789473684,85.71052631578948,63.76315789473684,85.71052631578948,0.0,1,2173.0,0.884746427725445,False
terminal_hold,15751,84.408395,,False,,64.77380952380952,87.89285714285714,64.77380952380952,87.89285714285714,0.0,1,2207.5,0.8844957637384653,False
terminal_hold,15752,84.413404,,False,,67.26027397260275,83.1917808219178,67.26027397260275,83.1917808219178,0.0,1,2146.0,0.8855245429127232,False
terminal_hold,15753,84.418412,,False,,64.3970588235294,87.51470588235294,64.3970588235294,87.51470588235294,0.0,1,2157.5,0.8927507651164452,False
terminal_hold,15754,84.423421,,False,,63.13924050632912,82.25316455696202,63.139240506329116,82.25316455696202,7.105427357601002e-15,1,2175.5,0.8798867938761563,False
terminal_hold,15755,84.42843,,False,,66.77941176470588,76.80882352941178,66.77941176470588,76.80882352941177,1.4210854715202004e-14,1,2219.5,0.8941977838068172,False
terminal_hold,15756,84.433438,,False,,60.56818181818182,79.75,60.56818181818182,79.75,0.0,1,2228.0,0.8786209874842265,False
terminal_hold,15757,84.438447,,False,,59.20512820512821,79.7948717948718,59.205128205128204,79.7948717948718,7.105427357601002e-15,1,2256.0,0.8896629088875216,False
terminal_hold,15758,84.443455,,False,,58.6375,80.075,58.6375,80.075,0.0,1,2231.0,0.8798040533803804,False
terminal_hold,15759,84.448464,,False,,58.34615384615385,79.78205128205128,58.34615384615385,79.78205128205128,0.0,1,2194.5,0.8875713934955074,False
terminal_hold,15760,84.453472,,False,,56.19047619047619,79.21428571428571,56.19047619047619,79.21428571428571,0.0,1,2246.0,0.8775553544813784,False
terminal_hold,15761,84.458481,,False,,59.93181818181818,81.70454545454545,59.93181818181818,81.70454545454545,0.0,1,2187.0,0.8786880211908308,False
terminal_hold,15762,84.46349,,False,,58.33720930232558,81.01162790697674,58.33720930232558,81.01162790697674,0.0,1,2228.5,0.8812121296418508,False
terminal_hold,15763,84.468498,,False,,55.253012048192765,81.43373493975903,55.25301204819277,81.43373493975903,7.105427357601002e-15,1,2206.5,0.880678914923727,False
terminal_hold,15764,84.473507,,False,,56.65853658536586,82.58536585365853,56.65853658536585,82.58536585365853,7.105427357601002e-15,1,2237.0,0.8904154745314852,False
terminal_hold,15765,84.478515,,False,,54.047058823529404,79.18823529411765,54.04705882352941,79.18823529411765,7.105427357601002e-15,1,2198.5,0.8727057865083471,False
terminal_hold,15766,84.483524,,False,,55.070422535211264,78.19718309859155,55.070422535211264,78.19718309859155,0.0,1,2226.0,0.8943573609305518,False
terminal_hold,15767,84.488532,,False,,56.611111111111114,77.72222222222223,56.611111111111114,77.72222222222223,0.0,1,2302.0,0.8911832159920454,False
terminal_hold,15768,84.493541,,False,,55.88297872340426,78.75531914893617,55.88297872340426,78.75531914893617,0.0,1,2255.5,0.8755381640018417,False
terminal_hold,15769,84.49855,,False,,57.56410256410256,77.71794871794872,57.56410256410256,77.71794871794872,0.0,1,2280.0,0.8874404921911107,False
terminal_hold,15770,84.503558,,False,,54.32142857142857,77.70238095238095,54.32142857142857,77.70238095238095,0.0,1,2260.5,0.8856155975911987,False
terminal_hold,15771,84.508567,,False,,54.973684210526315,78.13157894736844,54.973684210526315,78.13157894736842,1.4210854715202004e-14,1,2253.0,0.8967841096790334,False
terminal_hold,15772,84.513575,,False,,53.16455696202531,80.9113924050633,53.164556962025316,80.9113924050633,7.105427357601002e-15,1,2224.0,0.8852409605024931,False
terminal_hold,15773,84.518584,,False,,53.33870967741935,82.69354838709677,53.33870967741935,82.69354838709677,0.0,1,2233.5,0.9033450502323876,False
terminal_hold,15774,84.523592,,False,,54.845238095238095,80.51190476190474,54.845238095238095,80.51190476190476,1.4210854715202004e-14,1,2212.5,0.8796680462589606,False
terminal_hold,15775,84.528601,,False,,53.15714285714286,80.21428571428571,53.15714285714286,80.21428571428571,0.0,1,2216.5,0.8964693438395986,False
terminal_hold,15776,84.53361,,False,,49.9625,80.2375,49.9625,80.2375,0.0,1,2230.5,0.885408341390946,False
terminal_hold,15777,84.538618,,False,,55.1219512195122,79.2439024390244,55.1219512195122,79.2439024390244,0.0,1,2233.0,0.8805927581024585,False
terminal_hold,15778,84.543627,,False,,56.57142857142857,80.22077922077922,56.57142857142857,80.22077922077922,0.0,1,2217.5,0.8850693389836489,False
terminal_hold,15779,84.548635,,False,,55.93589743589744,76.11538461538461,55.93589743589744,76.11538461538461,0.0,1,2218.5,0.8889032171478075,False
terminal_hold,15780,84.553644,,False,,58.61797752808989,76.08988764044943,58.61797752808989,76.08988764044943,0.0,1,2268.5,0.8725311744343076,False
terminal_hold,15781,84.558652,,False,,59.02325581395349,78.20930232558139,59.02325581395349,78.20930232558139,0.0,1,2240.0,0.883353232248736,False
terminal_hold,15782,84.563661,,False,,54.51948051948052,77.51948051948052,54.51948051948052,77.51948051948052,0.0,1,2196.5,0.8883802928357633,False
terminal_hold,15783,84.568669,,False,,53.79347826086956,81.29347826086956,53.79347826086956,81.29347826086956,0.0,1,2208.5,0.8652431087282293,False
terminal_hold,15784,84.573678,,False,,53.38461538461539,80.33333333333333,53.38461538461539,80.33333333333333,0.0,1,2168.0,0.8876075313583535,False
terminal_hold,15785,84.578687,,False,,53.714285714285715,81.68571428571428,53.714285714285715,81.68571428571428,0.0,1,2229.0,0.8955626870571295,False
terminal_hold,15786,84.583695,,False,,55.92592592592592,84.62962962962963,55.925925925925924,84.62962962962963,7.105427357601002e-15,1,2211.5,0.882674559311085,False
terminal_hold,15787,84.588704,,False,,55.59550561797753,84.0561797752809,55.59550561797753,84.0561797752809,0.0,1,2192.5,0.8750911051732359,False
terminal_hold,15788,84.593712,,False,,59.01149425287356,84.816091954023,59.01149425287356,84.816091954023,0.0,1,2163.5,0.8750333605958214,False
terminal_hold,15789,84.598721,,False,,57.054054054054056,81.78378378378379,57.054054054054056,81.78378378378379,0.0,1,2231.0,0.8963662377973485,False
terminal_hold,15790,84.603729,,False,,56.6986301369863,78.05479452054793,56.6986301369863,78.05479452054794,1.4210854715202004e-14,1,2225.0,0.8939555759094272,False
terminal_hold,15791,84.608738,,False,,59.25609756097561,81.34146341463415,59.25609756097561,81.34146341463415,0.0,1,2233.5,0.8784003675608061,False
terminal_hold,15792,84.613747,,False,,62.69230769230769,82.48717948717949,62.69230769230769,82.48717948717949,0.0,1,2197.0,0.8910339471625686,False
terminal_hold,15793,84.618755,,False,,63.4375,82.6875,63.4375,82.6875,0.0,1,2186.0,0.8984931669656738,False
terminal_hold,15794,84.623764,,False,,64.56164383561644,80.4109589041096,64.56164383561644,80.41095890410959,1.4210854715202004e-14,1,2223.0,0.893152020335576,False
terminal_hold,15795,84.628772,,False,,65.78947368421052,84.84210526315789,65.78947368421052,84.84210526315789,0.0,1,2172.0,0.8927388588035359,False
terminal_hold,15796,84.633781,,False,,67.71794871794872,84.07692307692308,67.71794871794872,84.07692307692308,0.0,1,2215.0,0.8899377968404295,False
terminal_hold,15797,84.638789,,False,,66.89473684210526,86.8157894736842,66.89473684210526,86.8157894736842,0.0,1,2203.0,0.8934673580332901,False
terminal_hold,15798,84.643798,,False,,63.98780487804878,80.64634146341463,63.98780487804878,80.64634146341463,0.0,1,2234.5,0.8754293519943096,False
terminal_hold,15799,84.648807,,False,,67.1029411764706,80.04411764705883,67.1029411764706,80.04411764705883,0.0,1,2275.5,0.8914922711369617,False
terminal_hold,15800,84.653815,,False,,63.60526315789474,78.76315789473684,63.60526315789474,78.76315789473684,0.0,1,2258.0,0.8870380619257198,False
terminal_hold,15801,84.658824,,False,,64.15625,78.71875,64.15625,78.71875,0.0,1,2261.0,0.899968433265208,False
terminal_hold,15802,84.663832,,False,,61.435483870967744,79.33870967741936,61.435483870967744,79.33870967741936,0.0,1,2275.5,0.8997972511474229,False
terminal_hold,15803,84.668841,,False,,64.88157894736842,80.38157894736844,64.88157894736842,80.38157894736842,1.4210854715202004e-14,1,2276.5,0.8918840604521195,False
terminal_hold,15804,84.673849,,False,,62.890243902439025,79.28048780487805,62.890243902439025,79.28048780487805,0.0,1,2257.5,0.8763145154154217,False
terminal_hold,15805,84.678858,,False,,62.684210526315795,79.52631578947368,62.68421052631579,79.52631578947368,7.105427357601002e-15,1,2252.0,0.8846810089103727,False
terminal_hold,15806,84.683866,,False,,64.82857142857142,81.74285714285715,64.82857142857142,81.74285714285715,0.0,1,2252.0,0.8963860660752128,False
terminal_hold,15807,84.688875,,False,,66.34482758620689,80.0,66.34482758620689,80.0,0.0,1,2250.0,0.8757636494198914,False
terminal_hold,15808,84.693884,,False,,65.0632911392405,79.93670886075948,65.0632911392405,79.9367088607595,1.4210854715202004e-14,1,2264.5,0.8871827097570176,False
terminal_hold,15809,84.698892,,False,,62.935064935064936,79.57142857142857,62.935064935064936,79.57142857142857,0.0,1,2268.5,0.8853539117585395,False
terminal_hold,15810,84.703901,,False,,63.71084337349398,81.89156626506023,63.71084337349398,81.89156626506023,0.0,1,2260.0,0.8796559288045623,False
terminal_hold,15811,84.708909,,False,,66.21686746987952,81.5421686746988,66.21686746987952,81.5421686746988,0.0,1,2260.5,0.8822316585982714,False
terminal_hold,15812,84.713918,,False,,67.26506024096386,81.16867469879519,67.26506024096386,81.16867469879519,0.0,1,2245.0,0.8819311111706115,False
terminal_hold,15813,84.718926,,False,,66.72093023255815,81.83720930232556,66.72093023255815,81.83720930232558,1.4210854715202004e-14,1,2244.0,0.881538268804834,False
terminal_hold,15814,84.723935,,False,,67.75903614457832,84.75903614457832,67.75903614457832,84.75903614457832,0.0,1,2215.0,0.8782630418078688,False
terminal_hold,15815,84.728944,,False,,66.26388888888889,86.65277777777777,66.26388888888889,86.65277777777777,0.0,1,2228.5,0.9013227758838463,False
terminal_hold,15816,84.733952,,False,,65.16091954022988,82.74712643678161,65.16091954022988,82.74712643678161,0.0,1,2225.0,0.8740742650202394,False
terminal_hold,15817,84.738961,,False,,67.28395061728395,84.1604938271605,67.28395061728395,84.1604938271605,0.0,1,2212.5,0.8830736922215663,False
terminal_hold,15818,84.743969,,False,,66.925,81.875,66.925,81.875,0.0,1,2256.0,0.8945198270932226,False
terminal_hold,15819,84.748978,,False,,65.46153846153847,79.05494505494505,65.46153846153847,79.05494505494505,0.0,1,2277.5,0.8726762571556202,False
terminal_hold,15820,84.753986,,False,,64.8125,77.8625,64.8125,77.8625,0.0,1,2285.5,0.8919886961685753,False
terminal_hold,15821,84.758995,,False,,65.3875,77.7625,65.3875,77.7625,0.0,1,2299.5,0.8892230085828806,False
terminal_hold,15822,84.764004,,False,,63.67605633802817,78.30985915492958,63.67605633802817,78.30985915492958,0.0,1,2294.0,0.888086139042144,False
terminal_hold,15823,84.769012,,False,,63.544117647058826,79.36764705882354,63.544117647058826,79.36764705882354,0.0,1,2260.5,0.8973169858509038,False
terminal_hold,15824,84.774021,,False,,65.45,79.5,65.45,79.5,0.0,1,2290.0,0.88317022742381,False
terminal_hold,15825,84.779029,,False,,67.0,77.03896103896103,67.0,77.03896103896103,0.0,1,2260.0,0.8830254223024387,False
terminal_hold,15826,84.784038,,False,,63.39473684210526,77.3157894736842,63.39473684210526,77.3157894736842,0.0,1,2277.0,0.886272812036937,False
terminal_hold,15827,84.789046,,False,,62.34782608695652,81.02173913043478,62.34782608695652,81.02173913043478,0.0,1,2292.0,0.8725781050692463,False
terminal_hold,15828,84.794055,,False,,64.21111111111111,81.54444444444445,64.21111111111111,81.54444444444445,0.0,1,2305.5,0.8753778842412878,False
terminal_hold,15829,84.799064,,False,,63.82051282051282,79.48717948717949,63.82051282051282,79.48717948717949,0.0,1,2283.0,0.8886081829447164,False
terminal_hold,15830,84.804072,,False,,62.76623376623377,78.85714285714286,62.76623376623377,78.85714285714286,0.0,1,2332.0,0.8878063349297313,False
terminal_hold,15831,84.809081,,False,,63.573170731707314,78.5,63.573170731707314,78.5,0.0,1,2278.5,0.8844662783495186,False
terminal_hold,15832,84.814089,,False,,64.69444444444444,80.22222222222223,64.69444444444444,80.22222222222223,0.0,1,2331.0,0.8989824395324739,False
terminal_hold,15833,84.819098,,False,,64.84722222222223,79.81944444444444,64.84722222222223,79.81944444444444,0.0,1,2309.5,0.8930900385972805,False
terminal_hold,15834,84.824106,,False,,63.763888888888886,76.95833333333333,63.763888888888886,76.95833333333333,0.0,1,2297.5,0.8918416970903787,False
terminal_hold,15835,84.829115,,False,,64.81944444444444,77.81944444444444,64.81944444444444,77.81944444444444,0.0,1,2280.5,0.893451171420198,False
terminal_hold,15836,84.834123,,False,,62.91025641025641,80.55128205128206,62.91025641025641,80.55128205128206,0.0,1,2234.5,0.8869961534544767,False
terminal_hold,15837,84.839132,,False,,66.9438202247191,80.1685393258427,66.9438202247191,80.1685393258427,0.0,1,2286.5,0.8761248143197833,False
terminal_hold,15838,84.844141,,False,,68.0609756097561,78.2560975609756,68.0609756097561,78.2560975609756,0.0,1,2316.5,0.8842657487977807,False
terminal_hold,15839,84.849149,,False,,65.0,80.07058823529412,65.0,80.07058823529412,0.0,1,2252.5,0.8824813720597341,False
terminal_hold,15840,84.854158,,False,,68.97777777777777,82.44444444444444,68.97777777777777,82.44444444444444,0.0,1,2284.0,0.8775167826527591,False
terminal_hold,15841,84.859166,,False,,70.8974358974359,82.46153846153847,70.8974358974359,82.46153846153847,0.0,1,2281.0,0.8912305245991758,False
terminal_hold,15842,84.864175,,False,,66.625,86.925,66.625,86.925,0.0,1,2307.0,0.897949660680375,False
terminal_hold,15843,84.869183,,False,,64.89024390243902,86.03658536585365,64.89024390243902,86.03658536585365,0.0,1,2329.5,0.8926012356883326,False
terminal_hold,15844,84.874192,,False,,67.46052631578948,86.11842105263156,67.46052631578948,86.11842105263158,1.4210854715202004e-14,1,2279.5,0.8930593892210739,False
terminal_hold,15845,84.879201,,False,,65.13513513513513,85.16216216216216,65.13513513513513,85.16216216216216,0.0,1,2313.0,0.9002850316036484,False
terminal_hold,15846,84.884209,,False,,70.1829268292683,84.01219512195122,70.1829268292683,84.01219512195122,0.0,1,2309.5,0.884937788473106,False
terminal_hold,15847,84.889218,,False,,70.85714285714286,80.26190476190474,70.85714285714286,80.26190476190476,1.4210854715202004e-14,1,2295.0,0.8817430041584678,False
terminal_hold,15848,84.894226,,False,,73.65384615384616,78.85897435897436,73.65384615384616,78.85897435897436,0.0,1,2312.5,0.8942501468959564,False
terminal_hold,15849,84.899235,,False,,78.16867469879519,77.92771084337349,78.16867469879519,77.92771084337349,0.0,1,2283.5,0.8864071731116231,False
terminal_hold,15850,84.904243,,False,,75.5,79.92105263157895,75.5,79.92105263157895,0.0,1,2318.0,0.8905796360689203,False
terminal_hold,15851,84.909252,,False,,74.6,85.37142857142857,74.6,85.37142857142857,0.0,1,2305.0,0.8971712017232373,False
terminal_hold,15852,84.914261,,False,,73.62121212121212,86.31818181818181,73.62121212121212,86.31818181818181,0.0,1,2319.5,0.9003816214510657,False
terminal_hold,15853,84.919269,,False,,73.82716049382717,83.48148148148148,73.82716049382717,83.48148148148148,0.0,1,2332.5,0.8856295468855241,False
terminal_hold,15854,84.924278,,False,,75.0609756097561,83.79268292682929,75.0609756097561,83.79268292682927,1.4210854715202004e-14,1,2333.5,0.8907550710590006,False
terminal_hold,15855,84.929286,,False,,73.70786516853933,83.82022471910112,73.70786516853933,83.82022471910112,0.0,1,2361.5,0.881893955570816,False
terminal_hold,15856,84.934295,,False,,73.85393258426966,80.71910112359551,73.85393258426966,80.71910112359551,0.0,1,2354.5,0.8746460110586043,False
terminal_hold,15857,84.939303,,False,,76.53246753246754,79.96103896103897,76.53246753246754,79.96103896103897,0.0,1,2362.0,0.8830480583753376,False
terminal_hold,15858,84.944312,,False,,72.29885057471265,80.77011494252874,72.29885057471265,80.77011494252874,0.0,1,2332.5,0.8776185236870241,False
terminal_hold,15859,84.94932,,False,,72.3132530120482,74.86746987951807,72.3132530120482,74.86746987951807,0.0,1,2343.5,0.8864589113362643,False
terminal_hold,15860,84.954329,,False,,71.69117647058823,78.95588235294117,71.69117647058823,78.95588235294117,0.0,1,2324.5,0.9023225281411134,False
terminal_hold,15861,84.959338,6.0,True,0.0,76.07142857142857,76.76190476190474,76.07142857142857,76.76190476190476,1.4210854715202004e-14,1,2319.0,0.8909638448574614,False
terminal_hold,15862,84.964346,,True,0.0,75.1046511627907,76.33720930232556,75.1046511627907,76.33720930232558,1.4210854715202004e-14,1,2316.5,0.8795544889004572,False
terminal_hold,15863,84.969355,,True,0.0,76.01136363636364,74.9659090909091,76.01136363636364,74.9659090909091,0.0,1,2336.0,0.8733277957809776,False
terminal_hold,15864,84.974363,,True,0.0,76.9125,77.5875,76.9125,77.5875,0.0,1,2345.5,0.890565532665513,False
terminal_hold,15865,84.979372,,True,0.0,77.97727272727273,76.9090909090909,77.97727272727273,76.9090909090909,0.0,1,2355.0,0.8804310566634771,False
terminal_hold,15866,84.98438,,True,0.0,76.77631578947368,76.88157894736844,76.77631578947368,76.88157894736842,1.4210854715202004e-14,1,2307.5,0.8923166259838391,False
terminal_hold,15867,84.989389,,True,0.0,79.33823529411765,74.04411764705883,79.33823529411765,74.04411764705883,0.0,1,2314.5,0.9067716413038717,False
terminal_hold,15868,84.994398,,True,0.0,79.15294117647059,76.6,79.15294117647059,76.6,0.0,1,2332.0,0.883082503230432,False
terminal_hold,15869,84.999406,7.0,True,0.0,74.5657894736842,73.38157894736844,74.5657894736842,73.38157894736842,1.4210854715202004e-14,1,2324.5,0.8906853794714912,False
terminal_hold,15870,85.004415,,True,0.0,77.12820512820512,75.66666666666667,77.12820512820512,75.66666666666667,0.0,1,2323.0,0.8877301771870372,False
terminal_hold,15871,85.009423,,True,0.0,71.69736842105263,75.35526315789474,71.69736842105263,75.35526315789474,0.0,1,2317.5,0.8880031715897048,False
terminal_hold,15872,85.014432,,True,0.0,75.625,75.18055555555556,75.625,75.18055555555556,0.0,1,2329.5,0.9008240879647011,False
terminal_hold,15873,85.01944,,True,0.0,73.92134831460675,75.20224719101124,73.92134831460675,75.20224719101124,0.0,1,2328.0,0.8749627282237198,False
terminal_hold,15874,85.024449,,True,0.0,76.63333333333334,70.27777777777777,76.63333333333334,70.27777777777777,0.0,1,2337.5,0.876206292968594,False
terminal_hold,15875,85.029458,,True,0.0,73.80246913580247,68.37037037037037,73.80246913580247,68.37037037037037,0.0,1,2291.0,0.8835558924455877,False
terminal_hold,15876,85.034466,,True,0.0,69.88461538461539,66.91025641025641,69.88461538461539,66.91025641025641,0.0,1,2292.5,0.8899007928683234,False
terminal_hold,15877,85.039475,8.0,True,0.0,75.12820512820512,68.17948717948718,75.12820512820512,68.17948717948718,0.0,1,2238.0,0.8908135145290407,False
terminal_hold,15878,85.044483,,True,0.0,72.79166666666667,68.04166666666667,72.79166666666667,68.04166666666667,0.0,1,2279.5,0.8930593915988221,False
terminal_hold,15879,85.049492,,True,0.0,68.79411764705883,71.02941176470588,68.79411764705883,71.02941176470588,0.0,1,2237.0,0.89877691177585,False
terminal_hold,15880,85.0545,,True,0.0,67.44444444444444,69.0,67.44444444444444,69.0,0.0,1,2240.0,0.903484882902736,False
terminal_hold,15881,85.059509,,True,0.0,65.39285714285714,68.1547619047619,65.39285714285714,68.1547619047619,0.0,1,2288.5,0.8883480678685839,False
terminal_hold,15882,85.064517,,True,0.0,65.26923076923077,69.3974358974359,65.26923076923077,69.3974358974359,0.0,1,2281.5,0.8938429476728653,False
terminal_hold,15883,85.069526,,True,0.0,65.26829268292683,67.90243902439025,65.26829268292683,67.90243902439025,0.0,1,2279.0,0.88705126743614,False
terminal_hold,15884,85.074535,,True,0.0,63.916666666666664,67.75,63.916666666666664,67.75,0.0,1,2274.0,0.8967612819628407,False
terminal_hold,15885,85.079543,9.0,True,0.0,63.621212121212125,67.89393939393939,63.621212121212125,67.89393939393939,0.0,1,2275.5,0.9032713182853904,False
terminal_hold,15886,85.084552,,True,0.0,61.054054054054056,68.4054054054054,61.054054054054056,68.4054054054054,0.0,1,2263.0,0.8924233806199251,False
terminal_hold,15887,85.08956,,True,0.0,59.390243902439025,67.46341463414635,59.390243902439025,67.46341463414635,0.0,1,2210.0,0.8879289114996104,False
terminal_hold,15888,85.094569,,True,0.0,57.18987341772152,67.17721518987342,57.18987341772152,67.17721518987342,0.0,1,2221.5,0.8901052427058694,False
terminal_hold,15889,85.099577,,True,0.0,57.98837209302326,65.1046511627907,57.98837209302326,65.1046511627907,0.0,1,2260.5,0.8856156023070575,False
terminal_hold,15890,85.104586,,True,0.0,55.11842105263158,65.88157894736842,55.11842105263158,65.88157894736842,0.0,1,2280.5,0.8934511654732197,False
terminal_hold,15891,85.109595,,True,0.0,53.861111111111114,67.80555555555556,53.861111111111114,67.80555555555556,0.0,1,2269.0,0.8996744158856722,False
terminal_hold,15892,85.114603,,True,0.0,52.9625,75.4625,52.9625,75.4625,0.0,1,2292.5,0.8865160903989574,False
terminal_hold,15893,85.119612,10.0,True,0.0,59.23529411764706,81.74117647058823,59.23529411764706,81.74117647058823,0.0,1,2302.0,0.8844324175375363,False
terminal_hold,15894,85.12462,,False,,56.36904761904762,79.79761904761905,56.36904761904762,79.79761904761905,0.0,1,2305.5,0.8834050957517726,False
terminal_hold,15895,85.129629,,False,,58.92134831460674,81.9438202247191,58.92134831460674,81.9438202247191,0.0,1,2343.5,0.878455371777077,False
terminal_hold,15896,85.134637,,False,,57.33720930232558,84.40697674418605,57.33720930232558,84.40697674418605,0.0,1,2318.5,0.8803138642264698,False
terminal_hold,15897,85.139646,,False,,59.54430379746835,86.88607594936708,59.54430379746835,86.88607594936708,0.0,1,2322.0,0.8839992879351611,False
terminal_hold,15898,85.144655,,False,,60.76315789473684,85.73684210526316,60.76315789473684,85.73684210526316,0.0,1,2343.0,0.8919941100249756,False
terminal_hold,15899,85.149663,,False,,65.85106382978724,80.61702127659575,65.85106382978724,80.61702127659575,0.0,1,2323.0,0.8763696578564376,False
terminal_hold,15900,85.154672,,False,,68.97560975609755,83.07317073170732,68.97560975609755,83.07317073170732,0.0,1,2306.0,0.8859692256864624,False
terminal_hold,15901,85.15968,,False,,71.14473684210526,83.5657894736842,71.14473684210526,83.5657894736842,0.0,1,2328.5,0.8922180628032979,False
terminal_hold,15902,85.164689,,False,,76.84210526315789,78.44736842105263,76.84210526315789,78.44736842105263,0.0,1,2352.0,0.8954204638406926,False
terminal_hold,15903,85.169697,,False,,77.8529411764706,81.79411764705883,77.8529411764706,81.79411764705883,0.0,1,2354.0,0.9044109047130451,False
terminal_hold,15904,85.174706,,False,,76.0,83.5,76.0,83.5,0.0,1,2361.0,0.8793793259190074,False
terminal_hold,15905,85.179715,,False,,74.75903614457832,77.92771084337349,74.75903614457832,77.92771084337349,0.0,1,2385.0,0.880359391600206,False
terminal_hold,15906,85.184723,,False,,78.225,76.8,78.225,76.8,0.0,1,2383.0,0.8908990279224877,False
terminal_hold,15907,85.189732,,False,,75.32,66.64,75.32,66.64,0.0,1,2326.0,0.8888766205003117,False
terminal_hold,15908,85.19474,,False,,72.38271604938272,65.67901234567901,72.38271604938272,65.67901234567901,0.0,1,2344.5,0.878830221674859,False
terminal_hold,15909,85.199749,,False,,70.48529411764706,58.48529411764706,70.48529411764706,58.48529411764706,0.0,1,2337.5,0.8956666293812017,False
terminal_hold,15910,85.204757,,False,,66.66666666666667,60.22222222222222,66.66666666666667,60.22222222222222,0.0,1,2286.0,0.8849890691353969,False
terminal_hold,15911,85.209766,,False,,58.47142857142857,58.84285714285714,58.47142857142857,58.84285714285714,0.0,1,2302.5,0.9020703001343663,False
terminal_hold,15912,85.214774,,False,,59.89473684210526,64.13157894736842,59.89473684210526,64.13157894736842,0.0,1,2316.0,0.8931974793896402,False
terminal_hold,15913,85.219783,,False,,53.19318181818182,69.07954545454545,53.19318181818182,69.07954545454545,0.0,1,2300.5,0.8781581479659364,False
terminal_hold,15914,85.224792,,False,,55.0625,67.0625,55.0625,67.0625,0.0,1,2278.5,0.8892567234826825,False
terminal_hold,15915,85.2298,,False,,54.934210526315795,70.35526315789474,54.93421052631579,70.35526315789474,7.105427357601002e-15,1,2306.5,0.891929929118951,False
terminal_hold,15916,85.234809,,False,,56.9390243902439,69.53658536585365,56.9390243902439,69.53658536585365,0.0,1,2309.5,0.8768966464351569,False
terminal_hold,15917,85.239817,,False,,55.39473684210526,72.02631578947368,55.39473684210526,72.02631578947368,0.0,1,2313.0,0.8920404901924548,False
terminal_hold,15918,85.244826,,False,,55.48809523809524,72.97619047619048,55.48809523809524,72.97619047619048,0.0,1,2300.5,0.8734794297706603,False
terminal_hold,15919,85.249834,,False,,54.0,74.63157894736844,54.0,74.63157894736842,1.4210854715202004e-14,1,2277.0,0.8945020609134425,False
terminal_hold,15920,85.254843,,False,,52.9125,75.3375,52.9125,75.3375,0.0,1,2294.5,0.8906771477074126,False
terminal_hold,15921,85.259852,,False,,53.18181818181818,78.03030303030302,53.18181818181818,78.03030303030303,1.4210854715202004e-14,1,2317.0,0.9018419483481279,False
terminal_hold,15922,85.26486,,False,,58.083333333333336,78.75,58.083333333333336,78.75,0.0,1,2352.0,0.8954204697159518,False
terminal_hold,15923,85.269869,,False,,59.125,85.3,59.125,85.3,0.0,1,2335.0,0.8923159492488539,False
terminal_hold,15924,85.274877,,False,,61.82432432432432,86.9054054054054,61.82432432432432,86.9054054054054,0.0,1,2335.5,0.8949002788893804,False
terminal_hold,15925,85.279886,,False,,69.01282051282051,85.85897435897436,69.01282051282051,85.85897435897436,0.0,1,2348.5,0.8998815264276214,False
terminal_hold,15926,85.284894,,False,,75.88607594936708,81.32911392405062,75.88607594936708,81.32911392405063,1.4210854715202004e-14,1,2372.0,0.8914998209743921,False
terminal_hold,15927,85.289903,,False,,76.5,77.65384615384616,76.5,77.65384615384616,0.0,1,2417.5,0.8947075376629751,False
terminal_hold,15928,85.294912,,False,,75.8048780487805,79.07317073170732,75.8048780487805,79.07317073170732,0.0,1,2400.0,0.8892005819406488,False
terminal_hold,15929,85.29992,,False,,76.78048780487805,65.4390243902439,76.78048780487805,65.4390243902439,0.0,1,2362.0,0.8830480526336213,False
terminal_hold,15930,85.304929,,False,,72.55128205128206,67.1923076923077,72.55128205128206,67.1923076923077,0.0,1,2293.5,0.890288966159588,False
terminal_hold,15931,85.309937,,False,,67.78378378378379,63.108108108108105,67.78378378378379,63.108108108108105,0.0,1,2305.0,0.8971712088659625,False
terminal_hold,15932,85.314946,,False,,63.578947368421055,62.44736842105263,63.578947368421055,62.44736842105263,0.0,1,2297.0,0.8940573813581963,False
terminal_hold,15933,85.319954,,False,,59.88157894736842,66.46052631578948,59.88157894736842,66.46052631578948,0.0,1,2315.5,0.8954102551946322,False
terminal_hold,15934,85.324963,,False,,55.73809523809524,68.57142857142857,55.73809523809524,68.57142857142857,0.0,1,2308.0,0.890112176809674,False
terminal_hold,15935,85.329971,,False,,56.825581395348834,67.12790697674419,56.825581395348834,67.12790697674419,0.0,1,2333.5,0.8860092391707416,False
terminal_hold,15936,85.33498,,False,,56.57534246575342,73.73972602739725,56.57534246575342,73.73972602739725,0.0,1,2297.0,0.8940573718676167,False
terminal_hold,15937,85.339989,,False,,58.576470588235296,77.85882352941177,58.576470588235296,77.85882352941177,0.0,1,2318.5,0.8836441897088734,False
terminal_hold,15938,85.344997,,False,,59.871428571428574,80.27142857142857,59.871428571428574,80.27142857142857,0.0,1,2324.5,0.8988905753352208,False
terminal_hold,15939,85.350006,,False,,62.84,84.58666666666667,62.84,84.58666666666667,0.0,1,2282.5,0.886018999795154,False
terminal_hold,15940,85.355014,,False,,60.53846153846154,84.12820512820512,60.53846153846154,84.12820512820512,0.0,1,2315.0,0.892811814359203,False
terminal_hold,15941,85.360023,,False,,57.75609756097561,83.78048780487805,57.75609756097561,83.78048780487805,0.0,1,2287.0,0.8853762011180746,False
terminal_hold,15942,85.365031,,False,,63.80769230769231,85.16666666666667,63.80769230769231,85.16666666666667,0.0,1,2267.5,0.8883580409193669,False
terminal_hold,15943,85.37004,,False,,66.2,85.3,66.2,85.3,0.0,1,2293.0,0.8843272143160155,False
terminal_hold,15944,85.375049,,False,,68.50561797752809,83.11235955056179,68.50561797752809,83.11235955056179,0.0,1,2327.5,0.8724578123046425,False
terminal_hold,15945,85.380057,,False,,72.21621621621621,76.67567567567568,72.21621621621621,76.67567567567568,0.0,1,2364.0,0.8918372262528549,False
terminal_hold,15946,85.385066,,False,,71.70886075949367,73.81012658227849,71.70886075949367,73.81012658227849,0.0,1,2322.0,0.8839992856150334,False
terminal_hold,15947,85.390074,,False,,67.51351351351352,68.78378378378379,67.51351351351352,68.78378378378379,0.0,1,2283.0,0.8968591174835021,False
terminal_hold,15948,85.395083,,False,,71.0,68.27777777777777,71.0,68.27777777777777,0.0,1,2269.0,0.8947895041635572,False
terminal_hold,15949,85.400091,,False,,66.17105263157895,65.75,66.17105263157895,65.75,0.0,1,2267.5,0.8883580456498289,False
terminal_hold,15950,85.4051,,False,,63.26190476190476,67.95238095238095,63.26190476190476,67.95238095238095,0.0,1,2249.0,0.8753744222927924,False
terminal_hold,15951,85.410109,,False,,65.36111111111111,64.97222222222223,65.36111111111111,64.97222222222223,0.0,1,2248.0,0.8947939121032666,False
terminal_hold,15952,85.415117,,False,,60.957142857142856,66.21428571428571,60.957142857142856,66.21428571428571,0.0,1,2207.5,0.9012811357024834,False
terminal_hold,15953,85.420126,,False,,61.29487179487179,67.2948717948718,61.294871794871796,67.2948717948718,7.105427357601002e-15,1,2256.5,0.8922841121573983,False
terminal_hold,15954,85.425134,,False,,58.35897435897436,68.58974358974359,58.35897435897436,68.58974358974359,0.0,1,2250.0,0.8955899884910441,False
terminal_hold,15955,85.430143,,False,,61.5,65.3,61.5,65.3,0.0,1,2254.0,0.8854666936429751,False
terminal_hold,15956,85.435151,,False,,59.12162162162162,65.66216216216216,59.12162162162162,65.66216216216216,0.0,1,2222.5,0.8988960635092599,False
terminal_hold,15957,85.44016,,False,,59.22727272727273,68.04545454545455,59.22727272727273,68.04545454545455,0.0,1,2251.0,0.8842881641864823,False
terminal_hold,15958,85.445169,,False,,57.67567567567568,68.32432432432432,57.67567567567568,68.32432432432432,0.0,1,2294.0,0.9011803810871486,False
terminal_hold,15959,85.450177,,False,,57.51190476190476,67.63095238095238,57.51190476190476,67.63095238095238,0.0,1,2280.5,0.8934511702308023,False
terminal_hold,15960,85.455186,,False,,58.2875,69.6,58.2875,69.6,0.0,1,2257.5,0.8844402605178582,False
terminal_hold,15961,85.460194,,False,,57.03409090909091,69.57954545454545,57.03409090909091,69.57954545454545,0.0,1,2246.5,0.8801306979151392,False
terminal_hold,15962,85.465203,,False,,58.265822784810126,72.93670886075948,58.265822784810126,72.9367088607595,1.4210854715202004e-14,1,2261.5,0.8860073785821514,False
terminal_hold,15963,85.470211,,False,,57.4078947368421,77.19736842105263,57.4078947368421,77.19736842105263,0.0,1,2252.5,0.890702407024541,False
terminal_hold,15964,85.47522,,False,,55.578947368421055,77.39473684210526,55.578947368421055,77.39473684210526,0.0,1,2254.0,0.8971821544899274,False
terminal_hold,15965,85.480228,,False,,56.986301369863014,75.64383561643835,56.986301369863014,75.64383561643835,0.0,1,2302.5,0.8986234876896793,False
terminal_hold,15966,85.485237,,False,,54.40277777777778,75.56944444444444,54.40277777777778,75.56944444444444,0.0,1,2284.5,0.8950182871416869,False
terminal_hold,15967,85.490246,,False,,51.88157894736842,77.01315789473684,51.88157894736842,77.01315789473684,0.0,1,2270.5,0.8895333850951807,False
terminal_hold,15968,85.495254,,False,,53.26027397260274,73.26027397260275,53.26027397260274,73.26027397260275,0.0,1,2290.5,0.8973689529667707,False
terminal_hold,15969,85.500263,,False,,51.87837837837838,78.17567567567568,51.87837837837838,78.17567567567568,0.0,1,2258.5,0.8930749796429687,False
terminal_hold,15970,85.505271,,False,,54.01470588235294,78.51470588235294,54.01470588235294,78.51470588235294,0.0,1,2272.5,0.898610975658325,False
terminal_hold,15971,85.51028,,False,,56.7625,79.7625,56.7625,79.7625,0.0,1,2265.5,0.887574491932672,False
terminal_hold,15972,85.515288,,False,,57.40449438202247,78.42696629213484,57.40449438202247,78.42696629213484,0.0,1,2351.0,0.8789356335064072,False
terminal_hold,15973,85.520297,,False,,62.473684210526315,79.84210526315789,62.473684210526315,79.84210526315789,0.0,1,2332.5,0.8856295410822581,False
terminal_hold,15974,85.525306,,False,,63.554054054054056,81.98648648648648,63.554054054054056,81.98648648648648,0.0,1,2301.5,0.8899964129361889,False
terminal_hold,15975,85.530314,,False,,61.36764705882353,76.95588235294117,61.36764705882353,76.95588235294117,0.0,1,2295.5,0.8993278377383157,False
terminal_hold,15976,85.535323,,False,,65.82926829268293,80.1219512195122,65.82926829268293,80.1219512195122,0.0,1,2318.0,0.8858194317251846,False
terminal_hold,15977,85.540331,,False,,65.4,79.8,65.4,79.8,0.0,1,2308.0,0.8786694030477711,False
terminal_hold,15978,85.54534,,False,,65.47560975609755,76.98780487804878,65.47560975609755,76.98780487804878,0.0,1,2321.0,0.8836185715180593,False
terminal_hold,15979,85.550348,,False,,66.41573033707866,80.13483146067416,66.41573033707866,80.13483146067416,0.0,1,2298.0,0.8781764708616117,False
terminal_hold,15980,85.555357,,False,,67.25581395348837,79.65116279069767,67.25581395348837,79.65116279069767,0.0,1,2346.0,0.8850465793811148,False
terminal_hold,15981,85.560366,,False,,68.30952380952381,77.38095238095238,68.30952380952381,77.38095238095238,0.0,1,2316.0,0.8898112361056677,False
terminal_hold,15982,85.565374,,False,,69.12820512820512,78.82051282051282,69.12820512820512,78.82051282051282,0.0,1,2318.0,0.8939688177188982,False
terminal_hold,15983,85.570383,,False,,73.06756756756756,77.06756756756756,73.06756756756756,77.06756756756756,0.0,1,2296.5,0.8997196235515234,False
terminal_hold,15984,85.575391,,False,,73.07352941176471,74.86764705882354,73.07352941176471,74.86764705882354,0.0,1,2309.5,0.9048127481491862,False
terminal_hold,15985,85.5804,,False,,72.88372093023256,66.44186046511628,72.88372093023256,66.44186046511628,0.0,1,2296.0,0.8741009289873427,False
terminal_hold,15986,85.585408,,False,,67.6103896103896,67.06493506493507,67.6103896103896,67.06493506493507,0.0,1,2293.0,0.8925004599097441,False
terminal_hold,15987,85.590417,,False,,66.95121951219512,62.63414634146341,66.95121951219512,62.63414634146341,0.0,1,2186.0,0.890039430802416,False
terminal_hold,15988,85.595425,,False,,66.25675675675676,65.36486486486487,66.25675675675676,65.36486486486487,0.0,1,2242.5,0.8901718108915025,False
terminal_hold,15989,85.600434,,False,,62.785714285714285,62.61904761904762,62.785714285714285,62.61904761904762,0.0,1,2248.0,0.8865080628530019,False
terminal_hold,15990,85.605443,,False,,62.21052631578947,61.815789473684205,62.21052631578947,61.81578947368421,7.105427357601002e-15,1,2277.0,0.8945020621058527,False
terminal_hold,15991,85.610451,,False,,59.02325581395349,66.6046511627907,59.02325581395349,66.6046511627907,0.0,1,2308.0,0.890112176809674,False
terminal_hold,15992,85.61546,,False,,54.9078947368421,73.32894736842105,54.9078947368421,73.32894736842105,0.0,1,2280.5,0.8934511726095938,False
terminal_hold,15993,85.620468,,False,,61.76923076923077,79.07692307692308,61.76923076923077,79.07692307692308,0.0,1,2293.0,0.8843272178200943,False
terminal_hold,15994,85.625477,,False,,58.1219512195122,77.70731707317071,58.1219512195122,77.70731707317073,1.4210854715202004e-14,1,2301.0,0.8874125309983838,False
terminal_hold,15995,85.630485,,False,,61.16901408450704,79.40845070422536,61.16901408450704,79.40845070422536,0.0,1,2299.5,0.8926180330039083,False
terminal_hold,15996,85.635494,,False,,59.23809523809524,87.23809523809526,59.23809523809524,87.23809523809524,1.4210854715202004e-14,1,2268.0,0.8827697609579405,False
terminal_hold,15997,85.640503,,False,,59.1625,83.9125,59.1625,83.9125,0.0,1,2292.5,0.8899007834346059,False
terminal_hold,15998,85.645511,,False,,61.28947368421053,80.86842105263156,61.28947368421053,80.86842105263158,1.4210854715202004e-14,1,2298.0,0.8862555406031183,False
terminal_hold,15999,85.65052,,False,,66.425,84.7,66.425,84.7,0.0,1,2266.0,0.8901807972919911,False
terminal_hold,16000,85.655528,,False,,67.82222222222222,78.9111111111111,67.82222222222222,78.91111111111111,1.4210854715202004e-14,1,2344.0,0.8763186398382974,False
terminal_hold,16001,85.660537,,False,,70.83333333333333,73.16666666666667,70.83333333333333,73.16666666666667,0.0,1,2288.0,0.8905543243878717,False
terminal_hold,16002,85.665545,,False,,69.3953488372093,66.5813953488372,69.3953488372093,66.5813953488372,0.0,1,2252.0,0.8798996662556322,False
terminal_hold,16003,85.670554,,False,,64.51898734177215,65.58227848101266,64.51898734177215,65.58227848101266,0.0,1,2192.0,0.8841244973317077,False
terminal_hold,16004,85.675563,,False,,56.609756097560975,66.39024390243902,56.609756097560975,66.39024390243902,0.0,1,2158.0,0.8869845664425513,False
terminal_hold,16005,85.680571,,False,,50.833333333333336,65.375,50.833333333333336,65.375,0.0,1,2214.5,0.887300492482568,False
terminal_hold,16006,85.68558,,False,,51.756410256410255,75.91025641025642,51.756410256410255,75.91025641025641,1.4210854715202004e-14,1,2254.5,0.8832649234476468,False
terminal_hold,16007,85.690588,,False,,57.01136363636363,78.875,57.01136363636363,78.875,0.0,1,2287.5,0.8845825742305159,False
terminal_hold,16008,85.695597,,False,,67.85714285714286,83.5952380952381,67.85714285714286,83.5952380952381,0.0,1,2321.0,0.8836185796350098,False
terminal_hold,16009,85.700605,,False,,68.8157894736842,78.07894736842105,68.8157894736842,78.07894736842105,0.0,1,2344.0,0.8957552767835048,False
terminal_hold,16010,85.705614,,False,,67.01176470588236,70.15294117647059,67.01176470588236,70.15294117647059,0.0,1,2306.5,0.8837882663137658,False
terminal_hold,16011,85.710623,,False,,64.95833333333333,67.875,64.95833333333333,67.875,0.0,1,2244.5,0.8875389836128044,False
terminal_hold,16012,85.715631,,False,,56.55128205128205,67.1923076923077,56.55128205128205,67.1923076923077,0.0,1,2262.5,0.8981109032560736,False
terminal_hold,16013,85.72064,,False,,59.37179487179487,74.57692307692308,59.37179487179487,74.57692307692308,0.0,1,2277.5,0.8922758295835377,False
terminal_hold,16014,85.725648,,False,,57.55681818181818,79.375,57.55681818181818,79.375,0.0,1,2282.5,0.8826490615744401,False
terminal_hold,16015,85.730657,,False,,61.33766233766234,85.96103896103897,61.33766233766234,85.96103896103897,0.0,1,2288.5,0.8883480784629983,False
terminal_hold,16016,85.735665,,False,,65.63013698630137,85.65753424657534,65.63013698630137,85.65753424657534,0.0,1,2281.0,0.8912305115659992,False
terminal_hold,16017,85.740674,,False,,68.10714285714286,85.48809523809526,68.10714285714286,85.48809523809524,1.4210854715202004e-14,1,2290.5,0.8891244321321319,False
terminal_hold,16018,85.745682,,False,,66.1038961038961,87.64935064935065,66.1038961038961,87.64935064935065,0.0,1,2288.5,0.8931595434724763,False
terminal_hold,16019,85.750691,,False,,66.49333333333334,86.50666666666666,66.49333333333334,86.50666666666666,0.0,1,2272.5,0.8986109768601488,False
terminal_hold,16020,85.7557,,False,,69.45121951219512,86.08536585365853,69.45121951219512,86.08536585365853,0.0,1,2276.5,0.8918840545155722,False
terminal_hold,16021,85.760708,,False,,74.35211267605634,86.8169014084507,74.35211267605634,86.8169014084507,0.0,1,2279.5,0.8930593915988221,False
terminal_hold,16022,85.765717,,False,,73.5909090909091,86.04545454545455,73.5909090909091,86.04545454545455,0.0,1,2293.0,0.8809745948620534,False
terminal_hold,16023,85.770725,,False,,75.45454545454545,79.42045454545455,75.45454545454545,79.42045454545455,0.0,1,2316.5,0.8795544912058405,False
terminal_hold,16024,85.775734,,False,,78.94666666666667,77.94666666666667,78.94666666666667,77.94666666666667,0.0,1,2334.5,0.8863889314569544,False
terminal_hold,16025,85.780742,,False,,76.0,74.83544303797468,76.0,74.83544303797468,0.0,1,2285.5,0.8871835350121123,False
terminal_hold,16026,85.785751,,False,,78.92857142857143,67.58571428571429,78.92857142857143,67.58571428571429,0.0,1,2247.5,0.8970432123241748,False
terminal_hold,16027,85.79076,,False,,66.77941176470588,64.8970588235294,66.77941176470588,64.8970588235294,0.0,1,2205.5,0.9004645643860996,False
terminal_hold,16028,85.795768,,False,,66.41463414634147,62.85365853658536,66.41463414634147,62.853658536585364,7.105427357601002e-15,1,2233.0,0.8888233109633058,False
terminal_hold,16029,85.800777,,False,,66.27941176470588,63.39705882352941,66.27941176470588,63.39705882352941,0.0,1,2200.5,0.8984231538668028,False
terminal_hold,16030,85.805785,,False,,61.67088607594937,62.55696202531646,61.67088607594937,62.55696202531646,0.0,1,2249.0,0.8869024217116969,False
terminal_hold,16031,85.810794,,False,,56.1875,67.8625,56.1875,67.8625,0.0,1,2300.5,0.8930062263876022,False
terminal_hold,16032,85.815802,,False,,56.9625,68.4375,56.9625,68.4375,0.0,1,2306.5,0.8919299220410287,False
terminal_hold,16033,85.820811,,False,,56.457142857142856,72.68571428571428,56.457142857142856,72.68571428571428,0.0,1,2276.0,0.897549987816801,False
terminal_hold,16034,85.82582,,False,,59.861111111111114,75.52777777777777,59.861111111111114,75.52777777777777,0.0,1,2313.0,0.8920404925488831,False
terminal_hold,16035,85.830828,,False,,69.94565217391305,80.51086956521739,69.94565217391305,80.51086956521739,0.0,1,2321.5,0.88145294683115,False
terminal_hold,16036,85.835837,,False,,73.78048780487805,77.5609756097561,73.78048780487805,77.5609756097561,0.0,1,2312.0,0.8882744314768735,False
terminal_hold,16037,85.840845,,False,,69.3529411764706,70.23529411764706,69.3529411764706,70.23529411764706,0.0,1,2251.5,0.8854794828409616,False
terminal_hold,16038,85.845854,,False,,67.85135135135135,67.47297297297297,67.85135135135135,67.47297297297297,0.0,1,2240.5,0.8977181094636232,False
terminal_hold,16039,85.850862,,False,,58.044117647058826,61.22058823529411,58.044117647058826,61.220588235294116,7.105427357601002e-15,1,2187.5,0.9016102724908852,False
terminal_hold,16040,85.855871,,False,,58.64634146341464,65.40243902439025,58.646341463414636,65.40243902439025,7.105427357601002e-15,1,2184.5,0.8835268595833285,False
terminal_hold,16041,85.860879,,False,,57.33720930232558,66.77906976744185,57.33720930232558,66.77906976744185,0.0,1,2199.5,0.8778850094605654,False
terminal_hold,16042,85.865888,,False,,59.333333333333336,69.77777777777777,59.333333333333336,69.77777777777777,0.0,1,2236.0,0.8900174297569102,False
terminal_hold,16043,85.870897,,False,,58.4320987654321,73.64197530864197,58.4320987654321,73.64197530864197,0.0,1,2227.0,0.886435081692619,False
terminal_hold,16044,85.875905,,False,,58.37837837837838,74.62162162162163,58.37837837837838,74.62162162162163,0.0,1,2233.0,0.9006614914271058,False
terminal_hold,16045,85.880914,,False,,54.63235294117647,76.95588235294117,54.63235294117647,76.95588235294117,0.0,1,2231.5,0.8941120221113319,False
terminal_hold,16046,85.885922,,False,,56.8,77.71111111111111,56.8,77.71111111111111,0.0,1,2261.0,0.8800451547561847,False
terminal_hold,16047,85.890931,,False,,58.114285714285714,78.54285714285716,58.114285714285714,78.54285714285714,1.4210854715202004e-14,1,2231.0,0.8998548145743795,False
terminal_hold,16048,85.895939,,False,,61.11688311688312,81.70129870129871,61.116883116883116,81.7012987012987,1.5888218580782548e-14,1,2221.5,0.8818357514362164,False
terminal_hold,16049,85.900948,,False,,65.88636363636364,83.0909090909091,65.88636363636364,83.0909090909091,0.0,1,2198.5,0.8774858789296354,False
terminal_hold,16050,85.905957,,False,,72.54651162790698,79.8953488372093,72.54651162790698,79.8953488372093,0.0,1,2207.5,0.8729081291351818,False
terminal_hold,16051,85.910965,,False,,77.525,65.425,77.525,65.425,0.0,1,2100.0,0.8867522283067248,False
terminal_hold,16052,85.915974,,False,,66.78571428571429,57.7,66.78571428571429,57.7,0.0,1,2028.5,0.9002991375820482,False
terminal_hold,16053,85.920982,,False,,57.63235294117647,60.25,57.63235294117647,60.25,0.0,1,2033.5,0.8988485032931787,False
terminal_hold,16054,85.925991,,False,,52.75675675675676,66.0,52.75675675675676,66.0,0.0,1,2079.0,0.8949939234579266,False
terminal_hold,16055,85.930999,,False,,54.4264705882353,66.27941176470588,54.4264705882353,66.27941176470588,0.0,1,2150.5,0.898375291299627,False
terminal_hold,16056,85.936008,,False,,54.855421686746986,77.6144578313253,54.855421686746986,77.6144578313253,0.0,1,2211.0,0.8800664334141419,False
terminal_hold,16057,85.941017,,False,,61.526315789473685,77.52631578947368,61.526315789473685,77.52631578947368,0.0,1,2244.0,0.8932017509187901,False
terminal_hold,16058,85.946025,,False,,64.93506493506493,78.06493506493507,64.93506493506493,78.06493506493507,0.0,1,2267.5,0.880196317785998,False
terminal_hold,16059,85.951034,,False,,67.32098765432099,79.95061728395062,67.32098765432099,79.95061728395062,0.0,1,2223.5,0.8909066086593517,False
terminal_hold,16060,85.956042,,False,,69.675,78.15,69.675,78.15,0.0,1,2275.0,0.8888862010498201,False
terminal_hold,16061,85.961051,,False,,68.34146341463415,76.85365853658537,68.34146341463415,76.85365853658537,0.0,1,2246.0,0.8857193581609457,False
terminal_hold,16062,85.966059,,False,,69.89189189189189,75.67567567567568,69.89189189189189,75.67567567567568,0.0,1,2228.0,0.8951609056498546,False
terminal_hold,16063,85.971068,,False,,68.75641025641026,77.55128205128206,68.75641025641026,77.55128205128206,0.0,1,2274.5,0.8911005031839868,False
terminal_hold,16064,85.976076,,False,,71.28947368421052,78.30263157894737,71.28947368421052,78.30263157894737,0.0,1,2219.0,0.8832507510199622,False
terminal_hold,16065,85.981085,,False,,71.390625,78.390625,71.390625,78.390625,0.0,1,2222.5,0.9074053489312269,False
terminal_hold,16066,85.986094,,False,,75.14473684210526,78.5657894736842,75.14473684210526,78.5657894736842,0.0,1,2243.5,0.8871435564261068,False
terminal_hold,16067,85.991102,,False,,73.26923076923077,78.62820512820512,73.26923076923077,78.62820512820512,0.0,1,2224.5,0.8878632384855972,False
terminal_hold,16068,85.996111,,False,,74.68656716417911,75.0,74.68656716417911,75.0,0.0,1,2218.5,0.8972782552485943,False
terminal_hold,16069,86.001119,,False,,77.32432432432432,68.86486486486487,77.32432432432432,68.86486486486487,0.0,1,2169.0,0.8915057989438422,False
terminal_hold,16070,86.006128,,False,,74.39473684210526,65.60526315789474,74.39473684210526,65.60526315789474,0.0,1,2146.0,0.8904701428882135,False
terminal_hold,16071,86.011136,,False,,69.7948717948718,60.43589743589744,69.7948717948718,60.43589743589744,0.0,1,2106.0,0.8857585051804465,False
terminal_hold,16072,86.016145,,False,,59.68055555555556,58.93055555555556,59.68055555555556,58.93055555555556,0.0,1,2079.5,0.8891019776109795,False
terminal_hold,16073,86.021154,,False,,56.64935064935066,65.37662337662337,56.64935064935065,65.37662337662337,7.105427357601002e-15,1,2147.5,0.8851236773995866,False
terminal_hold,16074,86.026162,,False,,58.85294117647059,68.26470588235294,58.85294117647059,68.26470588235294,0.0,1,2212.0,0.9006254392715543,False
terminal_hold,16075,86.031171,,False,,57.705882352941174,72.20588235294117,57.705882352941174,72.20588235294117,0.0,1,2193.0,0.8928895088984146,False
terminal_hold,16076,86.036179,,False,,55.63953488372093,77.73255813953487,55.63953488372093,77.73255813953489,1.4210854715202004e-14,1,2178.5,0.8845407355270095,False
terminal_hold,16077,86.041188,,False,,60.13253012048193,81.50602409638554,60.13253012048193,81.50602409638554,0.0,1,2184.5,0.8752801746236537,False
terminal_hold,16078,86.046196,,False,,59.411764705882355,81.15294117647059,59.411764705882355,81.15294117647059,0.0,1,2122.0,0.8805114905598574,False
terminal_hold,16079,86.051205,,False,,61.971830985915496,85.22535211267606,61.971830985915496,85.22535211267606,0.0,1,2175.0,0.8904734191986912,False
terminal_hold,16080,86.056214,,False,,64.39189189189189,81.0945945945946,64.39189189189189,81.0945945945946,0.0,1,2194.5,0.8959734693018796,False
terminal_hold,16081,86.061222,,False,,65.44285714285714,82.01428571428572,65.44285714285714,82.01428571428572,0.0,1,2188.5,0.8970294051296088,False
terminal_hold,16082,86.066231,,False,,68.75,83.86764705882354,68.75,83.86764705882354,0.0,1,2200.5,0.8984231636343579,False
terminal_hold,16083,86.071239,,False,,69.69117647058823,88.75,69.69117647058823,88.75,0.0,1,2202.5,0.8992397202722214,False
terminal_hold,16084,86.076248,,False,,67.625,87.73611111111111,67.625,87.73611111111111,0.0,1,2235.5,0.8957147312296534,False
terminal_hold,16085,86.081256,,False,,72.1891891891892,86.89189189189189,72.1891891891892,86.89189189189189,0.0,1,2200.0,0.8957395918414067,False
terminal_hold,16086,86.086265,,False,,70.28947368421052,82.28947368421052,70.28947368421052,82.28947368421052,0.0,1,2245.0,0.890158247537829,False
terminal_hold,16087,86.091274,,False,,77.14102564102564,82.08974358974358,77.14102564102564,82.08974358974359,1.4210854715202004e-14,1,2191.5,0.8863580318762966,False
terminal_hold,16088,86.096282,,False,,76.22857142857143,74.0,76.22857142857143,74.0,0.0,1,2209.0,0.8994039847425255,False
terminal_hold,16089,86.101291,,False,,76.67142857142858,74.61428571428571,76.67142857142858,74.61428571428571,0.0,1,2193.5,0.8990788224039407,False
terminal_hold,16090,86.106299,,False,,78.94594594594595,74.8108108108108,78.94594594594595,74.8108108108108,0.0,1,2189.0,0.8997262353766194,False
terminal_hold,16091,86.111308,,False,,76.36363636363636,75.01298701298701,76.36363636363636,75.01298701298701,0.0,1,2205.5,0.8836944073834376,False
terminal_hold,16092,86.116316,,False,,73.875,76.925,73.875,76.925,0.0,1,2226.0,0.8860370357472894,False
terminal_hold,16093,86.121325,,False,,73.44444444444444,80.4074074074074,73.44444444444444,80.4074074074074,0.0,1,2258.5,0.8848320391493169,False
terminal_hold,16094,86.126333,,False,,76.21951219512195,78.51219512195122,76.21951219512195,78.51219512195122,0.0,1,2320.0,0.8785383440052241,False
terminal_hold,16095,86.131342,,False,,76.48611111111111,78.125,76.48611111111111,78.125,0.0,1,2253.5,0.8910978389714656,False
terminal_hold,16096,86.136351,,False,,73.59210526315789,76.59210526315789,73.59210526315789,76.59210526315789,0.0,1,2255.5,0.8953322187882891,False
terminal_hold,16097,86.141359,,False,,73.48611111111111,80.59722222222223,73.48611111111111,80.59722222222223,0.0,1,2239.5,0.8904029795429973,False
terminal_hold,16098,86.146368,,False,,76.98765432098766,72.69135802469135,76.98765432098766,72.69135802469135,0.0,1,2254.0,0.8820787479158714,False
terminal_hold,16099,86.151376,,False,,70.70149253731343,69.19402985074628,70.70149253731343,69.19402985074628,0.0,1,2189.0,0.8912608950917379,False
terminal_hold,16100,86.156385,,False,,69.62666666666667,67.6,69.62666666666667,67.6,0.0,1,2162.5,0.8913061526569508,False
terminal_hold,16101,86.161393,,False,,66.33870967741936,64.14516129032258,66.33870967741936,64.14516129032258,0.0,1,2143.5,0.9040669301248774,False
terminal_hold,16102,86.166402,,False,,59.236111111111114,67.29166666666667,59.236111111111114,67.29166666666667,0.0,1,2131.5,0.8939719169888533,False
terminal_hold,16103,86.171411,,False,,57.932432432432435,70.41891891891892,57.932432432432435,70.41891891891892,0.0,1,2128.5,0.8891847585691249,False
terminal_hold,16104,86.176419,,False,,56.88607594936709,69.74683544303798,56.88607594936709,69.74683544303798,0.0,1,2119.0,0.8827444608582025,False
terminal_hold,16105,86.181428,,False,,53.984375,76.046875,53.984375,76.046875,0.0,1,2096.5,0.9050965047609489,False
terminal_hold,16106,86.186436,,False,,55.666666666666664,78.0,55.666666666666664,78.0,0.0,1,2112.0,0.8833152847495928,False
terminal_hold,16107,86.191445,,False,,53.2289156626506,76.28915662650603,53.2289156626506,76.28915662650603,0.0,1,2121.5,0.877854343269226,False
terminal_hold,16108,86.196453,,False,,55.05555555555556,76.25,55.05555555555556,76.25,0.0,1,2166.0,0.898769032016846,False
terminal_hold,16109,86.201462,,False,,60.52238805970149,78.82089552238807,60.52238805970149,78.82089552238806,1.4210854715202004e-14,1,2130.5,0.8985839035649666,False
terminal_hold,16110,86.206471,,False,,62.67142857142857,78.0,62.67142857142857,78.0,0.0,1,2194.5,0.8827043407431426,False
terminal_hold,16111,86.211479,,False,,68.375,77.48611111111111,68.375,77.48611111111111,0.0,1,2177.5,0.9010265592951957,False
terminal_hold,16112,86.216488,,False,,71.08974358974359,75.24358974358974,71.08974358974359,75.24358974358974,0.0,1,2120.5,0.8858427427549407,False
terminal_hold,16113,86.221496,,False,,72.46052631578948,74.61842105263156,72.46052631578948,74.61842105263158,1.4210854715202004e-14,1,2135.5,0.8921090213410223,False
terminal_hold,16114,86.226505,,False,,70.30555555555556,68.05555555555556,70.30555555555556,68.05555555555556,0.0,1,2103.0,0.8966097560145656,False
terminal_hold,16115,86.231513,,False,,69.0813953488372,65.40697674418605,69.0813953488372,65.40697674418605,0.0,1,2078.5,0.8801477453560753,False
terminal_hold,16116,86.236522,,False,,66.875,67.225,66.875,67.225,0.0,1,2080.0,0.8868037517453115,False
terminal_hold,16117,86.24153,,False,,62.723684210526315,63.88157894736842,62.723684210526315,63.88157894736842,0.0,1,2033.5,0.8900806124853499,False
terminal_hold,16118,86.246539,,False,,58.59756097560975,66.13414634146342,58.59756097560975,66.13414634146342,0.0,1,2055.5,0.8788406395269277,False
terminal_hold,16119,86.251548,,False,,55.217948717948715,69.52564102564102,55.217948717948715,69.52564102564102,0.0,1,2135.5,0.8871376437511556,False
terminal_hold,16120,86.256556,,False,,56.026315789473685,73.05263157894737,56.026315789473685,73.05263157894737,0.0,1,2117.0,0.8903849753340123,False
terminal_hold,16121,86.261565,,False,,59.405797101449274,76.30434782608695,59.405797101449274,76.30434782608695,0.0,1,2104.0,0.8934609332391084,False
terminal_hold,16122,86.266573,,False,,56.54761904761905,80.28571428571429,56.54761904761905,80.28571428571429,0.0,1,2076.0,0.8815707760592422,False
terminal_hold,16123,86.271582,,False,,54.38095238095238,77.83333333333333,54.38095238095238,77.83333333333333,0.0,1,2052.0,0.8833706319142308,False
terminal_hold,16124,86.27659,,False,,55.26027397260274,78.83561643835617,55.26027397260274,78.83561643835617,0.0,1,2092.5,0.8910894718083837,False
terminal_hold,16125,86.281599,,False,,57.74074074074074,80.5679012345679,57.74074074074074,80.5679012345679,0.0,1,2097.5,0.8797119909912304,False
terminal_hold,16126,86.286608,,False,,62.98809523809524,82.55952380952381,62.98809523809524,82.55952380952381,0.0,1,2200.5,0.8816910170988062,False
terminal_hold,16127,86.291616,,False,,66.97590361445783,80.5421686746988,66.97590361445783,80.5421686746988,0.0,1,2183.5,0.8748795029322711,False
terminal_hold,16128,86.296625,,False,,72.51282051282051,76.56410256410257,72.51282051282051,76.56410256410257,0.0,1,2208.0,0.8871253607073938,False
terminal_hold,16129,86.301633,,False,,75.06944444444444,75.98611111111111,75.06944444444444,75.98611111111111,0.0,1,2188.5,0.8935237786455509,False
terminal_hold,16130,86.306642,,False,,72.96666666666667,70.03333333333333,72.96666666666667,70.03333333333333,0.0,1,2152.5,0.8705843858900096,False
terminal_hold,16131,86.31165,,False,,66.75,64.29761904761905,66.75,64.29761904761905,0.0,1,2115.5,0.8837539812053108,False
terminal_hold,16132,86.316659,,False,,60.53333333333333,67.71111111111111,60.53333333333333,67.71111111111111,0.0,1,2133.0,0.8767090245887397,False
terminal_hold,16133,86.321668,,False,,53.875,74.525,53.875,74.525,0.0,1,2169.0,0.8831178078821286,False
terminal_hold,16134,86.326676,,False,,60.44117647058823,79.55882352941178,60.44117647058823,79.55882352941177,1.4210854715202004e-14,1,2136.0,0.889826408979737,False
terminal_hold,16135,86.331685,,False,,71.01315789473684,76.51315789473684,71.01315789473684,76.51315789473684,0.0,1,2149.5,0.8894404506341512,False
terminal_hold,16136,86.336693,,False,,70.46666666666667,72.68888888888888,70.46666666666667,72.68888888888888,0.0,1,2132.0,0.8762980042062084,False
terminal_hold,16137,86.341702,,False,,65.4875,65.1625,65.4875,65.1625,0.0,1,2062.5,0.8818335241747283,False
terminal_hold,16138,86.34671,,False,,61.0,66.57142857142857,61.0,66.57142857142857,0.0,1,2017.0,0.8767854546386685,False
terminal_hold,16139,86.351719,,False,,55.77272727272727,68.34848484848484,55.77272727272727,68.34848484848484,0.0,1,2086.5,0.9007793324011425,False
terminal_hold,16140,86.356728,,False,,56.921052631578945,77.28947368421052,56.921052631578945,77.28947368421052,0.0,1,2079.0,0.8949939284536461,False
terminal_hold,16141,86.361736,,False,,65.44186046511628,79.79069767441861,65.44186046511628,79.79069767441861,0.0,1,2125.0,0.8817563230158799,False
terminal_hold,16142,86.366745,,False,,74.06329113924052,77.68354430379746,74.0632911392405,77.68354430379746,1.4210854715202004e-14,1,2146.5,0.8798143103087527,False
terminal_hold,16143,86.371753,,False,,74.44736842105263,73.52631578947368,74.44736842105263,73.52631578947368,0.0,1,2124.0,0.884827391497997,False
terminal_hold,16144,86.376762,,False,,70.67605633802818,71.36619718309859,70.67605633802818,71.36619718309859,0.0,1,2123.0,0.8844108121674186,False
terminal_hold,16145,86.38177,,False,,69.70270270270271,68.5945945945946,69.70270270270271,68.5945945945946,0.0,1,2098.0,0.8909130519568526,False
terminal_hold,16146,86.386779,,False,,69.8157894736842,67.57894736842105,69.8157894736842,67.57894736842105,0.0,1,2083.0,0.8967158997452936,False
terminal_hold,16147,86.391787,,False,,64.91025641025641,68.98717948717949,64.91025641025641,68.98717948717949,0.0,1,2089.5,0.8848057381034059,False
terminal_hold,16148,86.396796,,False,,64.89473684210526,65.42105263157895,64.89473684210526,65.42105263157895,0.0,1,2078.0,0.8859510582908622,False
terminal_hold,16149,86.401805,,False,,62.41891891891892,64.85135135135135,62.41891891891892,64.85135135135135,0.0,1,2096.5,0.8913172737519443,False
terminal_hold,16150,86.406813,,False,,57.521126760563384,67.7605633802817,57.521126760563384,67.7605633802817,0.0,1,2052.5,0.8896761071036389,False
terminal_hold,16151,86.411822,,False,,58.13157894736842,66.07894736842105,58.13157894736842,66.07894736842105,0.0,1,2072.0,0.8919804883514434,False
terminal_hold,16152,86.41683,,False,,55.95238095238095,64.66666666666667,55.95238095238095,64.66666666666667,0.0,1,2058.0,0.8982300416332366,False
terminal_hold,16153,86.421839,,False,,53.10606060606061,69.98484848484848,53.10606060606061,69.98484848484848,0.0,1,2073.5,0.8987787615490355,False
terminal_hold,16154,86.426847,,False,,52.263888888888886,77.68055555555556,52.263888888888886,77.68055555555556,0.0,1,2088.5,0.8929499697831109,False
terminal_hold,16155,86.431856,,False,,54.94285714285714,78.65714285714286,54.94285714285714,78.65714285714286,0.0,1,2105.0,0.8938855869271879,False
terminal_hold,16156,86.436865,,False,,55.08974358974359,81.03846153846153,55.08974358974359,81.03846153846153,0.0,1,2121.5,0.8862604921423148,False
terminal_hold,16157,86.441873,,False,,58.44285714285714,79.64285714285714,58.44285714285714,79.64285714285714,0.0,1,2165.5,0.8960610795896813,False
terminal_hold,16158,86.446882,,False,,60.3875,82.0125,60.3875,82.0125,0.0,1,2181.5,0.8823135063442905,False
terminal_hold,16159,86.45189,,False,,59.81944444444444,78.98611111111111,59.81944444444444,78.98611111111111,0.0,1,2158.5,0.8931645460251324,False
terminal_hold,16160,86.456899,,False,,58.95945945945946,82.25675675675676,58.95945945945946,82.25675675675676,0.0,1,2183.5,0.8914823730061477,False
terminal_hold,16161,86.461907,,False,,65.26582278481013,80.9620253164557,65.26582278481013,80.9620253164557,0.0,1,2160.5,0.8820919014791766,False
terminal_hold,16162,86.466916,,False,,69.41463414634147,82.65853658536585,69.41463414634147,82.65853658536585,0.0,1,2181.0,0.88454484791306,False
terminal_hold,16163,86.471925,,False,,70.78947368421052,75.71052631578948,70.78947368421052,75.71052631578948,0.0,1,2223.0,0.8848429157530209,False
terminal_hold,16164,86.476933,,False,,70.10606060606061,77.46969696969698,70.10606060606061,77.46969696969697,1.4210854715202004e-14,1,2222.5,0.898896068372643,False
terminal_hold,16165,86.481942,,False,,75.43055555555556,77.93055555555556,75.43055555555556,77.93055555555556,0.0,1,2182.5,0.8910740952682812,False
terminal_hold,16166,86.48695,,False,,75.27777777777777,77.80555555555556,75.27777777777777,77.80555555555556,0.0,1,2182.0,0.8968490720981067,False
terminal_hold,16167,86.491959,,False,,77.76543209876543,72.70370370370371,77.76543209876543,72.70370370370371,0.0,1,2162.5,0.8794647579709893,False
terminal_hold,16168,86.496967,,False,,73.44594594594595,68.3108108108108,73.44594594594595,68.3108108108108,0.0,1,2149.5,0.8944148698572245,False
terminal_hold,16169,86.501976,,False,,69.1375,65.0125,69.1375,65.0125,0.0,1,2129.5,0.8811646565527725,False
terminal_hold,16170,86.506984,,False,,67.27710843373494,64.6144578313253,67.27710843373494,64.6144578313253,0.0,1,2119.0,0.8827444596464269,False
terminal_hold,16171,86.511993,,False,,66.28235294117647,63.62352941176471,66.28235294117647,63.62352941176471,0.0,1,2120.5,0.8774405550078435,False
terminal_hold,16172,86.517002,,False,,58.58227848101266,60.89873417721519,58.58227848101266,60.89873417721519,0.0,1,2132.5,0.8873411023510066,False
terminal_hold,16173,86.52201,,False,,55.229729729729726,66.04054054054055,55.229729729729726,66.04054054054055,0.0,1,2166.5,0.8964748665985357,False
terminal_hold,16174,86.527019,,False,,57.30769230769231,67.82051282051282,57.30769230769231,67.82051282051282,0.0,1,2151.0,0.8925448672996353,False
terminal_hold,16175,86.532027,,False,,54.18055555555556,73.81944444444444,54.18055555555556,73.81944444444444,0.0,1,2123.5,0.8956315039756897,False
terminal_hold,16176,86.537036,,False,,54.55882352941177,76.38235294117646,54.55882352941177,76.38235294117646,0.0,1,2187.0,0.8989041848654389,False
terminal_hold,16177,86.542044,,False,,49.60526315789474,75.76315789473684,49.60526315789474,75.76315789473684,0.0,1,2212.0,0.8838751448102897,False
terminal_hold,16178,86.547053,,False,,53.65714285714286,80.0,53.65714285714286,80.0,0.0,1,2219.0,0.8915449139955071,False
terminal_hold,16179,86.552062,,False,,57.266666666666666,80.50666666666666,57.266666666666666,80.50666666666666,0.0,1,2194.0,0.8849311766812948,False
terminal_hold,16180,86.55707,,False,,60.35632183908046,80.28735632183908,60.35632183908046,80.28735632183908,0.0,1,2193.5,0.8788862740314616,False
terminal_hold,16181,86.562079,,False,,62.04878048780488,79.70731707317071,62.048780487804876,79.70731707317073,1.5888218580782548e-14,1,2210.0,0.8796683898760159,False
terminal_hold,16182,86.567087,,False,,65.05405405405405,82.4054054054054,65.05405405405405,82.4054054054054,0.0,1,2230.0,0.887629193357547,False
terminal_hold,16183,86.572096,,False,,63.95161290322581,75.62903225806451,63.95161290322581,75.62903225806451,0.0,1,2290.5,0.8973689589398266,False
terminal_hold,16184,86.577104,,False,,66.78378378378379,75.16216216216216,66.78378378378379,75.16216216216216,0.0,1,2245.0,0.8935997981091142,False
terminal_hold,16185,86.582113,,False,,66.62337662337663,81.3896103896104,66.62337662337663,81.3896103896104,0.0,1,2235.5,0.8873931251941823,False
terminal_hold,16186,86.587122,,False,,70.5764705882353,82.61176470588235,70.5764705882353,82.61176470588235,0.0,1,2262.5,0.8830122183685853,False
terminal_hold,16187,86.59213,,False,,67.35616438356165,79.56164383561644,67.35616438356165,79.56164383561644,0.0,1,2236.0,0.8900174369224396,False
terminal_hold,16188,86.597139,,False,,67.1125,75.35,67.1125,75.35,0.0,1,2184.0,0.880897762020031,False
terminal_hold,16189,86.602147,,False,,68.33783783783784,66.44594594594595,68.33783783783784,66.44594594594595,0.0,1,2183.5,0.8949799854235607,False
terminal_hold,16190,86.607156,,False,,66.21621621621621,67.10810810810811,66.21621621621621,67.10810810810811,0.0,1,2168.0,0.8995989166222922,False
terminal_hold,16191,86.612164,,False,,62.5,64.04054054054055,62.5,64.04054054054055,0.0,1,2172.5,0.8904712737692827,False
terminal_hold,16192,86.617173,,False,,57.922222222222224,67.9888888888889,57.922222222222224,67.9888888888889,0.0,1,2186.5,0.8760815321435608,False
terminal_hold,16193,86.622182,,False,,59.983333333333334,75.05,59.983333333333334,75.05,0.0,1,2192.5,0.9072333913354335,False
terminal_hold,16194,86.62719,,False,,56.30487804878049,77.2439024390244,56.30487804878049,77.2439024390244,0.0,1,2186.0,0.8831261626751776,False
terminal_hold,16195,86.632199,,False,,58.01149425287356,78.10344827586206,58.01149425287356,78.10344827586206,0.0,1,2234.0,0.8809871134027566,False
terminal_hold,16196,86.637207,,False,,55.746987951807235,76.3012048192771,55.74698795180723,76.3012048192771,7.105427357601002e-15,1,2205.5,0.883694409762823,False
terminal_hold,16197,86.642216,,False,,58.52808988764045,81.1685393258427,58.52808988764045,81.1685393258427,0.0,1,2215.5,0.8760715596187721,False
terminal_hold,16198,86.647224,,False,,62.08974358974359,84.83333333333333,62.08974358974359,84.83333333333333,0.0,1,2216.5,0.8881018524174621,False
terminal_hold,16199,86.652233,,False,,65.44285714285714,90.01428571428572,65.44285714285714,90.01428571428572,0.0,1,2247.5,0.8970432195561447,False
terminal_hold,16200,86.657241,,False,,67.2987012987013,88.64935064935065,67.2987012987013,88.64935064935065,0.0,1,2277.0,0.8896676465648644,False
terminal_hold,16201,86.66225,,False,,73.44736842105263,77.44736842105263,73.44736842105263,77.44736842105263,0.0,1,2292.0,0.892111237542396,False
terminal_hold,16202,86.667259,,False,,74.21052631578948,77.97368421052632,74.21052631578948,77.97368421052632,0.0,1,2277.0,0.8945020656830831,False
terminal_hold,16203,86.672267,,False,,75.72727272727273,76.57575757575758,75.72727272727273,76.57575757575758,0.0,1,2335.0,0.9088480491297392,False
terminal_hold,16204,86.677276,,False,,73.9875,79.9875,73.9875,79.9875,0.0,1,2273.5,0.8907087174354514,False
terminal_hold,16205,86.682284,,False,,73.91666666666667,77.58333333333333,73.91666666666667,77.58333333333333,0.0,1,2243.5,0.878955358507339,False
terminal_hold,16206,86.687293,,False,,74.83544303797468,76.0126582278481,74.83544303797468,76.0126582278481,0.0,1,2317.5,0.8846474760304628,False
terminal_hold,16207,86.692301,,False,,75.04395604395604,76.58241758241759,75.04395604395604,76.58241758241758,1.4210854715202004e-14,1,2300.5,0.8734794354943105,False
terminal_hold,16208,86.69731,,False,,77.35135135135135,77.83783783783784,77.35135135135135,77.83783783783784,0.0,1,2317.0,0.9018419280050478,False
terminal_hold,16209,86.702319,,False,,75.11111111111111,73.93827160493827,75.11111111111111,73.93827160493827,0.0,1,2260.0,0.8878237490242903,False
terminal_hold,16210,86.707327,,False,,75.84285714285714,72.78571428571429,75.84285714285714,72.78571428571429,0.0,1,2266.5,0.8962384030282626,False
terminal_hold,16211,86.712336,,False,,75.65,70.75,75.65,70.75,0.0,1,2249.0,0.8869024288190099,False
terminal_hold,16212,86.717344,,False,,73.75949367088609,70.17721518987342,73.75949367088607,70.17721518987342,1.4210854715202004e-14,1,2268.0,0.8827697586152505,False
terminal_hold,16213,86.722353,,False,,72.6891891891892,69.41891891891892,72.6891891891892,69.41891891891892,0.0,1,2288.5,0.896585387350963,False
terminal_hold,16214,86.727361,,False,,67.4625,65.5375,67.4625,65.5375,0.0,1,2268.5,0.8887498254639031,False
terminal_hold,16215,86.73237,,False,,67.0,66.0952380952381,67.0,66.0952380952381,0.0,1,2222.0,0.8844448733813765,False
terminal_hold,16216,86.737379,,False,,61.5875,63.5375,61.5875,63.5375,0.0,1,2226.5,0.8838205210073711,False
terminal_hold,16217,86.742387,,False,,60.38028169014085,61.87323943661972,60.38028169014085,61.87323943661972,0.0,1,2230.0,0.8959644696755208,False
terminal_hold,16218,86.747396,,False,,58.81428571428572,63.47142857142857,58.81428571428572,63.47142857142857,0.0,1,2224.5,0.89970497128713,False
terminal_hold,16219,86.752404,,False,,56.333333333333336,66.76923076923077,56.333333333333336,66.76923076923077,0.0,1,2256.0,0.8862523771941646,False
terminal_hold,16220,86.757413,,False,,50.890243902439025,65.23170731707317,50.890243902439025,65.23170731707317,0.0,1,2299.5,0.8892230085828806,False
terminal_hold,16221,86.762421,,False,,49.93055555555556,77.04166666666667,49.93055555555556,77.04166666666667,0.0,1,2265.5,0.8909854611150513,False
terminal_hold,16222,86.76743,,False,,56.76829268292683,78.45121951219512,56.76829268292683,78.45121951219512,0.0,1,2247.5,0.892156583998603,False
terminal_hold,16223,86.772438,,False,,57.5,78.45,57.5,78.45,0.0,1,2274.0,0.8884954912901529,False
terminal_hold,16224,86.777447,,False,,57.82857142857143,81.8,57.82857142857143,81.8,0.0,1,2270.0,0.8951838546993115,False
terminal_hold,16225,86.782456,,False,,61.38235294117647,77.41176470588235,61.38235294117647,77.41176470588235,0.0,1,2261.0,0.891634680709794,False
terminal_hold,16226,86.787464,,False,,67.68235294117648,77.61176470588235,67.68235294117648,77.61176470588235,0.0,1,2292.5,0.8865160939164377,False
terminal_hold,16227,86.792473,,False,,68.81944444444444,76.23611111111111,68.81944444444444,76.23611111111111,0.0,1,2274.5,0.8994018287939344,False
terminal_hold,16228,86.797481,,False,,69.28205128205128,73.35897435897436,69.28205128205128,73.35897435897436,0.0,1,2262.0,0.8920290217312082,False
terminal_hold,16229,86.80249,,False,,68.5945945945946,70.54054054054055,68.5945945945946,70.54054054054055,0.0,1,2208.0,0.8989968316009765,False
terminal_hold,16230,86.807498,,False,,66.7051282051282,69.03846153846153,66.7051282051282,69.03846153846153,0.0,1,2208.5,0.8932337273095144,False
terminal_hold,16231,86.812507,,False,,61.69117647058823,65.92647058823529,61.69117647058823,65.92647058823529,0.0,1,2168.5,0.897302451658025,False
terminal_hold,16232,86.817516,,False,,56.22727272727273,68.29545454545455,56.22727272727273,68.29545454545455,0.0,1,2186.0,0.881704453288955,False
terminal_hold,16233,86.822524,,False,,54.24242424242424,69.24242424242425,54.24242424242424,69.24242424242425,0.0,1,2171.0,0.9008437515398582,False
terminal_hold,16234,86.827533,,False,,50.18571428571428,77.64285714285714,50.18571428571428,77.64285714285714,0.0,1,2192.5,0.8951569053427886,False
terminal_hold,16235,86.832541,,False,,55.02941176470589,78.20588235294117,55.029411764705884,78.20588235294117,7.105427357601002e-15,1,2212.0,0.9006254380493074,False
terminal_hold,16236,86.83755,,False,,59.141176470588235,81.01176470588236,59.141176470588235,81.01176470588236,0.0,1,2262.5,0.8863991536751513,False
terminal_hold,16237,86.842558,,False,,61.44871794871795,79.73076923076923,61.44871794871795,79.73076923076923,0.0,1,2269.5,0.8891416029117031,False
terminal_hold,16238,86.847567,,False,,66.64197530864197,78.87654320987654,66.64197530864197,78.87654320987654,0.0,1,2267.0,0.8857604626841066,False
terminal_hold,16239,86.852576,,False,,71.16901408450704,81.09859154929578,71.16901408450704,81.09859154929578,0.0,1,2273.0,0.8929306902704903,False
terminal_hold,16240,86.857584,,False,,77.04878048780488,71.2439024390244,77.04878048780488,71.2439024390244,0.0,1,2203.0,0.8851164717565165,False
terminal_hold,16241,86.862593,,False,,70.75862068965517,69.93103448275862,70.75862068965517,69.93103448275862,0.0,1,2165.5,0.8676673064345468,False
terminal_hold,16242,86.867601,,False,,68.10666666666667,67.61333333333333,68.10666666666667,67.61333333333333,0.0,1,2151.0,0.8875877432478653,False
terminal_hold,16243,86.87261,,False,,64.30645161290323,60.20967741935484,64.30645161290323,60.20967741935484,0.0,1,2129.5,0.9017438689043943,False
terminal_hold,16244,86.877618,,False,,61.296875,59.421875,61.296875,59.421875,0.0,1,2145.5,0.8998436723092724,False
terminal_hold,16245,86.882627,,False,,55.73076923076923,63.42307692307692,55.73076923076923,63.42307692307692,0.0,1,2161.5,0.8859625572526884,False
terminal_hold,16246,86.887635,,False,,54.464285714285715,70.10714285714286,54.464285714285715,70.10714285714286,0.0,1,2233.5,0.883189269145377,False
terminal_hold,16247,86.892644,,False,,50.833333333333336,69.89285714285714,50.833333333333336,69.89285714285714,0.0,1,2240.5,0.8744260210502305,False
terminal_hold,16248,86.897653,,False,,53.35294117647059,76.0,53.35294117647059,76.0,0.0,1,2250.0,0.8955899884910441,False
terminal_hold,16249,86.902661,,False,,51.7125,77.3875,51.7125,77.3875,0.0,1,2297.5,0.8803397091622142,False
terminal_hold,16250,86.90767,,False,,52.81159420289855,80.04347826086956,52.81159420289855,80.04347826086956,0.0,1,2272.5,0.890316945915854,False
terminal_hold,16251,86.912678,,False,,51.37179487179487,78.93589743589743,51.37179487179487,78.93589743589743,0.0,1,2264.5,0.8871827109380686,False
terminal_hold,16252,86.917687,,False,,55.394366197183096,76.95774647887323,55.394366197183096,76.95774647887323,0.0,1,2246.0,0.8905547545523225,False
terminal_hold,16253,86.922695,,False,,57.075,79.1,57.075,79.1,0.0,1,2242.0,0.8924056637421267,False
terminal_hold,16254,86.927704,11.0,True,0.0,56.0,79.58536585365853,56.0,79.58536585365853,0.0,1,2259.0,0.8874309054744812,False
terminal_hold,16255,86.932713,,True,0.0,57.30952380952381,78.5,57.30952380952381,78.5,0.0,1,2233.0,0.8888233121559584,False
terminal_hold,16256,86.937721,,True,0.0,56.20512820512821,84.07692307692308,56.205128205128204,84.07692307692308,7.105427357601002e-15,1,2218.0,0.8828527169472142,False
terminal_hold,16257,86.94273,,True,0.0,61.8375,82.6125,61.8375,82.6125,0.0,1,2242.5,0.8867481233085607,False
terminal_hold,16258,86.947738,,True,0.0,59.53846153846154,85.3076923076923,59.53846153846154,85.3076923076923,0.0,1,2218.0,0.891143135005048,False
terminal_hold,16259,86.952747,,True,0.0,59.583333333333336,83.36111111111111,59.583333333333336,83.36111111111111,0.0,1,2252.0,0.8929338026185768,False
terminal_hold,16260,86.957755,,True,0.0,64.4875,83.1125,64.4875,83.1125,0.0,1,2246.5,0.8883298427353206,False
terminal_hold,16261,86.962764,,True,0.0,64.14864864864865,79.52702702702705,64.14864864864865,79.52702702702703,1.4210854715202004e-14,1,2255.5,0.8918886945250015,False
terminal_hold,16262,86.967773,12.0,True,0.0,60.74418604651163,82.16279069767444,60.74418604651163,82.16279069767442,1.4210854715202004e-14,1,2250.0,0.8757636505819401,False
terminal_hold,16263,86.972781,,True,0.0,61.025,80.325,61.025,80.325,0.0,1,2218.0,0.8828527110240091,False
terminal_hold,16264,86.97779,,True,0.0,60.90277777777778,80.51388888888889,60.90277777777778,80.51388888888889,0.0,1,2228.5,0.8929099845597868,False
terminal_hold,16265,86.982798,,True,0.0,62.20987654320987,78.71604938271605,62.20987654320987,78.71604938271605,0.0,1,2243.0,0.8763831956745001,False
terminal_hold,16266,86.987807,,True,0.0,59.6875,83.0625,59.6875,83.0625,0.0,1,2207.5,0.8762783765338221,False
terminal_hold,16267,86.992815,,True,0.0,57.26190476190476,82.47619047619048,57.26190476190476,82.47619047619048,0.0,1,2258.0,0.882243981529848,False
terminal_hold,16268,86.997824,,True,0.0,61.08974358974359,81.8076923076923,61.08974358974359,81.8076923076923,0.0,1,2213.5,0.8868998292344702,False
terminal_hold,16269,87.002833,,True,0.0,60.62025316455696,84.60759493670886,60.620253164556964,84.60759493670886,7.105427357601002e-15,1,2228.5,0.881212122570526,False
terminal_hold,16270,87.007841,13.0,True,0.0,60.35365853658536,82.6951219512195,60.353658536585364,82.6951219512195,7.105427357601002e-15,1,2252.5,0.8824813685353573,False
terminal_hold,16271,87.01285,,True,0.0,61.10843373493976,80.86746987951807,61.10843373493976,80.86746987951807,0.0,1,2231.0,0.8798040498551657,False
terminal_hold,16272,87.017858,,True,0.0,59.666666666666664,79.52777777777777,59.666666666666664,79.52777777777777,0.0,1,2230.0,0.8959644720912537,False
terminal_hold,16273,87.022867,,True,0.0,61.97058823529411,80.05882352941178,61.970588235294116,80.05882352941177,1.5888218580782548e-14,1,2244.0,0.90158936115371,False
terminal_hold,16274,87.027875,,True,0.0,63.8625,87.5375,63.8625,87.5375,0.0,1,2232.5,0.8862022503952196,False
terminal_hold,16275,87.032884,,True,0.0,63.6986301369863,88.17808219178082,63.6986301369863,88.17808219178082,0.0,1,2215.0,0.8899377956406878,False
terminal_hold,16276,87.037892,,True,0.0,65.8625,87.475,65.8625,87.475,0.0,1,2227.0,0.8864350709875871,False
terminal_hold,16277,87.042901,,True,0.0,63.38461538461539,87.05128205128206,63.38461538461539,87.05128205128206,0.0,1,2221.0,0.8874713639399531,False
terminal_hold,16278,87.04791,14.0,True,0.0,61.346666666666664,88.14666666666666,61.346666666666664,88.14666666666666,0.0,1,2247.5,0.8839063470306298,False
terminal_hold,16279,87.052918,,True,0.0,62.791666666666664,89.18055555555556,62.791666666666664,89.18055555555556,0.0,1,2290.5,0.8973689577452153,False
terminal_hold,16280,87.057927,,True,0.0,61.42465753424658,86.68493150684931,61.42465753424658,86.68493150684931,0.0,1,2270.5,0.8895333839110005,False
terminal_hold,16281,87.062935,,True,0.0,60.74418604651163,84.69767441860466,60.74418604651163,84.69767441860465,1.4210854715202004e-14,1,2296.0,0.8774121722351268,False
terminal_hold,16282,87.067944,,True,0.0,68.5925925925926,81.71604938271605,68.5925925925926,81.71604938271605,0.0,1,2287.5,0.8845825765703882,False
terminal_hold,16283,87.072952,,True,0.0,75.52631578947368,84.13157894736844,75.52631578947368,84.13157894736842,1.4210854715202004e-14,1,2304.0,0.8885695155224452,False
terminal_hold,16284,87.077961,,True,0.0,74.20987654320987,82.32098765432099,74.20987654320987,82.32098765432099,0.0,1,2354.0,0.8880646433531013,False
terminal_hold,16285,87.08297,,True,0.0,75.75641025641026,79.32051282051282,75.75641025641026,79.32051282051282,0.0,1,2357.5,0.8951218144293521,False
terminal_hold,16286,87.087978,15.0,True,0.0,76.81428571428572,77.7,76.81428571428572,77.7,0.0,1,2311.5,0.893863446494153,False
terminal_hold,16287,87.092987,,False,,74.37837837837837,67.32432432432432,74.37837837837837,67.32432432432432,0.0,1,2256.0,0.8945198282912055,False
terminal_hold,16288,87.097995,,False,,73.5,65.79729729729729,73.5,65.79729729729729,0.0,1,2232.5,0.8910562768753291,False
terminal_hold,16289,87.103004,,False,,70.78260869565217,69.6086956521739,70.78260869565217,69.6086956521739,0.0,1,2226.0,0.8943573512849531,False
terminal_hold,16290,87.108012,,False,,69.73863636363636,65.4659090909091,69.73863636363636,65.4659090909091,0.0,1,2184.5,0.8835268703388455,False
terminal_hold,16291,87.113021,,False,,67.5,61.27777777777778,67.5,61.27777777777778,0.0,1,2193.5,0.8707210098434921,False
terminal_hold,16292,87.11803,,False,,62.01282051282051,61.80769230769231,62.01282051282051,61.80769230769231,0.0,1,2235.5,0.8873931216268534,False
terminal_hold,16293,87.123038,,False,,59.80769230769231,63.47435897435897,59.80769230769231,63.47435897435897,0.0,1,2252.5,0.8941413606895219,False
terminal_hold,16294,87.128047,,False,,56.41428571428571,67.47142857142858,56.41428571428571,67.47142857142858,0.0,1,2228.5,0.901322780760359,False
terminal_hold,16295,87.133055,,False,,54.523809523809526,79.54761904761905,54.523809523809526,79.54761904761905,0.0,1,2251.0,0.8876911358849109,False
terminal_hold,16296,87.138064,,False,,58.142857142857146,78.4047619047619,58.142857142857146,78.4047619047619,0.0,1,2251.0,0.8842881630076878,False
terminal_hold,16297,87.143072,,False,,63.825,80.8,63.825,80.8,0.0,1,2281.0,0.8878297287235724,False
terminal_hold,16298,87.148081,,False,,69.20930232558139,76.93023255813954,69.20930232558139,76.93023255813954,0.0,1,2280.0,0.8908398053862872,False
terminal_hold,16299,87.153089,,False,,67.3048780487805,74.54878048780488,67.3048780487805,74.54878048780488,0.0,1,2259.5,0.8852238213161048,False
terminal_hold,16300,87.158098,,False,,68.67058823529412,69.01176470588236,68.67058823529412,69.01176470588236,0.0,1,2218.5,0.8772578447367394,False
terminal_hold,16301,87.163107,,False,,62.68571428571428,67.88571428571429,62.68571428571428,67.88571428571429,0.0,1,2136.0,0.8983761501826729,False
terminal_hold,16302,87.168115,,False,,56.73684210526316,69.15789473684211,56.73684210526316,69.15789473684211,0.0,1,2141.0,0.8919093371914055,False
terminal_hold,16303,87.173124,,False,,53.645161290322584,72.58064516129032,53.645161290322584,72.58064516129032,0.0,1,2146.0,0.9025820322805335,False
terminal_hold,16304,87.178132,,False,,52.51315789473684,78.17105263157895,52.51315789473684,78.17105263157895,0.0,1,2199.5,0.8895936580696878,False
terminal_hold,16305,87.183141,,False,,52.32432432432432,76.43243243243244,52.32432432432432,76.43243243243244,0.0,1,2186.0,0.8949769617100263,False
terminal_hold,16306,87.188149,,False,,56.891891891891895,83.83783783783784,56.891891891891895,83.83783783783784,0.0,1,2186.0,0.8949769629279719,False
terminal_hold,16307,87.193158,,False,,65.11428571428571,88.91428571428571,65.11428571428571,88.91428571428571,0.0,1,2167.0,0.8906837594347344,False
terminal_hold,16308,87.198167,,False,,73.78125,87.5625,73.78125,87.5625,0.0,1,2223.0,0.9051041494896982,False
terminal_hold,16309,87.203175,,False,,77.21428571428571,80.11904761904762,77.21428571428571,80.11904761904762,0.0,1,2294.0,0.8847128746631411,False
terminal_hold,16310,87.208184,,False,,77.61111111111111,71.83333333333333,77.61111111111111,71.83333333333333,0.0,1,2234.0,0.8975715808318894,False
terminal_hold,16311,87.213192,,False,,73.48684210526316,68.80263157894737,73.48684210526316,68.80263157894737,0.0,1,2214.5,0.8873005104007801,False
terminal_hold,16312,87.218201,,False,,69.69411764705882,64.36470588235294,69.69411764705882,64.36470588235294,0.0,1,2187.0,0.8786880259291336,False
terminal_hold,16313,87.223209,,False,,68.75,65.9090909090909,68.75,65.9090909090909,0.0,1,2243.0,0.8845363052458827,False
terminal_hold,16314,87.228218,,False,,69.0,65.63855421686748,69.0,65.63855421686748,0.0,1,2210.5,0.8856977929092983,False
terminal_hold,16315,87.233227,,False,,66.94666666666667,69.10666666666667,66.94666666666667,69.10666666666667,0.0,1,2234.0,0.8892213569251923,False
terminal_hold,16316,87.238235,,False,,57.723684210526315,67.22368421052632,57.723684210526315,67.22368421052632,0.0,1,2217.5,0.8968738037886155,False
terminal_hold,16317,87.243244,,False,,57.078947368421055,70.86842105263158,57.078947368421055,70.86842105263158,0.0,1,2248.0,0.8947939145045949,False
terminal_hold,16318,87.248252,,False,,56.73684210526316,72.8157894736842,56.73684210526316,72.8157894736842,0.0,1,2238.0,0.8908135085524251,False
terminal_hold,16319,87.253261,,False,,57.82954545454545,79.14772727272727,57.82954545454545,79.14772727272727,0.0,1,2224.5,0.8830266108155836,False
terminal_hold,16320,87.258269,,False,,57.29487179487179,80.1923076923077,57.294871794871796,80.1923076923077,7.105427357601002e-15,1,2230.5,0.8937113397175699,False
terminal_hold,16321,87.263278,,False,,56.48684210526316,74.9342105263158,56.48684210526316,74.9342105263158,0.0,1,2220.5,0.8897045735109265,False
terminal_hold,16322,87.268287,,False,,55.86666666666667,78.86666666666666,55.86666666666667,78.86666666666666,0.0,1,2181.5,0.8906658090542697,False
terminal_hold,16323,87.273295,,False,,59.03947368421053,79.90789473684211,59.03947368421053,79.90789473684211,0.0,1,2233.5,0.8949133857070057,False
terminal_hold,16324,87.278304,,False,,59.86764705882353,80.95588235294117,59.86764705882353,80.95588235294117,0.0,1,2222.5,0.8988960708043346,False
terminal_hold,16325,87.283312,,False,,60.20512820512821,78.17948717948718,60.205128205128204,78.17948717948718,7.105427357601002e-15,1,2250.0,0.8872967746492111,False
terminal_hold,16326,87.288321,,False,,58.265060240963855,79.18072289156626,58.265060240963855,79.18072289156626,0.0,1,2242.5,0.8819399293203829,False
terminal_hold,16327,87.293329,,False,,58.328947368421055,78.30263157894737,58.328947368421055,78.30263157894737,0.0,1,2278.5,0.8926676117784894,False
terminal_hold,16328,87.298338,,False,,61.68493150684932,82.84931506849315,61.68493150684932,82.84931506849315,0.0,1,2250.5,0.8899115526617227,False
terminal_hold,16329,87.303346,,False,,67.55555555555556,80.84444444444445,67.55555555555556,80.84444444444445,0.0,1,2240.0,0.8752110415248877,False
terminal_hold,16330,87.308355,,False,,65.8375,81.7125,65.8375,81.7125,0.0,1,2238.5,0.8934510457803828,False
terminal_hold,16331,87.313364,,False,,73.59722222222223,74.625,73.59722222222223,74.625,0.0,1,2254.5,0.8914932625754326,False
terminal_hold,16332,87.318372,,False,,72.92592592592592,74.66666666666667,72.92592592592592,74.66666666666667,0.0,1,2232.5,0.8827938407732501,False
terminal_hold,16333,87.323381,,False,,72.51282051282051,67.53846153846153,72.51282051282051,67.53846153846153,0.0,1,2206.0,0.8946840634686509,False
terminal_hold,16334,87.328389,,False,,72.38356164383562,67.95890410958904,72.38356164383562,67.95890410958904,0.0,1,2204.0,0.8855182483529083,False
terminal_hold,16335,87.333398,,False,,68.0625,64.4625,68.0625,64.4625,0.0,1,2139.5,0.8853025535821396,False
terminal_hold,16336,87.338406,,False,,68.78947368421052,65.5,68.78947368421052,65.5,0.0,1,2153.0,0.8884130236278325,False
terminal_hold,16337,87.343415,,False,,57.36904761904762,67.01190476190476,57.36904761904762,67.01190476190476,0.0,1,2134.5,0.8832336098981115,False
terminal_hold,16338,87.348424,,False,,57.07575757575758,68.4090909090909,57.07575757575758,68.4090909090909,0.0,1,2160.5,0.9025528057886374,False
terminal_hold,16339,87.353432,,False,,57.03333333333333,70.36666666666666,57.03333333333333,70.36666666666666,0.0,1,2159.0,0.8994078731213727,False
terminal_hold,16340,87.358441,,False,,52.5,74.21428571428571,52.5,74.21428571428571,0.0,1,2131.0,0.875886980239639,False
terminal_hold,16341,87.363449,,False,,52.56164383561644,75.95890410958904,52.56164383561644,75.95890410958904,0.0,1,2183.0,0.888817968928855,False
terminal_hold,16342,87.368458,,False,,55.09722222222222,76.54166666666667,55.09722222222222,76.54166666666667,0.0,1,2207.5,0.896315655337157,False
terminal_hold,16343,87.373466,,False,,56.33783783783784,85.20270270270271,56.33783783783784,85.20270270270271,0.0,1,2180.5,0.8902575325234764,False
terminal_hold,16344,87.378475,,False,,64.54285714285714,86.0,64.54285714285714,86.0,0.0,1,2203.0,0.8969610537039165,False
terminal_hold,16345,87.383484,,False,,68.875,80.425,68.875,80.425,0.0,1,2226.0,0.8860370345583756,False
terminal_hold,16346,87.388492,,False,,75.35526315789474,80.25,75.35526315789474,80.25,0.0,1,2276.5,0.8918840568901911,False
terminal_hold,16347,87.393501,,False,,72.55714285714286,79.67142857142858,72.55714285714286,79.67142857142858,0.0,1,2250.5,0.8982406051995199,False
terminal_hold,16348,87.398509,,False,,73.625,81.01388888888889,73.625,81.01388888888889,0.0,1,2255.5,0.9002362531658583,False
terminal_hold,16349,87.403518,,False,,72.62337662337663,78.01298701298701,72.62337662337663,78.01298701298701,0.0,1,2260.0,0.8830254234763648,False
terminal_hold,16350,87.408526,,False,,70.46575342465754,67.83561643835617,70.46575342465754,67.83561643835617,0.0,1,2266.0,0.8901808079718387,False
terminal_hold,16351,87.413535,,False,,69.26506024096386,66.80722891566265,69.26506024096386,66.80722891566265,0.0,1,2221.5,0.8901052439041929,False
terminal_hold,16352,87.418543,,False,,63.96153846153846,67.75641025641026,63.96153846153846,67.75641025641026,0.0,1,2231.5,0.8823984124011232,False
terminal_hold,16353,87.423552,,False,,63.02564102564103,66.12820512820512,63.02564102564103,66.12820512820512,0.0,1,2216.0,0.8868945741180184,False
terminal_hold,16354,87.428561,,False,,54.171052631578945,66.0657894736842,54.171052631578945,66.0657894736842,0.0,1,2232.5,0.8945127008966381,False
terminal_hold,16355,87.433569,,False,,54.47435897435897,68.01282051282051,54.47435897435897,68.01282051282051,0.0,1,2207.5,0.8928292734293323,False
terminal_hold,16356,87.438578,,False,,58.46913580246913,67.06172839506173,58.46913580246913,67.06172839506173,0.0,1,2214.0,0.8812605581352244,False
terminal_hold,16357,87.443586,,False,,54.01298701298701,70.27272727272727,54.01298701298701,70.27272727272727,0.0,1,2178.0,0.8867822079575932,False
terminal_hold,16358,87.448595,,False,,51.925,71.325,51.925,71.325,0.0,1,2206.0,0.8863217979578412,False
terminal_hold,16359,87.453603,,False,,54.175,74.675,54.175,74.675,0.0,1,2231.0,0.888027238120906,False
terminal_hold,16360,87.458612,,False,,55.108108108108105,78.43243243243244,55.108108108108105,78.43243243243244,0.0,1,2198.0,0.8949252904086176,False
terminal_hold,16361,87.463621,,False,,55.46153846153846,79.17948717948718,55.46153846153846,79.17948717948718,0.0,1,2203.0,0.8885612558775062,False
terminal_hold,16362,87.468629,,False,,56.925,82.8,56.925,82.8,0.0,1,2218.0,0.8828527133932911,False
terminal_hold,16363,87.473638,,False,,58.06185567010309,82.64948453608247,58.06185567010309,82.64948453608247,0.0,1,2232.0,0.864083817820698,False
terminal_hold,16364,87.478646,,False,,59.662921348314605,84.89887640449439,59.662921348314605,84.89887640449439,0.0,1,2245.5,0.8763774362516394,False
terminal_hold,16365,87.483655,,False,,66.9,78.375,66.9,78.375,0.0,1,2277.0,0.8979443443401004,False
terminal_hold,16366,87.488663,,False,,70.9375,73.78125,70.9375,73.78125,0.0,1,2188.0,0.9078977958854219,False
terminal_hold,16367,87.493672,,False,,66.33720930232558,66.54651162790698,66.33720930232558,66.54651162790698,0.0,1,2181.5,0.8857588351606484,False
terminal_hold,16368,87.498681,,False,,64.05,59.25,64.05,59.25,0.0,1,2150.0,0.8836963938144047,False
terminal_hold,16369,87.503689,,False,,63.025,63.175,63.025,63.175,0.0,1,2152.0,0.8845184297349906,False
terminal_hold,16370,87.508698,,False,,56.0921052631579,62.065789473684205,56.0921052631579,62.06578947368421,7.105427357601002e-15,1,2166.5,0.8880119720908388,False
terminal_hold,16371,87.513706,,False,,54.972602739726035,64.06849315068493,54.97260273972603,64.06849315068493,7.105427357601002e-15,1,2198.0,0.8865445389533283,False
terminal_hold,16372,87.518715,,False,,55.07692307692308,67.71794871794872,55.07692307692308,67.71794871794872,0.0,1,2212.0,0.8887324670756281,False
terminal_hold,16373,87.523723,,False,,53.16883116883117,79.57142857142857,53.16883116883117,79.57142857142857,0.0,1,2240.0,0.8867591618849089,False
terminal_hold,16374,87.528732,,False,,57.70512820512821,77.37179487179488,57.705128205128204,77.37179487179488,7.105427357601002e-15,1,2264.5,0.895447549878903,False
terminal_hold,16375,87.533741,,False,,59.858823529411765,82.52941176470588,59.858823529411765,82.52941176470588,0.0,1,2238.5,0.8769964700226159,False
terminal_hold,16376,87.538749,,False,,64.8974358974359,83.35897435897436,64.8974358974359,83.35897435897436,0.0,1,2185.0,0.8861671230205633,False
terminal_hold,16377,87.543758,,False,,67.05405405405405,88.51351351351352,67.05405405405405,88.51351351351352,0.0,1,2200.0,0.895739594272639,False
terminal_hold,16378,87.548766,,False,,67.03529411764706,85.89411764705882,67.03529411764706,85.89411764705882,0.0,1,2207.0,0.8784742698897589,False
terminal_hold,16379,87.553775,,False,,67.64935064935065,86.33766233766234,67.64935064935065,86.33766233766234,0.0,1,2247.5,0.8887252651665509,False
terminal_hold,16380,87.558783,,False,,70.75,86.0,70.75,86.0,0.0,1,2249.0,0.8951919557033486,False
terminal_hold,16381,87.563792,,False,,72.21875,86.84375,72.21875,86.84375,0.0,1,2290.0,0.9080010522456978,False
terminal_hold,16382,87.5688,,False,,76.96,83.24,76.96,83.24,0.0,1,2278.0,0.8866620473841093,False
terminal_hold,16383,87.573809,,False,,71.5223880597015,88.25373134328359,71.5223880597015,88.25373134328358,1.4210854715202004e-14,1,2278.0,0.8983386936665474,False
terminal_hold,16384,87.578818,,False,,69.8048780487805,87.63414634146342,69.8048780487805,87.63414634146342,0.0,1,2277.0,0.8862728073329644,False
