method,ellipse_returned,bound_or_nonconvergence,radius_um,status,computationally_ok,converged,boundary_reached,n_input,n_used,scientific_assessment,rotation_quadrature_score,peak_energy_fraction,start_time_sec,end_time_sec,source_first_frame_1based,source_last_frame_1based,center_x_um,center_y_um,fit_residual_p95_R,axis_ratio,major_axis_R,coverage_deg,block_cv_valid,block_cv_computationally_ok,block_cv_bound_count,block_cv_p95_R,center_max_shift_R,origin_shift_error_R
legacy,False,False,0.2940910513361215,nonellipse,False,,False,1015,1015,not_assessed,0.6016862631515572,0.2819655144966573,15.781025,20.861391993006993,2049,3063,,,,,,,,,,,,
centered_algebraic,True,False,0.2940910513361215,computed,True,,False,1015,1015,not_assessed,0.6016862631515572,0.2819655144966573,15.781025,20.861391993006993,2049,3063,1.3034765647818995,1.4145829468733444,0.8348791079238305,1.3722228150470734,1.3182691729442957,355.5644138226628,4.0,4.0,0.0,0.875471598100569,0.15964587602657,7.550199297674408e-16
ellipse_constrained,True,False,0.2940910513361215,computed,True,,False,1015,1015,not_assessed,0.6016862631515572,0.2819655144966573,15.781025,20.861391993006993,2049,3063,1.269751233026691,1.429863968418351,0.8176887358540189,1.3200161253948437,1.2810838222503662,353.501026557509,4.0,4.0,0.0,0.8470049943452383,0.1160907474367542,0.0
geometric_ellipse,True,False,0.2940910513361215,computed,True,True,False,1015,1015,not_assessed,0.6016862631515572,0.2819655144966573,15.781025,20.861391993006993,2049,3063,1.0968626430528952,1.462854474286909,0.5739621480713071,7.1573560527295985,2.7958704288967797,349.12248280243307,4.0,2.0,2.0,0.5763211993042828,0.6339999497225726,1.4863320904964508e-08
robust_circle,True,False,0.2940910513361215,computed,True,True,False,1015,1015,not_assessed,0.6016862631515572,0.2819655144966573,15.781025,20.861391993006993,2049,3063,1.2485078359851287,1.4416281569043556,0.7575165376705797,1.0,0.6232406693459982,356.3647036563521,4.0,4.0,0.0,0.7857157344704903,0.1231536652431669,4.1603238214641095e-08
legacy,False,False,0.2923357725207163,nonellipse,False,,False,1015,1015,not_assessed,0.7630701367512708,0.3831754718087088,16.28184665876116,21.362213651768155,2149,3163,,,,,,,,,,,,
centered_algebraic,True,False,0.2923357725207163,computed,True,,False,1015,1015,not_assessed,0.7630701367512708,0.3831754718087088,16.28184665876116,21.362213651768155,2149,3163,1.3059050763881308,1.4055441370539217,0.8660946387024211,1.2936841173028737,1.269095286301208,355.2246715518928,4.0,4.0,0.0,0.8936311106060917,0.1445765297213286,1.0741705985178469e-15
ellipse_constrained,True,False,0.2923357725207163,computed,True,,False,1015,1015,not_assessed,0.7630701367512708,0.3831754718087088,16.28184665876116,21.362213651768155,2149,3163,1.2852325595782377,1.4263791253339804,0.8313270057069766,1.2558247352025786,1.2412699460983276,355.8424656005566,4.0,4.0,0.0,0.8760932286690322,0.0882545254658314,0.0
geometric_ellipse,True,True,0.2923357725207163,boundary,False,True,True,1015,1015,not_assessed,0.7630701367512708,0.3831754718087088,16.28184665876116,21.362213651768155,2149,3163,1.0927208005281654,1.4598597462646417,0.5873143094853852,7.586242093838349,2.999999796964974,344.713481440264,4.0,1.0,3.0,0.6126656805027819,0.861636888271395,2.525739276933164e-08
robust_circle,True,False,0.2923357725207163,computed,True,True,False,1015,1015,not_assessed,0.7630701367512708,0.3831754718087088,16.28184665876116,21.362213651768155,2149,3163,1.2627268120481288,1.441260858443706,0.7191718406044849,1.0,0.6177885429160096,354.578878913448,4.0,4.0,0.0,0.7784678693547014,0.1088501575015987,3.2741492810654854e-08
legacy,False,False,0.2814561554768772,nonellipse,False,,False,1015,1015,not_assessed,0.6852748200402436,0.3838995688173243,16.782668317522322,21.863035310529316,2249,3263,,,,,,,,,,,,
centered_algebraic,True,False,0.2814561554768772,computed,True,,False,1015,1015,not_assessed,0.6852748200402436,0.3838995688173243,16.782668317522322,21.863035310529316,2249,3263,1.3127032936409158,1.3881886170922495,0.8892353099800759,1.3237557820518513,1.284058370001434,355.667501438583,4.0,4.0,0.0,0.8733960369174598,0.1778569550843708,7.889136570803233e-16
ellipse_constrained,True,False,0.2814561554768772,computed,True,,False,1015,1015,not_assessed,0.6852748200402436,0.3838995688173243,16.782668317522322,21.863035310529316,2249,3263,1.2881275523836078,1.409169401196558,0.8561261745137163,1.27744962975614,1.2492008209228516,357.22553148010866,4.0,4.0,0.0,0.8594948895378945,0.103760910751467,7.889136570803233e-16
geometric_ellipse,True,True,0.2814561554768772,boundary,False,True,True,1015,1015,not_assessed,0.6852748200402436,0.3838995688173243,16.782668317522322,21.863035310529316,2249,3263,1.2217633063436246,1.4421030387220544,0.6084640687698099,7.6399614649942285,2.999999819713703,354.1020250528844,4.0,3.0,1.0,0.647772196855788,0.9390538555971568,2.6597512904284977e-08
robust_circle,True,False,0.2814561554768772,computed,True,True,False,1015,1015,not_assessed,0.6852748200402436,0.3838995688173243,16.782668317522322,21.863035310529316,2249,3263,1.2670314753802467,1.4271944341493332,0.7409845859138149,1.0,0.6210246376696702,355.4705338338419,4.0,4.0,0.0,0.7819517588474432,0.1024175489630587,2.8135332536763998e-08
legacy,False,False,0.2606876534892312,nonellipse,False,,False,1015,1015,not_assessed,0.2993918572514833,0.3539591574745439,17.28348997628348,22.36385696929047,2349,3363,,,,,,,,,,,,
centered_algebraic,True,False,0.2606876534892312,computed,True,,False,1015,1015,not_assessed,0.2993918572514833,0.3539591574745439,17.28348997628348,22.36385696929047,2349,3363,1.3262468244306522,1.3958000552821366,1.0184398938634511,1.2138087319866422,1.356770212282684,355.15602698998543,4.0,4.0,0.0,0.9953059540342858,0.0972879818578616,8.517649453398599e-16
ellipse_constrained,True,False,0.2606876534892312,computed,True,,False,1015,1015,not_assessed,0.2993918572514833,0.3539591574745439,17.28348997628348,22.36385696929047,2349,3363,1.304769862832541,1.414802894941774,0.9796101269532728,1.1938409884301084,1.3335111141204834,354.8877612238964,4.0,4.0,0.0,0.9654350776069884,0.0952726815785807,8.517649453398599e-16
geometric_ellipse,True,False,0.2606876534892312,computed,True,True,False,1015,1015,not_assessed,0.2993918572514833,0.3539591574745439,17.28348997628348,22.36385696929047,2349,3363,1.464825364682915,1.372867187624384,0.7631046157347554,5.415157748155195,2.4397218212249303,351.16178685164135,4.0,1.0,3.0,0.8427842319558243,1.3375752077856484,9.055448724748501e-08
robust_circle,True,False,0.2606876534892312,computed,True,True,False,1015,1015,not_assessed,0.2993918572514833,0.3539591574745439,17.28348997628348,22.36385696929047,2349,3363,1.274381746815786,1.4213643713122182,0.8518174448074409,1.0,0.6679268813429214,355.3294258316738,4.0,4.0,0.0,0.8858695321967353,0.1115183138275743,2.5391994360220535e-08
legacy,True,False,0.2435343542989353,computed,True,,False,1015,1015,not_assessed,0.2832883884688373,0.3206432252675311,17.78431163504464,22.864678628051635,2449,3463,1.299718203992142,1.4511478864173817,0.5874808998664637,4.8443621782380015,2.912850736381989,352.75055717326194,4.0,4.0,0.0,0.6377302507175634,0.3193246215997035,
centered_algebraic,True,False,0.2435343542989353,computed,True,,False,1015,1015,not_assessed,0.2832883884688373,0.3206432252675311,17.78431163504464,22.864678628051635,2449,3463,1.3128173965780807,1.4124327570753938,0.9698653404358288,1.139463870804199,1.2949347799869622,355.71502281326923,4.0,4.0,0.0,0.957049585467742,0.1367673052486259,9.117588586802598e-16
ellipse_constrained,True,False,0.2435343542989353,computed,True,,False,1015,1015,not_assessed,0.2832883884688373,0.3206432252675311,17.78431163504464,22.864678628051635,2449,3463,1.2933237174856127,1.4363779572007715,0.903534415242374,1.11658341743346,1.267100811004639,356.08524373796524,4.0,4.0,0.0,0.9032657439193932,0.123331925243445,9.117588586802598e-16
geometric_ellipse,True,True,0.2435343542989353,boundary,False,True,True,1015,1015,not_assessed,0.2832883884688373,0.3206432252675311,17.78431163504464,22.864678628051635,2449,3463,1.2635335864836563,1.640342151803546,0.7678600762010639,6.318224037726159,2.999999999999989,330.8832826770816,4.0,0.0,4.0,0.8221136734880126,0.9673605190046788,2.9501650178832535e-10
robust_circle,True,False,0.2435343542989353,computed,True,True,False,1015,1015,not_assessed,0.2832883884688373,0.3206432252675311,17.78431163504464,22.864678628051635,2449,3463,1.2799413969633426,1.4288276956652664,0.8271809779911612,1.0,0.6857546434391129,354.9016405202209,4.0,4.0,0.0,0.8621106604426683,0.0568634466456617,2.583063083957939e-08
legacy,True,False,0.2399410355122564,computed,True,,False,1015,1015,not_assessed,0.5071573995469709,0.3133731021061209,18.285133293805803,23.365500286812797,2549,3563,1.2991322499678284,1.452693988931541,0.6013443647204738,4.3486000644046126,2.67168861823735,354.77302957405624,4.0,4.0,0.0,0.6395395334343529,0.2333422656710475,
centered_algebraic,True,False,0.2399410355122564,computed,True,,False,1015,1015,not_assessed,0.5071573995469709,0.3133731021061209,18.285133293805803,23.365500286812797,2549,3563,1.3114085468518468,1.4154882119611962,0.979047201196482,1.125335598927359,1.296460902430418,356.284092623162,4.0,4.0,0.0,0.9466721752846066,0.1424123140820274,1.3087319185163502e-15
ellipse_constrained,True,False,0.2399410355122564,computed,True,,False,1015,1015,not_assessed,0.5071573995469709,0.3133731021061209,18.285133293805803,23.365500286812797,2549,3563,1.2937093226253749,1.437903329143235,0.9142206932828222,1.1059472798840204,1.2704248428344729,355.8399062952625,4.0,4.0,0.0,0.8991297852987657,0.1714686495219202,9.254132143381913e-16
geometric_ellipse,True,True,0.2399410355122564,boundary,False,True,True,1015,1015,not_assessed,0.5071573995469709,0.3133731021061209,18.285133293805803,23.365500286812797,2549,3563,1.267093251843199,1.6358934157192573,0.7733610855848277,6.265011944558811,2.9999999999993077,330.75873092273423,4.0,0.0,4.0,0.8454420492476149,0.9215564246610456,2.018338353613277e-09
robust_circle,True,False,0.2399410355122564,computed,True,True,False,1015,1015,not_assessed,0.5071573995469709,0.3133731021061209,18.285133293805803,23.365500286812797,2549,3563,1.279766280018645,1.4291693411963653,0.8279208809934279,1.0,0.6953548677070072,356.68573707791654,4.0,4.0,0.0,0.8993946354581192,0.1291346498098604,2.5015155031550246e-08
legacy,True,False,0.2343571055381399,computed,True,,False,1015,1015,not_assessed,0.713867678076317,0.2725011809877267,18.785954952566964,23.86632194557396,2649,3663,1.2996264209153394,1.4524833194584932,0.616639472049427,4.156692701450857,2.6458827191225915,354.8806787424011,4.0,4.0,0.0,0.6626790469425592,0.3881620345069277,
centered_algebraic,True,False,0.2343571055381399,computed,True,,False,1015,1015,not_assessed,0.713867678076317,0.2725011809877267,18.785954952566964,23.86632194557396,2649,3663,1.3197900448787716,1.4106137252989517,0.9950471999369114,1.142624410576835,1.3249143760244548,355.66322332484225,4.0,4.0,0.0,0.9779906964838974,0.1573820067002805,0.0
ellipse_constrained,True,False,0.2343571055381399,computed,True,,False,1015,1015,not_assessed,0.713867678076317,0.2725011809877267,18.785954952566964,23.86632194557396,2649,3663,1.3012890381643645,1.432825664105067,0.935779257212826,1.127243817611962,1.301158428192139,356.4182276784244,4.0,4.0,0.0,0.9297058470465468,0.1803123399393676,9.474626528398353e-16
geometric_ellipse,True,True,0.2343571055381399,boundary,False,True,True,1015,1015,not_assessed,0.713867678076317,0.2725011809877267,18.785954952566964,23.86632194557396,2649,3663,1.2748989855759811,1.601900284688296,0.7800893227727451,6.178299623631976,2.9999999975840277,334.92833800528257,4.0,0.0,4.0,0.8638858093306836,0.9410647957515051,8.354468648722583e-09
robust_circle,True,False,0.2343571055381399,computed,True,True,False,1015,1015,not_assessed,0.713867678076317,0.2725011809877267,18.785954952566964,23.86632194557396,2649,3663,1.2874925152620966,1.424082214134727,0.8337717114109521,1.0,0.7156831185463308,357.2850145791003,4.0,4.0,0.0,0.9192246569870216,0.1203846923472396,2.7427251050798338e-08
legacy,True,False,0.2331480455326461,computed,True,,False,1015,1015,not_assessed,0.7381112313862648,0.2380131899955549,19.28677661132813,24.36714360433512,2749,3763,1.2861793695063284,1.4410143100290915,0.6613639381274914,3.921946512468532,2.5307635782472246,356.5000037576994,4.0,4.0,0.0,0.7040687978651152,0.1609411260165774,
centered_algebraic,True,False,0.2331480455326461,computed,True,,False,1015,1015,not_assessed,0.7381112313862648,0.2380131899955549,19.28677661132813,24.36714360433512,2749,3763,1.32276800546033,1.3743390930909445,1.0243506098320576,1.161708177385427,1.3556389842965746,354.87378908761445,4.0,4.0,0.0,1.005435079297436,0.1206369314085297,9.52376008204366e-16
ellipse_constrained,True,False,0.2331480455326461,computed,True,,False,1015,1015,not_assessed,0.7381112313862648,0.2380131899955549,19.28677661132813,24.36714360433512,2749,3763,1.3084284579856176,1.3965012761758104,0.9533775580917272,1.1662200583774929,1.3447686433792114,355.30524873904534,4.0,4.0,0.0,0.9488715968829085,0.1208956205394014,0.0
geometric_ellipse,True,True,0.2331480455326461,boundary,False,True,True,1015,1015,not_assessed,0.7381112313862648,0.2380131899955549,19.28677661132813,24.36714360433512,2749,3763,1.2717965820734147,1.392654317134952,0.7943163411818311,6.456747813885231,2.9999999998543423,356.6599681574762,4.0,0.0,4.0,0.8180479562164747,0.7933440886301818,1.61445574899653e-08
robust_circle,True,False,0.2331480455326461,computed,True,True,False,1015,1015,not_assessed,0.7381112313862648,0.2380131899955549,19.28677661132813,24.36714360433512,2749,3763,1.2878986617731696,1.4018315261380636,0.8726905774507867,1.0,0.7185150063310975,356.169285045165,4.0,4.0,0.0,0.9035201901200316,0.07188385444906,2.325202451687405e-08
legacy,True,False,0.2429437121212121,computed,True,,False,1015,1015,not_assessed,0.8222448672893066,0.1555355859347028,19.787598270089283,24.867965263096277,2849,3863,1.311781086381107,1.4131170005664169,0.6249245102805119,3.302964933718808,2.085470818269786,355.52068712955503,4.0,4.0,0.0,0.6569927384911382,0.1117894991061597,
centered_algebraic,True,False,0.2429437121212121,computed,True,,False,1015,1015,not_assessed,0.8222448672893066,0.1555355859347028,19.787598270089283,24.867965263096277,2849,3863,1.3049720290304756,1.3900006157810452,0.9351880388446882,1.1288035821608786,1.295469634340215,355.1697421596521,4.0,4.0,0.0,0.9458979097185036,0.1338182575583061,0.0
ellipse_constrained,True,False,0.2429437121212121,computed,True,,False,1015,1015,not_assessed,0.8222448672893066,0.1555355859347028,19.787598270089283,24.867965263096277,2849,3863,1.3019558259485426,1.4068513840811825,0.9194038352531134,1.1306005015679352,1.2902010679244995,356.9076995833993,4.0,4.0,0.0,0.9245356906804634,0.1168929226679255,9.139755171529049e-16
geometric_ellipse,True,True,0.2429437121212121,boundary,False,True,True,1015,1015,not_assessed,0.8222448672893066,0.1555355859347028,19.787598270089283,24.867965263096277,2849,3863,1.2720932799927904,1.4274831404935349,0.7502487693998697,6.545492338954013,3.0,356.7257771324443,4.0,1.0,3.0,0.8249682310865388,0.2844638685124724,1.1129518163666166e-08
robust_circle,True,False,0.2429437121212121,computed,True,True,False,1015,1015,not_assessed,0.8222448672893066,0.1555355859347028,19.787598270089283,24.867965263096277,2849,3863,1.2869193784091657,1.4045710713613118,0.8186432122013901,1.0,0.7245432987325946,357.3197232777516,4.0,4.0,0.0,0.8312912219692276,0.0569270929407237,2.6249521098433023e-08
legacy,True,False,0.2490052188074734,computed,True,,False,1015,1015,not_assessed,0.0639456581398734,0.2179465839757054,20.288419928850445,25.36878692185744,2949,3963,1.4053112231704534,1.334394915235774,0.6331019027240639,4.071242321215992,2.52257565640917,355.414575324215,4.0,4.0,0.0,0.6673441644684143,0.914761944513443,
centered_algebraic,True,False,0.2490052188074734,computed,True,,False,1015,1015,not_assessed,0.0639456581398734,0.2179465839757054,20.288419928850445,25.36878692185744,2949,3963,1.3272978255689478,1.3846967020347176,0.991297287592816,1.0295608588403526,1.2197647859959253,355.72487251353607,4.0,4.0,0.0,0.9873596807986476,0.0683227264550027,8.917267115462043e-16
ellipse_constrained,True,False,0.2490052188074734,computed,True,,False,1015,1015,not_assessed,0.0639456581398734,0.2179465839757054,20.288419928850445,25.36878692185744,2949,3963,1.3149926443296696,1.4011211461902533,0.9517109146654508,1.0356371757854257,1.2157758474349976,356.90218423074515,4.0,4.0,0.0,0.9653141613840284,0.0451463304995421,8.917267115462043e-16
geometric_ellipse,True,True,0.2490052188074734,boundary,False,True,True,1015,1015,not_assessed,0.0639456581398734,0.2179465839757054,20.288419928850445,25.36878692185744,2949,3963,1.4072706701976103,1.4190959128515563,0.7258110060722007,6.66826944737189,2.999999999999997,347.17265605204886,4.0,0.0,4.0,0.8355154666980098,0.8234053010740345,3.6629921281354213e-09
robust_circle,True,False,0.2490052188074734,computed,True,True,False,1015,1015,not_assessed,0.0639456581398734,0.2179465839757054,20.288419928850445,25.36878692185744,2949,3963,1.29952204208449,1.405210552399807,0.8123903589281917,1.0,0.7141273844424456,355.8434005280697,4.0,4.0,0.0,0.8459942137024984,0.0924479177828034,2.975473489952473e-08
legacy,True,False,0.2559446132980945,computed,True,,False,1015,1015,not_assessed,0.9024815380431012,0.1820930221775559,20.78924158761161,25.8696085806186,3049,4063,1.4516230787661302,1.2898553545635496,0.6133019910281421,4.838766506848956,2.9482945109425147,348.79884175303164,4.0,4.0,0.0,0.6502526044572293,0.8534743858621621,
centered_algebraic,True,False,0.2559446132980945,computed,True,,False,1015,1015,not_assessed,0.9024815380431012,0.1820930221775559,20.78924158761161,25.8696085806186,3049,4063,1.316990482104737,1.385162546650634,0.9469072744882904,1.0430739034799967,1.1968970415543685,357.3378789297587,4.0,4.0,0.0,0.9335133441629828,0.0879362262322213,8.675494360431005e-16
ellipse_constrained,True,False,0.2559446132980945,computed,True,,False,1015,1015,not_assessed,0.9024815380431012,0.1820930221775559,20.78924158761161,25.8696085806186,3049,4063,1.3057328363174583,1.4030986939067969,0.9016563557634938,1.0547395945226894,1.196857213973999,355.1350698288672,4.0,4.0,0.0,0.9056586656270356,0.0991820418175376,8.675494360431005e-16
geometric_ellipse,True,True,0.2559446132980945,boundary,False,True,True,1015,1015,not_assessed,0.9024815380431012,0.1820930221775559,20.78924158761161,25.8696085806186,3049,4063,1.2708163894160764,1.4921565125006335,0.743658900054054,6.590877816529231,2.9999999999241025,350.0604366341872,4.0,1.0,3.0,0.8016666910603627,0.7200531634134227,1.131371907194578e-08
robust_circle,True,False,0.2559446132980945,computed,True,True,False,1015,1015,not_assessed,0.9024815380431012,0.1820930221775559,20.78924158761161,25.8696085806186,3049,4063,1.292254971698344,1.4074961637553371,0.796474876981246,1.0,0.7014062433253689,356.825082301103,4.0,4.0,0.0,0.8026486220096196,0.062069165539217,2.2399002022986213e-08
legacy,True,False,0.2678513151284336,computed,True,,False,1015,1015,not_assessed,0.95774362336867,0.1904390858000531,21.290063246372767,26.37043023937976,3149,4163,1.4028125042227235,1.3339158646955902,0.5756738139657513,4.5613451980594535,2.640797522795342,353.8776016743895,4.0,4.0,0.0,0.618686005253539,0.9929048514015194,0.9741192384882474
centered_algebraic,True,False,0.2678513151284336,computed,True,,False,1015,1015,not_assessed,0.95774362336867,0.1904390858000531,21.290063246372767,26.37043023937976,3149,4163,1.3159757623950077,1.3890288486974345,0.8896672881559932,1.040412765581561,1.147614429362191,356.36692144700817,4.0,4.0,0.0,0.8870157968943443,0.1258771382508898,8.2898456114938935e-16
ellipse_constrained,True,False,0.2678513151284336,computed,True,,False,1015,1015,not_assessed,0.95774362336867,0.1904390858000531,21.290063246372767,26.37043023937976,3149,4163,1.3048273868121028,1.4059254047860852,0.8558203813318336,1.0480110889053509,1.1462942361831665,356.44128962987287,4.0,4.0,0.0,0.856538702623302,0.0823336434450922,0.0
geometric_ellipse,True,False,0.2678513151284336,computed,True,True,False,1015,1015,not_assessed,0.95774362336867,0.1904390858000531,21.290063246372767,26.37043023937976,3149,4163,1.2974479839433033,1.4316999322056152,0.6924014714397116,5.092772294308415,2.1638843556424816,356.4709892974886,4.0,3.0,1.0,0.796477065516507,0.1380396479301752,1.50038816588432e-08
robust_circle,True,False,0.2678513151284336,computed,True,True,False,1015,1015,not_assessed,0.95774362336867,0.1904390858000531,21.290063246372767,26.37043023937976,3149,4163,1.2992060405298511,1.4070850186142063,0.7251344520367868,1.0,0.7033134304953983,356.5983647664619,4.0,4.0,0.0,0.749046205702555,0.0734904087828919,2.1976671810104465e-08
legacy,True,False,0.2655065522332964,computed,True,,False,1015,1015,not_assessed,0.963077559642854,0.1785491667581884,21.79088490513393,26.871251898140923,3249,4263,1.4600156202157413,1.290039177242161,0.5751017701547512,5.228275252039819,3.070216048257934,347.9481623957213,4.0,4.0,0.0,0.6046554487642428,1.1665755718984647,1.134654408261384
centered_algebraic,True,False,0.2655065522332964,computed,True,,False,1015,1015,not_assessed,0.963077559642854,0.1785491667581884,21.79088490513393,26.871251898140923,3249,4263,1.3189122082642566,1.398491804880822,0.8751986815188831,1.0183498196188077,1.1231102165884668,357.01035366220816,4.0,4.0,0.0,0.8666066623670712,0.0920679396051589,0.0
ellipse_constrained,True,False,0.2655065522332964,computed,True,,False,1015,1015,not_assessed,0.963077559642854,0.1785491667581884,21.79088490513393,26.871251898140923,3249,4263,1.3066092005062668,1.4105506396022631,0.8355185950734986,1.031333977095168,1.1258811950683594,356.2581724163113,4.0,4.0,0.0,0.8359972205980633,0.1001932455555942,8.363055565194647e-16
geometric_ellipse,True,False,0.2655065522332964,computed,True,True,False,1015,1015,not_assessed,0.963077559642854,0.1785491667581884,21.79088490513393,26.871251898140923,3249,4263,1.2985676611392412,1.431240270695841,0.6778393445279779,4.245601388216678,1.8525130850871248,355.98988315560496,4.0,3.0,1.0,0.737520882123765,0.6802104042350411,2.3254848766647618e-08
robust_circle,True,False,0.2655065522332964,computed,True,True,False,1015,1015,not_assessed,0.963077559642854,0.1785491667581884,21.79088490513393,26.871251898140923,3249,4263,1.3004473062791235,1.406881115988218,0.698482951065485,1.0,0.708326665007571,356.4601917100621,4.0,4.0,0.0,0.7236226278592588,0.0899968255818685,2.0120939083131717e-08
legacy,True,False,0.2713135584222541,computed,True,,False,1015,1015,not_assessed,0.1781497621632561,0.176994657549238,22.29170656389509,27.372073556902084,3349,4363,1.429324185305979,1.3059682887220951,0.5335645074553171,4.35907361601373,2.479535568439518,351.54396263945944,4.0,4.0,0.0,0.5678136922194235,1.0002615211021837,0.6367085162250299
centered_algebraic,True,False,0.2713135584222541,computed,True,,False,1015,1015,not_assessed,0.1781497621632561,0.176994657549238,22.29170656389509,27.372073556902084,3349,4363,1.3125083176396228,1.3824287562559374,0.8022631720998936,1.1611197631028016,1.1351645423731165,356.772130425666,4.0,4.0,0.0,0.7957537024185259,0.158345264633126,0.0
ellipse_constrained,True,False,0.2713135584222541,computed,True,,False,1015,1015,not_assessed,0.1781497621632561,0.176994657549238,22.29170656389509,27.372073556902084,3349,4363,1.2927201948952602,1.3914996700496152,0.7648445783391397,1.1363825202013875,1.1156764030456543,357.5927100975169,4.0,4.0,0.0,0.7620866400059738,0.1184735136784826,1.1574006605598302e-15
geometric_ellipse,True,False,0.2713135584222541,computed,True,True,False,1015,1015,not_assessed,0.1781497621632561,0.176994657549238,22.29170656389509,27.372073556902084,3349,4363,1.34406895836362,1.368110417978132,0.5779293836802265,3.472348075066891,1.5766442896746031,355.34089852213174,4.0,4.0,0.0,0.712553299912383,0.3936348157085726,4.552701197188242e-08
robust_circle,True,False,0.2713135584222541,computed,True,True,False,1015,1015,not_assessed,0.1781497621632561,0.176994657549238,22.29170656389509,27.372073556902084,3349,4363,1.2984971362144648,1.4026934230541406,0.6380860273065827,1.0,0.7021827021271757,356.100245923622,4.0,4.0,0.0,0.6843161199539226,0.0655092256863098,1.8362907013756616e-08
legacy,True,False,0.2720356012658227,computed,True,,False,1015,1015,not_assessed,0.0343902374291872,0.2882550504951559,22.79252822265625,27.872895215663245,3449,4463,1.435511392672855,1.3148616178551773,0.5194932762540032,4.568078982437567,2.5530244325205884,350.25845865096585,4.0,4.0,0.0,0.5504101125039235,1.6513881600990314,0.5961807351928238
centered_algebraic,True,False,0.2720356012658227,computed,True,,False,1015,1015,not_assessed,0.0343902374291872,0.2882550504951559,22.79252822265625,27.872895215663245,3449,4463,1.3164344984905512,1.388531764791868,0.7687663231320382,1.2154572041548122,1.1493964277563045,357.28973711507547,4.0,4.0,0.0,0.778131286026265,0.0374292794537207,0.0
ellipse_constrained,True,False,0.2720356012658227,computed,True,,False,1015,1015,not_assessed,0.0343902374291872,0.2882550504951559,22.79252822265625,27.872895215663245,3449,4463,1.293349931968338,1.3955948147797732,0.742396433522921,1.1916399800714332,1.127536654472351,357.5522062603168,4.0,4.0,0.0,0.76281490056169,0.0488328687450255,1.632467249814541e-15
geometric_ellipse,True,False,0.2720356012658227,computed,True,True,False,1015,1015,not_assessed,0.0343902374291872,0.2882550504951559,22.79252822265625,27.872895215663245,3449,4463,1.3313507736968708,1.395384043060141,0.5289165122405037,3.2342756211020327,1.4717174900653145,356.65030823767506,4.0,4.0,0.0,0.6226789472166973,0.3565532100943282,5.2859927669794385e-08
robust_circle,True,False,0.2720356012658227,computed,True,True,False,1015,1015,not_assessed,0.0343902374291872,0.2882550504951559,22.79252822265625,27.872895215663245,3449,4463,1.295479688948239,1.4057138777884337,0.6350838603901541,1.0,0.6944620937617212,357.27425895561197,4.0,4.0,0.0,0.6530834510300102,0.0391339378187717,1.8201301536817753e-08
legacy,True,False,0.2865842847075405,computed,True,,False,1015,1015,not_assessed,0.5150670135317423,0.3565374165647544,23.29334988141741,28.373716874424403,3549,4563,1.336589839097157,1.3895930350186023,0.5055923824475959,3.4805401659329576,1.9348694427920636,356.36758949369187,4.0,4.0,0.0,0.5317250485021988,0.7207246796926389,0.1032541313784763
centered_algebraic,True,False,0.2865842847075405,computed,True,,False,1015,1015,not_assessed,0.5150670135317423,0.3565374165647544,23.29334988141741,28.373716874424403,3549,4563,1.3131018805049737,1.3964619608218245,0.7264028521780064,1.143647931139122,1.0780763661669646,357.50704877053613,4.0,4.0,0.0,0.7113101729019028,0.0687204583853714,7.747968635182769e-16
ellipse_constrained,True,False,0.2865842847075405,computed,True,,False,1015,1015,not_assessed,0.5150670135317423,0.3565374165647544,23.29334988141741,28.373716874424403,3549,4563,1.2936900237244704,1.4024973097858302,0.7072477661243468,1.13194120954344,1.0636852979660034,357.78581460588447,4.0,4.0,0.0,0.6925238975840828,0.0545540448525928,7.747968635182769e-16
geometric_ellipse,True,False,0.2865842847075405,computed,True,True,False,1015,1015,not_assessed,0.5150670135317423,0.3565374165647544,23.29334988141741,28.373716874424403,3549,4563,1.2755538663933588,1.4369364386496843,0.5883826217746861,3.5907093426409733,1.584120803663383,356.3292119733418,4.0,4.0,0.0,0.5977839383867684,0.0715135751841099,1.13205828192779e-08
robust_circle,True,False,0.2865842847075405,computed,True,True,False,1015,1015,not_assessed,0.5150670135317423,0.3565374165647544,23.29334988141741,28.373716874424403,3549,4563,1.301882546588708,1.40557802518545,0.5743409640945899,1.0,0.7079882333647469,357.7058888081129,4.0,4.0,0.0,0.5848268931788813,0.0403746101473258,1.970818473127196e-08
legacy,True,False,0.2864998541955239,computed,True,,False,1015,1015,not_assessed,0.7567676791019781,0.303924527832936,23.79417154017857,28.874538533185564,3649,4663,1.3321127957990089,1.3901553251406018,0.5131838144885851,3.388544375807466,1.896557132145381,356.8658363838145,4.0,4.0,0.0,0.5327128156618828,0.3402438943627612,0.0945924908432982
centered_algebraic,True,False,0.2864998541955239,computed,True,,False,1015,1015,not_assessed,0.7567676791019781,0.303924527832936,23.79417154017857,28.874538533185564,3649,4663,1.312292606501663,1.3949261072312673,0.7261030289451093,1.147732535182692,1.0808467160884223,357.77532537142605,4.0,4.0,0.0,0.7157838410673502,0.0581252813904223,7.750251934630843e-16
ellipse_constrained,True,False,0.2864998541955239,computed,True,,False,1015,1015,not_assessed,0.7567676791019781,0.303924527832936,23.79417154017857,28.874538533185564,3649,4663,1.292943312951973,1.4008946312539217,0.7078905370876714,1.1320296344421583,1.0651451349258425,357.6540599613517,4.0,4.0,0.0,0.6971149310207879,0.0769995699212387,0.0
geometric_ellipse,True,False,0.2864998541955239,computed,True,True,False,1015,1015,not_assessed,0.7567676791019781,0.303924527832936,23.79417154017857,28.874538533185564,3649,4663,1.2756163481281757,1.4344014864030754,0.5949237075371508,3.445241630800417,1.551549055766759,356.38421549910294,4.0,4.0,0.0,0.6243562345127641,0.2003810291966144,1.0916686373772744e-08
robust_circle,True,False,0.2864998541955239,computed,True,True,False,1015,1015,not_assessed,0.7567676791019781,0.303924527832936,23.79417154017857,28.874538533185564,3649,4663,1.301094855075603,1.4048021183107546,0.5735384569137771,1.0,0.7086176078490564,357.75423170872904,4.0,4.0,0.0,0.5963410227032779,0.0642984510328378,1.9803453517156208e-08
legacy,True,False,0.2708729062591831,computed,True,,False,1015,1015,not_assessed,0.7502910242793256,0.3810184878392998,24.294993198939732,29.37536019194673,3749,4763,1.3423105231312642,1.3902214445137449,0.5282603240921145,3.2775485331986545,1.9019934297831371,356.6928062252378,4.0,4.0,0.0,0.55750299431089,0.4025721791631909,0.1231615470759848
centered_algebraic,True,False,0.2708729062591831,computed,True,,False,1015,1015,not_assessed,0.7502910242793256,0.3810184878392998,24.294993198939732,29.37536019194673,3749,4763,1.3136918107007938,1.403615136721915,0.7266488973570432,1.1630518108360337,1.1065662545395305,357.4723614278968,4.0,4.0,0.0,0.7176564637555186,0.0746953726076217,8.197372265521797e-16
ellipse_constrained,True,False,0.2708729062591831,computed,True,,False,1015,1015,not_assessed,0.7502910242793256,0.3810184878392998,24.294993198939732,29.37536019194673,3749,4763,1.2971662536743906,1.4107711674846894,0.7068814204129528,1.149392539959134,1.0934438705444336,357.0906713286809,4.0,4.0,0.0,0.7118317080148253,0.0661886794447962,0.0
geometric_ellipse,True,False,0.2708729062591831,computed,True,True,False,1015,1015,not_assessed,0.7502910242793256,0.3810184878392998,24.294993198939732,29.37536019194673,3749,4763,1.2917004883668632,1.4356706271769966,0.6089903453076126,3.3142708250618873,1.5526559521179322,356.36250604284555,4.0,4.0,0.0,0.6184705743579147,0.085400539789726,1.0485730320220556e-08
robust_circle,True,False,0.2708729062591831,computed,True,True,False,1015,1015,not_assessed,0.7502910242793256,0.3810184878392998,24.294993198939732,29.37536019194673,3749,4763,1.3076473662479942,1.4066539835770793,0.5947629533050933,1.0,0.7312553811284188,357.6778826672775,4.0,4.0,0.0,0.6040432893123663,0.0365337305454884,2.073425460760312e-08
legacy,True,False,0.2806466665061708,computed,True,,False,1015,1015,not_assessed,0.7039504772572743,0.3834081289630427,24.79581485770089,29.876181850707884,3849,4863,1.3259735001110404,1.4006682922381748,0.5100526388248572,3.3021657871380623,1.8594045872611575,357.1234612416677,4.0,4.0,0.0,0.5290239845523169,0.484367882626085,0.11392470266203
centered_algebraic,True,False,0.2806466665061708,computed,True,,False,1015,1015,not_assessed,0.7039504772572743,0.3834081289630427,24.79581485770089,29.876181850707884,3849,4863,1.307250209593927,1.4070990655386866,0.7098309258989925,1.2119717961306826,1.1074805463760438,357.2728330205201,4.0,4.0,0.0,0.6962341216428255,0.0838467874306074,7.911891763736626e-16
ellipse_constrained,True,False,0.2806466665061708,computed,True,,False,1015,1015,not_assessed,0.7039504772572743,0.3834081289630427,24.79581485770089,29.876181850707884,3849,4863,1.2872999884067169,1.4169805069422177,0.6801502286650193,1.1823133539869346,1.0853086709976196,357.2061933773498,4.0,4.0,0.0,0.6852792627278423,0.0929600347340714,0.0
geometric_ellipse,True,False,0.2806466665061708,computed,True,True,False,1015,1015,not_assessed,0.7039504772572743,0.3834081289630427,24.79581485770089,29.876181850707884,3849,4863,1.2837021925918324,1.4361902070659625,0.58913010095809,3.42582658490463,1.5413036136135372,356.4528964499851,4.0,4.0,0.0,0.6293635854193766,0.0952063637200279,1.0028224950741286e-08
robust_circle,True,False,0.2806466665061708,computed,True,True,False,1015,1015,not_assessed,0.7039504772572743,0.3834081289630427,24.79581485770089,29.876181850707884,3849,4863,1.2997827354399143,1.408584994387931,0.5717146534001479,1.0,0.7075573381487819,357.12480821812477,4.0,4.0,0.0,0.6065707139354372,0.0660361079422362,2.1055243924354946e-08
legacy,True,False,0.2727967409705999,computed,True,,False,1015,1015,not_assessed,0.7860812252201613,0.3658253483909856,25.29663651646205,30.377003509469045,3949,4963,1.2409681402906476,1.486367300162316,0.5583248812373937,3.2210728109753495,1.9287260849351384,356.4551289518286,4.0,4.0,0.0,0.5637564810109607,0.2603418362578927,0.1851720072623779
centered_algebraic,True,False,0.2727967409705999,computed,True,,False,1015,1015,not_assessed,0.7860812252201613,0.3658253483909856,25.29663651646205,30.377003509469045,3949,4963,1.2980477869499365,1.419492348440604,0.7354937495160702,1.1084069034064594,1.1062460799258438,357.1937010399347,4.0,4.0,0.0,0.7335637274919313,0.0924575968787308,8.139562229922744e-16
ellipse_constrained,True,False,0.2727967409705999,computed,True,,False,1015,1015,not_assessed,0.7860812252201613,0.3658253483909856,25.29663651646205,30.377003509469045,3949,4963,1.2748504518338242,1.433730960615148,0.7142246243591374,1.0970360910575845,1.0877318382263184,355.5534807723558,4.0,4.0,0.0,0.7108550203012297,0.1261911938814274,8.139562229922744e-16
geometric_ellipse,True,False,0.2727967409705999,computed,True,True,False,1015,1015,not_assessed,0.7860812252201613,0.3658253483909856,25.29663651646205,30.377003509469045,3949,4963,1.2635716847522274,1.4391445325362724,0.6625529355162298,2.6055456048343246,1.3011587861918956,357.07363877147685,4.0,4.0,0.0,0.6605010346401593,0.0642614738852756,1.8557245354058343e-08
robust_circle,True,False,0.2727967409705999,computed,True,True,False,1015,1015,not_assessed,0.7860812252201613,0.3658253483909856,25.29663651646205,30.377003509469045,3949,4963,1.2896408395058143,1.414939292174343,0.5997624024788534,1.0,0.7270014573406113,356.89498933687963,4.0,4.0,0.0,0.630756558663596,0.0696636111069445,2.1703297431119317e-08
legacy,True,False,0.2749802297165199,computed,True,,False,1015,1015,not_assessed,0.8128321830087817,0.3523985432942167,25.797458175223213,30.877825168230206,4049,5063,1.243039853386683,1.482069480793312,0.5617275443884893,3.3713528211189563,2.016685093431327,355.9647296449436,4.0,4.0,0.0,0.5883737970548002,0.5494634692556319,0.2448943365302522
centered_algebraic,True,False,0.2749802297165199,computed,True,,False,1015,1015,not_assessed,0.8128321830087817,0.3523985432942167,25.797458175223213,30.877825168230206,4049,5063,1.3013393374965367,1.413484782770677,0.7786066479074746,1.075013977094262,1.1099943022728145,355.8924716964476,4.0,4.0,0.0,0.7774531693083815,0.0556535955178216,1.1419675227578364e-15
ellipse_constrained,True,False,0.2749802297165199,computed,True,,False,1015,1015,not_assessed,0.8128321830087817,0.3523985432942167,25.797458175223213,30.877825168230206,4049,5063,1.277407929651218,1.427165459339021,0.7416761501927902,1.078762584000076,1.0993441343307495,355.79007383992086,4.0,4.0,0.0,0.7577496325715642,0.0588709781460925,1.6149859584737381e-15
geometric_ellipse,True,False,0.2749802297165199,computed,True,True,False,1015,1015,not_assessed,0.8128321830087817,0.3523985432942167,25.797458175223213,30.877825168230206,4049,5063,1.2835794099628943,1.428097148371951,0.5937179473203978,3.1145404544950064,1.5302644295196368,357.04218115640504,4.0,2.0,2.0,0.7388630962627599,0.915259923751194,1.63914403808627e-08
robust_circle,True,False,0.2749802297165199,computed,True,True,False,1015,1015,not_assessed,0.8128321830087817,0.3523985432942167,25.797458175223213,30.877825168230206,4049,5063,1.2927923177904523,1.4124552581918677,0.6335907941386512,1.0,0.7209645328365056,356.1878792949414,4.0,4.0,0.0,0.6441263284044492,0.0621670691141039,2.3205130699676508e-08
legacy,True,False,0.2749188953488372,computed,True,,False,1015,1015,not_assessed,0.7405154384583252,0.3909725102321195,26.298279833984378,31.378646826991368,4149,5163,1.26314475034857,1.4468680250637778,0.5840998869061095,3.274785896099225,2.0085622852651457,357.2104124914764,4.0,4.0,0.0,0.5888774977459196,0.2920894144142636,0.1056613097915267
centered_algebraic,True,False,0.2749188953488372,computed,True,,False,1015,1015,not_assessed,0.7405154384583252,0.3909725102321195,26.298279833984378,31.378646826991368,4149,5163,1.294016222391264,1.4066059902335388,0.7871543756995466,1.0543777506024636,1.1170903676973591,357.13317867462445,4.0,4.0,0.0,0.7933480065255797,0.1218090567841921,1.1422222955548595e-15
ellipse_constrained,True,False,0.2749188953488372,computed,True,,False,1015,1015,not_assessed,0.7405154384583252,0.3909725102321195,26.298279833984378,31.378646826991368,4149,5163,1.2679226651180795,1.4164310826100248,0.7571368194617413,1.0950256194759092,1.1245181560516355,357.0376644885768,4.0,4.0,0.0,0.7621106067125252,0.1396763682489501,8.076731308093061e-16
geometric_ellipse,True,False,0.2749188953488372,computed,True,True,False,1015,1015,not_assessed,0.7405154384583252,0.3909725102321195,26.298279833984378,31.378646826991368,4149,5163,1.2610248595559532,1.5139259546779862,0.6539398024618432,4.794889345354146,2.2142433123177634,353.6268732640068,4.0,3.0,1.0,0.7600634222166597,0.618602365287741,1.3154063235751066e-08
robust_circle,True,False,0.2749188953488372,computed,True,True,False,1015,1015,not_assessed,0.7405154384583252,0.3909725102321195,26.298279833984378,31.378646826991368,4149,5163,1.279659884811405,1.4069612007049352,0.6551703708641468,1.0,0.7284509911558363,357.03781614326005,4.0,4.0,0.0,0.681219743788353,0.0852659953360805,2.0954195100298263e-08
legacy,True,False,0.2776308596544215,computed,True,,False,1015,1015,not_assessed,0.6872086726728835,0.3985638909973648,26.799101492745535,31.87946848575253,4249,5263,1.2782293901421948,1.437698918542053,0.5781195759115847,3.016892192055579,1.8548212292822457,356.812025488501,4.0,4.0,0.0,0.6006850368655741,0.24713776545005,0.1412970818023286
centered_algebraic,True,False,0.2776308596544215,computed,True,,False,1015,1015,not_assessed,0.6872086726728835,0.3985638909973648,26.799101492745535,31.87946848575253,4249,5263,1.2955067102162665,1.4144655020841927,0.7713734317229533,1.0542128088789902,1.107672687200794,356.82580920108774,4.0,4.0,0.0,0.7801809083658849,0.1057649194563176,0.0
ellipse_constrained,True,False,0.2776308596544215,computed,True,,False,1015,1015,not_assessed,0.6872086726728835,0.3985638909973648,26.799101492745535,31.87946848575253,4249,5263,1.272948064699941,1.4199165254345976,0.7492826011421009,1.0892021692039615,1.115503430366516,357.1786844844679,4.0,4.0,0.0,0.7633638848873907,0.1314562189781907,0.0
geometric_ellipse,True,False,0.2776308596544215,computed,True,True,False,1015,1015,not_assessed,0.6872086726728835,0.3985638909973648,26.799101492745535,31.87946848575253,4249,5263,1.2453675487353704,1.4369322612871656,0.6660142228371915,3.0024063072786795,1.4657163909344142,355.685584511302,4.0,3.0,1.0,0.6983771527665429,0.8633921096148686,2.4578329528064588e-08
robust_circle,True,False,0.2776308596544215,computed,True,True,False,1015,1015,not_assessed,0.6872086726728835,0.3985638909973648,26.799101492745535,31.87946848575253,4249,5263,1.2832501347416485,1.414536466813197,0.6313652342052937,1.0,0.7272723589983648,355.7162661659748,4.0,4.0,0.0,0.6649701814567675,0.0838743383996645,2.1968611991032762e-08
legacy,True,False,0.2789813995215311,computed,True,,False,1015,1015,not_assessed,0.6896720591094908,0.3036813593170726,27.299923151506697,32.38029014451369,4349,5363,1.274318748350291,1.4276532389762089,0.5876844950932052,3.284765500547682,2.010409870739484,356.48942049343026,4.0,4.0,0.0,0.6114366419391437,0.165125118630656,0.3417946225994977
centered_algebraic,True,False,0.2789813995215311,computed,True,,False,1015,1015,not_assessed,0.6896720591094908,0.3036813593170726,27.299923151506697,32.38029014451369,4349,5363,1.2889406838721993,1.3963730594202337,0.8056409537646337,1.1008723464885757,1.1458063060083898,354.88177458859315,4.0,4.0,0.0,0.796337742827288,0.0726838387155076,7.959118611701367e-16
ellipse_constrained,True,False,0.2789813995215311,computed,True,,False,1015,1015,not_assessed,0.6896720591094908,0.3036813593170726,27.299923151506697,32.38029014451369,4349,5363,1.2685684116282467,1.4130798319225442,0.7690120236035001,1.1190830323839127,1.1425931453704834,357.2009168378427,4.0,4.0,0.0,0.7654491368466414,0.0527245722093764,0.0
geometric_ellipse,True,False,0.2789813995215311,computed,True,True,False,1015,1015,not_assessed,0.6896720591094908,0.3036813593170726,27.299923151506697,32.38029014451369,4349,5363,1.2676669491160502,1.42365216850281,0.6579917013063918,4.879608376245934,2.2179039674580507,356.5389005717155,4.0,1.0,3.0,0.7525024447557652,0.7721457694880302,8.333583591019332e-09
robust_circle,True,False,0.2789813995215311,computed,True,True,False,1015,1015,not_assessed,0.6896720591094908,0.3036813593170726,27.299923151506697,32.38029014451369,4349,5363,1.2765967855223177,1.4161557234021604,0.6499149607868744,1.0,0.7130808556200299,356.7459035655437,4.0,4.0,0.0,0.670032129141686,0.0489078891818362,2.15007008811864e-08
legacy,True,False,0.2826695524926015,computed,True,,False,1015,1015,not_assessed,0.7311146645816718,0.220427361168102,27.800744810267854,32.88111180327485,4449,5463,1.2634354042559228,1.4418570115278238,0.5778557035263128,3.462533694359324,2.0843993563721295,356.16069974702475,4.0,4.0,0.0,0.596362153775157,0.3168950548069309,0.1876994268173611
centered_algebraic,True,False,0.2826695524926015,computed,True,,False,1015,1015,not_assessed,0.7311146645816718,0.220427361168102,27.800744810267854,32.88111180327485,4449,5463,1.2905235657342873,1.3975857839377956,0.8033241824133001,1.111634434398639,1.138542372568227,354.94141133935074,4.0,4.0,0.0,0.7898465804171202,0.1125048637590173,0.0
ellipse_constrained,True,False,0.2826695524926015,computed,True,,False,1015,1015,not_assessed,0.7311146645816718,0.220427361168102,27.800744810267854,32.88111180327485,4449,5463,1.2696478391802617,1.4139876544732788,0.7589742768132673,1.1324983683651102,1.1372853517532349,357.30071112693037,4.0,4.0,0.0,0.7693881417219767,0.1427396423810183,7.855271392586331e-16
geometric_ellipse,True,False,0.2826695524926015,computed,True,True,False,1015,1015,not_assessed,0.7311146645816718,0.220427361168102,27.800744810267854,32.88111180327485,4449,5463,1.2648556028412048,1.4203531472373838,0.6545347189485312,4.360393225605414,1.9873242383521197,357.25026411542825,4.0,3.0,1.0,0.7154756899991206,0.6649339467807587,5.801587340105246e-09
robust_circle,True,False,0.2826695524926015,computed,True,True,False,1015,1015,not_assessed,0.7311146645816718,0.220427361168102,27.800744810267854,32.88111180327485,4449,5463,1.2765700290062214,1.413389775699,0.6294561748387973,1.0,0.7109427050487294,356.97435357616814,4.0,4.0,0.0,0.673023505115921,0.090267332100497,2.320492689905974e-08
legacy,True,False,0.2777971082779009,computed,True,,False,1015,1015,not_assessed,0.6873630023476042,0.1882616222624737,28.30156646902902,33.38193346203601,4549,5563,1.2602853372001448,1.4367795080496202,0.5857311859566707,3.6208810949105263,2.141138744713439,356.7303204474636,4.0,4.0,0.0,0.6260517886905067,0.445926611624747,0.1548530188562774
centered_algebraic,True,False,0.2777971082779009,computed,True,,False,1015,1015,not_assessed,0.6873630023476042,0.1882616222624737,28.30156646902902,33.38193346203601,4549,5563,1.267497345722784,1.4017960070692492,0.7921963376635137,1.15093236540317,1.1742810170554856,356.52460416274414,4.0,4.0,0.0,0.8117731801096945,0.0811131544191275,7.993049542578526e-16
ellipse_constrained,True,False,0.2777971082779009,computed,True,,False,1015,1015,not_assessed,0.6873630023476042,0.1882616222624737,28.30156646902902,33.38193346203601,4549,5563,1.2595670119807656,1.417961033314774,0.7948916060393684,1.1536454675247738,1.1709235906600952,356.75958087431013,4.0,4.0,0.0,0.7916092549505201,0.0817511903868008,1.1303879067834617e-15
geometric_ellipse,True,True,0.2777971082779009,boundary,False,True,True,1015,1015,not_assessed,0.6873630023476042,0.1882616222624737,28.30156646902902,33.38193346203601,4549,5563,1.269877394792425,1.5875347057336398,0.661745294555549,6.718023792460382,2.999999998336076,347.97657214757305,4.0,2.0,2.0,0.7335795452492131,0.6374841418981055,7.841769399152516e-09
robust_circle,True,False,0.2777971082779009,computed,True,True,False,1015,1015,not_assessed,0.6873630023476042,0.1882616222624737,28.30156646902902,33.38193346203601,4549,5563,1.2646009696689264,1.4161062707685856,0.6642227103335412,1.0,0.697012735358513,357.2983113670735,4.0,4.0,0.0,0.6965537871957751,0.0692966949803733,2.2951677142620485e-08
legacy,True,False,0.2754944763271162,computed,True,,False,1015,1015,not_assessed,0.5971499615927479,0.2340051844095817,28.80238812779018,33.88275512079717,4649,5663,1.2650953859240357,1.432304621786228,0.5973962616163726,3.720398336408694,2.189385216757366,356.92915932908704,4.0,4.0,0.0,0.6332554513550632,0.658755797507627,0.2699574972145288
centered_algebraic,True,False,0.2754944763271162,computed,True,,False,1015,1015,not_assessed,0.5971499615927479,0.2340051844095817,28.80238812779018,33.88275512079717,4649,5663,1.2642554397194383,1.401410342325079,0.7946009217559861,1.1474185718173848,1.1764235037115076,356.9652493349672,4.0,4.0,0.0,0.8085246553308517,0.1272614214968629,8.059856875728437e-16
ellipse_constrained,True,False,0.2754944763271162,computed,True,,False,1015,1015,not_assessed,0.5971499615927479,0.2340051844095817,28.80238812779018,33.88275512079717,4649,5663,1.2598518644088577,1.418435053703644,0.7949927190175159,1.1477405120646265,1.1723734140396118,356.0530245531328,4.0,4.0,0.0,0.8048293325416023,0.1390805609881216,1.6119713751456874e-15
geometric_ellipse,True,True,0.2754944763271162,boundary,False,True,True,1015,1015,not_assessed,0.5971499615927479,0.2340051844095817,28.80238812779018,33.88275512079717,4649,5663,1.2725382662336624,1.5748237588456089,0.6730880504335174,6.834149827285379,2.999999997580896,347.3043602388608,4.0,2.0,2.0,0.7056635594246641,0.4183581376742076,8.073734262073572e-09
robust_circle,True,False,0.2754944763271162,computed,True,True,False,1015,1015,not_assessed,0.5971499615927479,0.2340051844095817,28.80238812779018,33.88275512079717,4649,5663,1.2652911611613626,1.415427413966132,0.68498487880092,1.0,0.6896210710368069,356.70526041844585,4.0,4.0,0.0,0.7195058256620522,0.0690400237669776,2.1500922807245292e-08
legacy,True,False,0.2766841897205546,computed,True,,False,1015,1015,not_assessed,0.4882045144843739,0.1931479680888991,29.30320978655134,34.38357677955833,4749,5763,1.2616697601408031,1.4387145139728608,0.5851393907970645,3.5434826985841705,2.11130187886754,356.85991682434735,4.0,4.0,0.0,0.6158960134637835,0.4674241821597944,0.0668845547135534
centered_algebraic,True,False,0.2766841897205546,computed,True,,False,1015,1015,not_assessed,0.4882045144843739,0.1931479680888991,29.30320978655134,34.38357677955833,4749,5763,1.2679201785101342,1.4045521909061285,0.7885499047196158,1.133949070515622,1.1633341904537342,356.7479590950372,4.0,4.0,0.0,0.796229821513933,0.1102098121415773,8.025200324936955e-16
ellipse_constrained,True,False,0.2766841897205546,computed,True,,False,1015,1015,not_assessed,0.4882045144843739,0.1931479680888991,29.30320978655134,34.38357677955833,4749,5763,1.260254266075673,1.4199813130904295,0.7911892142214315,1.1382361781936423,1.1610339879989624,355.4261389262218,4.0,4.0,0.0,0.796020668780652,0.1356723292523831,8.025200324936955e-16
geometric_ellipse,True,False,0.2766841897205546,computed,True,True,False,1015,1015,not_assessed,0.4882045144843739,0.1931479680888991,29.30320978655134,34.38357677955833,4749,5763,1.2696827216420918,1.5284553546660182,0.6654719721175179,6.138311928600447,2.710602683598373,355.42317872758787,4.0,3.0,1.0,0.6869836179531573,0.6235004286866017,7.599598295460831e-09
robust_circle,True,False,0.2766841897205546,computed,True,True,False,1015,1015,not_assessed,0.4882045144843739,0.1931479680888991,29.30320978655134,34.38357677955833,4749,5763,1.268499930842084,1.4219079773461525,0.6647023343635892,1.0,0.6998059731043685,354.3231673859101,4.0,4.0,0.0,0.7170706697999826,0.069602511713605,2.1101223284795413e-08
legacy,True,False,0.2675311369509042,computed,True,,False,1015,1015,not_assessed,0.6589885187171866,0.1221145929770934,29.8040314453125,34.884398438319494,4849,5863,1.2506532320814872,1.4529148287471487,0.5956391899242248,4.2795273882017355,2.59930035351503,355.6816955514077,4.0,4.0,0.0,0.6270147874351052,0.3927681629372614,0.3741315304843142
centered_algebraic,True,False,0.2675311369509042,computed,True,,False,1015,1015,not_assessed,0.6589885187171866,0.1221145929770934,29.8040314453125,34.884398438319494,4849,5863,1.2840912205070756,1.395892713274106,0.8170975471233702,1.1463933345496382,1.1875579964263014,356.7857845428235,4.0,4.0,0.0,0.8207908361572144,0.0642100044115207,8.29976680306112e-16
ellipse_constrained,True,False,0.2675311369509042,computed,True,,False,1015,1015,not_assessed,0.6589885187171866,0.1221145929770934,29.8040314453125,34.884398438319494,4849,5863,1.271264781989966,1.410919005189813,0.7879964508918509,1.1527791737163176,1.1840643882751465,357.62861906567383,4.0,4.0,0.0,0.7928005518254934,0.0580693126154448,0.0
geometric_ellipse,True,False,0.2675311369509042,computed,True,True,False,1015,1015,not_assessed,0.6589885187171866,0.1221145929770934,29.8040314453125,34.884398438319494,4849,5863,1.2663453496709065,1.4004599486421658,0.7021164072563143,5.609182922561359,2.426222079579924,355.76622336866814,4.0,3.0,1.0,0.7117085390627276,0.230237753515806,4.440775094322558e-09
robust_circle,True,False,0.2675311369509042,computed,True,True,False,1015,1015,not_assessed,0.6589885187171866,0.1221145929770934,29.8040314453125,34.884398438319494,4849,5863,1.2754530703468447,1.4161461756150686,0.6982301274195745,1.0,0.6986928359281749,356.8432183042485,4.0,4.0,0.0,0.7180400736895787,0.0298230994408885,1.7973898624370124e-08
legacy,True,False,0.2584935669175735,computed,True,,False,1015,1015,not_assessed,0.9054524006049298,0.1155977227850616,30.30485310407366,35.385220097080655,4949,5963,1.3445281255034365,1.332545179358809,0.5843259387884611,4.304530096771368,2.583545502837805,355.31526678871364,4.0,4.0,0.0,0.5912519351434157,0.4115172303292301,0.2393383617289687
centered_algebraic,True,False,0.2584935669175735,computed,True,,False,1015,1015,not_assessed,0.9054524006049298,0.1155977227850616,30.30485310407366,35.385220097080655,4949,5963,1.2785213517618144,1.3751285298507647,0.8391282611066551,1.0246725502170575,1.1059166447846105,355.97494543506764,4.0,4.0,0.0,0.8414573750179926,0.0859159919824582,0.0
ellipse_constrained,True,False,0.2584935669175735,computed,True,,False,1015,1015,not_assessed,0.9054524006049298,0.1155977227850616,30.30485310407366,35.385220097080655,4949,5963,1.2662504421428575,1.3859370711113017,0.8071633629495385,1.0285832033401516,1.1008567810058594,356.01471189319125,4.0,4.0,0.0,0.8275984359191714,0.0884819100461477,8.589947037089523e-16
geometric_ellipse,True,False,0.2584935669175735,computed,True,True,False,1015,1015,not_assessed,0.9054524006049298,0.1155977227850616,30.30485310407366,35.385220097080655,4949,5963,1.2648626089838395,1.365207779322232,0.7290760123389723,4.301251137184632,1.91736661373416,356.220868520471,4.0,4.0,0.0,0.7433254231416845,0.1758341704651425,1.608174284424218e-09
robust_circle,True,False,0.2584935669175735,computed,True,True,False,1015,1015,not_assessed,0.9054524006049298,0.1155977227850616,30.30485310407366,35.385220097080655,4949,5963,1.275462277286984,1.4086544624839497,0.6686999349608563,1.0,0.7007352848858399,356.39158921968396,4.0,4.0,0.0,0.6749574922086831,0.0354245368033821,1.5460591454375562e-08
legacy,True,False,0.2714025840160398,computed,True,,False,1015,1015,not_assessed,0.5067198992086948,0.0968685026342136,30.80567476283482,35.88604175584181,5049,6063,1.311698345594724,1.3654873869911326,0.5492122222242496,3.765567126633343,2.1735592136633084,354.8642238417701,4.0,4.0,0.0,0.5631673013829545,0.2989355206908734,0.1054853192051152
centered_algebraic,True,False,0.2714025840160398,computed,True,,False,1015,1015,not_assessed,0.5067198992086948,0.0968685026342136,30.80567476283482,35.88604175584181,5049,6063,1.27882234453665,1.3801104225094354,0.7773809278006671,1.0331879086786822,1.0426212364944747,357.19708781549605,4.0,4.0,0.0,0.7774233256863371,0.0425769368257057,8.18137401786523e-16
ellipse_constrained,True,False,0.2714025840160398,computed,True,,False,1015,1015,not_assessed,0.5067198992086948,0.0968685026342136,30.80567476283482,35.88604175584181,5049,6063,1.2683526712371282,1.3918548624993554,0.7486159964580137,1.0408997345445907,1.0407121181488037,356.27747180256057,4.0,4.0,0.0,0.7550382600054886,0.0354470265929667,0.0
geometric_ellipse,True,False,0.2714025840160398,computed,True,True,False,1015,1015,not_assessed,0.5067198992086948,0.0968685026342136,30.80567476283482,35.88604175584181,5049,6063,1.2682836529146635,1.3650844448637027,0.6834070827824549,3.446672142627039,1.5545584146659397,356.1918594649524,4.0,4.0,0.0,0.6749433893306797,0.3143481884243387,2.486004437248901e-09
robust_circle,True,False,0.2714025840160398,computed,True,True,False,1015,1015,not_assessed,0.5067198992086948,0.0968685026342136,30.80567476283482,35.88604175584181,5049,6063,1.2776472525470444,1.4051040478871395,0.6123153501902643,1.0,0.6885994084109434,356.45212463484955,4.0,4.0,0.0,0.6205256217215833,0.0281036191822777,1.7044181957681098e-08
legacy,True,False,0.2596618036252593,computed,True,,False,1015,1015,not_assessed,0.92828117929114,0.1234210040692058,31.30649642159598,36.38686341460297,5149,6163,1.2801420118712008,1.4094825623439828,0.5407684642289498,3.447370132029878,1.9858965215075937,355.5187863354178,4.0,4.0,0.0,0.5468515346401498,0.086738772228719,0.1697551884942096
centered_algebraic,True,False,0.2596618036252593,computed,True,,False,1015,1015,not_assessed,0.92828117929114,0.1234210040692058,31.30649642159598,36.38686341460297,5149,6163,1.2805942277815967,1.392882206292928,0.7612809698446811,1.0083882823077868,1.0409854389978184,356.0183795901165,4.0,4.0,0.0,0.7536777725200012,0.0622496904492993,8.551300261531083e-16
ellipse_constrained,True,False,0.2596618036252593,computed,True,,False,1015,1015,not_assessed,0.92828117929114,0.1234210040692058,31.30649642159598,36.38686341460297,5149,6163,1.2746219102777818,1.4089719306382276,0.7370079654174615,1.0192300802762613,1.0411823987960815,355.7966555206469,4.0,4.0,0.0,0.7306422871253457,0.0654286681503165,1.7102600523062166e-15
geometric_ellipse,True,False,0.2596618036252593,computed,True,True,False,1015,1015,not_assessed,0.92828117929114,0.1234210040692058,31.30649642159598,36.38686341460297,5149,6163,1.278470540006073,1.400385792292042,0.6473295150353624,1.7578067995714404,0.963531588903596,355.59148461257104,4.0,4.0,0.0,0.6867648143329526,0.1570350881304473,1.0331697411163392e-08
robust_circle,True,False,0.2596618036252593,computed,True,True,False,1015,1015,not_assessed,0.92828117929114,0.1234210040692058,31.30649642159598,36.38686341460297,5149,6163,1.2846193150430998,1.409853749674068,0.6039060574259838,1.0,0.7063176692139247,356.3761118557396,4.0,4.0,0.0,0.6198317952088307,0.0581454536794023,1.6394429385606094e-08
legacy,True,False,0.2636113432493816,computed,True,,False,1015,1015,not_assessed,0.7726743295412023,0.1366329368862885,31.807318080357145,36.88768507336413,5249,6263,1.2640572166835362,1.420640903186254,0.5431426488993669,4.0133949449671915,2.291678006038357,357.2938538684062,4.0,4.0,0.0,0.551152793980028,0.0932022168332799,0.3001788976167238
centered_algebraic,True,False,0.2636113432493816,computed,True,,False,1015,1015,not_assessed,0.7726743295412023,0.1366329368862885,31.807318080357145,36.88768507336413,5249,6263,1.2796358154277852,1.3909277403384646,0.7680686881063883,1.0691821599149145,1.082110243359942,357.3544631169968,4.0,4.0,0.0,0.7627270984020462,0.0791933969195436,0.0
ellipse_constrained,True,False,0.2636113432493816,computed,True,,False,1015,1015,not_assessed,0.7726743295412023,0.1366329368862885,31.807318080357145,36.88768507336413,5249,6263,1.2706482499208227,1.409225664384592,0.7371900957506231,1.0457840316969893,1.0624067783355713,356.5357520826381,4.0,4.0,0.0,0.7370802593848544,0.077608270536942,0.0
geometric_ellipse,True,False,0.2636113432493816,computed,True,True,False,1015,1015,not_assessed,0.7726743295412023,0.1366329368862885,31.807318080357145,36.88768507336413,5249,6263,1.2720936423512117,1.372843804659044,0.6813674827148704,3.481525136151157,1.6181267145762228,356.79316299110445,4.0,4.0,0.0,0.6731701297129306,0.2538789778286896,2.2107828886838323e-09
robust_circle,True,False,0.2636113432493816,computed,True,True,False,1015,1015,not_assessed,0.7726743295412023,0.1366329368862885,31.807318080357145,36.88768507336413,5249,6263,1.2831550400486391,1.4130147656562069,0.6181068693548097,1.0,0.7026786162291437,357.2716845631089,4.0,4.0,0.0,0.6375933734605609,0.0477253460690434,1.5305541185833765e-08
legacy,True,False,0.2485026601055483,computed,True,,False,1015,1015,not_assessed,0.7332683700693572,0.149525906376206,32.3081397391183,37.38850673212529,5349,6363,1.2681285644116045,1.4325968668820754,0.5627774091450738,3.458880486446442,2.070354241966456,356.43633422969117,4.0,4.0,0.0,0.5748637947082953,0.1460689718804431,0.2279468331384397
centered_algebraic,True,False,0.2485026601055483,computed,True,,False,1015,1015,not_assessed,0.7332683700693572,0.149525906376206,32.3081397391183,37.38850673212529,5349,6363,1.2853048879108333,1.407148558111852,0.7701258955733156,1.0709774736272055,1.1118106981638478,357.3647264738848,4.0,4.0,0.0,0.7743444268814598,0.0857564762310977,0.0
ellipse_constrained,True,False,0.2485026601055483,computed,True,,False,1015,1015,not_assessed,0.7332683700693572,0.149525906376206,32.3081397391183,37.38850673212529,5349,6363,1.2760317150997538,1.421420119386568,0.7414969356055737,1.0496777684818932,1.095122218132019,356.79864802612764,4.0,4.0,0.0,0.743400736638776,0.0596082243240335,1.7870601854380208e-15
geometric_ellipse,True,False,0.2485026601055483,computed,True,True,False,1015,1015,not_assessed,0.7332683700693572,0.149525906376206,32.3081397391183,37.38850673212529,5349,6363,1.271197453668417,1.4235117554339831,0.6750466374346115,2.7608304487183704,1.3822911476144202,356.48320724291284,4.0,4.0,0.0,0.7180959347218929,0.1123893736327128,3.724443008083571e-09
robust_circle,True,False,0.2485026601055483,computed,True,True,False,1015,1015,not_assessed,0.7332683700693572,0.149525906376206,32.3081397391183,37.38850673212529,5349,6363,1.2838905725063126,1.4176498479058113,0.6200519892289147,1.0,0.7372960930578228,355.9778541328601,4.0,4.0,0.0,0.6415783400650312,0.049518050004021,1.6249561858627193e-08
legacy,True,False,0.2418010631644775,computed,True,,False,1015,1015,not_assessed,0.7188631074334638,0.1693760178926896,32.808961397879465,37.889328390886455,5449,6463,1.2780249904125414,1.4327945258218269,0.5762957741013356,3.1609118050982032,1.9406633550698968,357.0012434068384,4.0,4.0,0.0,0.5850831066323448,0.093819339729621,0.2027694902493408
centered_algebraic,True,False,0.2418010631644775,computed,True,,False,1015,1015,not_assessed,0.7188631074334638,0.1693760178926896,32.808961397879465,37.889328390886455,5449,6463,1.28893333553277,1.4125226563344464,0.7851577613224409,1.0455318260801676,1.1224497150703407,356.79700895594215,4.0,4.0,0.0,0.7923796841216357,0.0797709833920732,0.0
ellipse_constrained,True,False,0.2418010631644775,computed,True,,False,1015,1015,not_assessed,0.7188631074334638,0.1693760178926896,32.808961397879465,37.889328390886455,5449,6463,1.280163008586097,1.4277059933936171,0.7530435199732469,1.0228178216298072,1.1044533252716064,356.7609193853612,4.0,4.0,0.0,0.7587828942227133,0.0582090210667077,1.8365891532411706e-15
geometric_ellipse,True,False,0.2418010631644775,computed,True,True,False,1015,1015,not_assessed,0.7188631074334638,0.1693760178926896,32.808961397879465,37.889328390886455,5449,6463,1.2704677083652178,1.4267804825554955,0.7032157478201438,2.8529066732077633,1.4414676604650811,356.99286344197935,4.0,4.0,0.0,0.7569839138952531,0.1091774871097583,3.709311060620998e-09
robust_circle,True,False,0.2418010631644775,computed,True,True,False,1015,1015,not_assessed,0.7188631074334638,0.1693760178926896,32.808961397879465,37.889328390886455,5449,6463,1.2851486068332691,1.422947134238565,0.6376656137759042,1.0,0.7503219404492826,357.0985360948438,4.0,4.0,0.0,0.6569619075260263,0.0494513810141231,1.6127610549009138e-08
legacy,True,False,0.2384957424047923,computed,True,,False,1015,1015,not_assessed,0.8250825584989145,0.1458401008946788,33.309783056640626,38.390150049647616,5549,6563,1.2803397429294157,1.4314854586069703,0.5821157984696966,2.987414333671172,1.8570073609491355,356.2411138026649,4.0,4.0,0.0,0.5919646290701557,0.0850856967540124,0.1955861496978004
centered_algebraic,True,False,0.2384957424047923,computed,True,,False,1015,1015,not_assessed,0.8250825584989145,0.1458401008946788,33.309783056640626,38.390150049647616,5549,6563,1.2905128304479585,1.4110170458021285,0.7615154103054793,1.0447958199803449,1.1150020279803698,356.966054703164,4.0,4.0,0.0,0.763516569063334,0.0593898031720978,9.310212529838836e-16
ellipse_constrained,True,False,0.2384957424047923,computed,True,,False,1015,1015,not_assessed,0.8250825584989145,0.1458401008946788,33.309783056640626,38.390150049647616,5549,6563,1.2830049116359388,1.4263993765801608,0.7345200183128616,1.02870367078576,1.100359559059143,356.774638758096,4.0,4.0,0.0,0.7501006011526159,0.0522625372073195,0.0
geometric_ellipse,True,False,0.2384957424047923,computed,True,True,False,1015,1015,not_assessed,0.8250825584989145,0.1458401008946788,33.309783056640626,38.390150049647616,5549,6563,1.2679464322862093,1.4203207250119505,0.7119313219391518,2.7932354347905903,1.433949206627681,356.5301365162785,4.0,4.0,0.0,0.729114165269532,0.1119625339300222,3.70424833541389e-09
robust_circle,True,False,0.2384957424047923,computed,True,True,False,1015,1015,not_assessed,0.8250825584989145,0.1458401008946788,33.309783056640626,38.390150049647616,5549,6563,1.280852380817174,1.421342009364975,0.6216967747316648,1.0,0.755697093462597,355.96517265277794,4.0,4.0,0.0,0.6462063825817229,0.0479406006549756,1.360374087170282e-08
legacy,True,False,0.2449841783216785,computed,True,,False,1015,1015,not_assessed,0.7780442505979541,0.1373957719014668,33.81060471540178,38.89097170840877,5649,6663,1.2731950816664444,1.4409829844894133,0.5766116378438647,2.775339460338271,1.742954482491748,356.2904613377899,4.0,4.0,0.0,0.5847961656906109,0.14320295647154,0.2373967164127316
centered_algebraic,True,False,0.2449841783216785,computed,True,,False,1015,1015,not_assessed,0.7780442505979541,0.1373957719014668,33.81060471540178,38.89097170840877,5649,6663,1.2905357967171478,1.4164614034200702,0.7563814839393737,1.031656033712738,1.0978604004419217,356.4998936371744,4.0,4.0,0.0,0.7666137351651273,0.0819613017498368,9.06363041263317e-16
ellipse_constrained,True,False,0.2449841783216785,computed,True,,False,1015,1015,not_assessed,0.7780442505979541,0.1373957719014668,33.81060471540178,38.89097170840877,5649,6663,1.2800987353359117,1.4305967203709709,0.7167580589284606,1.0274663845415275,1.089301586151123,356.217120833903,4.0,4.0,0.0,0.7314220565479385,0.0710281873988858,9.06363041263317e-16
geometric_ellipse,True,False,0.2449841783216785,computed,True,True,False,1015,1015,not_assessed,0.7780442505979541,0.1373957719014668,33.81060471540178,38.89097170840877,5649,6663,1.266304594035086,1.4163302224985872,0.6881578211256183,2.8415678572195717,1.4444132267790328,357.61422380171075,4.0,4.0,0.0,0.7160673862243353,0.1370090170484215,1.9081107874881304e-08
robust_circle,True,False,0.2449841783216785,computed,True,True,False,1015,1015,not_assessed,0.7780442505979541,0.1373957719014668,33.81060471540178,38.89097170840877,5649,6663,1.2782407314208528,1.4258304015909713,0.6025006295909601,1.0,0.749054270488052,356.601906724719,4.0,4.0,0.0,0.6236511557773804,0.0630180368548029,1.4462938117911081e-08
legacy,True,False,0.2473647832106712,computed,True,,False,1015,1015,not_assessed,0.7295791054721916,0.1388269580313289,34.31142637416295,39.39179336716994,5749,6763,1.2808506179070651,1.4420453079337343,0.5773910666527515,3.1335132439542823,1.9287223621370804,356.8891155904083,4.0,4.0,0.0,0.5779197913133298,0.0905157643990785,0.2222371552510756
centered_algebraic,True,False,0.2473647832106712,computed,True,,False,1015,1015,not_assessed,0.7295791054721916,0.1388269580313289,34.31142637416295,39.39179336716994,5749,6763,1.3001528749599125,1.4124658473797018,0.8022059454762617,1.015460121218269,1.1007614841929143,356.1884262420963,4.0,4.0,0.0,0.8014570555941178,0.0490627204932632,8.976403271435947e-16
ellipse_constrained,True,False,0.2473647832106712,computed,True,,False,1015,1015,not_assessed,0.7295791054721916,0.1388269580313289,34.31142637416295,39.39179336716994,5749,6763,1.2889911252386388,1.433256780325043,0.7437429300758902,1.0230557919388354,1.0944929122924805,357.02665316386054,4.0,4.0,0.0,0.764939112860508,0.0487175038984052,0.0
geometric_ellipse,True,False,0.2473647832106712,computed,True,True,False,1015,1015,not_assessed,0.7295791054721916,0.1388269580313289,34.31142637416295,39.39179336716994,5749,6763,1.2944426938163858,1.4454530921145603,0.6667041386572138,3.063531368930558,1.5696887426929649,357.45624813817483,4.0,4.0,0.0,0.6863071436401503,0.1504431232002779,1.486123031764002e-08
robust_circle,True,False,0.2473647832106712,computed,True,True,False,1015,1015,not_assessed,0.7295791054721916,0.1388269580313289,34.31142637416295,39.39179336716994,5749,6763,1.2794603931320176,1.4289295184161883,0.620043581140623,1.0,0.739464717906181,356.8065102086512,4.0,4.0,0.0,0.6254459650008172,0.0503203589779827,1.4999169182377342e-08
legacy,True,False,0.2459962719298246,computed,True,,False,1015,1015,not_assessed,0.6890058930895663,0.1410189754028382,34.8122480329241,39.89261502593109,5849,6863,1.2826718176266865,1.4440960682767694,0.5711355087858516,3.205204716323067,1.957041763416516,357.5521640288127,4.0,4.0,0.0,0.5700118232042042,0.057311091264675,0.1705048240676107
centered_algebraic,True,False,0.2459962719298246,computed,True,,False,1015,1015,not_assessed,0.6890058930895663,0.1410189754028382,34.8122480329241,39.89261502593109,5849,6863,1.3020988571739078,1.416576780656564,0.806249133337625,1.0033886389137303,1.097782279006498,356.0086884455167,4.0,4.0,0.0,0.803782363508341,0.0889752262469597,0.0
ellipse_constrained,True,False,0.2459962719298246,computed,True,,False,1015,1015,not_assessed,0.6890058930895663,0.1410189754028382,34.8122480329241,39.89261502593109,5849,6863,1.2902099440391486,1.4339945370144522,0.7354315591637267,1.0253791587910566,1.1011266708374023,357.00296805626897,4.0,4.0,0.0,0.7453315908682879,0.0579578079259368,0.0
geometric_ellipse,True,False,0.2459962719298246,computed,True,True,False,1015,1015,not_assessed,0.6890058930895663,0.1410189754028382,34.8122480329241,39.89261502593109,5849,6863,1.2991108588029492,1.4444769130386768,0.6610875150427394,2.915167034817264,1.5120431033720294,357.30183613644454,4.0,4.0,0.0,0.7079266101377224,0.1471151681882707,1.3628064880124313e-08
robust_circle,True,False,0.2459962719298246,computed,True,True,False,1015,1015,not_assessed,0.6890058930895663,0.1410189754028382,34.8122480329241,39.89261502593109,5849,6863,1.282160674676944,1.4292939372492612,0.6156272638827458,1.0,0.7479409533618657,356.9041899742733,4.0,4.0,0.0,0.634862205206487,0.0613148597928745,1.7088907354034717e-08
legacy,True,False,0.2596575707193345,computed,True,,False,1015,1015,not_assessed,0.924536748055684,0.1318654663041923,35.31306969168527,40.39343668469226,5949,6963,1.2791327677075832,1.4387124790720802,0.5557267348458568,3.3862481441826477,2.0172911842056136,356.42225261373443,4.0,4.0,0.0,0.5582488237365992,0.0756008697509394,0.243442268724198
centered_algebraic,True,False,0.2596575707193345,computed,True,,False,1015,1015,not_assessed,0.924536748055684,0.1318654663041923,35.31306969168527,40.39343668469226,5949,6963,1.296736945320086,1.4117456076268975,0.783848901534472,1.0619254330773913,1.1166666879470364,356.15602941653816,4.0,4.0,0.0,0.7935950189143528,0.0718390958875522,1.7102879327561816e-15
ellipse_constrained,True,False,0.2596575707193345,computed,True,,False,1015,1015,not_assessed,0.924536748055684,0.1318654663041923,35.31306969168527,40.39343668469226,5949,6963,1.282249952334203,1.4273733682338663,0.7323852329631327,1.0765608804423608,1.115694522857666,355.88837260119493,4.0,4.0,0.0,0.741433679495061,0.0592462195347655,8.551439663780908e-16
geometric_ellipse,True,False,0.2596575707193345,computed,True,True,False,1015,1015,not_assessed,0.924536748055684,0.1318654663041923,35.31306969168527,40.39343668469226,5949,6963,1.2956336955386036,1.4445039210989097,0.6404745228348188,2.9667493156844413,1.470862929217784,356.8335700168946,4.0,4.0,0.0,0.6937677887035054,0.2067051205756112,1.4272469164630507e-08
robust_circle,True,False,0.2596575707193345,computed,True,True,False,1015,1015,not_assessed,0.924536748055684,0.1318654663041923,35.31306969168527,40.39343668469226,5949,6963,1.278709098404952,1.4269858588750013,0.6238466740871146,1.0,0.7259872993322664,356.1562208320997,4.0,4.0,0.0,0.6351044262182375,0.0547342352346547,1.6280871984688745e-08
legacy,True,False,0.2571169203128304,computed,True,,False,1015,1015,not_assessed,0.7716625865124214,0.1365644744888577,35.813891350446426,40.894258343453416,6049,7063,1.2603405380706152,1.462933983838525,0.5647830810494837,4.028337681187102,2.39478971062213,356.5535342139454,4.0,4.0,0.0,0.5739482442140375,0.1272341075918237,0.2659562746594848
centered_algebraic,True,False,0.2571169203128304,computed,True,,False,1015,1015,not_assessed,0.7716625865124214,0.1365644744888577,35.813891350446426,40.894258343453416,6049,7063,1.290977831125941,1.420294110153298,0.7662804586437775,1.1089032771634997,1.1536863008844898,356.5088457624776,4.0,4.0,0.0,0.7722955825807521,0.0683151012356688,8.635939037184829e-16
ellipse_constrained,True,False,0.2571169203128304,computed,True,,False,1015,1015,not_assessed,0.7716625865124214,0.1365644744888577,35.813891350446426,40.894258343453416,6049,7063,1.2797504464229692,1.436155771344805,0.7338951881267771,1.1179591893913583,1.1511174440383911,356.55810157993,4.0,4.0,0.0,0.7445404293524535,0.0570531973683983,0.0
geometric_ellipse,True,False,0.2571169203128304,computed,True,True,False,1015,1015,not_assessed,0.7716625865124214,0.1365644744888577,35.813891350446426,40.894258343453416,6049,7063,1.2660878084071188,1.3957761636793338,0.7002140613075983,3.544762952067791,1.6772589765288903,357.0078249741695,4.0,4.0,0.0,0.6850033406026907,0.2757443383607633,5.595068861917341e-09
robust_circle,True,False,0.2571169203128304,computed,True,True,False,1015,1015,not_assessed,0.7716625865124214,0.1365644744888577,35.813891350446426,40.894258343453416,6049,7063,1.2764000573083116,1.4344408114615224,0.6255070828234738,1.0,0.7216082639028982,356.8170761317524,4.0,4.0,0.0,0.6400075489003697,0.0654712645031925,1.636404610452111e-08
legacy,True,False,0.2571925925925927,computed,True,,False,1015,1015,not_assessed,0.6312779008501218,0.1186124351765565,36.314713009207594,41.395080002214584,6149,7163,1.2482779886079796,1.4727447896963148,0.565646354040362,4.040082907458603,2.4116944433141505,355.8130812663975,4.0,4.0,0.0,0.5757834742589212,0.2185665624746094,0.202903970156679
centered_algebraic,True,False,0.2571925925925927,computed,True,,False,1015,1015,not_assessed,0.6312779008501218,0.1186124351765565,36.314713009207594,41.395080002214584,6149,7163,1.2814215030652425,1.4327116227577812,0.7360944289698824,1.126465400776376,1.158492617697379,356.2204970928964,4.0,4.0,0.0,0.7385697691733899,0.0698766664664925,8.633398135099567e-16
ellipse_constrained,True,False,0.2571925925925927,computed,True,,False,1015,1015,not_assessed,0.6312779008501218,0.1186124351765565,36.314713009207594,41.395080002214584,6149,7163,1.2663425859971376,1.4378531394784653,0.7238696998089785,1.1307779924937815,1.1552960872650146,356.83906447490983,4.0,4.0,0.0,0.7344227435386433,0.0642668366253174,8.633398135099567e-16
geometric_ellipse,True,False,0.2571925925925927,computed,True,True,False,1015,1015,not_assessed,0.6312779008501218,0.1186124351765565,36.314713009207594,41.395080002214584,6149,7163,1.2628401738528077,1.4074856524158854,0.7091866431246958,3.3784561371864132,1.60418462590502,356.5821625728932,4.0,4.0,0.0,0.7164654629828789,0.1497888732014533,4.467010650566641e-09
robust_circle,True,False,0.2571925925925927,computed,True,True,False,1015,1015,not_assessed,0.6312779008501218,0.1186124351765565,36.314713009207594,41.395080002214584,6149,7163,1.2614921325708506,1.4373420271921953,0.6160692906226464,1.0,0.7198559422975093,356.6136785856453,4.0,4.0,0.0,0.6230583931489203,0.0388929422850234,1.3734748050596636e-08
legacy,True,False,0.2625560955043713,computed,True,,False,1015,1015,not_assessed,0.9617082659515178,0.1345475326889069,36.81553466796875,41.89590166097574,6249,7263,1.2410547388941868,1.4727003772096208,0.5610640778348137,3.475820424912766,2.042743877963648,355.9487996035425,4.0,4.0,0.0,0.5620781396576403,0.0640944046255386,0.1510397345902175
centered_algebraic,True,False,0.2625560955043713,computed,True,,False,1015,1015,not_assessed,0.9617082659515178,0.1345475326889069,36.81553466796875,41.89590166097574,6249,7263,1.2742175838597831,1.426812453286122,0.7104815039005171,1.1218848126439618,1.1092504513695334,356.9156700649776,4.0,4.0,0.0,0.7188912302549809,0.0730107735138759,0.0
ellipse_constrained,True,False,0.2625560955043713,computed,True,,False,1015,1015,not_assessed,0.9617082659515178,0.1345475326889069,36.81553466796875,41.89590166097574,6249,7263,1.2625183426356337,1.4387646157288403,0.6932669943911218,1.1324192698848017,1.1083532571792605,356.0834990121314,4.0,4.0,0.0,0.7034556978067643,0.0563776316464957,8.45703484805724e-16
geometric_ellipse,True,False,0.2625560955043713,computed,True,True,False,1015,1015,not_assessed,0.9617082659515178,0.1345475326889069,36.81553466796875,41.89590166097574,6249,7263,1.288670256028412,1.4494481977766382,0.6063505987598742,3.3150221415754184,1.5883354786890078,356.85422897238794,4.0,4.0,0.0,0.6657133815223913,0.1946473584911712,1.3733087962181046e-08
robust_circle,True,False,0.2625560955043713,computed,True,True,False,1015,1015,not_assessed,0.9617082659515178,0.1345475326889069,36.81553466796875,41.89590166097574,6249,7263,1.2555458917473736,1.437213935702477,0.5795731371419246,1.0,0.7061946440994471,356.52361890819725,4.0,4.0,0.0,0.5885660803706492,0.0405594464337418,1.3604883728757852e-08
legacy,True,False,0.2641087287712288,computed,True,,False,1015,1015,not_assessed,0.960846088609892,0.1272080922855637,37.31635632672991,42.3967233197369,6349,7363,1.2529803780473188,1.4449319185537537,0.5761767253718116,4.731105384031767,2.8043514276218287,356.72189308902085,4.0,4.0,0.0,0.5859119570209933,0.2603017182370654,0.1289641168523533
centered_algebraic,True,False,0.2641087287712288,computed,True,,False,1015,1015,not_assessed,0.960846088609892,0.1272080922855637,37.31635632672991,42.3967233197369,6349,7363,1.2538991239768902,1.415750559690753,0.7403238372563661,1.1331891768853333,1.1639578810196078,357.49626699251445,4.0,4.0,0.0,0.7629547574200118,0.1168125375398805,0.0
ellipse_constrained,True,False,0.2641087287712288,computed,True,,False,1015,1015,not_assessed,0.960846088609892,0.1272080922855637,37.31635632672991,42.3967233197369,6349,7363,1.2507373323985362,1.430305756316147,0.733933154530099,1.1338058996668048,1.160317301750183,356.9459570079608,4.0,4.0,0.0,0.7600390513120872,0.0697144796477247,1.6814635847750909e-15
geometric_ellipse,True,False,0.2641087287712288,computed,True,True,False,1015,1015,not_assessed,0.960846088609892,0.1272080922855637,37.31635632672991,42.3967233197369,6349,7363,1.2517127091055535,1.385332055910725,0.6771101525236619,4.005970635564514,1.8900998325164104,356.17614575833386,4.0,4.0,0.0,0.693045260160794,0.0459735282021612,3.399242350167346e-09
robust_circle,True,False,0.2641087287712288,computed,True,True,False,1015,1015,not_assessed,0.960846088609892,0.1272080922855637,37.31635632672991,42.3967233197369,6349,7363,1.2433844515182189,1.4350592634221375,0.618244793254868,1.0,0.7239068539844608,356.8317802898242,4.0,4.0,0.0,0.6341358066388065,0.0695876485690193,1.9605478415803973e-08
legacy,True,False,0.2705516025641024,computed,True,,False,1015,1015,not_assessed,0.7008826877367377,0.1387864879713498,37.81717798549107,42.89754497849806,6449,7463,1.2479971735813915,1.4647163306404931,0.574858958368594,4.308528308374643,2.571482264994615,356.7628078440499,4.0,4.0,0.0,0.5930991942524161,0.1556162101398295,0.1322956434839961
centered_algebraic,True,False,0.2705516025641024,computed,True,,False,1015,1015,not_assessed,0.7008826877367377,0.1387864879713498,37.81717798549107,42.89754497849806,6449,7463,1.264526948872802,1.4238931815139078,0.7347870161435417,1.1628685505828424,1.1755772983489936,356.8998272317979,4.0,4.0,0.0,0.7449418038329175,0.070110705594932,0.0
ellipse_constrained,True,False,0.2705516025641024,computed,True,,False,1015,1015,not_assessed,0.7008826877367377,0.1387864879713498,37.81717798549107,42.89754497849806,6449,7463,1.2575401703298568,1.4372207953208316,0.7307124374957542,1.1686320956120255,1.1745946407318115,357.2280810959223,4.0,4.0,0.0,0.7455505553682561,0.0637911572131589,8.207107362168433e-16
geometric_ellipse,True,False,0.2705516025641024,computed,True,True,False,1015,1015,not_assessed,0.7008826877367377,0.1387864879713498,37.81717798549107,42.89754497849806,6449,7463,1.253588372151943,1.4034889003617268,0.6659737727093479,4.133177858288299,1.9336283982136744,356.18392903007214,4.0,4.0,0.0,0.6851566830185425,0.1403366926997836,1.4323856623947554e-09
robust_circle,True,False,0.2705516025641024,computed,True,True,False,1015,1015,not_assessed,0.7008826877367377,0.1387864879713498,37.81717798549107,42.89754497849806,6449,7463,1.248634403303558,1.4392593951636918,0.5965096440885818,1.0,0.7180426048749081,357.2260181956873,4.0,4.0,0.0,0.631563283823711,0.0641037887614211,1.5938601571267048e-08
legacy,True,False,0.2887523045710608,computed,True,,False,1015,1015,not_assessed,0.8285051030850649,0.1711480135781473,38.31799964425223,43.39836663725922,6549,7563,1.7370526789213,0.8415088235910638,0.5600214166192423,12.606235732050324,7.551383988366187,78.48182291662084,3.0,3.0,0.0,0.6817841355401997,2.733677429128323,2.519821479806075
centered_algebraic,True,False,0.2887523045710608,computed,True,,False,1015,1015,not_assessed,0.8285051030850649,0.1711480135781473,38.31799964425223,43.39836663725922,6549,7563,1.2777070617737616,1.3903172367227643,0.7629514664227226,1.224385803099404,1.203662664631767,357.20091442222895,4.0,4.0,0.0,0.7864929421009009,0.1701138658489304,7.689795073839386e-16
ellipse_constrained,True,False,0.2887523045710608,computed,True,,False,1015,1015,not_assessed,0.8285051030850649,0.1711480135781473,38.31799964425223,43.39836663725922,6549,7563,1.2661936308990878,1.3989694675514672,0.7326475646317607,1.2297493526782022,1.2008172273635864,357.0463067293065,4.0,4.0,0.0,0.7582830158250031,0.1505365749238904,7.689795073839386e-16
geometric_ellipse,True,False,0.2887523045710608,computed,True,True,False,1015,1015,not_assessed,0.8285051030850649,0.1711480135781473,38.31799964425223,43.39836663725922,6549,7563,1.253672066651606,1.3891069024056732,0.6435055519255075,3.928009761433649,1.7736249027261315,356.86298078502534,4.0,4.0,0.0,0.738783582608847,0.2147757420389707,2.33924307179188e-09
robust_circle,True,False,0.2887523045710608,computed,True,True,False,1015,1015,not_assessed,0.8285051030850649,0.1711480135781473,38.31799964425223,43.39836663725922,6549,7563,1.2533061817439597,1.4191148943447356,0.6985564327475403,1.0,0.708213831636112,357.6465623778214,4.0,4.0,0.0,0.7304143829899344,0.0873077001776649,1.686232246605664e-08
legacy,False,False,0.296082091518025,nonellipse,False,,False,1015,1015,not_assessed,0.7516590540559747,0.1534053769155788,38.818821303013394,43.899188296020384,6649,7663,,,,,,,,,,,,
centered_algebraic,True,False,0.296082091518025,computed,True,,False,1015,1015,not_assessed,0.7516590540559747,0.1534053769155788,38.818821303013394,43.899188296020384,6649,7663,1.246408450769023,1.4085745070445124,0.7478916638639819,1.2033935311441832,1.1941647207197623,356.7657278401698,4.0,4.0,0.0,0.7590393303716443,0.0527334643936891,7.499427060468248e-16
ellipse_constrained,True,False,0.296082091518025,computed,True,,False,1015,1015,not_assessed,0.7516590540559747,0.1534053769155788,38.818821303013394,43.899188296020384,6649,7663,1.2437833306835988,1.4042665308906916,0.7485907086578861,1.187441367996449,1.1833741664886477,357.26727937698325,4.0,4.0,0.0,0.7671744554006096,0.0834919993759907,0.0
geometric_ellipse,True,True,0.296082091518025,boundary,False,True,True,1015,1015,not_assessed,0.7516590540559747,0.1534053769155788,38.818821303013394,43.899188296020384,6649,7663,1.2678762367429524,1.3758000879278365,0.6089644246005415,6.917053627698613,2.9999999994634465,355.9651686243871,4.0,1.0,3.0,0.7018539035105985,0.459574745756755,2.2197980617092243e-08
robust_circle,True,False,0.296082091518025,computed,True,True,False,1015,1015,not_assessed,0.7516590540559747,0.1534053769155788,38.818821303013394,43.899188296020384,6649,7663,1.2281622689848724,1.418245502188363,0.6997433266757676,1.0,0.7211881628939713,357.3138250255115,4.0,4.0,0.0,0.7214575490209826,0.081059722570506,2.0699187287681386e-08
legacy,True,False,0.2979423637159289,computed,True,,False,1015,1015,not_assessed,0.2321036931585521,0.1914502895092713,39.319642961774555,44.400009954781545,6749,7763,1.4450368699482397,1.1971247214827143,0.5477892833627431,8.947773831695047,5.082899591951405,327.1090172990809,3.0,3.0,0.0,0.5803893950511502,1.0321759372050492,1.1820735183897852
centered_algebraic,True,False,0.2979423637159289,computed,True,,False,1015,1015,not_assessed,0.2321036931585521,0.1914502895092713,39.319642961774555,44.400009954781545,6749,7763,1.240459033171971,1.4114371614991716,0.7403639057602242,1.2596818674105843,1.2169773733431195,357.08346245961945,4.0,4.0,0.0,0.7502209632810729,0.0741991889085546,0.0
ellipse_constrained,True,False,0.2979423637159289,computed,True,,False,1015,1015,not_assessed,0.2321036931585521,0.1914502895092713,39.319642961774555,44.400009954781545,6749,7763,1.2397523264837256,1.4060447681354151,0.7415444160059029,1.2411225227067622,1.2045727968215942,357.5240446543907,4.0,4.0,0.0,0.752322064634763,0.0567998180447878,0.0
geometric_ellipse,True,True,0.2979423637159289,boundary,False,True,True,1015,1015,not_assessed,0.2321036931585521,0.1914502895092713,39.319642961774555,44.400009954781545,6749,7763,1.250481495179339,1.4010112209923704,0.578591202246553,6.723732849537555,2.9999999934436583,356.2912395097281,4.0,2.0,2.0,0.747969619180557,0.5388795697257545,8.178057020921689e-10
robust_circle,True,False,0.2979423637159289,computed,True,True,False,1015,1015,not_assessed,0.2321036931585521,0.1914502895092713,39.319642961774555,44.400009954781545,6749,7763,1.223918759243651,1.4208708739831284,0.6781074577414874,1.0,0.734266143917997,357.23047140635236,4.0,4.0,0.0,0.69497078061061,0.0640200060005183,2.2628073301439583e-08
legacy,True,False,0.3026630119608554,computed,True,,False,1015,1015,not_assessed,0.2695643818278215,0.1923077797308466,39.82046462053572,44.90083161354271,6849,7863,1.372438313262744,1.2983721227273914,0.562006812218507,5.988907939961299,3.512080145415979,347.877922107067,3.0,3.0,0.0,0.5737422511213803,0.3468658410547168,0.7023343419359516
centered_algebraic,True,False,0.3026630119608554,computed,True,,False,1015,1015,not_assessed,0.2695643818278215,0.1923077797308466,39.82046462053572,44.90083161354271,6849,7863,1.2471592547194266,1.4134897242216506,0.7309151651244155,1.2387627780616506,1.2146838733976295,356.46357801544593,4.0,4.0,0.0,0.7489407469306352,0.0691783015828073,7.336364079854899e-16
ellipse_constrained,True,False,0.3026630119608554,computed,True,,False,1015,1015,not_assessed,0.2695643818278215,0.1923077797308466,39.82046462053572,44.90083161354271,6849,7863,1.247714107816318,1.4084963158587132,0.733959340327161,1.224364973480652,1.2049344778060913,356.52262224910396,4.0,4.0,0.0,0.7369812780189611,0.0619462051604977,0.0
geometric_ellipse,True,True,0.3026630119608554,boundary,False,True,True,1015,1015,not_assessed,0.2695643818278215,0.1923077797308466,39.82046462053572,44.90083161354271,6849,7863,1.3173236205934162,1.3127073368284894,0.5821054135410739,6.405361422595345,2.9999999698741564,352.5563350803441,4.0,3.0,1.0,0.7031908460832771,0.6228261461257203,4.165160845100996e-09
robust_circle,True,False,0.3026630119608554,computed,True,True,False,1015,1015,not_assessed,0.2695643818278215,0.1923077797308466,39.82046462053572,44.90083161354271,6849,7863,1.2338050912962475,1.41791157682593,0.6488913876834909,1.0,0.7572578735181679,357.2697154392087,4.0,4.0,0.0,0.6842945175699626,0.0878671276544677,1.9070536013727655e-08
legacy,True,False,0.3061408891142662,computed,True,,False,1014,1014,not_assessed,0.0905407704285711,0.1951877704890486,40.32128627929687,45.40165327230386,6949,7962,1.3203849859106345,1.373585024295162,0.5512025358366586,6.031243192519377,3.448820330400774,355.82785270290526,3.0,3.0,0.0,0.5721566322511878,2.0486969832977837,0.4429025259871924
centered_algebraic,True,False,0.3061408891142662,computed,True,,False,1014,1014,not_assessed,0.0905407704285711,0.1951877704890486,40.32128627929687,45.40165327230386,6949,7962,1.2551403782211366,1.416936256195762,0.7339169354317315,1.2168627351349115,1.1941205305769116,354.69154063431455,4.0,4.0,0.0,0.7440739357583245,0.0799409259031377,0.0
ellipse_constrained,True,False,0.3061408891142662,computed,True,,False,1014,1014,not_assessed,0.0905407704285711,0.1951877704890486,40.32128627929687,45.40165327230386,6949,7962,1.2551356619725136,1.4145652852862591,0.7361826969739179,1.210540767468545,1.1898549795150757,354.7209016522412,4.0,4.0,0.0,0.7407054974836971,0.0706962865442596,1.0257319518646481e-15
geometric_ellipse,True,True,0.3061408891142662,boundary,False,True,True,1014,1014,not_assessed,0.0905407704285711,0.1951877704890486,40.32128627929687,45.40165327230386,6949,7962,1.295789900927716,1.351074257703805,0.5782295081574476,6.608343658125339,2.9999999997889555,355.56940659990477,4.0,2.0,2.0,0.6720367935954885,0.4206815341496481,5.2087605767977595e-09
robust_circle,True,False,0.3061408891142662,computed,True,True,False,1014,1014,not_assessed,0.0905407704285711,0.1951877704890486,40.32128627929687,45.40165327230386,6949,7962,1.240513745909271,1.4227281746186256,0.6345921856160593,1.0,0.7569654752972984,357.3599612544253,4.0,4.0,0.0,0.6904873123147597,0.0754538195624176,1.9328104201067903e-08
legacy,True,False,0.3061052177070506,computed,True,,False,1014,1014,not_assessed,0.1094834120189173,0.1923420726822837,40.82210793805804,45.90247493106503,7049,8062,1.313915718708767,1.3753713835355257,0.5613010786450049,3.827816339628845,2.265051307682642,356.707549328928,4.0,4.0,0.0,0.582232036318075,0.3287654790114228,0.3464425342728464
centered_algebraic,True,False,0.3061052177070506,computed,True,,False,1014,1014,not_assessed,0.1094834120189173,0.1923420726822837,40.82210793805804,45.90247493106503,7049,8062,1.2481618625677589,1.4175892411109174,0.7277705743208872,1.192108214195457,1.1824286643260853,357.18695341149845,4.0,4.0,0.0,0.741372955533355,0.1277702439994266,7.253865405768184e-16
ellipse_constrained,True,False,0.3061052177070506,computed,True,,False,1014,1014,not_assessed,0.1094834120189173,0.1923420726822837,40.82210793805804,45.90247493106503,7049,8062,1.2498712064329378,1.4125365437184512,0.7296934976273484,1.1792095458889689,1.1738033294677734,356.75824616795614,4.0,4.0,0.0,0.7351080954983699,0.1075615690166404,1.025851483646638e-15
geometric_ellipse,True,False,0.3061052177070506,computed,True,True,False,1014,1014,not_assessed,0.1094834120189173,0.1923420726822837,40.82210793805804,45.90247493106503,7049,8062,1.275782365529334,1.375809569155871,0.5632190197115059,3.644634934558176,1.771404894375809,355.77909595600363,4.0,4.0,0.0,0.7044301925406893,0.2573110802738648,1.5804390240701047e-08
robust_circle,True,False,0.3061052177070506,computed,True,True,False,1014,1014,not_assessed,0.1094834120189173,0.1923420726822837,40.82210793805804,45.90247493106503,7049,8062,1.232140553508033,1.4185163923310944,0.5988463020263587,1.0,0.7920757106619745,357.1144777490525,4.0,4.0,0.0,0.6541818543082482,0.0966216509490584,1.6461787745280352e-08
legacy,True,False,0.3240332381579102,computed,True,,False,1014,1014,not_assessed,0.0136383344157649,0.2277484056801687,41.32292959681919,46.40329658982618,7149,8162,1.2873737373542578,1.4127441359302764,0.550639304261371,3.4476300706280982,2.0171928082524784,355.4135425188274,4.0,4.0,0.0,0.5545785575137286,0.195519842316275,0.203341709715786
centered_algebraic,True,False,0.3240332381579102,computed,True,,False,1014,1014,not_assessed,0.0136383344157649,0.2277484056801687,41.32292959681919,46.40329658982618,7149,8162,1.2451388338083436,1.429871135358743,0.7086880629502468,1.2495496136394393,1.1864573713747777,357.5889433060172,4.0,4.0,0.0,0.7167622278380412,0.0506506002486144,0.0
ellipse_constrained,True,False,0.3240332381579102,computed,True,,False,1014,1014,not_assessed,0.0136383344157649,0.2277484056801687,41.32292959681919,46.40329658982618,7149,8162,1.2528085652152454,1.4274411274107284,0.7061958865371887,1.2547401308960215,1.1866167783737185,356.9836248490584,4.0,4.0,0.0,0.7095447596760788,0.0624802749354043,9.690934594300023e-16
geometric_ellipse,True,False,0.3240332381579102,computed,True,True,False,1014,1014,not_assessed,0.0136383344157649,0.2277484056801687,41.32292959681919,46.40329658982618,7149,8162,1.239465747586768,1.42824223693852,0.5364821968216504,3.003064557823738,1.5214624583374707,356.882798704399,4.0,4.0,0.0,0.5985044509463515,0.2160840433272657,4.506433389897141e-09
robust_circle,True,False,0.3240332381579102,computed,True,True,False,1014,1014,not_assessed,0.0136383344157649,0.2277484056801687,41.32292959681919,46.40329658982618,7149,8162,1.2424970733498029,1.4305668199152155,0.5980632335771342,1.0,0.7810202814069714,357.1895644378734,4.0,4.0,0.0,0.6271542874144257,0.0788352612808499,1.4035200696894993e-08
legacy,True,False,0.3325225952494819,computed,True,,False,1014,1014,not_assessed,0.0816967572716988,0.2024882710571147,41.82375125558036,46.90411824858735,7249,8262,1.2755327087859305,1.4427115402499149,0.5505109278168289,3.2035953734632936,1.8947372741467463,355.6397457679653,4.0,4.0,0.0,0.5631992741573334,0.2126154835139002,0.1511158475296425
centered_algebraic,True,False,0.3325225952494819,computed,True,,False,1014,1014,not_assessed,0.0816967572716988,0.2024882710571147,41.82375125558036,46.90411824858735,7249,8262,1.254884687402503,1.440592259023002,0.70452373733078,1.260685335793842,1.1838947320984263,356.71003810294286,4.0,4.0,0.0,0.7138323637210932,0.0754048021122261,6.677579451659151e-16
ellipse_constrained,True,False,0.3325225952494819,computed,True,,False,1014,1014,not_assessed,0.0816967572716988,0.2024882710571147,41.82375125558036,46.90411824858735,7249,8262,1.2560080163096985,1.4331759138352087,0.7005629034794605,1.2548406382672417,1.1798447370529177,356.18474145422954,4.0,4.0,0.0,0.7040275196105519,0.0685120863052494,6.677579451659151e-16
geometric_ellipse,True,False,0.3325225952494819,computed,True,True,False,1014,1014,not_assessed,0.0816967572716988,0.2024882710571147,41.82375125558036,46.90411824858735,7249,8262,1.241642689682514,1.4487969701657049,0.5272609982134652,3.2355514986210796,1.5949953953165623,356.47595903481573,4.0,4.0,0.0,0.6603877242039102,0.3124485663906765,5.306327281366474e-09
robust_circle,True,False,0.3325225952494819,computed,True,True,False,1014,1014,not_assessed,0.0816967572716988,0.2024882710571147,41.82375125558036,46.90411824858735,7249,8262,1.2430407948515865,1.436877658241796,0.5878880572184256,1.0,0.7850771695730278,357.1040431165325,4.0,4.0,0.0,0.6152792824904583,0.0844429479342417,1.4042900011597304e-08
legacy,True,False,0.3380019251169902,computed,True,,False,1014,1014,not_assessed,0.2379715668746312,0.2334118882761096,42.32457291434152,47.404939907348506,7349,8362,1.2689940553325478,1.448952237059224,0.5580663311158134,3.0001699707825527,1.794020857913811,356.2265382657788,4.0,4.0,0.0,0.5621963666841111,0.0901464711899027,0.1000378115305515
centered_algebraic,True,False,0.3380019251169902,computed,True,,False,1014,1014,not_assessed,0.2379715668746312,0.2334118882761096,42.32457291434152,47.404939907348506,7349,8362,1.2550210692354695,1.444322016599674,0.7026917297412435,1.2580316374314595,1.1770172994525392,357.4003739476441,4.0,4.0,0.0,0.6971210679492874,0.0516828137364167,6.569329593261238e-16
ellipse_constrained,True,False,0.3380019251169902,computed,True,,False,1014,1014,not_assessed,0.2379715668746312,0.2334118882761096,42.32457291434152,47.404939907348506,7349,8362,1.2530594076516448,1.4370354466015889,0.7037306093408788,1.2546578417102014,1.1745195388793943,357.34503630446204,4.0,4.0,0.0,0.7001369459035307,0.0685471944645213,6.569329593261238e-16
geometric_ellipse,True,False,0.3380019251169902,computed,True,True,False,1014,1014,not_assessed,0.2379715668746312,0.2334118882761096,42.32457291434152,47.404939907348506,7349,8362,1.2338594324406564,1.4450845405467123,0.5171872314658837,2.982564799041389,1.511987626030301,356.3776411253021,4.0,4.0,0.0,0.5641020938076601,0.1339332193336583,4.084450475366203e-09
robust_circle,True,False,0.3380019251169902,computed,True,True,False,1014,1014,not_assessed,0.2379715668746312,0.2334118882761096,42.32457291434152,47.404939907348506,7349,8362,1.2390221026360135,1.432956308629192,0.5848153323718857,1.0,0.7844194256212481,357.1933647143847,4.0,4.0,0.0,0.6124242191830278,0.0876778768292018,1.3366327171617652e-08
legacy,True,False,0.3381306068565262,computed,True,,False,1014,1014,not_assessed,0.4559723380758974,0.27186742348429,42.82539457310268,47.90576156610967,7449,8462,1.263328547065641,1.4452994772423178,0.5467893561563313,2.745106576104541,1.6583564858500957,357.54003232009427,4.0,4.0,0.0,0.5570129361455596,0.0615058249092858,0.0799024308817939
centered_algebraic,True,False,0.3381306068565262,computed,True,,False,1014,1014,not_assessed,0.4559723380758974,0.27186742348429,42.82539457310268,47.90576156610967,7449,8462,1.249366368293968,1.4391844747258271,0.695602210772541,1.2307352593163725,1.152215633064472,357.5713378395671,4.0,4.0,0.0,0.7009560734075913,0.0645412382544195,6.566829515650682e-16
ellipse_constrained,True,False,0.3381306068565262,computed,True,,False,1014,1014,not_assessed,0.4559723380758974,0.27186742348429,42.82539457310268,47.90576156610967,7449,8462,1.251829003670119,1.434598787876869,0.6944606908833693,1.232166643794069,1.1516621112823486,357.65142620490707,4.0,4.0,0.0,0.6921407161828228,0.0515769444642145,9.286899362825138e-16
geometric_ellipse,True,False,0.3381306068565262,computed,True,True,False,1014,1014,not_assessed,0.4559723380758974,0.27186742348429,42.82539457310268,47.90576156610967,7449,8462,1.233566430246526,1.440352235166436,0.5113072853391084,2.733534707035215,1.3941178960681528,356.24414057165876,4.0,4.0,0.0,0.5854883183648678,0.1201130058042633,3.567904289784008e-09
robust_circle,True,False,0.3381306068565262,computed,True,True,False,1014,1014,not_assessed,0.4559723380758974,0.27186742348429,42.82539457310268,47.90576156610967,7449,8462,1.2387082427299574,1.429598495699158,0.5796945814646457,1.0,0.7815946887602736,357.4600057197434,4.0,4.0,0.0,0.6019391227887599,0.0798334827723235,1.2050360234391138e-08
legacy,True,False,0.3372184905660376,computed,True,,False,1014,1014,not_assessed,0.5391032654758725,0.2342828894732521,43.32621623186384,48.40658322487083,7549,8562,1.2614462710081542,1.4652234435619265,0.5657108031682448,2.336174573796574,1.4707871962114771,356.46156836809405,4.0,4.0,0.0,0.5762486809372495,0.0851092566309593,0.0269126442494856
centered_algebraic,True,False,0.3372184905660376,computed,True,,False,1014,1014,not_assessed,0.5391032654758725,0.2342828894732521,43.32621623186384,48.40658322487083,7549,8562,1.2497807863118655,1.4540811576530863,0.7027462194680061,1.1594026437301612,1.116491314961696,357.40808752002476,4.0,4.0,0.0,0.7183245593401782,0.0451511609449889,9.31201878075131e-16
ellipse_constrained,True,False,0.3372184905660376,computed,True,,False,1014,1014,not_assessed,0.5391032654758725,0.2342828894732521,43.32621623186384,48.40658322487083,7549,8562,1.2558032980426497,1.4510734213033314,0.6993696222061531,1.1650668252631704,1.1176575422286987,356.96748633966996,4.0,4.0,0.0,0.701574766619699,0.0593228399360681,0.0
geometric_ellipse,True,False,0.3372184905660376,computed,True,True,False,1014,1014,not_assessed,0.5391032654758725,0.2342828894732521,43.32621623186384,48.40658322487083,7549,8562,1.238624267377398,1.4488002573671404,0.5251299686582014,2.462992312379371,1.316993163800032,356.11077087720383,4.0,4.0,0.0,0.6312502028558559,0.0818488474388467,4.844354850525626e-09
robust_circle,True,False,0.3372184905660376,computed,True,True,False,1014,1014,not_assessed,0.5391032654758725,0.2342828894732521,43.32621623186384,48.40658322487083,7549,8562,1.2404536587132509,1.4541964612648155,0.5678882790047788,1.0,0.7789729520729255,357.2404338964319,4.0,4.0,0.0,0.580200322508858,0.0559937715220049,1.1695530982277638e-08
legacy,True,False,0.3420445407226985,computed,True,,False,1014,1014,not_assessed,0.4198083281951549,0.1801273890275926,43.827037890625,48.90740488363199,7649,8662,1.2638325196686582,1.4633458248387603,0.5629517830855348,2.3128764168663833,1.4394454570705573,356.3990811191646,4.0,4.0,0.0,0.5652974268953371,0.0269966988370604,0.0954177618829827
centered_algebraic,True,False,0.3420445407226985,computed,True,,False,1014,1014,not_assessed,0.4198083281951549,0.1801273890275926,43.827037890625,48.90740488363199,7649,8662,1.2642885021243766,1.4500331614234785,0.6837889289654536,1.1584539912876584,1.0892834399553637,357.24893979267364,4.0,4.0,0.0,0.6925833019317438,0.0293293566302394,6.491686856216972e-16
ellipse_constrained,True,False,0.3420445407226985,computed,True,,False,1014,1014,not_assessed,0.4198083281951549,0.1801273890275926,43.827037890625,48.90740488363199,7649,8662,1.2642511885512424,1.448395749823469,0.682385991663375,1.1605145600227469,1.0898739099502563,357.37266949645465,4.0,4.0,0.0,0.6930313781530459,0.0314125530027218,6.491686856216972e-16
geometric_ellipse,True,False,0.3420445407226985,computed,True,True,False,1014,1014,not_assessed,0.4198083281951549,0.1801273890275926,43.827037890625,48.90740488363199,7649,8662,1.2455425858215452,1.455335238993773,0.5510530573118849,2.7965758349607355,1.3684469035966764,356.3043935102568,4.0,4.0,0.0,0.5837240170926165,0.0680460749754648,3.016441434560436e-09
robust_circle,True,False,0.3420445407226985,computed,True,True,False,1014,1014,not_assessed,0.4198083281951549,0.1801273890275926,43.827037890625,48.90740488363199,7649,8662,1.2486535354167023,1.447218361416369,0.5555750158399413,1.0,0.751803672288373,356.74437079041735,4.0,4.0,0.0,0.5689761725759347,0.0339362524802815,1.3587962918094988e-08
legacy,True,False,0.337628203259005,computed,True,,False,1014,1014,not_assessed,0.8272951269007541,0.1635261187692387,44.32785954938616,49.40822654239315,7749,8762,1.267649252213166,1.4605914827856614,0.5638196834370705,2.306043233024635,1.4349566140089516,356.1103373655322,4.0,4.0,0.0,0.5659841581907481,0.0720629407919367,0.0682422426004162
centered_algebraic,True,False,0.337628203259005,computed,True,,False,1014,1014,not_assessed,0.8272951269007541,0.1635261187692387,44.32785954938616,49.40822654239315,7749,8762,1.2637158160201865,1.4513599441820644,0.6803830809253522,1.1648502139592292,1.0974375996714312,356.93795488048437,4.0,4.0,0.0,0.6864680649850757,0.0449931954240252,0.0
ellipse_constrained,True,False,0.337628203259005,computed,True,,False,1014,1014,not_assessed,0.8272951269007541,0.1635261187692387,44.32785954938616,49.40822654239315,7749,8762,1.265644600240509,1.448393090903443,0.6789537785635792,1.1685568148370873,1.0984776020050049,356.95527847804414,4.0,4.0,0.0,0.6835056222393562,0.0488464511832058,9.30071862201221e-16
geometric_ellipse,True,False,0.337628203259005,computed,True,True,False,1014,1014,not_assessed,0.8272951269007541,0.1635261187692387,44.32785954938616,49.40822654239315,7749,8762,1.2496493389434506,1.4621272420736438,0.5548319221599777,2.9209636726390187,1.41187822087964,357.09316523361105,4.0,4.0,0.0,0.5819161776432776,0.0611634833544351,3.018529107283263e-09
robust_circle,True,False,0.337628203259005,computed,True,True,False,1014,1014,not_assessed,0.8272951269007541,0.1635261187692387,44.32785954938616,49.40822654239315,7749,8762,1.2555685523151403,1.4401586478432356,0.5706808573870659,1.0,0.7472023330731603,357.57326679695046,4.0,4.0,0.0,0.5853983924947626,0.0602474189154779,1.2665226131898502e-08
legacy,True,False,0.346966587124716,computed,True,,False,1014,1014,not_assessed,0.4603120731534978,0.22859407237624,44.82868120814732,49.90904820115431,7849,8862,1.2639885432670233,1.4644346721076675,0.5388956632704711,2.3139734874262494,1.3919693154004398,357.338173557487,4.0,4.0,0.0,0.5468634353117104,0.0714313980204081,0.103965089182631
centered_algebraic,True,False,0.346966587124716,computed,True,,False,1014,1014,not_assessed,0.4603120731534978,0.22859407237624,44.82868120814732,49.90904820115431,7849,8862,1.261191901052951,1.4545014058778916,0.6657263589815207,1.1402996075833978,1.0494149584549184,356.9724257660468,4.0,4.0,0.0,0.6651848476626572,0.0303923409032037,0.0
ellipse_constrained,True,False,0.346966587124716,computed,True,,False,1014,1014,not_assessed,0.4603120731534978,0.22859407237624,44.82868120814732,49.90904820115431,7849,8862,1.2633795673473236,1.4543117295265393,0.6594710496977211,1.145110350052621,1.0507043600082395,356.75254561315984,4.0,4.0,0.0,0.6572311783832812,0.0390303683172797,6.399596190661958e-16
geometric_ellipse,True,False,0.346966587124716,computed,True,True,False,1014,1014,not_assessed,0.4603120731534978,0.22859407237624,44.82868120814732,49.90904820115431,7849,8862,1.2479447866215576,1.4445041268990546,0.5239811000908798,2.6233840412613123,1.2733848973469812,355.97436001122605,4.0,4.0,0.0,0.559150535008743,0.1186725492597299,1.7664567301923774e-09
robust_circle,True,False,0.346966587124716,computed,True,True,False,1014,1014,not_assessed,0.4603120731534978,0.22859407237624,44.82868120814732,49.90904820115431,7849,8862,1.2559383380012117,1.4524351019219712,0.5433071676434155,1.0,0.7430591137094137,357.42610936680194,4.0,4.0,0.0,0.5546589466485791,0.0339888195748986,1.19206453049862e-08
legacy,True,False,0.3477778256627094,computed,True,,False,1014,1014,not_assessed,0.1303651446932546,0.1558405441381816,45.32950286690848,50.409869859915474,7949,8962,1.2585583993337972,1.4591454066293117,0.5352865537374484,2.3586113764757286,1.4086155806397471,356.71041117352513,4.0,4.0,0.0,0.5406074315113991,0.0608243485952027,0.0909722550481263
centered_algebraic,True,False,0.3477778256627094,computed,True,,False,1014,1014,not_assessed,0.1303651446932546,0.1558405441381816,45.32950286690848,50.409869859915474,7949,8962,1.2534432806553866,1.451708280026875,0.6488682190109762,1.1683881911183918,1.0520797247939029,356.23059194390083,4.0,4.0,0.0,0.6515612407563462,0.0435945574022784,6.384668272104852e-16
ellipse_constrained,True,False,0.3477778256627094,computed,True,,False,1014,1014,not_assessed,0.1303651446932546,0.1558405441381816,45.32950286690848,50.409869859915474,7949,8962,1.2552512546362138,1.450180731104511,0.6462907605620686,1.1721876871399763,1.0530670881271362,356.06632005536005,4.0,4.0,0.0,0.6510258163377022,0.0466342524104995,1.4276552270212572e-15
geometric_ellipse,True,False,0.3477778256627094,computed,True,True,False,1014,1014,not_assessed,0.1303651446932546,0.1558405441381816,45.32950286690848,50.409869859915474,7949,8962,1.24015602488127,1.4374759009784115,0.5094733101690606,2.763459072574882,1.2855536716348568,357.04562311601313,4.0,4.0,0.0,0.54829985195302,0.0786855208035533,1.6126254029585383e-09
robust_circle,True,False,0.3477778256627094,computed,True,True,False,1014,1014,not_assessed,0.1303651446932546,0.1558405441381816,45.32950286690848,50.409869859915474,7949,8962,1.2437179796098126,1.445616900041478,0.5457948075370538,1.0,0.73244056058175,356.2643510549521,4.0,4.0,0.0,0.5583933638933106,0.0508187331073754,9.94915691635125e-09
legacy,True,False,0.3488117037411525,computed,True,,False,1014,1014,not_assessed,0.0498094773823599,0.1883314708950416,45.83032452566964,50.91069151867663,8049,9062,1.2788715388845582,1.4480031894994232,0.5403985960812226,2.2315272567444366,1.3609327974593468,354.8855897901895,4.0,4.0,0.0,0.5421285948318916,0.0723698897850667,0.0822355380933356
centered_algebraic,True,False,0.3488117037411525,computed,True,,False,1014,1014,not_assessed,0.0498094773823599,0.1883314708950416,45.83032452566964,50.91069151867663,8049,9062,1.2619769150983766,1.4514669847518047,0.6366197086395825,1.192521353106322,1.0548996520870708,356.1928507997801,4.0,4.0,0.0,0.6349326194486565,0.0380718631232227,6.365744111895024e-16
ellipse_constrained,True,False,0.3488117037411525,computed,True,,False,1014,1014,not_assessed,0.0498094773823599,0.1883314708950416,45.83032452566964,50.91069151867663,8049,9062,1.2636346336717188,1.4500190516413716,0.6323537680167071,1.1925661192346406,1.0540341138839722,356.0290280468496,4.0,4.0,0.0,0.6340779651364359,0.0488376523129474,6.365744111895024e-16
geometric_ellipse,True,False,0.3488117037411525,computed,True,True,False,1014,1014,not_assessed,0.0498094773823599,0.1883314708950416,45.83032452566964,50.91069151867663,8049,9062,1.2488805958189328,1.4445477185740494,0.494647197374088,2.5460434212242258,1.239425258647468,355.3461619364379,4.0,4.0,0.0,0.5234486837777835,0.018942057166201,1.09896665067032e-09
robust_circle,True,False,0.3488117037411525,computed,True,True,False,1014,1014,not_assessed,0.0498094773823599,0.1883314708950416,45.83032452566964,50.91069151867663,8049,9062,1.2585714075952543,1.4521381161199307,0.5395434182739074,1.0,0.7393982388429162,356.88122249143083,4.0,4.0,0.0,0.560449485049995,0.0372790662603482,1.0076957950150944e-08
legacy,True,False,0.3352390404040404,computed,True,,False,1014,1014,not_assessed,0.1564177641494077,0.1840394514700966,46.33114618443081,51.4115131774378,8149,9162,1.2864686214463747,1.4369414936290523,0.5410789710898025,2.071427730746496,1.3252669249934192,356.3356901289486,4.0,4.0,0.0,0.550293517690853,0.0614879705886674,0.1082992977150573
centered_algebraic,True,False,0.3352390404040404,computed,True,,False,1014,1014,not_assessed,0.1564177641494077,0.1840394514700966,46.33114618443081,51.4115131774378,8149,9162,1.2651761362782123,1.4449164219626454,0.6284643232851334,1.172047130300392,1.0532150684984152,355.8498216299229,4.0,4.0,0.0,0.6300156488075733,0.0285523700575914,6.623470961419539e-16
ellipse_constrained,True,False,0.3352390404040404,computed,True,,False,1014,1014,not_assessed,0.1564177641494077,0.1840394514700966,46.33114618443081,51.4115131774378,8149,9162,1.267150106033757,1.4427996706046096,0.6236382211467429,1.166415698953867,1.0483930110931396,355.5218292180134,4.0,4.0,0.0,0.6330785933237022,0.0367087729303771,0.0
geometric_ellipse,True,False,0.3352390404040404,computed,True,True,False,1014,1014,not_assessed,0.1564177641494077,0.1840394514700966,46.33114618443081,51.4115131774378,8149,9162,1.2516429466723027,1.4403700526062326,0.4866703959902389,2.2505189215619876,1.154541661252268,355.69442881057773,4.0,4.0,0.0,0.5224533287955057,0.0658810231947976,2.796860823033974e-09
robust_circle,True,False,0.3352390404040404,computed,True,True,False,1014,1014,not_assessed,0.1564177641494077,0.1840394514700966,46.33114618443081,51.4115131774378,8149,9162,1.2605401220962411,1.445273908966162,0.5346683465536568,1.0,0.7589091314437819,355.501700023988,4.0,4.0,0.0,0.5449815342957722,0.0406943237516275,9.448416950356198e-09
legacy,True,False,0.335972621414518,computed,True,,False,1014,1014,not_assessed,0.1730379617885167,0.2337081790787759,46.83196784319196,51.91233483619895,8249,9262,1.2861079793324068,1.4277604046130103,0.5237265176254211,2.1501672779819985,1.3371574121045138,356.1666930641789,4.0,4.0,0.0,0.5424765958698093,0.0631580071933603,0.0920674459642627
centered_algebraic,True,False,0.335972621414518,computed,True,,False,1014,1014,not_assessed,0.1730379617885167,0.2337081790787759,46.83196784319196,51.91233483619895,8249,9262,1.2605284059563304,1.4446727479144783,0.6072802186766748,1.1752426267433935,1.044349749179646,356.57111451060246,4.0,4.0,0.0,0.6032521674807524,0.0430755982413221,6.609008912398132e-16
ellipse_constrained,True,False,0.335972621414518,computed,True,,False,1014,1014,not_assessed,0.1730379617885167,0.2337081790787759,46.83196784319196,51.91233483619895,8249,9262,1.2646120708289783,1.44074745529271,0.6041917386952542,1.1727885447564306,1.0408812761306765,356.50262910484116,4.0,4.0,0.0,0.5968438670843033,0.0411730979694707,6.609008912398132e-16
geometric_ellipse,True,False,0.335972621414518,computed,True,True,False,1014,1014,not_assessed,0.1730379617885167,0.2337081790787759,46.83196784319196,51.91233483619895,8249,9262,1.260890711756705,1.4434734257129285,0.5048188050413882,2.232482128429592,1.1268730734947543,356.55859678640405,4.0,4.0,0.0,0.5173094821222982,0.0463048228264139,3.4800838609891054e-09
robust_circle,True,False,0.335972621414518,computed,True,True,False,1014,1014,not_assessed,0.1730379617885167,0.2337081790787759,46.83196784319196,51.91233483619895,8249,9262,1.2633734890740067,1.4440591757002492,0.5279050731619791,1.0,0.7450715392620778,356.5402998639878,4.0,4.0,0.0,0.5386053846910852,0.0447372342508907,7.986220292882814e-09
legacy,True,False,0.3338304170804366,computed,True,,False,1014,1014,not_assessed,0.158346995979425,0.3277938054054932,47.33278950195313,52.41315649496012,8349,9362,1.2823683918742326,1.443409826916526,0.5035923754115093,2.349973847939791,1.3886704408775503,356.6683126833738,4.0,4.0,0.0,0.5245404447557548,0.1231005882856774,0.1000523494863172
centered_algebraic,True,False,0.3338304170804366,computed,True,,False,1014,1014,not_assessed,0.158346995979425,0.3277938054054932,47.33278950195313,52.41315649496012,8349,9362,1.2662930394704728,1.454692239130606,0.5876239997975746,1.252144535403343,1.0644978552502151,356.72603299528436,4.0,4.0,0.0,0.596647691546869,0.0532708646713367,0.0
ellipse_constrained,True,False,0.3338304170804366,computed,True,,False,1014,1014,not_assessed,0.158346995979425,0.3277938054054932,47.33278950195313,52.41315649496012,8349,9362,1.2681699428724515,1.4512263211943883,0.5852525864225874,1.250164637049042,1.0623780488967896,356.95586950186356,4.0,4.0,0.0,0.5893052420845717,0.0580327562112277,1.3302838421193329e-15
geometric_ellipse,True,False,0.3338304170804366,computed,True,True,False,1014,1014,not_assessed,0.158346995979425,0.3277938054054932,47.33278950195313,52.41315649496012,8349,9362,1.2647089782694358,1.4572001549752651,0.5005856458870918,2.4392297492754,1.1685807299315798,356.5583593626732,4.0,4.0,0.0,0.510554053445524,0.0579153929902735,3.850840999770347e-09
robust_circle,True,False,0.3338304170804366,computed,True,True,False,1014,1014,not_assessed,0.158346995979425,0.3277938054054932,47.33278950195313,52.41315649496012,8349,9362,1.2686218240690146,1.4509965813132095,0.5385084323661304,1.0,0.734067334426201,356.95141459053116,4.0,4.0,0.0,0.5551193507917369,0.0420320784469351,6.744375769630492e-09
legacy,True,False,0.3262965578840718,computed,True,,False,1014,1014,not_assessed,0.3279325729383104,0.3947563039132115,47.83361116071429,52.913978153721274,8449,9462,1.2981405901617524,1.4419160042369046,0.4967848366062359,2.412363617908177,1.4121102889553925,355.70404566707674,4.0,4.0,0.0,0.5197448745184261,0.0820467649780615,0.1002277635768313
centered_algebraic,True,False,0.3262965578840718,computed,True,,False,1014,1014,not_assessed,0.3279325729383104,0.3947563039132115,47.83361116071429,52.913978153721274,8449,9462,1.2708127039046822,1.4642219398172005,0.5915379152802875,1.246096617973503,1.07198639004166,356.28909076309037,4.0,4.0,0.0,0.5896367560953978,0.060842430351773,6.804993787397547e-16
ellipse_constrained,True,False,0.3262965578840718,computed,True,,False,1014,1014,not_assessed,0.3279325729383104,0.3947563039132115,47.83361116071429,52.913978153721274,8449,9462,1.2747806189199935,1.45896048074332,0.5851988178862914,1.237623329445111,1.0645296573638916,355.80361050065756,4.0,4.0,0.0,0.5861861048097272,0.0583729051878159,0.0
geometric_ellipse,True,False,0.3262965578840718,computed,True,True,False,1014,1014,not_assessed,0.3279325729383104,0.3947563039132115,47.83361116071429,52.913978153721274,8449,9462,1.2711162505458735,1.4509065650418145,0.496762850153706,2.5456149697710635,1.219596995319295,355.5164196197965,4.0,4.0,0.0,0.5094248777484987,0.0546553411754273,4.368836041746771e-09
robust_circle,True,False,0.3262965578840718,computed,True,True,False,1014,1014,not_assessed,0.3279325729383104,0.3947563039132115,47.83361116071429,52.913978153721274,8449,9462,1.2747783521267535,1.460168590276096,0.5338821365714249,1.0,0.7440578997007651,355.90245421891274,4.0,4.0,0.0,0.5559269286233682,0.0437596698982777,6.498097850613095e-09
legacy,True,False,0.3210450704783022,computed,True,,False,1014,1014,not_assessed,0.3612760650158912,0.4374050808495629,48.334432819475445,53.414799812482435,8549,9562,1.2924199206197715,1.457353710766308,0.4880660584334582,2.495504603706031,1.4264454851284292,356.6171526678133,4.0,4.0,0.0,0.5080967132056684,0.1347347134723908,0.0770930488588301
centered_algebraic,True,False,0.3210450704783022,computed,True,,False,1014,1014,not_assessed,0.3612760650158912,0.4374050808495629,48.334432819475445,53.414799812482435,8549,9562,1.2664386551453752,1.4841930998648267,0.5655560208373228,1.3505299534587143,1.0940699876989213,356.97967784529146,4.0,4.0,0.0,0.5728911752540635,0.0577105139865009,0.0
ellipse_constrained,True,False,0.3210450704783022,computed,True,,False,1014,1014,not_assessed,0.3612760650158912,0.4374050808495629,48.334432819475445,53.414799812482435,8549,9562,1.2697006899264665,1.4742381328159553,0.565505421824961,1.336795080568206,1.0839954614639282,357.0298181514917,4.0,4.0,0.0,0.5629845111367919,0.0381409564643911,6.916306317808364e-16
geometric_ellipse,True,False,0.3210450704783022,computed,True,True,False,1014,1014,not_assessed,0.3612760650158912,0.4374050808495629,48.334432819475445,53.414799812482435,8549,9562,1.2674944930204994,1.4726664124369293,0.4717808608625186,2.6716946072587104,1.244904076466648,356.7442263644263,4.0,4.0,0.0,0.4809794329875283,0.0715034116483009,4.146161317417826e-09
robust_circle,True,False,0.3210450704783022,computed,True,True,False,1014,1014,not_assessed,0.3612760650158912,0.4374050808495629,48.334432819475445,53.414799812482435,8549,9562,1.2756597284134916,1.4671392943497492,0.5419320003579078,1.0,0.7354659924110015,356.6780054421422,4.0,4.0,0.0,0.5427927891274854,0.0303287975227234,6.008636416917002e-09
legacy,True,False,0.31316645021645,computed,True,,False,1014,1014,not_assessed,0.0906273648850205,0.4659501409973973,48.83525447823661,53.9156214712436,8649,9662,1.288056148173475,1.4716659154948917,0.498361061462962,2.360347575547467,1.3608442059707615,356.8856071452467,4.0,4.0,0.0,0.5199070516200238,0.1333934261918417,0.11954473103371
centered_algebraic,True,False,0.31316645021645,computed,True,,False,1014,1014,not_assessed,0.0906273648850205,0.4659501409973973,48.83525447823661,53.9156214712436,8649,9662,1.2756928395275595,1.4852369404593688,0.5639460025015736,1.3589522093449695,1.1055056052428125,356.81809313297714,4.0,4.0,0.0,0.5631597550444163,0.071389781022778,0.0
ellipse_constrained,True,False,0.31316645021645,computed,True,,False,1014,1014,not_assessed,0.0906273648850205,0.4659501409973973,48.83525447823661,53.9156214712436,8649,9662,1.2757464910336995,1.476699325658112,0.5588925462413158,1.3457723402546786,1.096813678741455,356.55774309723756,4.0,4.0,0.0,0.5610907358517871,0.0505605900232933,0.0
geometric_ellipse,True,False,0.31316645021645,computed,True,True,False,1014,1014,not_assessed,0.0906273648850205,0.4659501409973973,48.83525447823661,53.9156214712436,8649,9662,1.2734217144973736,1.4614596064299337,0.4558935612011978,2.582845619032458,1.2635114907153209,356.51114641655954,4.0,4.0,0.0,0.5043167059945,0.0762764448325481,5.610671713339869e-09
robust_circle,True,False,0.31316645021645,computed,True,True,False,1014,1014,not_assessed,0.0906273648850205,0.4659501409973973,48.83525447823661,53.9156214712436,8649,9662,1.282664805956894,1.467439115786635,0.5305074760682457,1.0,0.7481729430858264,357.1719472391259,4.0,4.0,0.0,0.5404390520741321,0.0387028997300365,5.386473959850272e-09
legacy,True,False,0.3106949312291083,computed,True,,False,1014,1014,not_assessed,0.2127407229231202,0.4727057517687617,49.33607613699777,54.41644313000476,8749,9762,1.3115862455800698,1.4572024229780975,0.491962751435933,2.384777966808314,1.38617745650605,356.919808293459,4.0,4.0,0.0,0.5446133433669921,0.1329739962700834,0.0920652737505792
centered_algebraic,True,False,0.3106949312291083,computed,True,,False,1014,1014,not_assessed,0.2127407229231202,0.4727057517687617,49.33607613699777,54.41644313000476,8749,9762,1.293180445280082,1.4900247731670375,0.5750090194728995,1.3580028631515615,1.1219596116441397,357.3756138568835,4.0,4.0,0.0,0.5942636698260878,0.0912493814177952,1.010697182907036e-15
ellipse_constrained,True,False,0.3106949312291083,computed,True,,False,1014,1014,not_assessed,0.2127407229231202,0.4727057517687617,49.33607613699777,54.41644313000476,8749,9762,1.2906572656712296,1.47784933130271,0.5666917736511584,1.333031846985527,1.1061816215515137,357.1135650797425,4.0,4.0,0.0,0.5792354215879933,0.0915528458980626,7.146708317597054e-16
geometric_ellipse,True,False,0.3106949312291083,computed,True,True,False,1014,1014,not_assessed,0.2127407229231202,0.4727057517687617,49.33607613699777,54.41644313000476,8749,9762,1.287519439456399,1.4679589416516656,0.4526687849341115,2.0744967071273988,1.1233609694490836,356.94637414020497,4.0,4.0,0.0,0.5718414719518492,0.0706702468424888,5.081518667296186e-09
robust_circle,True,False,0.3106949312291083,computed,True,True,False,1014,1014,not_assessed,0.2127407229231202,0.4727057517687617,49.33607613699777,54.41644313000476,8749,9762,1.2920849933451244,1.4676503430456185,0.5321364098345222,1.0,0.7696189538689392,357.2954491055776,4.0,4.0,0.0,0.5538908957638223,0.0642030455278381,5.357224214140779e-09
legacy,True,False,0.2961597318117885,computed,True,,False,1014,1014,not_assessed,0.2447645180006227,0.3772437118435198,49.83689779575893,54.91726478876592,8849,9862,1.3191719364143932,1.444272534585835,0.5205699743952447,2.2723214464041184,1.3962656762487908,356.81608875924934,4.0,4.0,0.0,0.5607194197100985,0.1884109798307549,0.0789126321074258
centered_algebraic,True,False,0.2961597318117885,computed,True,,False,1014,1014,not_assessed,0.2447645180006227,0.3772437118435198,49.83689779575893,54.91726478876592,8849,9862,1.2885781388798043,1.4935662929704951,0.6049326663638097,1.391947553754317,1.1990403238785077,356.96081993750965,4.0,4.0,0.0,0.6174729023862565,0.1283244057758275,0.0
ellipse_constrained,True,False,0.2961597318117885,computed,True,,False,1014,1014,not_assessed,0.2447645180006227,0.3772437118435198,49.83689779575893,54.91726478876592,8849,9862,1.2899359380586777,1.473755795427047,0.5659116218400491,1.3412196914840229,1.1654012203216553,356.99589678274856,4.0,4.0,0.0,0.5794776457518078,0.1202162452125548,7.497461034511678e-16
geometric_ellipse,True,False,0.2961597318117885,computed,True,True,False,1014,1014,not_assessed,0.2447645180006227,0.3772437118435198,49.83689779575893,54.91726478876592,8849,9862,1.291438975695186,1.4594917906894536,0.5293911093363567,1.4173072529391435,0.9543741985591572,356.9672732570897,4.0,4.0,0.0,0.6207590771882591,0.0937655370214423,7.606257569220639e-09
robust_circle,True,False,0.2961597318117885,computed,True,True,False,1014,1014,not_assessed,0.2447645180006227,0.3772437118435198,49.83689779575893,54.91726478876592,8849,9862,1.2892204685164457,1.4624160472543974,0.5558591984399428,1.0,0.8123192346118133,357.1608441490281,4.0,4.0,0.0,0.5903518690870029,0.0708522297120654,5.0213246968918565e-09
legacy,True,False,0.2723201310236207,computed,True,,False,1014,1014,not_assessed,0.0029946531793634,0.4061617981997804,50.33771945452009,55.41808644752708,8949,9962,1.3219085161823103,1.4756669220356091,0.5180656302237389,2.1795977191336116,1.4084951755866824,356.3765248918418,4.0,4.0,0.0,0.5587279175943056,0.1282082442808051,0.128425708965866
centered_algebraic,True,False,0.2723201310236207,computed,True,,False,1014,1014,not_assessed,0.0029946531793634,0.4061617981997804,50.33771945452009,55.41808644752708,8949,9962,1.269463946308362,1.524187284235298,0.6383809411764644,1.3112422740584768,1.251696177519918,355.25885993448605,4.0,4.0,0.0,0.6255668889479206,0.1486579299611085,0.0
ellipse_constrained,True,False,0.2723201310236207,computed,True,,False,1014,1014,not_assessed,0.0029946531793634,0.4061617981997804,50.33771945452009,55.41808644752708,8949,9962,1.2951511649993983,1.4954871437926438,0.586597723142709,1.2694811650706066,1.1933692693710327,357.5304870518904,4.0,4.0,0.0,0.6098907042451636,0.077345967119648,8.153807949871007e-16
geometric_ellipse,True,False,0.2723201310236207,computed,True,True,False,1014,1014,not_assessed,0.0029946531793634,0.4061617981997804,50.33771945452009,55.41808644752708,8949,9962,1.3066524592432107,1.4727918076616746,0.5511165605053752,1.3489852174542172,0.9892327305087542,357.1101244877962,4.0,4.0,0.0,0.5674084935319231,0.09263308290394,7.488097948519004e-09
robust_circle,True,False,0.2723201310236207,computed,True,True,False,1014,1014,not_assessed,0.0029946531793634,0.4061617981997804,50.33771945452009,55.41808644752708,8949,9962,1.2940354549565902,1.4750519339059451,0.5604173753514696,1.0,0.875811428415849,357.0789002778279,4.0,4.0,0.0,0.5717712201636055,0.0564172240593452,4.694794085831134e-09
legacy,True,False,0.2748700290877088,computed,True,,False,1014,1014,not_assessed,0.1827147567136672,0.3973490730063078,50.83854111328125,55.91890810628824,9049,10062,1.3175931376343073,1.4795179015339497,0.5097584814046464,2.121351669145215,1.3693172270253855,356.6288994509687,4.0,4.0,0.0,0.5520579108946264,0.0763665898753203,0.0977258581444543
centered_algebraic,True,False,0.2748700290877088,computed,True,,False,1014,1014,not_assessed,0.1827147567136672,0.3973490730063078,50.83854111328125,55.91890810628824,9049,10062,1.2688780489799187,1.5256190963028466,0.6329108451500258,1.317309501034736,1.2424090843099127,355.2225561827477,4.0,4.0,0.0,0.6303115709015906,0.1272201039880904,0.0
ellipse_constrained,True,False,0.2748700290877088,computed,True,,False,1014,1014,not_assessed,0.1827147567136672,0.3973490730063078,50.83854111328125,55.91890810628824,9049,10062,1.2963067968601758,1.495030341107857,0.5767726905953238,1.2915871364380174,1.189500331878662,357.534869897508,4.0,4.0,0.0,0.5798990760261072,0.0732818419298282,8.078167185487459e-16
geometric_ellipse,True,False,0.2748700290877088,computed,True,True,False,1014,1014,not_assessed,0.1827147567136672,0.3973490730063078,50.83854111328125,55.91890810628824,9049,10062,1.3053585690034923,1.475464231800294,0.5515016708091173,1.346246416116429,0.980967549209926,357.21775980401594,4.0,4.0,0.0,0.6292724077400416,0.1768453185714547,7.741260574612667e-09
robust_circle,True,False,0.2748700290877088,computed,True,True,False,1014,1014,not_assessed,0.1827147567136672,0.3973490730063078,50.83854111328125,55.91890810628824,9049,10062,1.2989436564391146,1.475070771634901,0.5617334568647422,1.0,0.865253667047119,357.3157574053308,4.0,4.0,0.0,0.5703679830492634,0.0415822011189448,4.2335127952660845e-09
legacy,True,False,0.2697775344180226,computed,True,,False,1014,1014,not_assessed,0.1572168515343171,0.4445929009976993,51.33936277204241,56.41972976504941,9149,10162,1.3276390021882865,1.4838343918171284,0.5200788283676384,2.4044295700691305,1.4807241439717402,355.9590350796023,4.0,4.0,0.0,0.5458411269421675,0.1595065194151339,0.0967778667126042
centered_algebraic,True,False,0.2697775344180226,computed,True,,False,1014,1014,not_assessed,0.1572168515343171,0.4445929009976993,51.33936277204241,56.41972976504941,9149,10162,1.264034071067688,1.5359416765737626,0.6831971588283541,1.2951703754430546,1.250945023381966,356.526256321556,4.0,4.0,0.0,0.6771532303102852,0.0484508524102172,8.230655877407911e-16
ellipse_constrained,True,False,0.2697775344180226,computed,True,,False,1014,1014,not_assessed,0.1572168515343171,0.4445929009976993,51.33936277204241,56.41972976504941,9149,10162,1.296426572528361,1.5043915106605088,0.6135240900627841,1.2438730977337338,1.1819427013397217,357.33044604880604,4.0,4.0,0.0,0.6122976344890741,0.0585531963370392,1.6461311754815822e-15
geometric_ellipse,True,False,0.2697775344180226,computed,True,True,False,1014,1014,not_assessed,0.1572168515343171,0.4445929009976993,51.33936277204241,56.41972976504941,9149,10162,1.3101047554939689,1.477014349337038,0.554842653722244,1.3482792552832443,0.9813591464676442,355.6703313956216,4.0,4.0,0.0,0.6278377559541052,0.2151448962394592,9.745798094007867e-09
robust_circle,True,False,0.2697775344180226,computed,True,True,False,1014,1014,not_assessed,0.1572168515343171,0.4445929009976993,51.33936277204241,56.41972976504941,9149,10162,1.301237923909481,1.4809229307248637,0.568793570297659,1.0,0.8726347405604845,356.0942566278177,4.0,4.0,0.0,0.5800073425433364,0.0276088124759484,5.0096168088118e-09
legacy,True,False,0.2697775344180226,computed,True,,False,1014,1014,not_assessed,0.3791387333538994,0.6122693633341049,51.84018443080357,56.92055142381056,9249,10262,1.3290540074352384,1.492741880658195,0.5133613145837929,2.500299851988276,1.5107005190811564,354.9605153068079,4.0,4.0,0.0,0.5547935539923122,0.167251180942188,0.0870845304063184
centered_algebraic,True,False,0.2697775344180226,computed,True,,False,1014,1014,not_assessed,0.3791387333538994,0.6122693633341049,51.84018443080357,56.92055142381056,9249,10262,1.278385437885761,1.5269288845227516,0.656872081558733,1.2992259038130356,1.2472573812152816,355.6717105983935,4.0,4.0,0.0,0.6901189665441355,0.1340985915120342,8.230655877407911e-16
ellipse_constrained,True,False,0.2697775344180226,computed,True,,False,1014,1014,not_assessed,0.3791387333538994,0.6122693633341049,51.84018443080357,56.92055142381056,9249,10262,1.299774664192488,1.499859730459966,0.6050618379234366,1.214936541519238,1.1807856559753418,355.8169918533113,4.0,4.0,0.0,0.6506781498377788,0.1087159863048209,1.1639905169056094e-15
geometric_ellipse,True,False,0.2697775344180226,computed,True,True,False,1014,1014,not_assessed,0.3791387333538994,0.6122693633341049,51.84018443080357,56.92055142381056,9249,10262,1.3130505085401278,1.473836075997725,0.5459119657568029,1.330510519440052,0.9895850031620044,354.1261062500186,4.0,3.0,1.0,0.6010831829220622,0.1895901424574302,8.500629770326608e-09
robust_circle,True,False,0.2697775344180226,computed,True,True,False,1014,1014,not_assessed,0.3791387333538994,0.6122693633341049,51.84018443080357,56.92055142381056,9249,10262,1.298717068344719,1.4737871098006183,0.5665784774182847,1.0,0.8924343570139115,353.67784994406145,4.0,4.0,0.0,0.5800238212919778,0.051661405528096,5.054419781227268e-09
legacy,True,False,0.2584233480045201,computed,True,,False,1014,1014,not_assessed,0.2436562704528128,0.6095896850806658,52.34100608956473,57.42137308257172,9349,10362,1.3376975198296162,1.474433065717496,0.497847783894264,2.1723086542508816,1.395559254638138,355.519447608367,4.0,4.0,0.0,0.5147840405808871,0.0490437451716189,0.074199201594482
centered_algebraic,True,False,0.2584233480045201,computed,True,,False,1014,1014,not_assessed,0.2436562704528128,0.6095896850806658,52.34100608956473,57.42137308257172,9349,10362,1.2913188317651878,1.5151865916496905,0.6284805395128936,1.277866249151614,1.2236077864888728,357.07251057645084,4.0,4.0,0.0,0.658208852460368,0.1088484024086602,0.0
ellipse_constrained,True,False,0.2584233480045201,computed,True,,False,1014,1014,not_assessed,0.2436562704528128,0.6095896850806658,52.34100608956473,57.42137308257172,9349,10362,1.3053783544666238,1.4900762998831834,0.5849985600464247,1.15704787052062,1.1389299631118774,356.66993869892974,4.0,4.0,0.0,0.6214124232892047,0.0691246162741984,8.592281101518254e-16
geometric_ellipse,True,False,0.2584233480045201,computed,True,True,False,1014,1014,not_assessed,0.2436562704528128,0.6095896850806658,52.34100608956473,57.42137308257172,9349,10362,1.316986320976613,1.469041070426801,0.486723282861855,1.3827284379733042,1.0291696135581525,355.8462243399749,4.0,4.0,0.0,0.522663152562908,0.0576161075506658,7.805792902439212e-09
robust_circle,True,False,0.2584233480045201,computed,True,True,False,1014,1014,not_assessed,0.2436562704528128,0.6095896850806658,52.34100608956473,57.42137308257172,9349,10362,1.3007210401098954,1.4706826508247606,0.513827551841788,1.0,0.9123692625161716,356.0849588399454,4.0,4.0,0.0,0.5341009743889596,0.0420805159905996,5.242090677630261e-09
legacy,True,False,0.2661927167276191,computed,True,,False,1014,1014,not_assessed,0.3428401105437084,0.6097649522357175,52.84182774832589,57.92219474133288,9449,10462,1.331057940153198,1.4697239391103631,0.500445686631026,2.1160022086593555,1.3688146042057827,355.77985883086194,4.0,4.0,0.0,0.5347864166158579,0.1240879505660253,0.0602877905950944
centered_algebraic,True,False,0.2661927167276191,computed,True,,False,1014,1014,not_assessed,0.3428401105437084,0.6097649522357175,52.84182774832589,57.92219474133288,9449,10462,1.2960806398207352,1.502660890089619,0.6233120446085515,1.2361684096954542,1.1925835739662205,356.65197998150967,4.0,4.0,0.0,0.6358447459860392,0.1221328685520319,8.341498131680205e-16
ellipse_constrained,True,False,0.2661927167276191,computed,True,,False,1014,1014,not_assessed,0.3428401105437084,0.6097649522357175,52.84182774832589,57.92219474133288,9449,10462,1.3018786894910404,1.48215281206174,0.6012791031222678,1.159011748031708,1.139981389045715,356.7550909599897,4.0,4.0,0.0,0.627773841567168,0.0759452664010265,8.341498131680205e-16
geometric_ellipse,True,False,0.2661927167276191,computed,True,True,False,1014,1014,not_assessed,0.3428401105437084,0.6097649522357175,52.84182774832589,57.92219474133288,9449,10462,1.3162265085883325,1.4665646627823723,0.4887820290492464,1.3646717329543658,1.0015766220690834,356.1741303542483,4.0,4.0,0.0,0.5009325554897642,0.0320076167416253,8.019278684640004e-09
robust_circle,True,False,0.2661927167276191,computed,True,True,False,1014,1014,not_assessed,0.3428401105437084,0.6097649522357175,52.84182774832589,57.92219474133288,9449,10462,1.3013061577245948,1.4668638881286933,0.5294394982138428,1.0,0.8921500862922644,356.41602975810855,4.0,4.0,0.0,0.5443458320587308,0.0527873045191446,5.825903449884813e-09
legacy,True,False,0.2622346320033741,computed,True,,False,1014,1014,not_assessed,0.3109923309220283,0.5925601348400852,53.34264940708705,58.42301640009404,9549,10562,1.3269237939745109,1.4551376043232052,0.4667016481646028,1.8636952814380936,1.2706929375197134,355.22374154702084,4.0,4.0,0.0,0.4780938140957855,0.0476452393039727,0.0506355230282529
centered_algebraic,True,False,0.2622346320033741,computed,True,,False,1014,1014,not_assessed,0.3109923309220283,0.5925601348400852,53.34264940708705,58.42301640009404,9549,10562,1.29641571338523,1.48434130384616,0.5648609105518678,1.1461930899402724,1.1221132104178957,356.7828630452425,4.0,4.0,0.0,0.591028384569404,0.0705736200148056,1.1974714755933329e-15
ellipse_constrained,True,False,0.2622346320033741,computed,True,,False,1014,1014,not_assessed,0.3109923309220283,0.5925601348400852,53.34264940708705,58.42301640009404,9549,10562,1.296917009327418,1.4659995040868403,0.5470496758907396,1.0808856919172825,1.0745656490325928,356.3851855148213,4.0,4.0,0.0,0.5538401022850913,0.0415810085250429,0.0
geometric_ellipse,True,False,0.2622346320033741,computed,True,True,False,1014,1014,not_assessed,0.3109923309220283,0.5925601348400852,53.34264940708705,58.42301640009404,9549,10562,1.3137792143451836,1.4632669214249252,0.4538596765452526,1.3266490500627,1.0120550933267196,356.05549630706594,4.0,4.0,0.0,0.4776201116647586,0.0339033384934852,7.282994016124003e-09
robust_circle,True,False,0.2622346320033741,computed,True,True,False,1014,1014,not_assessed,0.3109923309220283,0.5925601348400852,53.34264940708705,58.42301640009404,9549,10562,1.299675519119152,1.4625536238046806,0.4855478623421672,1.0,0.9128039404905122,356.58484286820624,4.0,4.0,0.0,0.4949448274977707,0.0324669202485695,5.848079364271568e-09
legacy,True,False,0.2652038380452063,computed,True,,False,1014,1014,not_assessed,0.5761503332466608,0.4650132151656785,53.84347106584821,58.9238380588552,9649,10662,1.326964182946724,1.4538993075354525,0.4845377966387008,1.913446853330899,1.2752664463344063,354.6676000616929,4.0,4.0,0.0,0.4992612225429693,0.048070633650188,0.0620121755199493
centered_algebraic,True,False,0.2652038380452063,computed,True,,False,1014,1014,not_assessed,0.5761503332466608,0.4650132151656785,53.84347106584821,58.9238380588552,9649,10662,1.2899819205644782,1.4859595243379689,0.5840904612533167,1.1211089025054648,1.1011118962910258,352.5863737835126,4.0,4.0,0.0,0.6013707307112967,0.0874156867133173,8.372601488790742e-16
ellipse_constrained,True,False,0.2652038380452063,computed,True,,False,1014,1014,not_assessed,0.5761503332466608,0.4650132151656785,53.84347106584821,58.9238380588552,9649,10662,1.292822117826356,1.467766066830668,0.5672354370614875,1.0500698109707172,1.05192232131958,353.60184427500707,4.0,4.0,0.0,0.5636764564309764,0.025808955742643,1.1840646577793034e-15
geometric_ellipse,True,False,0.2652038380452063,computed,True,True,False,1014,1014,not_assessed,0.5761503332466608,0.4650132151656785,53.84347106584821,58.9238380588552,9649,10662,1.3129819637626077,1.4666416987240882,0.4679057701278252,1.3337326540921337,0.9925248378071636,354.3657068283586,4.0,4.0,0.0,0.5038182643168858,0.0419686084782262,9.215922749144888e-09
robust_circle,True,False,0.2652038380452063,computed,True,True,False,1014,1014,not_assessed,0.5761503332466608,0.4650132151656785,53.84347106584821,58.9238380588552,9649,10662,1.2977859978415869,1.4664438287399455,0.4859787314057128,1.0,0.8927323164465848,355.59345742983277,4.0,4.0,0.0,0.4979403182871983,0.0227875726024564,6.742232238692788e-09
legacy,True,False,0.267269082819408,computed,True,,False,1014,1014,not_assessed,0.6537516712115016,0.396149083066209,54.344292724609375,59.424659717616365,9749,10762,1.3205687817195586,1.446626338365527,0.4936540840450583,1.973143284664194,1.2878583471369514,355.7568128441557,4.0,4.0,0.0,0.5063919796052035,0.0818144180261559,0.0918596066284708
centered_algebraic,True,False,0.267269082819408,computed,True,,False,1014,1014,not_assessed,0.6537516712115016,0.396149083066209,54.344292724609375,59.424659717616365,9749,10762,1.266876800712745,1.4860393362502349,0.6014262210438618,1.1390220929456996,1.0950289282468444,352.14505501959155,4.0,4.0,0.0,0.61453625023468,0.131231935520263,8.307904624908129e-16
ellipse_constrained,True,False,0.267269082819408,computed,True,,False,1014,1014,not_assessed,0.6537516712115016,0.396149083066209,54.344292724609375,59.424659717616365,9749,10762,1.2806656141771575,1.4672224038285822,0.5822227231352458,1.0471512801088836,1.0300683975219729,350.484988835735,4.0,4.0,0.0,0.5802414053604934,0.0408445475061855,8.307904624908129e-16
geometric_ellipse,True,False,0.267269082819408,computed,True,True,False,1014,1014,not_assessed,0.6537516712115016,0.396149083066209,54.344292724609375,59.424659717616365,9749,10762,1.2973828580435751,1.4674470902937329,0.4790478140321654,1.3350123566565428,0.9552557782035804,356.50744135737233,4.0,4.0,0.0,0.52231910898704,0.1119524170342439,1.4822442035075054e-08
robust_circle,True,False,0.267269082819408,computed,True,True,False,1014,1014,not_assessed,0.6537516712115016,0.396149083066209,54.344292724609375,59.424659717616365,9749,10762,1.285470118843452,1.4689984746899494,0.4899401834371059,1.0,0.8519050759000113,351.2557106093735,4.0,4.0,0.0,0.5217506203670651,0.0583471768850633,7.369256241854598e-09
legacy,True,False,0.2810695188229055,computed,True,,False,1014,1014,not_assessed,0.7079888193817324,0.3676500357774251,54.845114383370536,59.925481376377526,9849,10862,1.3129111884680749,1.4407334363513349,0.4951765699364097,1.946087308799566,1.2393758713783536,354.5491602140502,4.0,4.0,0.0,0.5106103334622281,0.0567243994337639,0.0668663546089644
centered_algebraic,True,False,0.2810695188229055,computed,True,,False,1014,1014,not_assessed,0.7079888193817324,0.3676500357774251,54.845114383370536,59.925481376377526,9849,10862,1.2883355154494855,1.4718327043115502,0.5857433581634354,1.109719291700092,1.0272685991536574,353.81823716948384,4.0,4.0,0.0,0.5701279664007817,0.0902272066391148,7.899988794762757e-16
ellipse_constrained,True,False,0.2810695188229055,computed,True,,False,1014,1014,not_assessed,0.7079888193817324,0.3676500357774251,54.845114383370536,59.925481376377526,9849,10862,1.2819071885498134,1.4572449760823347,0.5665931877461227,1.068188594626464,1.0006351470947266,351.33770253193376,4.0,4.0,0.0,0.5670864532665284,0.0476759267193969,0.0
geometric_ellipse,True,False,0.2810695188229055,computed,True,True,False,1014,1014,not_assessed,0.7079888193817324,0.3676500357774251,54.845114383370536,59.925481376377526,9849,10862,1.2822069639131524,1.455998227228243,0.4645738186608931,1.511308620043703,0.977487395744627,351.3916562234248,4.0,4.0,0.0,0.5140117254997135,0.0973144313353474,5.513809258103272e-09
robust_circle,True,False,0.2810695188229055,computed,True,True,False,1014,1014,not_assessed,0.7079888193817324,0.3676500357774251,54.845114383370536,59.925481376377526,9849,10862,1.2891182106588932,1.458452859585018,0.47846177357228,1.0,0.8087656307718039,354.7616749632778,4.0,4.0,0.0,0.5009274846177347,0.0473627438257301,7.53285807856891e-09
legacy,True,False,0.2836789586995847,computed,True,,False,1014,1014,not_assessed,0.6579693315498821,0.2775979173721749,55.3459360421317,60.42630303513869,9949,10962,1.3059876401793675,1.4495683914962785,0.4958132450423571,2.0031636817553613,1.256513738179056,355.2654534137236,4.0,4.0,0.0,0.5068060904795546,0.0478402440489958,0.0330136106441625
centered_algebraic,True,False,0.2836789586995847,computed,True,,False,1014,1014,not_assessed,0.6579693315498821,0.2775979173721749,55.3459360421317,60.42630303513869,9949,10962,1.295654152542607,1.4667256538604223,0.5919910955751725,1.089466524588984,1.0048762410108625,356.5205451595173,4.0,4.0,0.0,0.6035231995898089,0.0720953961112443,7.827320219409575e-16
ellipse_constrained,True,False,0.2836789586995847,computed,True,,False,1014,1014,not_assessed,0.6579693315498821,0.2775979173721749,55.3459360421317,60.42630303513869,9949,10962,1.285777824443112,1.456525368703356,0.5707207751208906,1.0889472916057732,0.9988390207290648,353.1378986994973,4.0,4.0,0.0,0.5730527311535005,0.0365059928185077,1.565464043881915e-15
geometric_ellipse,True,False,0.2836789586995847,computed,True,True,False,1014,1014,not_assessed,0.6579693315498821,0.2775979173721749,55.3459360421317,60.42630303513869,9949,10962,1.281287711228016,1.45139783688961,0.4701416813522505,1.7033944893241262,1.0167973550095346,351.12480278242765,4.0,4.0,0.0,0.5146132189475318,0.0802536678216164,4.94659688315154e-09
robust_circle,True,False,0.2836789586995847,computed,True,True,False,1014,1014,not_assessed,0.6579693315498821,0.2775979173721749,55.3459360421317,60.42630303513869,9949,10962,1.2952939950400637,1.4564927250001327,0.4864725710500185,1.0,0.7869023064233233,356.3109558538456,4.0,4.0,0.0,0.4997548213334418,0.0371611135398792,8.366764318039597e-09
legacy,True,False,0.2798853770200061,computed,True,,False,1014,1014,not_assessed,0.5683466147785176,0.1886587263121809,55.84675770089286,60.92712469389985,10049,11062,1.2995219104598763,1.444603114596669,0.4999316550321535,2.2696779455729943,1.357582005088528,355.64145840942416,4.0,4.0,0.0,0.5097771596696559,0.0350737956586907,0.0289575058862466
centered_algebraic,True,False,0.2798853770200061,computed,True,,False,1014,1014,not_assessed,0.5683466147785176,0.1886587263121809,55.84675770089286,60.92712469389985,10049,11062,1.294845964742928,1.4586884204835322,0.6102986560530196,1.103026097114833,1.0072444119268038,356.518822534323,4.0,4.0,0.0,0.6084838194073543,0.0491092792108812,7.933412144971032e-16
ellipse_constrained,True,False,0.2798853770200061,computed,True,,False,1014,1014,not_assessed,0.5683466147785176,0.1886587263121809,55.84675770089286,60.92712469389985,10049,11062,1.2852442876163304,1.451813234100367,0.5911278626687707,1.1155406727953705,1.0089013576507568,353.0266784329613,4.0,4.0,0.0,0.5962450195020416,0.0191230130102052,0.0
geometric_ellipse,True,False,0.2798853770200061,computed,True,True,False,1014,1014,not_assessed,0.5683466147785176,0.1886587263121809,55.84675770089286,60.92712469389985,10049,11062,1.274667197677118,1.4440842128388485,0.5045556924625693,2.012788024731387,1.0889864848246034,351.57614147120535,4.0,4.0,0.0,0.5494498846592365,0.0986838175743863,3.115265106491548e-09
robust_circle,True,False,0.2798853770200061,computed,True,True,False,1014,1014,not_assessed,0.5683466147785176,0.1886587263121809,55.84675770089286,60.92712469389985,10049,11062,1.2942669411582388,1.4524738981755565,0.5065005190222981,1.0,0.764193165744453,356.2401912595415,4.0,4.0,0.0,0.5154160761573474,0.0210769129963847,1.0261637099666009e-08
legacy,True,False,0.2739859808533589,computed,True,,False,1014,1014,not_assessed,0.4827882155434089,0.2416532686763502,56.34757935965402,61.42794635266101,10149,11162,1.2888428101632523,1.4555687956954046,0.5282745678097481,2.2544763232712777,1.3963108393097787,355.69346400283183,4.0,4.0,0.0,0.5335425779737253,0.0912543417667798,0.06690267961259
centered_algebraic,True,False,0.2739859808533589,computed,True,,False,1014,1014,not_assessed,0.4827882155434089,0.2416532686763502,56.34757935965402,61.42794635266101,10149,11162,1.3014298062096394,1.4441163121616476,0.6402861070839491,1.0791698615743794,1.01390833967213,355.411958554733,4.0,4.0,0.0,0.636190726829447,0.0489204791763979,8.104232349167991e-16
ellipse_constrained,True,False,0.2739859808533589,computed,True,,False,1014,1014,not_assessed,0.4827882155434089,0.2416532686763502,56.34757935965402,61.42794635266101,10149,11162,1.28977700081912,1.4455457089081163,0.6218456430230729,1.0898800070273509,1.0150080919265747,356.11386624590784,4.0,4.0,0.0,0.6226726134450711,0.0403233901073887,2.4312697047503975e-15
geometric_ellipse,True,False,0.2739859808533589,computed,True,True,False,1014,1014,not_assessed,0.4827882155434089,0.2416532686763502,56.34757935965402,61.42794635266101,10149,11162,1.2778031081241652,1.4435889122153789,0.5095029914045779,2.0163335775330395,1.1123733311039772,355.6473845109102,4.0,4.0,0.0,0.544189291426441,0.066947417713534,2.7852304954143006e-09
robust_circle,True,False,0.2739859808533589,computed,True,True,False,1014,1014,not_assessed,0.4827882155434089,0.2416532686763502,56.34757935965402,61.42794635266101,10149,11162,1.2989938444106242,1.4450953187113365,0.5171877837333987,1.0,0.7701238584650995,355.8228184641663,4.0,4.0,0.0,0.5314139448612928,0.0362687619186803,1.1499908059151028e-08
legacy,True,False,0.2729453914141413,computed,True,,False,1014,1014,not_assessed,0.2701561148478308,0.2057001220621132,56.84840101841518,61.92876801142217,10249,11262,1.282053689501383,1.4552804717977492,0.5205186487802365,2.3590107364877353,1.4244377605102547,355.6450874256739,4.0,4.0,0.0,0.5222844345214149,0.0485681581642239,0.0496582259993616
centered_algebraic,True,False,0.2729453914141413,computed,True,,False,1014,1014,not_assessed,0.2701561148478308,0.2057001220621132,56.84840101841518,61.92876801142217,10249,11262,1.293342719918734,1.449853799335015,0.6212866936383531,1.0818165329052911,1.010288483629352,356.9234566041343,4.0,4.0,0.0,0.6292793198505963,0.0302780159447544,1.6270258587229414e-15
ellipse_constrained,True,False,0.2729453914141413,computed,True,,False,1014,1014,not_assessed,0.2701561148478308,0.2057001220621132,56.84840101841518,61.92876801142217,10249,11262,1.2803474553462384,1.447262194889316,0.5909836064581866,1.0982038905261242,1.013247847557068,355.4679058152507,4.0,4.0,0.0,0.5945499758868554,0.025466165169907,1.6270258587229414e-15
geometric_ellipse,True,False,0.2729453914141413,computed,True,True,False,1014,1014,not_assessed,0.2701561148478308,0.2057001220621132,56.84840101841518,61.92876801142217,10249,11262,1.2693358055233273,1.4424622951778854,0.53670225019684,2.2942984577992345,1.179662148929313,356.92162648512704,4.0,4.0,0.0,0.5438529903758654,0.0412902515797377,2.924818411567069e-09
robust_circle,True,False,0.2729453914141413,computed,True,True,False,1014,1014,not_assessed,0.2701561148478308,0.2057001220621132,56.84840101841518,61.92876801142217,10249,11262,1.2897498622364607,1.4447644802354642,0.5065435810303871,1.0,0.7545320372536019,356.1755164835694,4.0,4.0,0.0,0.5183753112866,0.0403456066057079,1.0627302466246384e-08
legacy,True,False,0.2720360335280517,computed,True,,False,1014,1014,not_assessed,0.2072962584538032,0.1860660770839012,57.34922267717634,62.42958967018333,10349,11362,1.2809702654305493,1.4536577582082642,0.5269117240782057,2.4437369231005452,1.4704148187814805,356.0459112270127,4.0,4.0,0.0,0.5365716635529593,0.067346688539455,0.049389725500532
centered_algebraic,True,False,0.2720360335280517,computed,True,,False,1014,1014,not_assessed,0.2072962584538032,0.1860660770839012,57.34922267717634,62.42958967018333,10349,11362,1.2919593355975394,1.448649023631004,0.6239612337183754,1.0758405715506911,1.0118523547657392,355.19750327351574,4.0,4.0,0.0,0.6416891826566894,0.0608190776483257,0.0
ellipse_constrained,True,False,0.2720360335280517,computed,True,,False,1014,1014,not_assessed,0.2072962584538032,0.1860660770839012,57.34922267717634,62.42958967018333,10349,11362,1.2790328418721282,1.4462110976724016,0.5985863203565656,1.0891049570008349,1.0137012004852295,356.0540694277351,4.0,4.0,0.0,0.6071492352001315,0.0419704541231971,8.162323279211266e-16
geometric_ellipse,True,False,0.2720360335280517,computed,True,True,False,1014,1014,not_assessed,0.2072962584538032,0.1860660770839012,57.34922267717634,62.42958967018333,10349,11362,1.2664852825521262,1.43932811485297,0.5542518114014532,2.437231173548848,1.2253029750438114,357.28249115217506,4.0,4.0,0.0,0.5599190074605429,0.0222570966791005,1.994713579113628e-09
robust_circle,True,False,0.2720360335280517,computed,True,True,False,1014,1014,not_assessed,0.2072962584538032,0.1860660770839012,57.34922267717634,62.42958967018333,10349,11362,1.285496896706691,1.446062955014402,0.508612939482189,1.0,0.7462971157036036,356.6082247008387,4.0,4.0,0.0,0.5332832401633384,0.047416433440625,1.0518935252698256e-08
legacy,True,False,0.2666949311582465,computed,True,,False,1014,1014,not_assessed,0.3029603314640519,0.1853720995634981,57.8500443359375,62.93041132894449,10449,11462,1.281806694211282,1.4532868105419925,0.5306316236334038,2.3693332880429385,1.4459763971547406,357.0137234690835,4.0,4.0,0.0,0.5370095791523606,0.0726286243997717,0.0324695415523594
centered_algebraic,True,False,0.2666949311582465,computed,True,,False,1014,1014,not_assessed,0.3029603314640519,0.1853720995634981,57.8500443359375,62.93041132894449,10449,11462,1.2923378418116516,1.4473843971106868,0.6205598274819273,1.0663458074785603,1.0042755213396477,356.9252404882715,4.0,4.0,0.0,0.6291038430530717,0.0684268704866715,1.1774445444950304e-15
ellipse_constrained,True,False,0.2666949311582465,computed,True,,False,1014,1014,not_assessed,0.3029603314640519,0.1853720995634981,57.8500443359375,62.93041132894449,10449,11462,1.2799342886613567,1.444768192528671,0.5862183493044154,1.0782657002339258,1.0055890083312988,356.8987564401286,4.0,4.0,0.0,0.5989563069011998,0.0422684183057465,2.4977370656506244e-15
geometric_ellipse,True,False,0.2666949311582465,computed,True,True,False,1014,1014,not_assessed,0.3029603314640519,0.1853720995634981,57.8500443359375,62.93041132894449,10449,11462,1.2668771352986243,1.440858637406292,0.549954635326502,2.3588403368159367,1.211610372594087,357.2609359434658,4.0,4.0,0.0,0.5519610889737292,0.0308974519905157,2.2239124686968556e-09
robust_circle,True,False,0.2666949311582465,computed,True,True,False,1014,1014,not_assessed,0.3029603314640519,0.1853720995634981,57.8500443359375,62.93041132894449,10449,11462,1.285596087945191,1.4423793998206849,0.507846507896447,1.0,0.754130425338582,355.2482715683506,4.0,4.0,0.0,0.5140909368880926,0.0532146144142578,1.032963329284866e-08
legacy,True,False,0.2554788979059793,computed,True,,False,1014,1014,not_assessed,0.3698920096343068,0.1706284323499353,58.35086599469866,63.43123298770565,10549,11562,1.2913876328598723,1.4273612860139364,0.5377063339326659,2.5286907877646,1.5430712379479397,355.13425160055937,4.0,4.0,0.0,0.5465539742739836,0.105238516655087,0.0745523611534273
centered_algebraic,True,False,0.2554788979059793,computed,True,,False,1014,1014,not_assessed,0.3698920096343068,0.1706284323499353,58.35086599469866,63.43123298770565,10549,11562,1.2871496750564142,1.4278574423003751,0.6344876012395552,1.065413488580384,1.027556347361183,355.75016990054803,4.0,4.0,0.0,0.6416545487272496,0.0364484775613272,8.69130901788795e-16
ellipse_constrained,True,False,0.2554788979059793,computed,True,,False,1014,1014,not_assessed,0.3698920096343068,0.1706284323499353,58.35086599469866,63.43123298770565,10549,11562,1.2763142013077982,1.4326053372209164,0.6135138643117108,1.064849171170947,1.0238192081451416,356.78662029368184,4.0,4.0,0.0,0.6157421517818378,0.0321245173639901,0.0
geometric_ellipse,True,False,0.2554788979059793,computed,True,True,False,1014,1014,not_assessed,0.3698920096343068,0.1706284323499353,58.35086599469866,63.43123298770565,10549,11562,1.2650326067094886,1.4360460571954243,0.5902328692443986,2.373726393467371,1.2425877797907,357.4078327790709,4.0,4.0,0.0,0.5877296942164775,0.0304806561753495,2.1539458114413367e-09
robust_circle,True,False,0.2554788979059793,computed,True,True,False,1014,1014,not_assessed,0.3698920096343068,0.1706284323499353,58.35086599469866,63.43123298770565,10549,11562,1.280054124727824,1.4290065489365202,0.5085823182286292,1.0,0.7570887488426331,356.4023711610034,4.0,4.0,0.0,0.509619132094772,0.0296992604871553,9.415744992479748e-09
legacy,True,False,0.2555531856750309,computed,True,,False,1014,1014,not_assessed,0.3710166840107259,0.1930991719597494,58.85168765345982,63.93205464646681,10649,11662,1.298171691087043,1.4156201677412064,0.5370060337845642,2.4526112863232195,1.5157443973464666,356.4848015250228,4.0,4.0,0.0,0.5543000999710394,0.1004888329777743,0.0955246878793446
centered_algebraic,True,False,0.2555531856750309,computed,True,,False,1014,1014,not_assessed,0.3710166840107259,0.1930991719597494,58.85168765345982,63.93205464646681,10649,11662,1.285728846800697,1.4244452881332292,0.646988011055631,1.076594200561351,1.0308901361634963,357.2351668695502,4.0,4.0,0.0,0.6532803379606762,0.0415411024548628,0.0
ellipse_constrained,True,False,0.2555531856750309,computed,True,,False,1014,1014,not_assessed,0.3710166840107259,0.1930991719597494,58.85168765345982,63.93205464646681,10649,11662,1.2768019640076909,1.4286083324412888,0.61702670200483,1.075453701831158,1.0279278755187988,357.553115060414,4.0,4.0,0.0,0.6224037350829297,0.0484069130561169,0.0
geometric_ellipse,True,False,0.2555531856750309,computed,True,True,False,1014,1014,not_assessed,0.3710166840107259,0.1930991719597494,58.85168765345982,63.93205464646681,10649,11662,1.2645472181490032,1.4333839414777658,0.5826289830791634,2.291598927807953,1.214921740998904,357.45457795923835,4.0,4.0,0.0,0.5794440916253376,0.0426963503667791,2.1485062770327233e-09
robust_circle,True,False,0.2555531856750309,computed,True,True,False,1014,1014,not_assessed,0.3710166840107259,0.1930991719597494,58.85168765345982,63.93205464646681,10649,11662,1.2783780376883829,1.423466183148445,0.5063630521452981,1.0,0.7637300812224624,357.09156739956296,4.0,4.0,0.0,0.5226565372818684,0.0363630710450442,1.0439300274758544e-08
legacy,True,False,0.2610699178193076,computed,True,,False,1014,1014,not_assessed,0.0424288192027412,0.2127617225826396,59.35250931222098,64.43287630522798,10749,11762,1.292372408442325,1.4272791586482156,0.5436885902981026,2.373768090563029,1.484405559600893,357.37694765419985,4.0,4.0,0.0,0.5468261934043169,0.0404252013577743,0.0589580690916933
centered_algebraic,True,False,0.2610699178193076,computed,True,,False,1014,1014,not_assessed,0.0424288192027412,0.2127617225826396,59.35250931222098,64.43287630522798,10749,11762,1.2818972302107396,1.43398049286354,0.6212978790134216,1.049444561653058,1.0162704322309697,356.01612159152677,4.0,4.0,0.0,0.6111206166404388,0.0520525583420105,0.0
ellipse_constrained,True,False,0.2610699178193076,computed,True,,False,1014,1014,not_assessed,0.0424288192027412,0.2127617225826396,59.35250931222098,64.43287630522798,10749,11762,1.2759435468946008,1.4338630971837096,0.6096460697904003,1.0512793885161027,1.0161147117614746,357.25275753854373,4.0,4.0,0.0,0.607876851201428,0.0224594131582885,8.5051777232608385e-16
geometric_ellipse,True,False,0.2610699178193076,computed,True,True,False,1014,1014,not_assessed,0.0424288192027412,0.2127617225826396,59.35250931222098,64.43287630522798,10749,11762,1.2651642950900528,1.436367928746982,0.5653085999050828,2.174175520362154,1.1774828013010303,356.9097907631905,4.0,4.0,0.0,0.5682494178910307,0.0249167008207495,2.322979839213296e-09
robust_circle,True,False,0.2610699178193076,computed,True,True,False,1014,1014,not_assessed,0.0424288192027412,0.2127617225826396,59.35250931222098,64.43287630522798,10749,11762,1.2811822202571508,1.4273029065019158,0.5109768958043661,1.0,0.774518855307708,356.09609476316024,4.0,4.0,0.0,0.5135242989319143,0.0160811505604913,1.1184417587267472e-08
legacy,True,False,0.259538080637496,computed,True,,False,1014,1014,not_assessed,0.7565309828786762,0.158408567561772,59.85333097098214,64.93369796398913,10849,11862,1.2998174586370963,1.436656473891469,0.5297870366441096,2.5221668679380884,1.562048316456539,356.6902190687175,4.0,4.0,0.0,0.555553188036706,0.1682523631128634,0.0632668264753879
centered_algebraic,True,False,0.259538080637496,computed,True,,False,1014,1014,not_assessed,0.7565309828786762,0.158408567561772,59.85333097098214,64.93369796398913,10849,11862,1.2909399582131216,1.451700635408132,0.645888915195509,1.0398178567365768,1.0164734494146457,356.50422155379266,4.0,4.0,0.0,0.6376912705751531,0.0597356573933236,0.0
ellipse_constrained,True,False,0.259538080637496,computed,True,,False,1014,1014,not_assessed,0.7565309828786762,0.158408567561772,59.85333097098214,64.93369796398913,10849,11862,1.2805289844629877,1.441587877218022,0.6197991391493657,1.029503703676144,1.0060783624649048,356.60703796344853,4.0,4.0,0.0,0.6187157027874398,0.0471957486633997,0.0
geometric_ellipse,True,False,0.259538080637496,computed,True,True,False,1014,1014,not_assessed,0.7565309828786762,0.158408567561772,59.85333097098214,64.93369796398913,10849,11862,1.2699277677433325,1.4394010071051844,0.5576721497623855,2.049105192101266,1.1383659697849355,356.32072437891514,4.0,4.0,0.0,0.5935800830877128,0.0324463934159281,3.054794429088369e-09
robust_circle,True,False,0.259538080637496,computed,True,True,False,1014,1014,not_assessed,0.7565309828786762,0.158408567561772,59.85333097098214,64.93369796398913,10849,11862,1.2854843969006784,1.4313547079471654,0.5141541179749649,1.0,0.7719366229729966,356.9786218540167,4.0,4.0,0.0,0.5140252160544382,0.0419247377572895,1.2565485338639545e-08
legacy,True,False,0.2489379955744053,computed,True,,False,1014,1014,not_assessed,0.5715765093846733,0.1404469007938819,60.354152629743304,65.4345196227503,10949,11962,1.3117618350722182,1.4132900689911188,0.5673335574567195,2.354678351231695,1.555953260288823,356.7855264746674,4.0,4.0,0.0,0.5997502483890831,0.0669541918530759,0.1507068245603502
centered_algebraic,True,False,0.2489379955744053,computed,True,,False,1014,1014,not_assessed,0.5715765093846733,0.1404469007938819,60.354152629743304,65.4345196227503,10949,11962,1.2823756704207532,1.438830472104197,0.6447572423855658,1.0451685019030656,1.058667866599629,357.3195521637543,4.0,4.0,0.0,0.6553047445768213,0.0836437224986349,0.0
ellipse_constrained,True,False,0.2489379955744053,computed,True,,False,1014,1014,not_assessed,0.5715765093846733,0.1404469007938819,60.354152629743304,65.4345196227503,10949,11962,1.2754395929532554,1.428278435008162,0.635930237595351,1.0372425596142405,1.0499145984649658,356.9432142562702,4.0,4.0,0.0,0.6364096786009847,0.0380357695036165,0.0
geometric_ellipse,True,False,0.2489379955744053,computed,True,True,False,1014,1014,not_assessed,0.5715765093846733,0.1404469007938819,60.354152629743304,65.4345196227503,10949,11962,1.2691342814271744,1.4235432656888287,0.5656927253309519,1.7802441344910211,1.0951324828520923,356.4060260628336,4.0,4.0,0.0,0.5928243859725099,0.1083086882601095,4.654700833506149e-09
robust_circle,True,False,0.2489379955744053,computed,True,True,False,1014,1014,not_assessed,0.5715765093846733,0.1404469007938819,60.354152629743304,65.4345196227503,10949,11962,1.2800854023990922,1.4224020433638644,0.5247833179491416,1.0,0.8088517501491164,356.65082765854544,4.0,4.0,0.0,0.5377635451182458,0.041175340241726,1.2806616583947998e-08
legacy,True,False,0.2564041516109605,computed,True,,False,1014,1014,not_assessed,0.544371351703,0.1338190334900252,60.854974288504465,65.93534128151146,11049,12062,1.3054542436116252,1.421544897785096,0.5703743182308453,2.1454505331823803,1.4498610744442522,356.72487891678776,4.0,4.0,0.0,0.5767266958901962,0.05278180190722,0.1069436389530009
centered_algebraic,True,False,0.2564041516109605,computed,True,,False,1014,1014,not_assessed,0.544371351703,0.1338190334900252,60.854974288504465,65.93534128151146,11049,12062,1.2838752214864115,1.439189689142595,0.640569864787733,1.0720545668668475,1.069503556273667,357.22718834299354,4.0,4.0,0.0,0.6361863431667876,0.0437211749163871,8.659945774276595e-16
ellipse_constrained,True,False,0.2564041516109605,computed,True,,False,1014,1014,not_assessed,0.544371351703,0.1338190334900252,60.854974288504465,65.93534128151146,11049,12062,1.277893420729234,1.4296420117090358,0.622400591854809,1.0659730582267186,1.0629545450210571,357.41149778685104,4.0,4.0,0.0,0.6307681556407672,0.0266696908675564,8.659945774276595e-16
geometric_ellipse,True,True,0.2564041516109605,not_converged,False,False,False,1014,1014,not_assessed,0.544371351703,0.1338190334900252,60.854974288504465,65.93534128151146,11049,12062,1.2799703753955427,1.4310859737071826,0.539633959114875,1.5722252526801366,1.033977260994268,357.376090625225,4.0,4.0,0.0,0.5694220083295713,0.0703346534474001,3.2898788715472347e-08
robust_circle,True,False,0.2564041516109605,computed,True,True,False,1014,1014,not_assessed,0.544371351703,0.1338190334900252,60.854974288504465,65.93534128151146,11049,12062,1.2828220256629872,1.419996989269742,0.5265133480153831,1.0,0.8123219711611838,356.5946925590738,4.0,4.0,0.0,0.530098411478909,0.030027898255742,1.3648859816165204e-08
legacy,True,False,0.2530053922636174,computed,True,,False,1014,1014,not_assessed,0.7664035677317957,0.154089238568726,61.35579594726563,66.43616294027262,11149,12162,1.3030585690848795,1.4134327560905149,0.5827086321523499,1.943834540190236,1.3687066547612807,356.77897700678733,4.0,4.0,0.0,0.595448348883995,0.0643602287354909,0.1035363754500905
centered_algebraic,True,False,0.2530053922636174,computed,True,,False,1014,1014,not_assessed,0.7664035677317957,0.154089238568726,61.35579594726563,66.43616294027262,11149,12162,1.2820568957160232,1.4292943236180864,0.6342340199765403,1.0980935103571794,1.0872456564837043,355.79791467140666,4.0,4.0,0.0,0.6381868811922525,0.0566521300169914,8.77627954639296e-16
ellipse_constrained,True,False,0.2530053922636174,computed,True,,False,1014,1014,not_assessed,0.7664035677317957,0.154089238568726,61.35579594726563,66.43616294027262,11149,12162,1.277865868131399,1.423993154910874,0.6251270466231543,1.0942507998957745,1.0838526487350464,356.4009331615246,4.0,4.0,0.0,0.6375148830843678,0.0226969918116227,0.0
geometric_ellipse,True,False,0.2530053922636174,computed,True,True,False,1014,1014,not_assessed,0.7664035677317957,0.154089238568726,61.35579594726563,66.43616294027262,11149,12162,1.2717174197975392,1.4120918362330144,0.5312025037884054,1.5794818302508145,1.0446776194945024,356.75919470467136,4.0,4.0,0.0,0.5755731303381555,0.0504087228007544,1.0061325230775821e-08
robust_circle,True,False,0.2530053922636174,computed,True,True,False,1014,1014,not_assessed,0.7664035677317957,0.154089238568726,61.35579594726563,66.43616294027262,11149,12162,1.2816232822526434,1.4126579592450506,0.5281115807179537,1.0,0.8289991488220803,356.72791130151626,4.0,4.0,0.0,0.5505795192117001,0.0211380757232256,1.2102684015334644e-08
legacy,True,False,0.2603646006879483,computed,True,,False,1014,1014,not_assessed,0.6976791279728879,0.1591518854092985,61.85661760602679,66.93698459903378,11249,12262,1.3032125084431598,1.4052864240338938,0.5707262183108393,1.768379036696248,1.27303401944884,356.8642542961611,4.0,4.0,0.0,0.5791448793920537,0.0558419016294023,0.1250422909140059
centered_algebraic,True,False,0.2603646006879483,computed,True,,False,1014,1014,not_assessed,0.6976791279728879,0.1591518854092985,61.85661760602679,66.93698459903378,11249,12262,1.2871451926756918,1.413446242770337,0.6310479352998839,1.106641698227001,1.0650854186601402,354.9165095664066,4.0,4.0,0.0,0.6376322264732671,0.1058336496778389,8.528217904366953e-16
ellipse_constrained,True,False,0.2603646006879483,computed,True,,False,1014,1014,not_assessed,0.6976791279728879,0.1591518854092985,61.85661760602679,66.93698459903378,11249,12262,1.281182997041418,1.4143475501701486,0.6228722133279863,1.1153554890033583,1.06811261177063,355.97769072585146,4.0,4.0,0.0,0.6253712811418379,0.0468109247916906,0.0
geometric_ellipse,True,False,0.2603646006879483,computed,True,True,False,1014,1014,not_assessed,0.6976791279728879,0.1591518854092985,61.85661760602679,66.93698459903378,11249,12262,1.2726975917378107,1.4083145323170954,0.5044268460341058,1.5930154028722752,1.0339984480104678,356.1761365797964,4.0,4.0,0.0,0.5394857405173882,0.0793143182724407,8.196196267747431e-09
robust_circle,True,False,0.2603646006879483,computed,True,True,False,1014,1014,not_assessed,0.6976791279728879,0.1591518854092985,61.85661760602679,66.93698459903378,11249,12262,1.284155747096944,1.4003390538983054,0.5340941650354081,1.0,0.8381761238507617,356.71726910319654,4.0,4.0,0.0,0.5468855078628044,0.0683740059663721,1.2925603694071013e-08
legacy,True,False,0.2991432831181252,computed,True,,False,1014,1014,not_assessed,0.8238824510126962,0.1459018744091707,62.35743926478795,67.43780625779495,11349,12362,1.28571268941068,1.4343578580667509,0.5070862418063067,1.8482224569646497,1.2015561587512062,357.075397683363,4.0,4.0,0.0,0.5278561331482006,0.0856666743581167,0.0396095821999556
centered_algebraic,True,False,0.2991432831181252,computed,True,,False,1014,1014,not_assessed,0.8238824510126962,0.1459018744091707,62.35743926478795,67.43780625779495,11349,12362,1.2783400916876912,1.4343831312469442,0.5488020177620644,1.1723195162416016,0.9976853958061102,357.1128252039389,4.0,4.0,0.0,0.5642559121462563,0.0270439976097801,7.42268395969134e-16
ellipse_constrained,True,False,0.2991432831181252,computed,True,,False,1014,1014,not_assessed,0.8238824510126962,0.1459018744091707,62.35743926478795,67.43780625779495,11349,12362,1.2758834471729128,1.4355601658898622,0.5484820719453505,1.1731060953622527,0.9975184202194214,357.1094318601257,4.0,4.0,0.0,0.5570747508979124,0.0468627211677769,0.0
geometric_ellipse,True,False,0.2991432831181252,computed,True,True,False,1014,1014,not_assessed,0.8238824510126962,0.1459018744091707,62.35743926478795,67.43780625779495,11349,12362,1.269107490926027,1.4441055384441066,0.4381825007525316,1.9339812094364848,1.0694448489325843,357.2876002083406,4.0,4.0,0.0,0.4800786137392415,0.1311673035690999,3.036609686180755e-09
robust_circle,True,False,0.2991432831181252,computed,True,True,False,1014,1014,not_assessed,0.8238824510126962,0.1459018744091707,62.35743926478795,67.43780625779495,11349,12362,1.2788804506815674,1.4135688901387298,0.4846561821410148,1.0,0.7739671589233658,355.8110187276783,4.0,4.0,0.0,0.5043547828057887,0.0198993394533586,9.234866152375998e-09
legacy,True,False,0.3013604494705241,computed,True,,False,1014,1014,not_assessed,0.8738486397734849,0.1619802548758022,62.85826092354911,67.9386279165561,11449,12462,1.289755733765025,1.4339664745419622,0.5055525415828267,1.755289051165032,1.159660856581423,356.3018846385665,4.0,4.0,0.0,0.5134016129589408,0.0780662864333614,0.0326439307960179
centered_algebraic,True,False,0.3013604494705241,computed,True,,False,1014,1014,not_assessed,0.8738486397734849,0.1619802548758022,62.85826092354911,67.9386279165561,11449,12462,1.2804933315693297,1.4388114399701468,0.5437755090241592,1.171422008839936,0.9930686331868024,357.1174727088998,4.0,4.0,0.0,0.5590981485848845,0.0694895014920785,0.0
ellipse_constrained,True,False,0.3013604494705241,computed,True,,False,1014,1014,not_assessed,0.8738486397734849,0.1619802548758022,62.85826092354911,67.9386279165561,11449,12462,1.279900780869034,1.4383931844798952,0.5426759939852851,1.1714974148357211,0.9928669929504392,357.14888258887345,4.0,4.0,0.0,0.5537193130494911,0.0674559287926577,7.368073856909659e-16
geometric_ellipse,True,False,0.3013604494705241,computed,True,True,False,1014,1014,not_assessed,0.8738486397734849,0.1619802548758022,62.85826092354911,67.9386279165561,11449,12462,1.2748594543710368,1.4416473069886098,0.428332976554162,1.7611413463570482,1.028657161300874,357.2359377958602,4.0,4.0,0.0,0.4643350942343835,0.1283639213773054,2.8184248648808404e-09
robust_circle,True,False,0.3013604494705241,computed,True,True,False,1014,1014,not_assessed,0.8738486397734849,0.1619802548758022,62.85826092354911,67.9386279165561,11449,12462,1.2835858053427007,1.420664902720559,0.4662760180103922,1.0,0.7856432132451389,356.8878182083311,4.0,4.0,0.0,0.5091055749045776,0.0610701965643261,7.966712415573255e-09
legacy,True,False,0.302177613240418,computed,True,,False,1014,1014,not_assessed,0.1670300516786571,0.1717304563796266,63.359082582310265,68.43944957531725,11549,12562,1.288023317865422,1.4372068049550877,0.4950918715810941,1.701230083996457,1.1462517479060974,356.2805383191674,4.0,4.0,0.0,0.5002883278271817,0.0775715939785552,0.0272644423018023
centered_algebraic,True,False,0.302177613240418,computed,True,,False,1014,1014,not_assessed,0.1670300516786571,0.1717304563796266,63.359082582310265,68.43944957531725,11549,12562,1.2756340528696872,1.4418762482384138,0.5318257274197657,1.151588098066239,0.9890385682763472,357.2050401291731,4.0,4.0,0.0,0.5443277874456853,0.0949993133841228,7.34814874417479e-16
ellipse_constrained,True,False,0.302177613240418,computed,True,,False,1014,1014,not_assessed,0.1670300516786571,0.1717304563796266,63.359082582310265,68.43944957531725,11549,12562,1.2794001292194466,1.4430774159251276,0.5372219553597504,1.1556499674284373,0.9898287653923036,357.04934533307977,4.0,4.0,0.0,0.5368820001517167,0.0792468703644152,7.34814874417479e-16
geometric_ellipse,True,False,0.302177613240418,computed,True,True,False,1014,1014,not_assessed,0.1670300516786571,0.1717304563796266,63.359082582310265,68.43944957531725,11549,12562,1.2775991665658826,1.443951270987943,0.4231611277175677,1.67175905956088,1.0185343701558305,357.017101755386,4.0,4.0,0.0,0.4588221591510094,0.1350180473918816,2.775839717150382e-09
robust_circle,True,False,0.302177613240418,computed,True,True,False,1014,1014,not_assessed,0.1670300516786571,0.1717304563796266,63.359082582310265,68.43944957531725,11549,12562,1.2852616922735378,1.4286515302580014,0.4399023433460624,1.0,0.7976003892679652,356.42872575362065,4.0,4.0,0.0,0.4953168545495833,0.0966779009951568,7.200126301455018e-09
legacy,True,False,0.3021465434910374,computed,True,,False,1014,1014,not_assessed,0.9503986444608346,0.2596660730684872,63.859904241071426,68.94027123407842,11649,12662,1.2879017795097605,1.4409588083087113,0.4910928507923592,1.623368164397032,1.1272089294592118,355.85419396738064,4.0,4.0,0.0,0.50322176697859,0.0297317810802406,0.0148067776369342
centered_algebraic,True,False,0.3021465434910374,computed,True,,False,1014,1014,not_assessed,0.9503986444608346,0.2596660730684872,63.859904241071426,68.94027123407842,11649,12662,1.2781806922724706,1.4449087039939257,0.5115501218534615,1.1277660200689008,0.9849578175052704,356.8543803172341,4.0,4.0,0.0,0.5202891996467867,0.0252609168038986,7.348904354804172e-16
ellipse_constrained,True,False,0.3021465434910374,computed,True,,False,1014,1014,not_assessed,0.9503986444608346,0.2596660730684872,63.859904241071426,68.94027123407842,11649,12662,1.2807008693390942,1.4446833708455695,0.509918810331575,1.130570856378566,0.9857366681098938,356.65152941982,4.0,4.0,0.0,0.5198808284015396,0.0218273068174372,2.204671306441252e-15
geometric_ellipse,True,False,0.3021465434910374,computed,True,True,False,1014,1014,not_assessed,0.9503986444608346,0.2596660730684872,63.859904241071426,68.94027123407842,11649,12662,1.2832450322222302,1.4419581693465713,0.4181726486480644,1.43443672782022,0.9680764562307642,355.8456325593374,4.0,4.0,0.0,0.4507025252889578,0.04830293479029,5.4617055138019e-09
robust_circle,True,False,0.3021465434910374,computed,True,True,False,1014,1014,not_assessed,0.9503986444608346,0.2596660730684872,63.859904241071426,68.94027123407842,11649,12662,1.2870073488290004,1.433674242967974,0.421688107080725,1.0,0.8158367532346719,356.32711636550414,4.0,4.0,0.0,0.4488918940982644,0.0375723606352353,5.7743694057233516e-09
legacy,True,False,0.300674342105263,computed,True,,False,1014,1014,not_assessed,0.8123642134448484,0.23237357668965,64.36072589983259,69.44109289283958,11749,12762,1.2874806291000014,1.4440615049188654,0.488345042783122,1.677551318869995,1.141955786633332,356.77966697367395,4.0,4.0,0.0,0.499851251581295,0.0798565716131142,0.0125285282196761
centered_algebraic,True,False,0.300674342105263,computed,True,,False,1014,1014,not_assessed,0.8123642134448484,0.23237357668965,64.36072589983259,69.44109289283958,11749,12762,1.2830244084982214,1.441718875475574,0.5364596437526542,1.1478849078371802,0.992519576220805,356.9306715353866,4.0,4.0,0.0,0.5345357247370996,0.0994256795569079,7.384887029944704e-16
ellipse_constrained,True,False,0.300674342105263,computed,True,,False,1014,1014,not_assessed,0.8123642134448484,0.23237357668965,64.36072589983259,69.44109289283958,11749,12762,1.2820363745805992,1.4462420382489318,0.5341609219826677,1.145149553083708,0.9905803799629213,356.8428023455459,4.0,4.0,0.0,0.5312175242070635,0.0687218187322184,0.0
geometric_ellipse,True,False,0.300674342105263,computed,True,True,False,1014,1014,not_assessed,0.8123642134448484,0.23237357668965,64.36072589983259,69.44109289283958,11749,12762,1.2816249058270563,1.446663211135163,0.43048956319855,1.579486489116872,1.0035772960984588,356.8458244570086,4.0,4.0,0.0,0.453940704137162,0.1108858798059415,2.855006637865203e-09
robust_circle,True,False,0.300674342105263,computed,True,True,False,1014,1014,not_assessed,0.8123642134448484,0.23237357668965,64.36072589983259,69.44109289283958,11749,12762,1.2853888117970775,1.4354300183867004,0.4315625326845071,1.0,0.8049482091721577,356.9903187083754,4.0,4.0,0.0,0.481067984392519,0.0859366955753617,7.0338552113454195e-09
legacy,True,False,0.3002492566282195,computed,True,,False,1014,1014,not_assessed,0.8673651309784625,0.2091129091674299,64.86154755859374,69.94191455160073,11849,12862,1.2859772626981876,1.4437180072702576,0.4868001345689505,1.6653051193243436,1.134208534703647,357.0576513837076,4.0,4.0,0.0,0.4955218690413014,0.0306598340666958,0.0245902555825175
centered_algebraic,True,False,0.3002492566282195,computed,True,,False,1014,1014,not_assessed,0.8673651309784625,0.2091129091674299,64.86154755859374,69.94191455160073,11849,12862,1.2758981407929313,1.4412473071107197,0.5315818036285002,1.1527663600389022,1.002741613712248,357.36384995724814,4.0,4.0,0.0,0.5309065960993751,0.0310514870743105,1.4790684740976773e-15
ellipse_constrained,True,False,0.3002492566282195,computed,True,,False,1014,1014,not_assessed,0.8673651309784625,0.2091129091674299,64.86154755859374,69.94191455160073,11849,12862,1.2815415818897005,1.4480884726498704,0.5260352646376516,1.1517460548708562,0.9989728927612304,357.231199009634,4.0,4.0,0.0,0.5318626601717592,0.0264432836568461,1.0458593478737072e-15
geometric_ellipse,True,False,0.3002492566282195,computed,True,True,False,1014,1014,not_assessed,0.8673651309784625,0.2091129091674299,64.86154755859374,69.94191455160073,11849,12862,1.281358711344709,1.451532761265298,0.4298218566466905,1.5517611979332786,1.0082858131680783,357.3172011064169,4.0,4.0,0.0,0.4438556732022354,0.0343292816932621,3.039502777082434e-09
robust_circle,True,False,0.3002492566282195,computed,True,True,False,1014,1014,not_assessed,0.8673651309784625,0.2091129091674299,64.86154755859374,69.94191455160073,11849,12862,1.2871346978307847,1.4407803759430309,0.4398897005483336,1.0,0.8162378972664794,357.02806631442803,4.0,4.0,0.0,0.4595505501143771,0.0468217714253136,5.7747602914404294e-09
legacy,True,False,0.2981982355005782,computed,True,,False,1014,1014,not_assessed,0.8891368572127231,0.2243114768302558,65.36236921735491,70.4427362103619,11949,12962,1.290045563270647,1.4473902708738684,0.4737044872098789,1.6167905148717878,1.1103155805718246,357.1582481685163,4.0,4.0,0.0,0.4884212288054365,0.0283281400254195,0.0245184461696679
centered_algebraic,True,False,0.2981982355005782,computed,True,,False,1014,1014,not_assessed,0.8891368572127231,0.2243114768302558,65.36236921735491,70.4427362103619,11949,12962,1.2774880861939502,1.4480610061693064,0.5177424268355357,1.1464450071116836,1.0012916654814128,356.8614939972731,4.0,4.0,0.0,0.5257208079221137,0.0570324739175822,0.0
ellipse_constrained,True,False,0.2981982355005782,computed,True,,False,1014,1014,not_assessed,0.8891368572127231,0.2243114768302558,65.36236921735491,70.4427362103619,11949,12962,1.2852591316965951,1.4544917513586322,0.5143756152260865,1.1535575796317348,1.0000019073486328,356.3133168622458,4.0,4.0,0.0,0.5198833709597193,0.0310354939368496,0.0
geometric_ellipse,True,False,0.2981982355005782,computed,True,True,False,1014,1014,not_assessed,0.8891368572127231,0.2243114768302558,65.36236921735491,70.4427362103619,11949,12962,1.2857424113746236,1.4572822826322285,0.4303953423434668,1.5361308830270324,1.0081786875445131,355.5660217348686,4.0,4.0,0.0,0.4398539706035537,0.0237771893949234,3.742484082779904e-09
robust_circle,True,False,0.2981982355005782,computed,True,True,False,1014,1014,not_assessed,0.8891368572127231,0.2243114768302558,65.36236921735491,70.4427362103619,11949,12962,1.2914388481891883,1.451734347332949,0.4263973345314717,1.0,0.8247208701398436,356.9030948617746,4.0,4.0,0.0,0.4450290752448906,0.0463134514288092,5.267256442381757e-09
legacy,True,False,0.2986128048780487,computed,True,,False,1014,1014,not_assessed,0.901341215236586,0.300985533822028,65.86319087611608,70.94355786912307,12049,13062,1.289296240255715,1.4478455922568094,0.4760306945076029,1.6639540627076608,1.1206463846361947,356.7173643111763,4.0,4.0,0.0,0.5073487964241297,0.0889190085607485,0.0286661257406032
centered_algebraic,True,False,0.2986128048780487,computed,True,,False,1014,1014,not_assessed,0.901341215236586,0.300985533822028,65.86319087611608,70.94355786912307,12049,13062,1.2752969657447712,1.45725279244997,0.5076117241214964,1.136017828188026,0.9830691616685668,355.67898848712707,4.0,4.0,0.0,0.5205467913258525,0.1064629662754436,7.435870173608687e-16
ellipse_constrained,True,False,0.2986128048780487,computed,True,,False,1014,1014,not_assessed,0.901341215236586,0.300985533822028,65.86319087611608,70.94355786912307,12049,13062,1.2822058843957655,1.4572086176766477,0.5020626529551641,1.1529724729582254,0.9876434206962584,355.615275606488,4.0,4.0,0.0,0.5097389489518755,0.0850168873768895,7.435870173608687e-16
geometric_ellipse,True,False,0.2986128048780487,computed,True,True,False,1014,1014,not_assessed,0.901341215236586,0.300985533822028,65.86319087611608,70.94355786912307,12049,13062,1.2819007193624463,1.459847404619923,0.4154362328600463,1.5718329261974318,1.0067086855173897,354.9826803234457,4.0,4.0,0.0,0.4402294865281136,0.0752656588443868,3.221845077818783e-09
robust_circle,True,False,0.2986128048780487,computed,True,True,False,1014,1014,not_assessed,0.901341215236586,0.300985533822028,65.86319087611608,70.94355786912307,12049,13062,1.2883731737989934,1.4555547065737986,0.4276692358693782,1.0,0.820436995125383,355.9925536800256,4.0,4.0,0.0,0.4709337998662039,0.0997493665023789,5.271469672281208e-09
legacy,True,False,0.2964005535218101,computed,True,,False,1014,1014,not_assessed,0.9565583661419816,0.2631329937736107,66.36401253487723,71.44437952788422,12149,13162,1.2978850661970092,1.450654016850629,0.4707443806725115,1.6892771709468652,1.137516527787617,356.60493254916764,4.0,4.0,0.0,0.5021801982353622,0.0457478558058039,0.0344425126346843
centered_algebraic,True,False,0.2964005535218101,computed,True,,False,1014,1014,not_assessed,0.9565583661419816,0.2631329937736107,66.36401253487723,71.44437952788422,12149,13162,1.2817228977180284,1.4644827047574638,0.5051571481769241,1.1361924209199756,0.9849154442785458,354.8278096351525,4.0,4.0,0.0,0.5158258040382404,0.0532054521570812,7.491369442017337e-16
ellipse_constrained,True,False,0.2964005535218101,computed,True,,False,1014,1014,not_assessed,0.9565583661419816,0.2631329937736107,66.36401253487723,71.44437952788422,12149,13162,1.2874394535921794,1.4606445657915486,0.5008994096156701,1.1469363698229762,0.9871764183044432,355.69303924965425,4.0,4.0,0.0,0.5082109960040955,0.0411264523093608,0.0
geometric_ellipse,True,False,0.2964005535218101,computed,True,True,False,1014,1014,not_assessed,0.9565583661419816,0.2631329937736107,66.36401253487723,71.44437952788422,12149,13162,1.2883098455563025,1.462489547554716,0.4102405869495513,1.5383832988651598,0.9994520596806256,355.2564368359298,4.0,4.0,0.0,0.4515520467109875,0.0502441945316012,3.6979738875755836e-09
robust_circle,True,False,0.2964005535218101,computed,True,True,False,1014,1014,not_assessed,0.9565583661419816,0.2631329937736107,66.36401253487723,71.44437952788422,12149,13162,1.294858167372815,1.4602232701049382,0.4239895838990081,1.0,0.8182547876763069,355.7728204812363,4.0,4.0,0.0,0.4590711005235915,0.0486240127833876,5.520752720817811e-09
legacy,True,False,0.2784027173913044,computed,True,,False,1014,1014,not_assessed,0.9635542879552116,0.2534290829604295,66.86483419363839,71.94520118664538,12249,13262,1.292352863092243,1.4676302539169122,0.4943057320489613,1.64772121994716,1.154467246581831,355.36215063231936,4.0,4.0,0.0,0.512241586368981,0.0402525071599929,0.0375768451818567
centered_algebraic,True,False,0.2784027173913044,computed,True,,False,1014,1014,not_assessed,0.9635542879552116,0.2534290829604295,66.86483419363839,71.94520118664538,12249,13262,1.2768180679940062,1.4837066747021324,0.5547444365877513,1.0756644911459807,1.0029797219458398,357.69697831422116,4.0,4.0,0.0,0.552692257116246,0.0242492213839587,1.1279289752599342e-15
ellipse_constrained,True,False,0.2784027173913044,computed,True,,False,1014,1014,not_assessed,0.9635542879552116,0.2534290829604295,66.86483419363839,71.94520118664538,12249,13262,1.2864887307829354,1.4750091681279955,0.5323049836033957,1.0888830502529667,1.002913475036621,356.58411991514123,4.0,4.0,0.0,0.5421508579740982,0.0193750351366665,1.595132454206186e-15
geometric_ellipse,True,False,0.2784027173913044,computed,True,True,False,1014,1014,not_assessed,0.9635542879552116,0.2534290829604295,66.86483419363839,71.94520118664538,12249,13262,1.2905980154901653,1.4766433773527687,0.4304161190245142,1.3499159329872692,0.9682748125594842,356.6644014876616,4.0,4.0,0.0,0.4721662817508896,0.0197838691491086,7.022510282653094e-09
robust_circle,True,False,0.2784027173913044,computed,True,True,False,1014,1014,not_assessed,0.9635542879552116,0.2534290829604295,66.86483419363839,71.94520118664538,12249,13262,1.2944025062325912,1.4780724115994976,0.4525283258581878,1.0,0.8340735608682622,356.6267598299858,4.0,4.0,0.0,0.4757368562725154,0.0215649421782473,7.277445660167691e-09
legacy,True,False,0.266527806667576,computed,True,,False,1014,1014,not_assessed,0.963990541428503,0.2275391962220569,67.36565585239956,72.44602284540655,12349,13362,1.3121470043504455,1.4727433938960617,0.4903864209784894,1.5730616420968069,1.1493702502221828,356.89848918076905,4.0,4.0,0.0,0.5102230278720291,0.0479902850682976,0.0138201409502284
centered_algebraic,True,False,0.266527806667576,computed,True,,False,1014,1014,not_assessed,0.963990541428503,0.2275391962220569,67.36565585239956,72.44602284540655,12349,13362,1.3037749852457914,1.48813368379159,0.5614088527798607,1.0828653503439805,1.023442751033358,357.2155938156678,4.0,4.0,0.0,0.5588985210759178,0.0756354702222239,8.331010850285279e-16
ellipse_constrained,True,False,0.266527806667576,computed,True,,False,1014,1014,not_assessed,0.963990541428503,0.2275391962220569,67.36565585239956,72.44602284540655,12349,13362,1.3015189561290803,1.477770807144665,0.548082188996717,1.0624462690636438,1.0096831321716309,356.82317253118185,4.0,4.0,0.0,0.5516151505811365,0.0377911038138778,8.331010850285279e-16
geometric_ellipse,True,False,0.266527806667576,computed,True,True,False,1014,1014,not_assessed,0.963990541428503,0.2275391962220569,67.36565585239956,72.44602284540655,12349,13362,1.306197725537582,1.4793912667240936,0.4581867362594193,1.138354560191945,0.9117022608220516,357.06689648166895,4.0,4.0,0.0,0.4659370069527516,0.044891949835395,7.586214483838353e-09
robust_circle,True,False,0.266527806667576,computed,True,True,False,1014,1014,not_assessed,0.963990541428503,0.2275391962220569,67.36565585239956,72.44602284540655,12349,13362,1.3051939631165823,1.478888389548176,0.4572518367939153,1.0,0.8504741042204499,357.0050362123987,4.0,4.0,0.0,0.4682904392749186,0.0322497620713707,7.2677053000120045e-09
legacy,True,False,0.2661002088554721,computed,True,,False,1014,1014,not_assessed,0.8096746626910577,0.2177906205273131,67.86647751116072,72.94684450416771,12449,13462,1.3098330666392068,1.4698962029012186,0.5050348468170188,1.603861363716344,1.174304030457502,355.866491787803,4.0,4.0,0.0,0.5108155853017287,0.030330383500782,0.0140009444394216
centered_algebraic,True,False,0.2661002088554721,computed,True,,False,1014,1014,not_assessed,0.8096746626910577,0.2177906205273131,67.86647751116072,72.94684450416771,12449,13462,1.298479217640547,1.4850221506139551,0.5643048901256666,1.0754391613220986,1.0283984974163465,356.1880545915364,4.0,4.0,0.0,0.5586798870492752,0.0393558308369002,8.344397995028674e-16
ellipse_constrained,True,False,0.2661002088554721,computed,True,,False,1014,1014,not_assessed,0.8096746626910577,0.2177906205273131,67.86647751116072,72.94684450416771,12449,13462,1.300934795088515,1.474388397554366,0.557378492474321,1.064266509246642,1.0191328525543213,356.8172553463311,4.0,4.0,0.0,0.558452779828941,0.0271225453164205,8.344397995028674e-16
geometric_ellipse,True,False,0.2661002088554721,computed,True,True,False,1014,1014,not_assessed,0.8096746626910577,0.2177906205273131,67.86647751116072,72.94684450416771,12449,13462,1.3062585154439637,1.4753001155907663,0.4552860128105672,1.0895482527005431,0.8993700061697208,356.5661457906215,4.0,4.0,0.0,0.4763596112845943,0.0280238627837696,9.447528700084622e-09
robust_circle,True,False,0.2661002088554721,computed,True,True,False,1014,1014,not_assessed,0.8096746626910577,0.2177906205273131,67.86647751116072,72.94684450416771,12449,13462,1.305245635622451,1.475166125838531,0.4534382049345207,1.0,0.8579306352849293,356.96576426565736,4.0,4.0,0.0,0.4620966615722749,0.0253690894348591,7.53159365467841e-09
legacy,True,False,0.264778429628616,computed,True,,False,1014,1014,not_assessed,0.7934864775906365,0.2139360191649569,68.36729916992188,73.44766616292887,12549,13562,1.3141906607991158,1.4790413386590782,0.4897950107644869,1.574384241709421,1.166240286273988,356.93647987140673,4.0,4.0,0.0,0.5091810137072582,0.0251915243998318,0.0360373321777
centered_algebraic,True,False,0.264778429628616,computed,True,,False,1014,1014,not_assessed,0.7934864775906365,0.2139360191649569,68.36729916992188,73.44766616292887,12549,13562,1.3051666341482322,1.4899459325218931,0.5644862880780528,1.1072567992462938,1.0470825218796938,357.2873187295897,4.0,4.0,0.0,0.5725293229251301,0.0293182214953186,8.38605339704129e-16
ellipse_constrained,True,False,0.264778429628616,computed,True,,False,1014,1014,not_assessed,0.7934864775906365,0.2139360191649569,68.36729916992188,73.44766616292887,12549,13562,1.303216767247215,1.4804574885399553,0.5548210025634488,1.0847130822560922,1.0318357944488523,357.18476660906884,4.0,4.0,0.0,0.5610225076138043,0.0217620605794207,8.38605339704129e-16
geometric_ellipse,True,False,0.264778429628616,computed,True,True,False,1014,1014,not_assessed,0.7934864775906365,0.2139360191649569,68.36729916992188,73.44766616292887,12549,13562,1.305755179113003,1.4806779658681488,0.4613400558964062,1.1388580054558597,0.9283776859634874,357.21357606451807,4.0,4.0,0.0,0.4710606715179153,0.0289991900088715,8.335585415657448e-09
robust_circle,True,False,0.264778429628616,computed,True,True,False,1014,1014,not_assessed,0.7934864775906365,0.2139360191649569,68.36729916992188,73.44766616292887,12549,13562,1.304893658460062,1.481295574380514,0.4683811385244641,1.0,0.8649497114893256,357.20759665434366,4.0,4.0,0.0,0.4731658158395786,0.025961180457799,7.308735933303525e-09
legacy,True,False,0.2659663106909431,computed,True,,False,1014,1014,not_assessed,0.8282055847321981,0.4196057775110291,68.86812082868303,73.94848782169002,12649,13662,1.3146490988059,1.474911580144201,0.4852915675893601,1.524621086020958,1.1443948267245898,356.8625182611324,4.0,4.0,0.0,0.4958583583113081,0.0435173000764159,0.0339030572724044
centered_algebraic,True,False,0.2659663106909431,computed,True,,False,1014,1014,not_assessed,0.8282055847321981,0.4196057775110291,68.86812082868303,73.94848782169002,12649,13662,1.3062670893035544,1.4861653169535405,0.5604810307997574,1.1253555656444372,1.0511100022359268,356.5963175255101,4.0,4.0,0.0,0.5636120743621781,0.0663199601718628,0.0
ellipse_constrained,True,False,0.2659663106909431,computed,True,,False,1014,1014,not_assessed,0.8282055847321981,0.4196057775110291,68.86812082868303,73.94848782169002,12649,13662,1.3054848547554505,1.4761558539250832,0.5498869979846531,1.1047709986061296,1.0372021198272705,357.1029841813072,4.0,4.0,0.0,0.5664246105464776,0.0384874489960117,0.0
geometric_ellipse,True,False,0.2659663106909431,computed,True,True,False,1014,1014,not_assessed,0.8282055847321981,0.4196057775110291,68.86812082868303,73.94848782169002,12649,13662,1.3055777581946593,1.4753146416559486,0.4536917471732439,1.1872627804337343,0.9481532032843792,357.14397330900283,4.0,4.0,0.0,0.4722624644853202,0.0680090854894148,9.607964324412685e-09
robust_circle,True,False,0.2659663106909431,computed,True,True,False,1014,1014,not_assessed,0.8282055847321981,0.4196057775110291,68.86812082868303,73.94848782169002,12649,13662,1.307460833290149,1.4758370230425626,0.4611144139219185,1.0,0.8634006306289818,357.09035137788993,4.0,4.0,0.0,0.4658523233732877,0.0345899717616515,6.897478715803379e-09
legacy,True,False,0.2710551452020202,computed,True,,False,1014,1014,not_assessed,0.6660335514269838,0.4284385832167775,69.3689424874442,74.44930948045119,12749,13762,1.316904304332614,1.470822620634492,0.4684632369478644,1.4729018404547136,1.1202803445711804,356.7129924088882,4.0,4.0,0.0,0.4849554166972334,0.0184235430439097,0.0335526512407746
centered_algebraic,True,False,0.2710551452020202,computed,True,,False,1014,1014,not_assessed,0.6660335514269838,0.4284385832167775,69.3689424874442,74.44930948045119,12749,13762,1.3077006515334912,1.4820509056730156,0.540643330192924,1.1436016272699083,1.050476950400292,356.47371315790275,4.0,4.0,0.0,0.5461987691057272,0.0347251056988494,8.191860913008648e-16
ellipse_constrained,True,False,0.2710551452020202,computed,True,,False,1014,1014,not_assessed,0.6660335514269838,0.4284385832167775,69.3689424874442,74.44930948045119,12749,13762,1.3079881007616996,1.4726104379258445,0.5337209293451158,1.1248269958230903,1.0377178192138672,355.90370527609394,4.0,4.0,0.0,0.5449620934454158,0.024649453717753,8.191860913008648e-16
geometric_ellipse,True,False,0.2710551452020202,computed,True,True,False,1014,1014,not_assessed,0.6660335514269838,0.4284385832167775,69.3689424874442,74.44930948045119,12749,13762,1.3097879967111383,1.4699694157761314,0.444108469958572,1.1942829058962348,0.9570360143387804,355.85275612610025,4.0,4.0,0.0,0.4771828808573595,0.0360258496338169,7.299275127847991e-09
robust_circle,True,False,0.2710551452020202,computed,True,True,False,1014,1014,not_assessed,0.6660335514269838,0.4284385832167775,69.3689424874442,74.44930948045119,12749,13762,1.3102338957859718,1.4718681243684193,0.4305838337182885,1.0,0.8675551732814019,356.0388930847924,4.0,4.0,0.0,0.4542891789743624,0.0327640124251456,5.6891805047723335e-09
legacy,True,False,0.2670182032428356,computed,True,,False,1014,1014,not_assessed,0.9473355106087362,0.2664967841281298,69.86976414620536,74.95013113921235,12849,13862,1.3201728013978855,1.4709984693252718,0.4769213673656786,1.4649363500049828,1.116111810873723,356.2868455391979,4.0,4.0,0.0,0.5025733602297401,0.0284194485940281,0.0275345758289384
centered_algebraic,True,False,0.2670182032428356,computed,True,,False,1014,1014,not_assessed,0.9473355106087362,0.2664967841281298,69.86976414620536,74.95013113921235,12849,13862,1.310350428589422,1.4849420973404464,0.5508924412965602,1.164650082529055,1.0605155302521414,356.44514726379526,4.0,4.0,0.0,0.5548957572229344,0.0434203886758998,8.315710398331767e-16
ellipse_constrained,True,False,0.2670182032428356,computed,True,,False,1014,1014,not_assessed,0.9473355106087362,0.2664967841281298,69.86976414620536,74.95013113921235,12849,13862,1.3099407827251826,1.474836820640947,0.5409897921137146,1.1423321927981254,1.0458987951278689,355.7200264774314,4.0,4.0,0.0,0.5464693479756705,0.0390021180882867,1.6631420796663533e-15
geometric_ellipse,True,False,0.2670182032428356,computed,True,True,False,1014,1014,not_assessed,0.9473355106087362,0.2664967841281298,69.86976414620536,74.95013113921235,12849,13862,1.311973447443282,1.474397800032404,0.4530607284825808,1.200912350204695,0.9483330725432978,355.67946296339227,4.0,4.0,0.0,0.4617028941644512,0.0535761241466531,7.930751225052581e-09
robust_circle,True,False,0.2670182032428356,computed,True,True,False,1014,1014,not_assessed,0.9473355106087362,0.2664967841281298,69.86976414620536,74.95013113921235,12849,13862,1.3136883240602772,1.4750106667395677,0.4368632687252453,1.0,0.8597101078660809,355.8266907386202,4.0,4.0,0.0,0.4510700284727396,0.0448510536799585,6.414974211220263e-09
legacy,True,False,0.2679249843251253,computed,True,,False,1014,1014,not_assessed,0.9605535878565054,0.3018716182687425,70.37058580496651,75.4509527979735,12949,13962,1.3184208396090369,1.4706457904916537,0.4830478888165493,1.5021685101698277,1.135837352740771,355.95398627682874,4.0,4.0,0.0,0.4978787158956791,0.0133614496117539,0.0385832046134488
centered_algebraic,True,False,0.2679249843251253,computed,True,,False,1014,1014,not_assessed,0.9605535878565054,0.3018716182687425,70.37058580496651,75.4509527979735,12949,13962,1.30869849686275,1.4843387819072411,0.5555667144831148,1.1704641982372932,1.0709367305574635,356.2993725922465,4.0,4.0,0.0,0.5606841118172295,0.0269643930945511,8.287566218743585e-16
ellipse_constrained,True,False,0.2679249843251253,computed,True,,False,1014,1014,not_assessed,0.9605535878565054,0.3018716182687425,70.37058580496651,75.4509527979735,12949,13962,1.3076669014703317,1.4734244927934312,0.5481822748287524,1.1412419501179676,1.0520848035812378,355.7928029453293,4.0,4.0,0.0,0.5601558043509746,0.017764232901799,0.0
geometric_ellipse,True,False,0.2679249843251253,computed,True,True,False,1014,1014,not_assessed,0.9605535878565054,0.3018716182687425,70.37058580496651,75.4509527979735,12949,13962,1.3093592395343527,1.4700180097773203,0.4562222921308981,1.2172192000561677,0.9602680919587304,355.8793268037096,4.0,4.0,0.0,0.4727184553400737,0.0392291205274699,7.455894748162884e-09
robust_circle,True,False,0.2679249843251253,computed,True,True,False,1014,1014,not_assessed,0.9605535878565054,0.3018716182687425,70.37058580496651,75.4509527979735,12949,13962,1.3109444026854495,1.472579118617072,0.4407898285936569,1.0,0.8629150092811041,355.48631572576784,4.0,4.0,0.0,0.4528465985237092,0.0277857294235728,6.502695753593111e-09
legacy,True,False,0.2625643955785233,computed,True,,False,1014,1014,not_assessed,0.9499782030469788,0.2872543420551343,70.87140746372768,75.95177445673467,13049,14062,1.3178769517412785,1.4691811363085898,0.4870741466735788,1.450295901180136,1.1307385337474372,355.65763261970085,4.0,4.0,0.0,0.5033708825102075,0.0434623034286491,0.0475900512733351
centered_algebraic,True,False,0.2625643955785233,computed,True,,False,1014,1014,not_assessed,0.9499782030469788,0.2872543420551343,70.87140746372768,75.95177445673467,13049,14062,1.311348899620676,1.481296535494685,0.5699949950637007,1.1665469633938856,1.0855598266529587,356.297491091706,4.0,4.0,0.0,0.556394640431322,0.0354341356727675,8.456767507863646e-16
ellipse_constrained,True,False,0.2625643955785233,computed,True,,False,1014,1014,not_assessed,0.9499782030469788,0.2872543420551343,70.87140746372768,75.95177445673467,13049,14062,1.309162805962354,1.4695818910520797,0.5425688107333647,1.1330770779932695,1.0637317895889282,355.9712442346364,4.0,4.0,0.0,0.558556696125793,0.0376575233937513,8.456767507863646e-16
geometric_ellipse,True,False,0.2625643955785233,computed,True,True,False,1014,1014,not_assessed,0.9499782030469788,0.2872543420551343,70.87140746372768,75.95177445673467,13049,14062,1.3114858517180028,1.4666387812817334,0.4572565583011299,1.150848866734098,0.9439255975286842,355.88594378572407,4.0,4.0,0.0,0.4833979167526324,0.0502651780420996,7.585807967389095e-09
robust_circle,True,False,0.2625643955785233,computed,True,True,False,1014,1014,not_assessed,0.9499782030469788,0.2872543420551343,70.87140746372768,75.95177445673467,13049,14062,1.3125949782785982,1.4682807442994998,0.4456445214015876,1.0,0.8763840594105292,355.49196142602915,4.0,4.0,0.0,0.4566550015115304,0.0481985609718021,6.6197545467487064e-09
legacy,True,False,0.2656037129222053,computed,True,,False,1014,1014,not_assessed,0.9123392711686424,0.2793278146692684,71.37222912248885,76.45259611549584,13149,14162,1.3154759154716742,1.4678022827699877,0.4847593657812518,1.4284605879066925,1.1197612884084631,355.0784043078484,4.0,4.0,0.0,0.4930965735200077,0.0368905376890109,0.0415215772174897
centered_algebraic,True,False,0.2656037129222053,computed,True,,False,1014,1014,not_assessed,0.9123392711686424,0.2793278146692684,71.37222912248885,76.45259611549584,13149,14162,1.3085998113143538,1.4793620273427657,0.5606737740342841,1.1515441665945332,1.0757833395679794,355.67094107347964,4.0,4.0,0.0,0.5611132511803366,0.0470351839009691,8.35999626970831e-16
ellipse_constrained,True,False,0.2656037129222053,computed,True,,False,1014,1014,not_assessed,0.9123392711686424,0.2793278146692684,71.37222912248885,76.45259611549584,13149,14162,1.306879558467317,1.4682248031817495,0.5366840946076242,1.1207690938421528,1.0556824207305908,356.20057797454615,4.0,4.0,0.0,0.5406860183518148,0.0280070768730272,2.6436629442789578e-15
geometric_ellipse,True,False,0.2656037129222053,computed,True,True,False,1014,1014,not_assessed,0.9123392711686424,0.2793278146692684,71.37222912248885,76.45259611549584,13149,14162,1.3092765459045566,1.4655054451810152,0.4457466467212856,1.126990374346649,0.9386314305930336,356.1540909735586,4.0,4.0,0.0,0.4642116088551489,0.030930533558499,7.032297620020302e-09
robust_circle,True,False,0.2656037129222053,computed,True,True,False,1014,1014,not_assessed,0.9123392711686424,0.2793278146692684,71.37222912248885,76.45259611549584,13149,14162,1.3095929195116112,1.466832934646725,0.4375250122376402,1.0,0.8816910207646147,356.1537431139376,4.0,4.0,0.0,0.4501501788740816,0.0211992137917981,6.186003661024512e-09
legacy,True,False,0.2772220238095239,computed,True,,False,1014,1014,not_assessed,0.9253391072082016,0.2605542659040469,71.87305078125,76.95341777425699,13249,14262,1.3163586762079913,1.4647782145202215,0.4683031018107038,1.42560842478381,1.1013714482369654,356.14698147429516,4.0,4.0,0.0,0.4788097061003851,0.0157754405231411,0.0341609967185112
centered_algebraic,True,False,0.2772220238095239,computed,True,,False,1014,1014,not_assessed,0.9253391072082016,0.2605542659040469,71.87305078125,76.95341777425699,13249,14262,1.3075703132868202,1.4758280613217838,0.5329130981042323,1.1512519641941648,1.051487602963691,356.69832985041364,4.0,4.0,0.0,0.5343087163412058,0.0243345813935723,8.009630759985925e-16
ellipse_constrained,True,False,0.2772220238095239,computed,True,,False,1014,1014,not_assessed,0.9253391072082016,0.2605542659040469,71.87305078125,76.95341777425699,13249,14262,1.3053630768200957,1.464580131469649,0.5096142257132854,1.1158954713154878,1.02921724319458,356.314855201737,4.0,4.0,0.0,0.519062290827003,0.0228254938165203,1.1327328450372818e-15
geometric_ellipse,True,False,0.2772220238095239,computed,True,True,False,1014,1014,not_assessed,0.9253391072082016,0.2605542659040469,71.87305078125,76.95341777425699,13249,14262,1.3077750332290077,1.4597235470506746,0.4240003607028385,1.1586225727127106,0.9419036104923012,356.4445236608774,4.0,4.0,0.0,0.4485523076708508,0.0343791011480348,5.581653083953047e-09
robust_circle,True,False,0.2772220238095239,computed,True,True,False,1014,1014,not_assessed,0.9253391072082016,0.2605542659040469,71.87305078125,76.95341777425699,13249,14262,1.3075532901665925,1.4621257972202275,0.4202479015438072,1.0,0.8711775988846457,356.25837440134995,4.0,4.0,0.0,0.4332722598457701,0.0278230573064431,5.0590834358853525e-09
legacy,True,False,0.2780128667256376,computed,True,,False,1014,1014,not_assessed,0.9465453328124148,0.2740323635412218,72.37387244001116,77.45423943301815,13349,14362,1.3129892993631,1.4627944878955257,0.4726582598825316,1.4566355017571,1.1003076241908458,357.16133437922434,4.0,4.0,0.0,0.490058696738093,0.0252897620903295,0.0344676493066139
centered_algebraic,True,False,0.2780128667256376,computed,True,,False,1014,1014,not_assessed,0.9465453328124148,0.2740323635412218,72.37387244001116,77.45423943301815,13349,14362,1.3067181892376196,1.469473361308931,0.5259347256710197,1.12675987143202,1.0310139800488152,357.32497670717385,4.0,4.0,0.0,0.5315796087432401,0.0272657200897244,7.986846347804482e-16
ellipse_constrained,True,False,0.2780128667256376,computed,True,,False,1014,1014,not_assessed,0.9465453328124148,0.2740323635412218,72.37387244001116,77.45423943301815,13349,14362,1.3057535786087588,1.460397970906754,0.5146821259338398,1.1124201177456554,1.0210001468658447,357.1839035563528,4.0,4.0,0.0,0.5165003729964126,0.0193165846823814,7.986846347804482e-16
geometric_ellipse,True,False,0.2780128667256376,computed,True,True,False,1014,1014,not_assessed,0.9465453328124148,0.2740323635412218,72.37387244001116,77.45423943301815,13349,14362,1.309861044701604,1.4580481577389084,0.4222321108202717,1.1018613514247482,0.9015737838336622,357.10864618990513,4.0,4.0,0.0,0.4473887590986276,0.0217819620893431,6.652489118178806e-09
robust_circle,True,False,0.2780128667256376,computed,True,True,False,1014,1014,not_assessed,0.9465453328124148,0.2740323635412218,72.37387244001116,77.45423943301815,13349,14362,1.3098870306705048,1.4591937680653164,0.419064230433891,1.0,0.8568177404620255,357.127502486296,4.0,4.0,0.0,0.4303305228072551,0.0220012912380794,6.1591793542968294e-09
legacy,True,False,0.2799069866409629,computed,True,,False,1014,1014,not_assessed,0.9230142276314676,0.293301736190649,72.87469409877232,77.95506109177931,13449,14462,1.313643111594618,1.465049528265427,0.4693240402059796,1.5162317014988786,1.1028049884819806,357.1951118172239,4.0,4.0,0.0,0.47768768645121,0.0217584940764872,0.039571338606008
centered_algebraic,True,False,0.2799069866409629,computed,True,,False,1014,1014,not_assessed,0.9230142276314676,0.293301736190649,72.87469409877232,77.95506109177931,13449,14462,1.3063652503276826,1.4736280536990858,0.5270484375119575,1.1409043026793322,1.0261306978562712,357.30588295122357,4.0,4.0,0.0,0.5356719887931413,0.0276116568011867,0.0
ellipse_constrained,True,False,0.2799069866409629,computed,True,,False,1014,1014,not_assessed,0.9230142276314676,0.293301736190649,72.87469409877232,77.95506109177931,13449,14462,1.3049752883838257,1.4627678774072652,0.5175198134652363,1.1198653332802104,1.0119038820266724,357.2287758030707,4.0,4.0,0.0,0.5205162785261437,0.0260003107141104,1.121867287076857e-15
geometric_ellipse,True,False,0.2799069866409629,computed,True,True,False,1014,1014,not_assessed,0.9230142276314676,0.293301736190649,72.87469409877232,77.95506109177931,13449,14462,1.3094381824826369,1.4604184493270689,0.4265636004895476,1.144751329103297,0.9026261381301206,357.1519611756662,4.0,4.0,0.0,0.460318155231386,0.0262713314914934,8.163766338277258e-09
robust_circle,True,False,0.2799069866409629,computed,True,True,False,1014,1014,not_assessed,0.9230142276314676,0.293301736190649,72.87469409877232,77.95506109177931,13449,14462,1.310289430755835,1.4634169316033343,0.4235196963219673,1.0,0.839098702409202,357.1950388652436,4.0,4.0,0.0,0.4293760430687359,0.0301777919343962,6.6164766463673884e-09
legacy,True,False,0.2745087398373983,computed,True,,False,1014,1014,not_assessed,0.8555464587733717,0.2517116507460183,73.37551575753349,78.45588275054048,13549,14562,1.3068547793123428,1.4576221728339085,0.4869276889405359,1.55534126145986,1.1418362507084396,357.12923814036895,4.0,4.0,0.0,0.4951933485448427,0.0248140424745481,0.0168986627980084
centered_algebraic,True,False,0.2745087398373983,computed,True,,False,1014,1014,not_assessed,0.8555464587733717,0.2517116507460183,73.37551575753349,78.45588275054048,13549,14562,1.301376005142328,1.4597591658703188,0.5323387934986448,1.074913513645577,1.0115697604203946,357.2115392413891,4.0,4.0,0.0,0.5284973756141877,0.040897583184264,8.08879910550595e-16
ellipse_constrained,True,False,0.2745087398373983,computed,True,,False,1014,1014,not_assessed,0.8555464587733717,0.2517116507460183,73.37551575753349,78.45588275054048,13549,14562,1.299730822103488,1.4554587185925425,0.5254263641794548,1.0711498737082592,1.0089564323425293,357.17674532514206,4.0,4.0,0.0,0.5268009976036914,0.0264001950576445,1.1439289398317877e-15
geometric_ellipse,True,False,0.2745087398373983,computed,True,True,False,1014,1014,not_assessed,0.8555464587733717,0.2517116507460183,73.37551575753349,78.45588275054048,13549,14562,1.3057640162258377,1.4541541077223512,0.4248370626549245,1.047237142693813,0.86838880661183,357.1141303306766,4.0,4.0,0.0,0.4290916771421599,0.0368939870438559,6.718472790194753e-09
robust_circle,True,False,0.2745087398373983,computed,True,True,False,1014,1014,not_assessed,0.8555464587733717,0.2517116507460183,73.37551575753349,78.45588275054048,13549,14562,1.3058225456474253,1.453995253180372,0.4297929003582528,1.0,0.8500189968716448,357.1152989119649,4.0,4.0,0.0,0.4358606256404391,0.0305105962360355,7.43111224736859e-09
legacy,True,False,0.2746609043395627,computed,True,,False,1014,1014,not_assessed,0.7503261162872844,0.2013759291793687,73.87633741629465,78.95670440930164,13649,14662,1.3074643295672297,1.4587365861636898,0.5058665228670266,1.5611906869394123,1.1409738527915112,357.1418171097485,4.0,4.0,0.0,0.5050767706406691,0.0291440088667845,0.0237832494662856
centered_algebraic,True,False,0.2746609043395627,computed,True,,False,1014,1014,not_assessed,0.7503261162872844,0.2013759291793687,73.87633741629465,78.95670440930164,13649,14662,1.3004773822719151,1.4629856192616713,0.5333356099304665,1.0855981403618724,1.0194530441664846,357.26910723172557,4.0,4.0,0.0,0.5418284179195729,0.0342364444703825,8.084317841265025e-16
ellipse_constrained,True,False,0.2746609043395627,computed,True,,False,1014,1014,not_assessed,0.7503261162872844,0.2013759291793687,73.87633741629465,78.95670440930164,13649,14662,1.2974124696934628,1.456789234359647,0.5294358634622093,1.0774876465136562,1.013882398605347,356.9883221673033,4.0,4.0,0.0,0.536580606458304,0.0207850025098301,8.084317841265025e-16
geometric_ellipse,True,False,0.2746609043395627,computed,True,True,False,1014,1014,not_assessed,0.7503261162872844,0.2013759291793687,73.87633741629465,78.95670440930164,13649,14662,1.3030325136435448,1.4566236391533771,0.4317299768632233,1.079586017125737,0.88252287978603,357.3813456830896,4.0,4.0,0.0,0.4468732877485675,0.0258831944150416,7.783831982606592e-09
robust_circle,True,False,0.2746609043395627,computed,True,True,False,1014,1014,not_assessed,0.7503261162872844,0.2013759291793687,73.87633741629465,78.95670440930164,13649,14662,1.3035736274824077,1.4566476228166914,0.4311549624875221,1.0,0.8505890945592338,357.35860313995653,4.0,4.0,0.0,0.4486329427079185,0.0255381775946548,8.038548921064985e-09
legacy,True,False,0.2674877375212705,computed,True,,False,1014,1014,not_assessed,0.9742554638067285,0.2129857873665881,74.3771590750558,79.45752606806279,13749,14762,1.3048408828535376,1.4612579484791357,0.5173864365558724,1.624229377756789,1.1820944248231924,357.2055974002131,4.0,4.0,0.0,0.5190451504511568,0.0286336061533158,0.0258197406071317
centered_algebraic,True,False,0.2674877375212705,computed,True,,False,1014,1014,not_assessed,0.9742554638067285,0.2129857873665881,74.3771590750558,79.45752606806279,13749,14762,1.2981383422969206,1.4677386386832647,0.555114599872483,1.0762371171492735,1.0338076650843662,357.3578323583792,4.0,4.0,0.0,0.5543114381773819,0.0303909325096021,8.301113426082735e-16
ellipse_constrained,True,False,0.2674877375212705,computed,True,,False,1014,1014,not_assessed,0.9742554638067285,0.2129857873665881,74.3771590750558,79.45752606806279,13749,14762,1.294034433860345,1.459363138215894,0.5462188229853759,1.0634546486039371,1.024563908576965,356.7465704133367,4.0,4.0,0.0,0.5515366907010503,0.0207378466410916,1.856185390965717e-15
geometric_ellipse,True,False,0.2674877375212705,computed,True,True,False,1014,1014,not_assessed,0.9742554638067285,0.2129857873665881,74.3771590750558,79.45752606806279,13749,14762,1.2999653895456411,1.4619307499450405,0.4367699018139309,1.130785313688751,0.905635680844634,357.25695953680247,4.0,4.0,0.0,0.4460884483001179,0.0249234504804073,7.872021080369066e-09
robust_circle,True,False,0.2674877375212705,computed,True,True,False,1014,1014,not_assessed,0.9742554638067285,0.2129857873665881,74.3771590750558,79.45752606806279,13749,14762,1.300227748675015,1.4617601145478276,0.4430090123952324,1.0,0.8543624456457524,357.25216666867095,4.0,4.0,0.0,0.4495500431728179,0.0260442422662872,9.382081284161793e-09
legacy,True,False,0.2667778409090909,computed,True,,False,1014,1014,not_assessed,0.9736795350751812,0.2339716230998777,74.87798073381697,79.95834772682396,13849,14862,1.3001848932130309,1.4636944395998557,0.5204608159512428,1.6254476244300204,1.1869649907806932,357.282462957297,4.0,4.0,0.0,0.5204111168696021,0.0307127950700461,0.0206582208568374
centered_algebraic,True,False,0.2667778409090909,computed,True,,False,1014,1014,not_assessed,0.9736795350751812,0.2339716230998777,74.87798073381697,79.95834772682396,13849,14862,1.294613192079647,1.4687161240720488,0.5484445413344229,1.0657834236496255,1.032899842027603,354.8826246635975,4.0,4.0,0.0,0.5594830569067382,0.0319258237873601,8.323202713103025e-16
ellipse_constrained,True,False,0.2667778409090909,computed,True,,False,1014,1014,not_assessed,0.9736795350751812,0.2339716230998777,74.87798073381697,79.95834772682396,13849,14862,1.291056809130632,1.460991102136672,0.5459600049152217,1.0557074325974078,1.0254547595977783,354.625670953525,4.0,4.0,0.0,0.5524210807828002,0.0281338952155803,0.0
geometric_ellipse,True,False,0.2667778409090909,computed,True,True,False,1014,1014,not_assessed,0.9736795350751812,0.2339716230998777,74.87798073381697,79.95834772682396,13849,14862,1.2945897253828529,1.4626569374120162,0.4373531946933194,1.1633225387159876,0.9211518637551176,354.8708107741176,4.0,4.0,0.0,0.450553431976193,0.0248011210040759,8.280808535448749e-09
robust_circle,True,False,0.2667778409090909,computed,True,True,False,1014,1014,not_assessed,0.9736795350751812,0.2339716230998777,74.87798073381697,79.95834772682396,13849,14862,1.294872380343557,1.462469490327575,0.4361983362953206,1.0,0.8572113795984648,354.89021055338054,4.0,4.0,0.0,0.4484493428890072,0.0238900298101067,9.913730923159476e-09
legacy,True,False,0.2623373093151574,computed,True,,False,1014,1014,not_assessed,0.7739627923610404,0.2422747626091848,75.37880239257812,80.45916938558511,13949,14962,1.2996882074588023,1.4638554066143514,0.5263139083095298,1.6173105708367912,1.1872545828087309,357.3693038241581,4.0,4.0,0.0,0.5398733812496727,0.0438039260029533,0.0187676552062387
centered_algebraic,True,False,0.2623373093151574,computed,True,,False,1014,1014,not_assessed,0.7739627923610404,0.2422747626091848,75.37880239257812,80.45916938558511,13949,14962,1.2967314581800726,1.4651678158391133,0.5650138170333117,1.0422540775166658,1.0256999243831983,357.17109682414076,4.0,4.0,0.0,0.5735258432558034,0.0471977416656595,1.1970027921553114e-15
ellipse_constrained,True,False,0.2623373093151574,computed,True,,False,1014,1014,not_assessed,0.7739627923610404,0.2422747626091848,75.37880239257812,80.45916938558511,13949,14962,1.2910094611632177,1.4593113714843309,0.5622448849810493,1.0364339456911074,1.0204952955245972,357.3983439703795,4.0,4.0,0.0,0.5799456864664257,0.0450487948064452,8.464087914322522e-16
geometric_ellipse,True,False,0.2623373093151574,computed,True,True,False,1014,1014,not_assessed,0.7739627923610404,0.2422747626091848,75.37880239257812,80.45916938558511,13949,14962,1.2916171737469149,1.4617518876929636,0.4517155161158908,1.3574932336754215,0.9887545601024744,357.430661889063,4.0,4.0,0.0,0.4864362019380009,0.0511171125254807,9.204962765436156e-09
robust_circle,True,False,0.2623373093151574,computed,True,True,False,1014,1014,not_assessed,0.7739627923610404,0.2422747626091848,75.37880239257812,80.45916938558511,13949,14962,1.293357811323446,1.4619632611958824,0.4483659194137153,1.0,0.8542354811080524,357.5117766406046,4.0,4.0,0.0,0.4802342560251385,0.0557239110095607,1.158412288142856e-08
legacy,True,False,0.2628263938097147,computed,True,,False,1014,1014,not_assessed,0.9556033577614412,0.2048496805588499,75.87962405133928,80.95999104434627,14049,15062,1.302192362561522,1.4584433199068976,0.5383561242341095,1.6597938830865937,1.2071338478128086,357.367002186576,4.0,4.0,0.0,0.5490836280919971,0.0372345430776433,0.0300696720897422
centered_algebraic,True,False,0.2628263938097147,computed,True,,False,1014,1014,not_assessed,0.9556033577614412,0.2048496805588499,75.87962405133928,80.95999104434627,14049,15062,1.2982220932368178,1.4610879702430468,0.5829865358707275,1.047565723291081,1.0317281658772186,357.0569774878817,4.0,4.0,0.0,0.5873970343115956,0.0197247470892524,0.0
ellipse_constrained,True,False,0.2628263938097147,computed,True,,False,1014,1014,not_assessed,0.9556033577614412,0.2048496805588499,75.87962405133928,80.95999104434627,14049,15062,1.2913353305426791,1.4529834631182703,0.583158316501243,1.0386608998369231,1.023409366607666,357.34045446820113,4.0,4.0,0.0,0.5831079584927591,0.0188581396949853,1.889105669535319e-15
geometric_ellipse,True,False,0.2628263938097147,computed,True,True,False,1014,1014,not_assessed,0.9556033577614412,0.2048496805588499,75.87962405133928,80.95999104434627,14049,15062,1.287542120065727,1.4558537711110429,0.4726910760479328,1.4545921096131718,1.0162401173910365,357.37131309154313,4.0,4.0,0.0,0.4833098476430338,0.0325054458945316,9.920983371379976e-09
robust_circle,True,False,0.2628263938097147,computed,True,True,False,1014,1014,not_assessed,0.9556033577614412,0.2048496805588499,75.87962405133928,80.95999104434627,14049,15062,1.291502820063273,1.4547799975266942,0.4515553952987622,1.0,0.8507625993614955,357.42073286403996,4.0,4.0,0.0,0.4691585637511377,0.0231925866849608,1.1678932263582e-08
legacy,True,False,0.2606813747465923,computed,True,,False,1014,1014,not_assessed,0.9709623948645916,0.2239308546434995,76.38044571010045,81.46081270310744,14149,15162,1.2939043295922623,1.4690163337126023,0.5378922553313711,1.697335861195132,1.2354727385571345,357.15876560625605,4.0,4.0,0.0,0.5522331578532039,0.042775264073378,0.0153280241401771
centered_algebraic,True,False,0.2606813747465923,computed,True,,False,1014,1014,not_assessed,0.9709623948645916,0.2239308546434995,76.38044571010045,81.46081270310744,14149,15162,1.2959136224525836,1.4653176058392892,0.5885128613179847,1.0514511132830515,1.0415931848474538,357.2131290393911,4.0,4.0,0.0,0.5925063264599706,0.0291997149685636,8.517854608557295e-16
ellipse_constrained,True,False,0.2606813747465923,computed,True,,False,1014,1014,not_assessed,0.9709623948645916,0.2239308546434995,76.38044571010045,81.46081270310744,14149,15162,1.287541640966237,1.4586376823543354,0.5782832529346287,1.049311820338728,1.0367209911346436,357.35014796781974,4.0,4.0,0.0,0.5944341242722285,0.0344398967523462,8.517854608557295e-16
geometric_ellipse,True,False,0.2606813747465923,computed,True,True,False,1014,1014,not_assessed,0.9709623948645916,0.2239308546434995,76.38044571010045,81.46081270310744,14149,15162,1.2839627957007034,1.460637438838194,0.4738803116656206,1.418754433364928,1.010369132832161,357.3925996206282,4.0,4.0,0.0,0.5013517408345189,0.0383377419968416,1.0230504194667329e-08
robust_circle,True,False,0.2606813747465923,computed,True,True,False,1014,1014,not_assessed,0.9709623948645916,0.2239308546434995,76.38044571010045,81.46081270310744,14149,15162,1.2848941366110338,1.4618955753125826,0.4667854449646316,1.0,0.8524849314837429,357.3881179675659,4.0,4.0,0.0,0.4863083718895221,0.0434030460602814,1.174264432366529e-08
legacy,True,False,0.2631669607940426,computed,True,,False,1014,1014,not_assessed,0.93669960621905,0.2571874389043113,76.88126736886161,81.9616343618686,14249,15262,1.2906789745625074,1.47144997015527,0.5364765894007741,1.615383831057008,1.1817092916804368,357.43946438072413,4.0,4.0,0.0,0.5439164010871348,0.0266459993930942,0.0223390667787983
centered_algebraic,True,False,0.2631669607940426,computed,True,,False,1014,1014,not_assessed,0.93669960621905,0.2571874389043113,76.88126736886161,81.9616343618686,14249,15262,1.2957755692694688,1.4668286119051153,0.5943410036343232,1.092512705886157,1.0418283990037809,357.2993193752309,4.0,4.0,0.0,0.5919014363933279,0.0265332203964127,8.437404309988815e-16
ellipse_constrained,True,False,0.2631669607940426,computed,True,,False,1014,1014,not_assessed,0.93669960621905,0.2571874389043113,76.88126736886161,81.9616343618686,14249,15262,1.2876165288217094,1.4613160573783952,0.5785364221938751,1.0913207136616012,1.0379257202148438,357.35101501135347,4.0,4.0,0.0,0.5769497413852464,0.0349698878146311,1.88666095907847e-15
geometric_ellipse,True,False,0.2631669607940426,computed,True,True,False,1014,1014,not_assessed,0.93669960621905,0.2571874389043113,76.88126736886161,81.9616343618686,14249,15262,1.2857356917516622,1.4613717788037233,0.466433365190427,1.1942435162386658,0.912462210476906,357.32599147614013,4.0,4.0,0.0,0.4884819917112017,0.0593751549978987,1.1863897298546744e-08
robust_circle,True,False,0.2631669607940426,computed,True,True,False,1014,1014,not_assessed,0.93669960621905,0.2571874389043113,76.88126736886161,81.9616343618686,14249,15262,1.2849457446469184,1.4639714801061243,0.4619773320386276,1.0,0.8347429732415582,357.30921738767813,4.0,4.0,0.0,0.4752650126000428,0.0541069071852448,1.1108554209869154e-08
legacy,True,False,0.2661153508771929,computed,True,,False,1014,1014,not_assessed,0.9432386611029696,0.2662975275513355,77.38208902762277,82.46245602062976,14349,15362,1.288404494508406,1.4701795063389675,0.5255183951571308,1.6008805099614931,1.1512262303704763,357.38773302819027,4.0,4.0,0.0,0.5332172977412134,0.0100764896567689,0.013465889087377
centered_algebraic,True,False,0.2661153508771929,computed,True,,False,1014,1014,not_assessed,0.9432386611029696,0.2662975275513355,77.38208902762277,82.46245602062976,14349,15362,1.2904592069693888,1.46894428395737,0.5595926685315598,1.1179628256128549,1.0313277575450648,357.36229754899455,4.0,4.0,0.0,0.5569650040488345,0.0169987082954966,1.1800089348534742e-15
ellipse_constrained,True,False,0.2661153508771929,computed,True,,False,1014,1014,not_assessed,0.9432386611029696,0.2662975275513355,77.38208902762277,82.46245602062976,14349,15362,1.2830637701978629,1.463043179037674,0.5469585103146166,1.1136504244920291,1.0263487100601196,357.41000288322863,4.0,4.0,0.0,0.5505698175655509,0.0132639285379515,0.0
geometric_ellipse,True,False,0.2661153508771929,computed,True,True,False,1014,1014,not_assessed,0.9432386611029696,0.2662975275513355,77.38208902762277,82.46245602062976,14349,15362,1.27795324852283,1.463590468095454,0.4431510642139451,1.3874843131109265,0.9785369941680144,357.38399034948264,4.0,4.0,0.0,0.4811577103299846,0.0207052225928354,5.008655543059561e-09
robust_circle,True,False,0.2661153508771929,computed,True,True,False,1014,1014,not_assessed,0.9432386611029696,0.2662975275513355,77.38208902762277,82.46245602062976,14349,15362,1.281826572720291,1.46490602048759,0.4429989013915519,1.0,0.8230198683392949,357.42869672453816,4.0,4.0,0.0,0.4593390083561562,0.0263128458531527,8.217900190615036e-09
legacy,True,False,0.2718346648694085,computed,True,,False,1014,1014,not_assessed,0.9546442917088116,0.2050139882391508,77.88291068638392,82.96327767939091,14449,15462,1.2864429389146914,1.4726532800386665,0.5112982898088211,1.610477981467622,1.1341308956473652,357.70038431628626,4.0,4.0,0.0,0.5152889224126085,0.0218342869922788,0.0162449882306672
centered_algebraic,True,False,0.2718346648694085,computed,True,,False,1014,1014,not_assessed,0.9546442917088116,0.2050139882391508,77.88291068638392,82.96327767939091,14449,15462,1.2865030095522918,1.4756619887203235,0.5454293234161335,1.12633389394462,1.0183329562006798,357.4775519725726,4.0,4.0,0.0,0.5505987076910971,0.0365206910745186,8.16836973429063e-16
ellipse_constrained,True,False,0.2718346648694085,computed,True,,False,1014,1014,not_assessed,0.9546442917088116,0.2050139882391508,77.88291068638392,82.96327767939091,14449,15462,1.2803842234441132,1.467922294681211,0.5281262516201104,1.1160411448205831,1.0104352235794067,357.500786058266,4.0,4.0,0.0,0.5327029554196585,0.033400968170256,1.633673946858126e-15
geometric_ellipse,True,False,0.2718346648694085,computed,True,True,False,1014,1014,not_assessed,0.9546442917088116,0.2050139882391508,77.88291068638392,82.96327767939091,14449,15462,1.275407406534393,1.4693250275797165,0.4334481220710965,1.403615909292249,0.9765139823931008,357.5349144695699,4.0,4.0,0.0,0.4719281899266012,0.0441052046979967,4.695391902294957e-09
robust_circle,True,False,0.2718346648694085,computed,True,True,False,1014,1014,not_assessed,0.9546442917088116,0.2050139882391508,77.88291068638392,82.96327767939091,14449,15462,1.2783129170978869,1.4680879036046477,0.4290010456547993,1.0,0.8170472645006337,357.5046005407775,4.0,4.0,0.0,0.4533904123572755,0.0364552607590497,7.193464464056784e-09
legacy,True,False,0.2726000984633514,computed,True,,False,1014,1014,not_assessed,0.96035754996963,0.2091735915788097,78.38373234514509,83.46409933815208,14549,15562,1.287928561826339,1.4752837320946186,0.4980586989158559,1.5742419944143964,1.103607123979789,357.1751023873798,4.0,4.0,0.0,0.4999904822884462,0.0231049226386453,0.0147734114517834
centered_algebraic,True,False,0.2726000984633514,computed,True,,False,1014,1014,not_assessed,0.96035754996963,0.2091735915788097,78.38373234514509,83.46409933815208,14549,15562,1.2887808432253165,1.4774435762491007,0.5341322643201574,1.1715781456336565,1.0247575323622735,357.19716968289015,4.0,4.0,0.0,0.540012918562949,0.0322408508933081,8.145433775581822e-16
ellipse_constrained,True,False,0.2726000984633514,computed,True,,False,1014,1014,not_assessed,0.96035754996963,0.2091735915788097,78.38373234514509,83.46409933815208,14549,15562,1.2828530576621906,1.470602121370744,0.5268027293118085,1.165586520694192,1.0194414854049685,357.5154539379785,4.0,4.0,0.0,0.5266941808323476,0.0306096452998352,1.1519382916839702e-15
geometric_ellipse,True,False,0.2726000984633514,computed,True,True,False,1014,1014,not_assessed,0.96035754996963,0.2091735915788097,78.38373234514509,83.46409933815208,14549,15562,1.2757838517022535,1.4729272464188103,0.4309985700076131,1.518816566440073,1.0081190016632202,357.23121524777025,4.0,4.0,0.0,0.4361714399041226,0.035471575902508,3.180055502033714e-09
robust_circle,True,False,0.2726000984633514,computed,True,True,False,1014,1014,not_assessed,0.96035754996963,0.2091735915788097,78.38373234514509,83.46409933815208,14549,15562,1.278962145136893,1.4712184211956616,0.4280130987478369,1.0,0.8070800817618903,357.3968738227768,4.0,4.0,0.0,0.4442262135003972,0.0327403328558103,6.1966122308695885e-09
legacy,True,False,0.263029881967678,computed,True,,False,1014,1014,not_assessed,0.915959634425696,0.2205624482887211,78.88455400390626,83.96492099691325,14649,15662,1.2890517348843231,1.478521214355902,0.5110969314973393,1.6126475224803103,1.1419405773896698,356.7426916142794,4.0,4.0,0.0,0.5187858911487355,0.0307546686022874,0.0307814409767507
centered_algebraic,True,False,0.263029881967678,computed,True,,False,1014,1014,not_assessed,0.915959634425696,0.2205624482887211,78.88455400390626,83.96492099691325,14649,15662,1.2814443762676078,1.4912332532574943,0.5596160796680166,1.1731509886794125,1.0564575880717002,357.2151657707138,4.0,4.0,0.0,0.5481640075439015,0.0623777772046072,0.0
ellipse_constrained,True,False,0.263029881967678,computed,True,,False,1014,1014,not_assessed,0.915959634425696,0.2205624482887211,78.88455400390626,83.96492099691325,14649,15662,1.277845392321294,1.479356285015998,0.5449046307684988,1.150950901775292,1.0414624214172363,356.87032801530967,4.0,4.0,0.0,0.5452695102420607,0.0381154932058291,8.44180148901549e-16
geometric_ellipse,True,False,0.263029881967678,computed,True,True,False,1014,1014,not_assessed,0.915959634425696,0.2205624482887211,78.88455400390626,83.96492099691325,14649,15662,1.271112756815104,1.4821942169507452,0.4417571239134131,1.495216229646824,1.0275671711766057,357.01488735425204,4.0,4.0,0.0,0.4557669864261111,0.0424637461751906,2.769145474216765e-09
robust_circle,True,False,0.263029881967678,computed,True,True,False,1014,1014,not_assessed,0.915959634425696,0.2205624482887211,78.88455400390626,83.96492099691325,14649,15662,1.2759955429284635,1.479578398655116,0.4335821110789433,1.0,0.8220020264449035,356.8964412681964,4.0,4.0,0.0,0.454076772195174,0.0339877926548687,5.974304386427948e-09
legacy,True,False,0.2616911538044069,computed,True,,False,1014,1014,not_assessed,0.9544547395582772,0.2141538771637731,79.38537566266741,84.4657426556744,14749,15762,1.2952240181861476,1.468283377370195,0.5161515309313385,1.6379412160292204,1.1482029222054655,356.97290898956385,4.0,4.0,0.0,0.5333164829456831,0.0509120027776622,0.0532065636991717
centered_algebraic,True,False,0.2616911538044069,computed,True,,False,1014,1014,not_assessed,0.9544547395582772,0.2141538771637731,79.38537566266741,84.4657426556744,14749,15762,1.2705380322391442,1.4902701688550202,0.5574724672036859,1.1742633281264596,1.0638264253366434,357.2257934586575,4.0,4.0,0.0,0.5506111818099517,0.0709780747445341,1.199958375251227e-15
ellipse_constrained,True,False,0.2616911538044069,computed,True,,False,1014,1014,not_assessed,0.9544547395582772,0.2141538771637731,79.38537566266741,84.4657426556744,14749,15762,1.27659083372926,1.4770923235004638,0.5417072941920942,1.1627094168466237,1.049098014831543,356.75950967937206,4.0,4.0,0.0,0.5398474183531712,0.0409636571704941,8.484987042817345e-16
geometric_ellipse,True,False,0.2616911538044069,computed,True,True,False,1014,1014,not_assessed,0.9544547395582772,0.2141538771637731,79.38537566266741,84.4657426556744,14749,15762,1.2702889260377976,1.476419053319361,0.4420520968201504,1.5299614256361456,1.0392257565706091,357.1762845696254,4.0,4.0,0.0,0.4454196132927765,0.0538519915556075,2.953975553597641e-09
robust_circle,True,False,0.2616911538044069,computed,True,True,False,1014,1014,not_assessed,0.9544547395582772,0.2141538771637731,79.38537566266741,84.4657426556744,14749,15762,1.276506929406137,1.4741309214247251,0.4348876190264985,1.0,0.8226270125719921,357.1632567002929,4.0,4.0,0.0,0.4557280978504869,0.0553500064928007,6.603615035695279e-09
legacy,True,False,0.2592966991846303,computed,True,,False,1014,1014,not_assessed,0.9308546811351192,0.2335373380312556,79.88619732142857,84.96656431443556,14849,15862,1.304232357753529,1.4625970055179456,0.5273880081787707,1.6700274253237022,1.177055353207446,355.20576775696685,4.0,4.0,0.0,0.5529777120705011,0.0811847566369603,0.077507996553735
centered_algebraic,True,False,0.2592966991846303,computed,True,,False,1014,1014,not_assessed,0.9308546811351192,0.2335373380312556,79.88619732142857,84.96656431443556,14849,15862,1.2756003425110538,1.4918832809568032,0.6065382218491463,1.2073488745208014,1.0919113865631074,356.5155715178284,4.0,4.0,0.0,0.5867476338754745,0.0525681504647332,8.563340976698132e-16
ellipse_constrained,True,False,0.2592966991846303,computed,True,,False,1014,1014,not_assessed,0.9308546811351192,0.2335373380312556,79.88619732142857,84.96656431443556,14849,15862,1.277586067784803,1.474517000988397,0.5677859175923192,1.1483003903782816,1.0513687133789062,356.36825846705386,4.0,4.0,0.0,0.5730585387563009,0.0294360876649468,0.0
geometric_ellipse,True,False,0.2592966991846303,computed,True,True,False,1014,1014,not_assessed,0.9308546811351192,0.2335373380312556,79.88619732142857,84.96656431443556,14849,15862,1.271533567297673,1.4665017462342818,0.4467674257537948,1.2446669241324668,0.9387971536029324,356.0688016524194,4.0,4.0,0.0,0.5044768056311466,0.0367870534747391,1.3816342244949627e-08
robust_circle,True,False,0.2592966991846303,computed,True,True,False,1014,1014,not_assessed,0.9308546811351192,0.2335373380312556,79.88619732142857,84.96656431443556,14849,15862,1.276697041047372,1.466521517154938,0.4457503900915962,1.0,0.8354876909654996,355.94938960048916,4.0,4.0,0.0,0.4723273879322848,0.0397643738067408,9.088421913508331e-09
legacy,True,False,0.2594864809390671,computed,True,,False,1014,1014,not_assessed,0.9151401165402184,0.2545688802018013,80.38701898018974,85.46738597319673,14949,15962,1.3098712843406268,1.4631356507095734,0.520872880951757,1.6483535608229831,1.1763529074104089,356.2410956436266,4.0,4.0,0.0,0.5367474970600699,0.049260571098676,0.077572966230925
centered_algebraic,True,False,0.2594864809390671,computed,True,,False,1014,1014,not_assessed,0.9151401165402184,0.2545688802018013,80.38701898018974,85.46738597319673,14949,15962,1.281567585162202,1.490864255217036,0.5937664800587851,1.1846307225548796,1.0813373321830486,356.5924739994621,4.0,4.0,0.0,0.594141511664256,0.0463808842445651,0.0
ellipse_constrained,True,False,0.2594864809390671,computed,True,,False,1014,1014,not_assessed,0.9151401165402184,0.2545688802018013,80.38701898018974,85.46738597319673,14949,15962,1.2840105928022278,1.4758621817311042,0.553403913161961,1.1375625390550743,1.0482865571975708,356.24141308059575,4.0,4.0,0.0,0.5663336061254417,0.0303298375792703,8.557077968819967e-16
geometric_ellipse,True,False,0.2594864809390671,computed,True,True,False,1014,1014,not_assessed,0.9151401165402184,0.2545688802018013,80.38701898018974,85.46738597319673,14949,15962,1.283494529164689,1.4723626763914746,0.4350560225542117,1.1041291169544236,0.8902855267152945,356.2734201653556,4.0,4.0,0.0,0.5016741270426326,0.0345296924093431,9.222875569649174e-09
robust_circle,True,False,0.2594864809390671,computed,True,True,False,1014,1014,not_assessed,0.9151401165402184,0.2545688802018013,80.38701898018974,85.46738597319673,14949,15962,1.2862067335473193,1.471714119422064,0.4462802105976093,1.0,0.8436786010848275,356.25148657288617,4.0,4.0,0.0,0.4538120981869344,0.0250865111524389,8.540164926658602e-09
legacy,True,False,0.2560117042101577,computed,True,,False,1014,1014,not_assessed,0.94105554929389,0.2458831141690702,80.88784063895089,85.96820763195788,15049,16062,1.306057444000321,1.4692675737060004,0.5256935354838747,1.6416994358531485,1.1672401036334463,356.69867498214114,4.0,4.0,0.0,0.5462241936680436,0.069078080587464,0.0779934322317786
centered_algebraic,True,False,0.2560117042101577,computed,True,,False,1014,1014,not_assessed,0.94105554929389,0.2458831141690702,80.88784063895089,85.96820763195788,15049,16062,1.2757198225812678,1.4968007946264534,0.6057859611754135,1.1743618313630255,1.0724178495255203,356.66243609024417,4.0,4.0,0.0,0.5824343332154556,0.0775597328236359,8.673220843948481e-16
ellipse_constrained,True,False,0.2560117042101577,computed,True,,False,1014,1014,not_assessed,0.94105554929389,0.2458831141690702,80.88784063895089,85.96820763195788,15049,16062,1.2813492340007402,1.482047244621404,0.557529778789496,1.146081858541819,1.0465110540390017,356.68007463503045,4.0,4.0,0.0,0.5562632460671362,0.0346881731372704,0.0
geometric_ellipse,True,False,0.2560117042101577,computed,True,True,False,1014,1014,not_assessed,0.94105554929389,0.2458831141690702,80.88784063895089,85.96820763195788,15049,16062,1.281134794015122,1.476011591032329,0.4394831702212119,1.150989195070219,0.9033975978591794,356.8294592923084,4.0,4.0,0.0,0.5035078863845837,0.0448872928382788,1.1346563738553552e-08
robust_circle,True,False,0.2560117042101577,computed,True,True,False,1014,1014,not_assessed,0.94105554929389,0.2458831141690702,80.88784063895089,85.96820763195788,15049,16062,1.2850555361432945,1.4753854716196122,0.4452838008364555,1.0,0.8385358874253002,356.7958173433693,4.0,4.0,0.0,0.460971119233504,0.0212542123137952,9.052332746572112e-09
legacy,True,False,0.2537678236397748,computed,True,,False,1014,1014,not_assessed,0.9550854588668622,0.2397263558032697,81.38866229771206,86.46902929071905,15149,16162,1.3133111442141112,1.461771685958564,0.5327672339505981,1.6614772373985935,1.1986324358676754,355.5764436204373,4.0,4.0,0.0,0.5598084680960432,0.0742895000028466,0.0958972703439631
centered_algebraic,True,False,0.2537678236397748,computed,True,,False,1014,1014,not_assessed,0.9550854588668622,0.2397263558032697,81.38866229771206,86.46902929071905,15149,16162,1.2757538564443438,1.49634636399183,0.6046956897898892,1.1642343456304256,1.0802594165425288,356.92800751480183,4.0,4.0,0.0,0.6097843773182855,0.0424528425270018,0.0
ellipse_constrained,True,False,0.2537678236397748,computed,True,,False,1014,1014,not_assessed,0.9550854588668622,0.2397263558032697,81.38866229771206,86.46902929071905,15149,16162,1.2848203800069926,1.4815350247151446,0.5603014969377862,1.1494583837298045,1.0563735961914062,356.3701907108327,4.0,4.0,0.0,0.5760152396654372,0.039887484445683,8.749911700398439e-16
geometric_ellipse,True,False,0.2537678236397748,computed,True,True,False,1014,1014,not_assessed,0.9550854588668622,0.2397263558032697,81.38866229771206,86.46902929071905,15149,16162,1.287952742358885,1.4758437867992642,0.4373477075804278,1.0860744220919023,0.8849789471475981,356.00306457745796,4.0,4.0,0.0,0.5035557236367552,0.0424326900555383,9.519165575323954e-09
robust_circle,True,False,0.2537678236397748,computed,True,True,False,1014,1014,not_assessed,0.9550854588668622,0.2397263558032697,81.38866229771206,86.46902929071905,15149,16162,1.290214545345561,1.474261812303444,0.4437677138083468,1.0,0.8473934851417437,356.081420466695,4.0,4.0,0.0,0.469913241983005,0.0349678394727686,8.770819118286399e-09
legacy,True,False,0.2421225070915355,computed,True,,False,1014,1014,not_assessed,0.9263946531118232,0.2648477455774484,81.88948395647321,86.9698509494802,15249,16262,1.3157362767340512,1.4658823654848,0.5293195064002183,1.714582403963209,1.246812026497603,355.62522917579525,4.0,4.0,0.0,0.5555903583124202,0.0384651387644334,0.108403237362265
centered_algebraic,True,False,0.2421225070915355,computed,True,,False,1014,1014,not_assessed,0.9263946531118232,0.2648477455774484,81.88948395647321,86.9698509494802,15249,16262,1.2765802931905816,1.4996627101215514,0.6307926131580374,1.1167413230303953,1.0814937221998582,357.1124519152019,4.0,4.0,0.0,0.6323265960970258,0.0690534959872881,9.170754408266818e-16
ellipse_constrained,True,False,0.2421225070915355,computed,True,,False,1014,1014,not_assessed,0.9263946531118232,0.2648477455774484,81.88948395647321,86.9698509494802,15249,16262,1.284812573475934,1.4859752605696497,0.5806307998599234,1.0980773905501144,1.0567996501922607,356.78990244158575,4.0,4.0,0.0,0.5846740843113084,0.0392151006210862,9.170754408266818e-16
geometric_ellipse,True,False,0.2421225070915355,computed,True,True,False,1014,1014,not_assessed,0.9263946531118232,0.2648477455774484,81.88948395647321,86.9698509494802,15249,16262,1.2879759716326449,1.4767823155091069,0.4530371582005846,1.1318850739564812,0.9193394379418732,356.1455992848336,4.0,4.0,0.0,0.5086611917034126,0.0350403356118565,9.079669711698281e-09
robust_circle,True,False,0.2421225070915355,computed,True,True,False,1014,1014,not_assessed,0.9263946531118232,0.2648477455774484,81.88948395647321,86.9698509494802,15249,16262,1.2879433396055893,1.4758398244804982,0.4561431628976589,1.0,0.8655790673420231,356.13079166587937,4.0,4.0,0.0,0.4755051095302888,0.0373367536319542,1.0047810095658614e-08
legacy,True,False,0.2318774257050234,computed,True,,False,1014,1014,not_assessed,0.9311882277319956,0.2293202601969373,82.39030561523437,87.47067260824136,15349,16362,1.3140010228447925,1.4755177938550237,0.5414545539061683,1.6834191400058214,1.2590890262314225,356.10145347655424,4.0,4.0,0.0,0.5738267865221598,0.0743864599651138,0.1013937277227223
centered_algebraic,True,False,0.2318774257050234,computed,True,,False,1014,1014,not_assessed,0.9311882277319956,0.2293202601969373,82.39030561523437,87.47067260824136,15349,16362,1.2772942441831308,1.504881587050655,0.6693288272821584,1.0894010653070465,1.1058262031953492,356.7579511831075,4.0,4.0,0.0,0.6544944558813772,0.0525359044719554,9.57594747526218e-16
ellipse_constrained,True,False,0.2318774257050234,computed,True,,False,1014,1014,not_assessed,0.9311882277319956,0.2293202601969373,82.39030561523437,87.47067260824136,15349,16362,1.2854865915967315,1.49130783081693,0.6079677969175457,1.0881969613643254,1.089293122291565,356.7982230956143,4.0,4.0,0.0,0.5974045929630675,0.0394353684369573,9.57594747526218e-16
geometric_ellipse,True,False,0.2318774257050234,computed,True,True,False,1014,1014,not_assessed,0.9311882277319956,0.2293202601969373,82.39030561523437,87.47067260824136,15349,16362,1.2894115706088145,1.4795692343955849,0.4828906685836157,1.2214438695400265,0.9824354214997254,355.5637526955576,4.0,4.0,0.0,0.5232568751385132,0.0352944020942797,9.322677084297189e-09
robust_circle,True,False,0.2318774257050234,computed,True,True,False,1014,1014,not_assessed,0.9311882277319956,0.2293202601969373,82.39030561523437,87.47067260824136,15349,16362,1.2876399316182918,1.4791330946253411,0.477082667945098,1.0,0.8893328437926192,355.5406922331097,4.0,4.0,0.0,0.4928765482145179,0.0410479294818742,1.1727765487060171e-08
