anchor_time_sec,window_scale,window_width_sec,window_end_sec,complete_forward_window,available_first_frame,available_last_frame,n_available,baseline_cloud_R_um,time_block,x_half_span_um,y_half_span_um,median_x_um,median_y_um,cloud_pca_ratio,cloud_R_um,block_start_sec,block_end_sec
15.781025,0.25,1.2700917482517484,17.051116748251747,True,2049,2302,254,0.2940910513361215,0,0.16114463151468184,0.17899631797473348,1.3456077694235589,1.4081358695652173,1.325010366691805,0.17899631797473348,15.781025,16.096565
15.781025,0.25,1.2700917482517484,17.051116748251747,True,2049,2302,254,0.2940910513361215,1,0.503076463462546,0.2704274215054311,1.3237723577235774,1.4049779346866726,1.7356196792848468,0.503076463462546,16.101573,16.417113
15.781025,0.25,1.2700917482517484,17.051116748251747,True,2049,2302,254,0.2940910513361215,2,0.29808337027037923,0.2774252289319732,1.2507317073170732,1.4433333333333334,1.402496862786111,0.29808337027037923,16.422122,16.732653
15.781025,0.25,1.2700917482517484,17.051116748251747,True,2049,2302,254,0.2940910513361215,3,0.22261718263416763,0.22002508789593478,1.1693023255813957,1.3869230769230767,1.3098498356731518,0.22261718263416763,16.737661,17.048192
15.781025,0.5,2.540183496503497,18.321208496503495,True,2049,2556,508,0.2940910513361215,0,0.3668968250192627,0.2498555590750713,1.3362637362637364,1.40475,1.4887866236451548,0.3668968250192627,15.781025,16.412105
15.781025,0.5,2.540183496503497,18.321208496503495,True,2049,2556,508,0.2940910513361215,1,0.28497478038294133,0.2683399403323219,1.1851162790697674,1.409166666666667,1.2953338845484064,0.28497478038294133,16.417113,17.048192
15.781025,0.5,2.540183496503497,18.321208496503495,True,2049,2556,508,0.2940910513361215,2,0.3994772149259954,0.35767907852339587,1.3130769230769233,1.4380434782608698,1.4489148795461135,0.3994772149259954,17.053201,17.68428
15.781025,0.5,2.540183496503497,18.321208496503495,True,2049,2556,508,0.2940910513361215,3,0.20469055804035774,0.21032029306983913,1.3277777777777775,1.374878048780488,1.043434855395343,0.21032029306983913,17.689289,18.320368
15.781025,1.0,5.080366993006994,20.861391993006993,True,2049,3063,1015,0.2940910513361215,0,0.3041625215744112,0.2622732168887517,1.3055727215980024,1.40905701754386,1.3408405012690208,0.3041625215744112,15.781025,17.048192
15.781025,1.0,5.080366993006994,20.861391993006993,True,2049,3063,1015,0.2940910513361215,1,0.30762406080016286,0.2600885441407347,1.3211007957559682,1.3868297101449278,1.3179206147531612,0.30762406080016286,17.053201,18.320368
15.781025,1.0,5.080366993006994,20.861391993006993,True,2049,3063,1015,0.2940910513361215,2,0.25611844836533487,0.18527276404151394,1.262492182614134,1.5046794871794873,1.4396636342147784,0.25611844836533487,18.325377,19.592544
15.781025,1.0,5.080366993006994,20.861391993006993,True,2049,3063,1015,0.2940910513361215,3,0.21827876869965457,0.24085339160839103,1.2867469879518072,1.3968085106382977,1.0617798624042072,0.24085339160839103,19.597552,20.859711
15.781025,2.0,10.160733986013987,25.941758986013987,True,2049,4077,2029,0.2940910513361215,0,0.31183916459025457,0.269190539281037,1.3127453580901858,1.3978884711779451,1.320980021903505,0.31183916459025457,15.781025,18.320368
15.781025,2.0,10.160733986013987,25.941758986013987,True,2049,4077,2029,0.2940910513361215,1,0.2618925169355403,0.23306075174825158,1.2755555555555556,1.4582978723404256,1.186298123189967,0.2618925169355403,18.325377,20.859711
15.781025,2.0,10.160733986013987,25.941758986013987,True,2049,4077,2029,0.2940910513361215,2,0.21414865221987311,0.22896030699131464,1.3131182795698926,1.3657777777777778,1.0840007424850853,0.22896030699131464,20.86472,23.399054
15.781025,2.0,10.160733986013987,25.941758986013987,True,2049,4077,2029,0.2940910513361215,3,0.2877482171225653,0.23795600414078666,1.2886046511627909,1.4041379310344828,1.2268730356530708,0.2877482171225653,23.404063,25.938397
16.28184665876116,0.25,1.2700917482517484,17.55193840701291,True,2149,2402,254,0.29233577252071635,0,0.4412459478095523,0.274939126896248,1.3294406130268197,1.403519578313253,1.4884599076052454,0.4412459478095523,16.281882,16.597421
16.28184665876116,0.25,1.2700917482517484,17.55193840701291,True,2149,2402,254,0.29233577252071635,1,0.23312267080745336,0.2818035071406433,1.1678106852497097,1.407239641657335,1.3938312019467989,0.2818035071406433,16.60243,16.91797
16.28184665876116,0.25,1.2700917482517484,17.55193840701291,True,2149,2402,254,0.29233577252071635,2,0.2855101058451477,0.24019876054178368,1.2107692307692308,1.4308333333333334,1.273516466400488,0.2855101058451477,16.922978,17.233509
16.28184665876116,0.25,1.2700917482517484,17.55193840701291,True,2149,2402,254,0.29233577252071635,3,0.42122829417773244,0.3858259102156238,1.1602272727272729,1.3931034482758622,1.6438636540324476,0.42122829417773244,17.238518,17.549049
16.28184665876116,0.5,2.540183496503497,18.822030155264656,True,2149,2656,508,0.29233577252071635,0,0.32528774570340635,0.28433487606658325,1.2506382978723405,1.4089473684210527,1.3186832681456702,0.32528774570340635,16.281882,16.912961
16.28184665876116,0.5,2.540183496503497,18.822030155264656,True,2149,2656,508,0.29233577252071635,1,0.3994772149259954,0.35767907852339587,1.1830952380952382,1.409166666666667,1.444792809189426,0.3994772149259954,16.91797,17.549049
16.28184665876116,0.5,2.540183496503497,18.822030155264656,True,2149,2656,508,0.29233577252071635,2,0.21218553493888226,0.22073545498744018,1.3212820512820511,1.3898947368421053,1.0897767184480762,0.22073545498744018,17.554058,18.185137
16.28184665876116,0.5,2.540183496503497,18.822030155264656,True,2149,2656,508,0.29233577252071635,3,0.19797462406015032,0.17594450218072777,1.301818181818182,1.4635643564356438,1.8154008360865785,0.19797462406015032,18.190145,18.821225
16.28184665876116,1.0,5.080366993006994,21.362213651768155,True,2149,3163,1015,0.29233577252071635,0,0.39826928107757215,0.2842282132090984,1.2078846153846154,1.40905701754386,1.3707210344358693,0.39826928107757215,16.281882,17.549049
16.28184665876116,1.0,5.080366993006994,21.362213651768155,True,2149,3163,1015,0.29233577252071635,1,0.22079402572826656,0.2177379378492571,1.3186726998491705,1.4278616780045352,1.3322050352252872,0.22079402572826656,17.554058,18.821225
16.28184665876116,1.0,5.080366993006994,21.362213651768155,True,2149,3163,1015,0.29233577252071635,2,0.2882298259613923,0.2220740204981837,1.2381130751964085,1.4957066052227344,1.2287988990100165,0.2882298259613923,18.826233,20.0934
16.28184665876116,1.0,5.080366993006994,21.362213651768155,True,2149,3163,1015,0.29233577252071635,3,0.20531342494714577,0.19388060872867352,1.3253846153846156,1.3671794871794871,1.1231218039898836,0.20531342494714577,20.098409,21.360568
16.28184665876116,2.0,10.160733986013987,26.44258064477515,True,2149,4177,2029,0.29233577252071635,0,0.30646518183338467,0.2642890126496814,1.2772729400749063,1.412144578313253,1.3362922955374301,0.30646518183338467,16.281882,18.821225
16.28184665876116,2.0,10.160733986013987,26.44258064477515,True,2149,4177,2029,0.29233577252071635,1,0.2495469168347697,0.2260536978697869,1.2978823529411765,1.4096629213483147,1.111373549794886,0.2495469168347697,18.826233,21.360568
16.28184665876116,2.0,10.160733986013987,26.44258064477515,True,2149,4177,2029,0.29233577252071635,2,0.21303261216443015,0.23053554406739718,1.3140425531914894,1.3735,1.0886991842236646,0.23053554406739718,21.365576,23.899911
16.28184665876116,2.0,10.160733986013987,26.44258064477515,True,2149,4177,2029,0.29233577252071635,3,0.29813538503212417,0.24884273255813938,1.284186046511628,1.3930000000000002,1.3043188066304616,0.29813538503212417,23.904919,26.439253
16.782668317522322,0.25,1.2700917482517484,18.05276006577407,True,2249,2502,254,0.28145615547687725,0,0.2137738213127912,0.23932737030411433,1.163905242500701,1.4099094202898552,1.2257747246200181,0.23932737030411433,16.782738,17.098278
16.782668317522322,0.25,1.2700917482517484,18.05276006577407,True,2249,2502,254,0.28145615547687725,1,0.4194543897456339,0.25292651857429704,1.374285714285714,1.3745121951219512,1.7339491948505668,0.4194543897456339,17.103287,17.418826
16.782668317522322,0.25,1.2700917482517484,18.05276006577407,True,2249,2502,254,0.28145615547687725,2,0.2756763699976412,0.3636595981588862,1.2133333333333334,1.453913043478261,1.6858654771171677,0.3636595981588862,17.423835,17.734366
16.782668317522322,0.25,1.2700917482517484,18.05276006577407,True,2249,2502,254,0.28145615547687725,3,0.18854777825148172,0.12768449498230383,1.3411111111111111,1.4604597701149424,1.400490237780228,0.18854777825148172,17.739374,18.049906
16.782668317522322,0.5,2.540183496503497,19.322851814025817,True,2249,2756,508,0.28145615547687725,0,0.4012401523597175,0.2548003953871312,1.1830952380952382,1.3976190476190475,1.6313182176861536,0.4012401523597175,16.782738,17.413818
16.782668317522322,0.5,2.540183496503497,19.322851814025817,True,2249,2756,508,0.28145615547687725,1,0.27848087916420255,0.3240244176706827,1.3124137931034483,1.453913043478261,1.3799602081239872,0.3240244176706827,17.418826,18.049906
16.782668317522322,0.5,2.540183496503497,19.322851814025817,True,2249,2756,508,0.28145615547687725,2,0.2317451874366766,0.19955300001893972,1.254468085106383,1.3884090909090907,1.8539907816444787,0.2317451874366766,18.054914,18.685993
16.782668317522322,0.5,2.540183496503497,19.322851814025817,True,2249,2756,508,0.28145615547687725,3,0.28427406248309384,0.1920353039299476,1.2541463414634146,1.5303225806451612,1.580251298361214,0.28427406248309384,18.691002,19.322081
16.782668317522322,1.0,5.080366993006994,21.863035310529316,True,2249,3263,1015,0.28145615547687725,0,0.31555642514124804,0.2525850772339623,1.2629846999760939,1.4113260869565218,1.3172931979038343,0.31555642514124804,16.782738,18.049906
16.782668317522322,1.0,5.080366993006994,21.863035310529316,True,2249,3263,1015,0.28145615547687725,1,0.25918484526112184,0.19823139703938686,1.254307213284899,1.500059678256357,1.4438307966051762,0.25918484526112184,18.054914,19.322081
16.782668317522322,1.0,5.080366993006994,21.863035310529316,True,2249,3263,1015,0.28145615547687725,2,0.19876002109704627,0.22984435866013053,1.2699528508771931,1.403215277777778,1.3269775560389419,0.22984435866013053,19.32709,20.594257
16.782668317522322,1.0,5.080366993006994,21.863035310529316,True,2249,3263,1015,0.28145615547687725,3,0.21726603140289003,0.21053286713286734,1.3286046511627907,1.3535,1.220261477429025,0.21726603140289003,20.599266,21.861424
16.782668317522322,2.0,10.160733986013987,26.94340230353631,True,2249,4277,2029,0.28145615547687725,0,0.2940892665802685,0.23946566032169914,1.2564058355437666,1.4574734042553192,1.3691693066644595,0.2940892665802685,16.782738,19.322081
16.782668317522322,2.0,10.160733986013987,26.94340230353631,True,2249,4277,2029,0.28145615547687725,1,0.20931303802008605,0.21565427531125203,1.3112244897959184,1.3743902439024391,1.059492745488862,0.21565427531125203,19.32709,21.861424
16.782668317522322,2.0,10.160733986013987,26.94340230353631,True,2249,4277,2029,0.28145615547687725,2,0.2560878406771966,0.22949768072868837,1.2886046511627909,1.3744444444444446,1.0184207467109787,0.2560878406771966,21.866433,24.400767
16.782668317522322,2.0,10.160733986013987,26.94340230353631,True,2249,4277,2029,0.28145615547687725,3,0.2793506829088225,0.24176676001809372,1.3091489361702129,1.4009302325581396,1.282161001455422,0.2793506829088225,24.405776,26.94011
17.28348997628348,0.25,1.2700917482517484,18.553581724535228,True,2349,2602,254,0.2606876534892312,0,0.40695073972038487,0.36922855978033114,1.2634209897202964,1.423840909090909,1.5391043452568824,0.40695073972038487,17.283595,17.599135
17.28348997628348,0.25,1.2700917482517484,18.553581724535228,True,2349,2602,254,0.2606876534892312,1,0.2025088551434765,0.20551185917143588,1.325762976860538,1.437126213592233,1.3673121321521102,0.20551185917143588,17.604143,17.919683
17.28348997628348,0.25,1.2700917482517484,18.553581724535228,True,2349,2602,254,0.2606876534892312,2,0.2155585981892293,0.21105969921737688,1.33725,1.362142857142857,1.3407873746837362,0.2155585981892293,17.924691,18.235223
17.28348997628348,0.25,1.2700917482517484,18.553581724535228,True,2349,2602,254,0.2606876534892312,3,0.2072185354691075,0.17027382995369023,1.3295,1.3734117647058823,2.566967756410659,0.2072185354691075,18.240231,18.550762
17.28348997628348,0.5,2.540183496503497,19.82367347278698,True,2349,2856,508,0.2606876534892312,0,0.3893523217904661,0.32750441767068283,1.3029545454545453,1.436,1.2861155866958471,0.3893523217904661,17.283595,17.914674
17.28348997628348,0.5,2.540183496503497,19.82367347278698,True,2349,2856,508,0.2606876534892312,1,0.2501069107551487,0.1803815723189628,1.3309302325581396,1.3661363636363637,1.767433689090161,0.2501069107551487,17.919683,18.550762
17.28348997628348,0.5,2.540183496503497,19.82367347278698,True,2349,2856,508,0.2606876534892312,2,0.28462734732567196,0.16149760937126467,1.2541463414634146,1.5326190476190475,1.6168209990289324,0.28462734732567196,18.555771,19.18685
17.28348997628348,0.5,2.540183496503497,19.82367347278698,True,2349,2856,508,0.2606876534892312,3,0.15512645026368432,0.1939733224222584,1.1894594594594596,1.3923076923076922,1.17967416350936,0.1939733224222584,19.191859,19.822938
17.28348997628348,1.0,5.080366993006994,22.363856969290474,True,2349,3363,1015,0.2606876534892312,0,0.2864877290473738,0.25144402919645903,1.3155658709106985,1.3839511494252874,1.4136509524066412,0.2864877290473738,17.283595,18.550762
17.28348997628348,1.0,5.080366993006994,22.363856969290474,True,2349,3363,1015,0.2606876534892312,1,0.24929623618064245,0.17720867604617585,1.2200824175824176,1.485934065934066,1.2618374606022449,0.24929623618064245,18.555771,19.822938
17.28348997628348,1.0,5.080366993006994,22.363856969290474,True,2349,3363,1015,0.2606876534892312,2,0.21565926918297607,0.2443976589868314,1.3290849342770477,1.3956674132138858,1.0910397962244804,0.2443976589868314,19.827946,21.095114
17.28348997628348,1.0,5.080366993006994,22.363856969290474,True,2349,3363,1015,0.2606876534892312,3,0.23926791848244033,0.2907552453004688,1.304418604651163,1.3645454545454547,1.1445092177351512,0.2907552453004688,21.100122,22.362281
17.28348997628348,2.0,10.160733986013987,27.444223962297468,True,2349,4377,2029,0.2606876534892312,0,0.284884878268686,0.2262246633472177,1.2786642156862746,1.437126213592233,1.3371966716016208,0.284884878268686,17.283595,19.822938
17.28348997628348,2.0,10.160733986013987,27.444223962297468,True,2349,4377,2029,0.2606876534892312,1,0.22877917846309404,0.279409044290567,1.3170454545454546,1.3793478260869565,1.1179566025093697,0.279409044290567,19.827946,22.362281
17.28348997628348,2.0,10.160733986013987,27.444223962297468,True,2349,4377,2029,0.2606876534892312,2,0.25213913311504565,0.23112049941928003,1.2695555555555555,1.3914634146341465,1.2351111496493485,0.25213913311504565,22.367289,24.901624
17.28348997628348,2.0,10.160733986013987,27.444223962297468,True,2349,4377,2029,0.2606876534892312,3,0.28093073811931246,0.2235560265484432,1.3375609756097562,1.398,1.1575000397302113,0.28093073811931246,24.906632,27.440967
17.78431163504464,0.25,1.2700917482517484,19.05440338329639,True,2449,2702,254,0.24353435429893533,0,0.18822331928527036,0.1987979522802965,1.353576219512195,1.3911973684210528,1.1802796177516672,0.1987979522802965,17.784452,18.099991
17.78431163504464,0.25,1.2700917482517484,19.05440338329639,True,2449,2702,254,0.24353435429893533,1,0.17067529915934154,0.1533553896761134,1.3328017718715395,1.35821568627451,1.6115721645761654,0.17067529915934154,18.105,18.420539
17.78431163504464,0.25,1.2700917482517484,19.05440338329639,True,2449,2702,254,0.24353435429893533,2,0.20669631197811011,0.18641994443425902,1.1791111111111112,1.54525,1.9858520087598286,0.20669631197811011,18.425548,18.736079
17.78431163504464,0.25,1.2700917482517484,19.05440338329639,True,2449,2702,254,0.24353435429893533,3,0.20614092181913646,0.159360046113307,1.3624324324324326,1.5308510638297872,1.46560241079169,0.20614092181913646,18.741088,19.051619
17.78431163504464,0.5,2.540183496503497,20.32449513154814,True,2449,2956,508,0.24353435429893533,0,0.1967047843628158,0.1599456849193689,1.3411111111111111,1.3734117647058823,1.2783496381352626,0.1967047843628158,17.784452,18.415531
17.78431163504464,0.5,2.540183496503497,20.32449513154814,True,2449,2956,508,0.24353435429893533,1,0.2441919151841735,0.17168017676767655,1.3133333333333337,1.53975,1.2855037820419217,0.2441919151841735,18.420539,19.051619
17.78431163504464,0.5,2.540183496503497,20.32449513154814,True,2449,2956,508,0.24353435429893533,2,0.2284197560755037,0.2005542031611799,1.1701123595505618,1.4602352941176473,1.5369346528864583,0.2284197560755037,19.056627,19.687707
17.78431163504464,0.5,2.540183496503497,20.32449513154814,True,2449,2956,508,0.24353435429893533,3,0.22076554409005622,0.28644454566181654,1.245777777777778,1.4479545454545453,1.3687737769710877,0.28644454566181654,19.692715,20.323795
17.78431163504464,1.0,5.080366993006994,22.864678628051635,True,2449,3463,1015,0.24353435429893533,0,0.2462461269365317,0.17508009133267355,1.3309413067552605,1.462012063275293,1.262214844237955,0.2462461269365317,17.784452,19.051619
17.78431163504464,1.0,5.080366993006994,22.864678628051635,True,2449,3463,1015,0.24353435429893533,1,0.28162614379084955,0.2593825980392156,1.1996111111111112,1.458675339366516,1.074961179405379,0.28162614379084955,19.056627,20.323795
17.78431163504464,1.0,5.080366993006994,22.864678628051635,True,2449,3463,1015,0.24353435429893533,2,0.20807695707070706,0.19223393303348324,1.3249021739130433,1.3695503875968993,1.173284740179957,0.20807695707070706,20.328803,21.59597
17.78431163504464,1.0,5.080366993006994,22.864678628051635,True,2449,3463,1015,0.24353435429893533,3,0.2422391310939166,0.29114897236086246,1.2984269662921353,1.3642222222222222,1.1431319820360086,0.29114897236086246,21.600979,22.863137
17.78431163504464,2.0,10.160733986013987,27.94504562105863,True,2449,4477,2029,0.24353435429893533,0,0.26999268819534067,0.21912075822264376,1.285706827309237,1.4603475321162949,1.1521426651763655,0.26999268819534067,17.784452,20.323795
17.78431163504464,2.0,10.160733986013987,27.94504562105863,True,2449,4477,2029,0.24353435429893533,1,0.21809413032766678,0.22578535940803368,1.3158139534883722,1.366153846153846,1.0716907553624688,0.22578535940803368,20.328803,22.863137
17.78431163504464,2.0,10.160733986013987,27.94504562105863,True,2449,4477,2029,0.24353435429893533,2,0.2781734579779488,0.23567836186436386,1.28390243902439,1.3967441860465115,1.2026170899743347,0.2781734579779488,22.868146,25.40248
17.78431163504464,2.0,10.160733986013987,27.94504562105863,True,2449,4477,2029,0.24353435429893533,3,0.2591786324786325,0.23268467304625184,1.3383132530120485,1.4251111111111112,1.0547465510814569,0.2591786324786325,25.407489,27.941823
18.285133293805803,0.25,1.2700917482517484,19.55522504205755,True,2549,2802,254,0.23994103551225643,0,0.23554173462327316,0.16975063075961794,1.2202325581395348,1.4623936170212768,3.1511278950988713,0.23554173462327316,18.285308,18.600848
18.285133293805803,0.25,1.2700917482517484,19.55522504205755,True,2549,2802,254,0.23994103551225643,1,0.15214782175389863,0.16269845242107628,1.3490513141426783,1.5123945783132529,1.2582507978166113,0.16269845242107628,18.605856,18.921396
18.285133293805803,0.25,1.2700917482517484,19.55522504205755,True,2549,2802,254,0.23994103551225643,2,0.30070288753799396,0.20009860161211535,1.0905,1.5557142857142858,1.5962323436598902,0.30070288753799396,18.926405,19.236936
18.285133293805803,0.25,1.2700917482517484,19.55522504205755,True,2549,2802,254,0.23994103551225643,3,0.13079020979020983,0.15384418503899122,1.307252747252747,1.3835,1.0972781648702303,0.15384418503899122,19.241944,19.552475
18.285133293805803,0.5,2.540183496503497,20.8253167903093,True,2549,3056,508,0.23994103551225643,0,0.21128155987795572,0.1734073002458255,1.3282222222222222,1.5043589743589745,1.4889246598671395,0.21128155987795572,18.285308,18.916387
18.285133293805803,0.5,2.540183496503497,20.8253167903093,True,2549,3056,508,0.23994103551225643,1,0.26962564630435004,0.20871994608734723,1.1752380952380952,1.4861538461538462,1.4698991220931108,0.26962564630435004,18.921396,19.552475
18.285133293805803,0.5,2.540183496503497,20.8253167903093,True,2549,3056,508,0.23994103551225643,2,0.22076554409005622,0.280148475742531,1.22925,1.4156989247311829,1.4344219998572454,0.280148475742531,19.557484,20.188563
18.285133293805803,0.5,2.540183496503497,20.8253167903093,True,2549,3056,508,0.23994103551225643,3,0.20756553751399764,0.19145747291719606,1.3015217391304348,1.3926666666666667,1.2796070282080172,0.20756553751399764,20.193572,20.824651
18.285133293805803,1.0,5.080366993006994,23.365500286812797,True,2549,3563,1015,0.23994103551225643,0,0.25611844836533487,0.18981520601708146,1.2706494269761976,1.500059678256357,1.474462584553916,0.25611844836533487,18.285308,19.552475
18.285133293805803,1.0,5.080366993006994,23.365500286812797,True,2549,3563,1015,0.23994103551225643,1,0.21820983170310682,0.23934543560606047,1.2882544463568562,1.401385327164574,1.0750508245059651,0.23934543560606047,19.557484,20.824651
18.285133293805803,1.0,5.080366993006994,23.365500286812797,True,2549,3563,1015,0.23994103551225643,2,0.2401999357518526,0.2860381734669939,1.3121713846829055,1.365300925925926,1.1385919801457753,0.2860381734669939,20.82966,22.096827
18.285133293805803,1.0,5.080366993006994,23.365500286812797,True,2549,3563,1015,0.23994103551225643,3,0.1922631662687675,0.2069956445993032,1.3197560975609757,1.3694623655913978,1.0314425569783554,0.2069956445993032,22.101835,23.363994
18.285133293805803,2.0,10.160733986013987,28.44586727981979,True,2549,4577,2029,0.23994103551225643,0,0.2617614899783506,0.23223200757575735,1.2786642156862746,1.454052565707134,1.1946343163303665,0.2617614899783506,18.285308,20.824651
18.285133293805803,2.0,10.160733986013987,28.44586727981979,True,2549,4577,2029,0.23994103551225643,1,0.21319205662474672,0.22896030699131464,1.317826086956522,1.3666666666666667,1.0907359203241056,0.22896030699131464,20.82966,23.363994
18.285133293805803,2.0,10.160733986013987,28.44586727981979,True,2549,4577,2029,0.23994103551225643,2,0.2877482171225653,0.23795600414078666,1.28825,1.3982051282051282,1.232305105935592,0.2877482171225653,23.369003,25.903337
18.285133293805803,2.0,10.160733986013987,28.44586727981979,True,2549,4577,2029,0.23994103551225643,3,0.2755045646345058,0.24656490939624343,1.3435555555555556,1.434047619047619,1.0771385660707349,0.2755045646345058,25.908346,28.44268
18.785954952566964,0.25,1.2700917482517484,20.05604670081871,True,2649,2902,254,0.23435710553813993,0,0.29562514229988457,0.15865938735177854,1.3537513368983958,1.543348337084271,1.7795407403273662,0.29562514229988457,18.786165,19.101704
18.785954952566964,0.25,1.2700917482517484,20.05604670081871,True,2649,2902,254,0.23435710553813993,1,0.22469089661024105,0.1944196772165645,1.1613506261180682,1.5220873511060693,1.6676662586326547,0.22469089661024105,19.106713,19.422253
18.785954952566964,0.25,1.2700917482517484,20.05604670081871,True,2649,2902,254,0.23435710553813993,2,0.14273714626084355,0.1506590094302862,1.1805,1.3593258426966293,1.238803862124017,0.1506590094302862,19.427261,19.737792
18.785954952566964,0.25,1.2700917482517484,20.05604670081871,True,2649,2902,254,0.23435710553813993,3,0.21361790372418266,0.28125747387164646,1.245777777777778,1.532439024390244,1.5362053287808817,0.28125747387164646,19.742801,20.053332
18.785954952566964,0.5,2.540183496503497,21.326138449070463,True,2649,3156,508,0.23435710553813993,0,0.28427406248309384,0.19189006583470947,1.2678048780487805,1.5326190476190475,1.5722597839492458,0.28427406248309384,18.786165,19.417244
18.785954952566964,0.5,2.540183496503497,21.326138449070463,True,2649,3156,508,0.23435710553813993,1,0.19595218085106358,0.25808697184177465,1.2094505494505494,1.4028888888888889,1.4508239963021234,0.25808697184177465,19.422253,20.053332
18.785954952566964,0.5,2.540183496503497,21.326138449070463,True,2649,3156,508,0.23435710553813993,2,0.20535844553243576,0.1992956232364127,1.29675,1.407906976744186,1.1938515620445969,0.20535844553243576,20.058341,20.68942
18.785954952566964,0.5,2.540183496503497,21.326138449070463,True,2649,3156,508,0.23435710553813993,3,0.21473879331071521,0.1984485547667343,1.334878048780488,1.3517948717948718,1.2301491460325251,0.21473879331071521,20.694428,21.325508
18.785954952566964,1.0,5.080366993006994,23.866321945573958,True,2649,3663,1015,0.23435710553813993,0,0.2734061748192184,0.2220740204981837,1.2381130751964085,1.49611801242236,1.16453184511567,0.2734061748192184,18.786165,20.053332
18.785954952566964,1.0,5.080366993006994,23.866321945573958,True,2649,3663,1015,0.23435710553813993,1,0.20708345237414993,0.1952215161820421,1.3258444816053512,1.3822248062015503,1.0531160187039508,0.20708345237414993,20.058341,21.325508
18.785954952566964,1.0,5.080366993006994,23.866321945573958,True,2649,3663,1015,0.23435710553813993,2,0.2403121158392435,0.29068130094743405,1.2982611021936865,1.3636279069767443,1.1443870006883423,0.29068130094743405,21.330516,22.597683
18.785954952566964,1.0,5.080366993006994,23.866321945573958,True,2649,3663,1015,0.23435710553813993,3,0.19208257709422205,0.19237173183135758,1.3348888888888888,1.3864102564102565,1.1259077426149775,0.19237173183135758,22.602692,23.864851
18.785954952566964,2.0,10.160733986013987,28.94668893858095,True,2649,4677,2029,0.23435710553813993,0,0.24925317447582362,0.22598618986898678,1.298622027534418,1.4194551282051282,1.0921068469694057,0.24925317447582362,18.786165,21.325508
18.785954952566964,2.0,10.160733986013987,28.94668893858095,True,2649,4677,2029,0.23435710553813993,1,0.21303261216443015,0.23053554406739718,1.31825,1.3726881720430109,1.0807136288873893,0.23053554406739718,21.330516,23.864851
18.785954952566964,2.0,10.160733986013987,28.94668893858095,True,2649,4677,2029,0.23435710553813993,2,0.29813538503212417,0.24884273255813938,1.284186046511628,1.3969230769230767,1.3028901212592197,0.29813538503212417,23.869859,26.404194
18.785954952566964,2.0,10.160733986013987,28.94668893858095,True,2649,4677,2029,0.23435710553813993,3,0.24957120383036946,0.24119395348837214,1.3422727272727273,1.4348,1.0514871106037893,0.24957120383036946,26.409202,28.943536
19.28677661132813,0.25,1.2700917482517484,20.556868359579877,True,2749,3002,254,0.23314804553264612,0,0.13656167600527358,0.15379092343690481,1.3401148289912335,1.411316239316239,1.0770760595927387,0.15379092343690481,19.287021,19.602561
19.28677661132813,0.25,1.2700917482517484,20.556868359579877,True,2749,3002,254,0.23314804553264612,1,0.14438581171599074,0.13338551480555783,1.1735457317073172,1.3893970037453183,1.2380219821587002,0.14438581171599074,19.60757,19.923109
19.28677661132813,0.25,1.2700917482517484,20.556868359579877,True,2749,3002,254,0.23314804553264612,2,0.23527952959830867,0.29999570003167564,1.266,1.402,1.6118000208375969,0.29999570003167564,19.928118,20.238649
19.28677661132813,0.25,1.2700917482517484,20.556868359579877,True,2749,3002,254,0.23314804553264612,3,0.15424431818181816,0.13761278986291337,1.316046511627907,1.4842307692307697,1.0868608352358506,0.15424431818181816,20.243657,20.554189
19.28677661132813,0.5,2.540183496503497,21.826960107831624,True,2749,3256,508,0.23314804553264612,0,0.14538167435728422,0.1401868856510392,1.245777777777778,1.396904761904762,1.1564879820761804,0.14538167435728422,19.287021,19.918101
19.28677661132813,0.5,2.540183496503497,21.826960107831624,True,2749,3256,508,0.23314804553264612,1,0.2083227384474231,0.28644454566181654,1.29675,1.4478571428571427,1.4430886985662732,0.28644454566181654,19.923109,20.554189
19.28677661132813,0.5,2.540183496503497,21.826960107831624,True,2749,3256,508,0.23314804553264612,2,0.22191734614776126,0.19507383020453894,1.326304347826087,1.3509523809523811,1.2809502993638464,0.22191734614776126,20.559197,21.190276
19.28677661132813,0.5,2.540183496503497,21.826960107831624,True,2749,3256,508,0.23314804553264612,3,0.21689505926819896,0.21757087811793685,1.32390243902439,1.3620930232558142,1.2235801743742418,0.21757087811793685,21.195285,21.826364
19.28677661132813,1.0,5.080366993006994,24.367143604335123,True,2749,3763,1015,0.23314804553264612,0,0.1996305444067098,0.22568030637254888,1.2842068273092369,1.4125930521091812,1.3196183190415305,0.22568030637254888,19.287021,20.554189
19.28677661132813,1.0,5.080366993006994,24.367143604335123,True,2749,3763,1015,0.23314804553264612,1,0.2172000768005462,0.21037556818181835,1.3251033934252385,1.3569510721836304,1.2150974546065132,0.2172000768005462,20.559197,21.826364
19.28677661132813,1.0,5.080366993006994,24.367143604335123,True,2749,3763,1015,0.23314804553264612,2,0.22849861111111103,0.27297499999999986,1.3035027580772263,1.3683209263854423,1.1546308981022104,0.27297499999999986,21.831373,23.09854
19.28677661132813,1.0,5.080366993006994,24.367143604335123,True,2749,3763,1015,0.23314804553264612,3,0.2682816909584538,0.22287193866374588,1.2874698795180723,1.3805,1.1811297146435311,0.2682816909584538,23.103549,24.365707
19.28677661132813,2.0,10.160733986013987,29.447510597342117,True,2749,4777,2029,0.23314804553264612,0,0.20992796807747494,0.21473876125101476,1.3109872448979591,1.3788503401360543,1.0448432292085192,0.21473876125101476,19.287021,21.826364
19.28677661132813,2.0,10.160733986013987,29.447510597342117,True,2749,4777,2029,0.23314804553264612,1,0.2560878406771966,0.22949768072868837,1.298095238095238,1.3731764705882352,1.0207785658481203,0.2560878406771966,21.831373,24.365707
19.28677661132813,2.0,10.160733986013987,29.447510597342117,True,2749,4777,2029,0.23314804553264612,2,0.2674861211420868,0.24176676001809372,1.3183783783783785,1.3989130434782613,1.258947090678943,0.2674861211420868,24.370716,26.90505
19.28677661132813,2.0,10.160733986013987,29.447510597342117,True,2749,4777,2029,0.23314804553264612,3,0.2869143280632411,0.23769509645841158,1.3348837209302329,1.4540000000000002,1.0913307500717635,0.2869143280632411,26.910059,29.444393
19.787598270089283,0.25,1.2700917482517484,21.05769001834103,True,2849,3102,254,0.24294371212121213,0,0.23486551532769562,0.28004597793018093,1.3425842696629213,1.539494851994852,1.3994139884723078,0.28004597793018093,19.787878,20.103418
19.787598270089283,0.25,1.2700917482517484,21.05769001834103,True,2849,3102,254,0.24294371212121213,1,0.16282078047921056,0.1941501595291769,1.266375,1.3956674132138858,1.3004373902413422,0.1941501595291769,20.108426,20.423966
19.787598270089283,0.25,1.2700917482517484,21.05769001834103,True,2849,3102,254,0.24294371212121213,2,0.2240859259784458,0.19317462998152102,1.33505376344086,1.3743902439024391,1.5292510686875636,0.2240859259784458,20.428974,20.739505
19.787598270089283,0.25,1.2700917482517484,21.05769001834103,True,2849,3102,254,0.24294371212121213,3,0.21416101560714396,0.1911811252771619,1.334102564102564,1.3411111111111111,1.1425184394019714,0.21416101560714396,20.744514,21.055045
19.787598270089283,0.5,2.540183496503497,22.32778176659278,True,2849,3356,508,0.24294371212121213,0,0.21273497971115674,0.28644454566181654,1.273076923076923,1.4938297872340425,1.3559028497351213,0.28644454566181654,19.787878,20.418957
19.787598270089283,0.5,2.540183496503497,22.32778176659278,True,2849,3356,508,0.24294371212121213,1,0.21910772744037366,0.19591830694872503,1.3342857142857143,1.3530232558139534,1.1815352936903765,0.21910772744037366,20.423966,21.055045
19.787598270089283,0.5,2.540183496503497,22.32778176659278,True,2849,3356,508,0.24294371212121213,2,0.20500869563183544,0.21493673100649846,1.31825,1.3617500000000002,1.1481653268079102,0.21493673100649846,21.060054,21.691133
19.787598270089283,0.5,2.540183496503497,22.32778176659278,True,2849,3356,508,0.24294371212121213,3,0.2519796497584541,0.2967508528265107,1.2984269662921353,1.395,1.1650610171523466,0.2967508528265107,21.696142,22.327221
19.787598270089283,1.0,5.080366993006994,24.867965263096277,True,2849,3863,1015,0.24294371212121213,0,0.21536760251630938,0.2443976589868314,1.3233055555555555,1.3956674132138858,1.0802097148791547,0.2443976589868314,19.787878,21.055045
19.787598270089283,1.0,5.080366993006994,24.867965263096277,True,2849,3863,1015,0.24294371212121213,1,0.23917566168931037,0.2847138842262721,1.30875,1.3662912087912087,1.0966280959751797,0.2847138842262721,21.060054,22.327221
19.787598270089283,1.0,5.080366993006994,24.867965263096277,True,2849,3863,1015,0.24294371212121213,2,0.18384456365133262,0.20913181978007922,1.3124863928748145,1.3731791443850265,1.1627684197187167,0.20913181978007922,22.332229,23.599397
19.787598270089283,1.0,5.080366993006994,24.867965263096277,True,2849,3863,1015,0.24294371212121213,3,0.28496684430245517,0.25560584918956997,1.203,1.397362637362637,1.2964190581470858,0.28496684430245517,23.604405,24.866564
19.787598270089283,2.0,10.160733986013987,29.94833225610327,True,2849,4877,2029,0.24294371212121213,0,0.22873959428715873,0.2776626610030145,1.3121713846829055,1.3841136950904391,1.086917096105229,0.2776626610030145,19.787878,22.327221
19.787598270089283,2.0,10.160733986013987,29.94833225610327,True,2849,4877,2029,0.24294371212121213,1,0.25213913311504565,0.2328652148664344,1.2656410256410258,1.38875,1.2230761005349242,0.25213913311504565,22.332229,24.866564
19.787598270089283,2.0,10.160733986013987,29.94833225610327,True,2849,4877,2029,0.24294371212121213,2,0.28093073811931246,0.22229627181042755,1.3388888888888888,1.3964285714285714,1.1632487025990892,0.28093073811931246,24.871572,27.405907
19.787598270089283,2.0,10.160733986013987,29.94833225610327,True,2849,4877,2029,0.24294371212121213,3,0.27842925749070496,0.2665865712581992,1.326818181818182,1.436421052631579,1.0934669293965027,0.27842925749070496,27.410915,29.94525
20.288419928850445,0.25,1.2700917482517484,21.558511677102192,True,2949,3202,254,0.2490052188074734,0,0.15411647727272715,0.13418948759573757,1.3122915484968805,1.447758358662614,1.2656032249191376,0.15411647727272715,20.288735,20.604274
20.288419928850445,0.25,1.2700917482517484,21.558511677102192,True,2949,3202,254,0.2490052188074734,1,0.21828216257017485,0.20180175802879297,1.3558668076109934,1.3407908496732026,1.3680614480294828,0.21828216257017485,20.609283,20.924822
20.288419928850445,0.25,1.2700917482517484,21.558511677102192,True,2949,3202,254,0.2490052188074734,2,0.1692768106908834,0.18355598626039082,1.2619565217391304,1.3513953488372092,1.0617181380720502,0.18355598626039082,20.929831,21.240362
20.288419928850445,0.25,1.2700917482517484,21.558511677102192,True,2949,3202,254,0.2490052188074734,3,0.18826588401908162,0.16938175943297895,1.32,1.3793478260869565,1.0518337759982246,0.18826588401908162,21.245371,21.555902
20.288419928850445,0.5,2.540183496503497,22.82860342535394,True,2949,3456,508,0.2490052188074734,0,0.1976352272727273,0.1908933485079639,1.3342857142857143,1.3893333333333333,1.241922906976792,0.1976352272727273,20.288735,20.919814
20.288419928850445,0.5,2.540183496503497,22.82860342535394,True,2949,3456,508,0.2490052188074734,1,0.18521149421713723,0.182495565071213,1.3006976744186047,1.3651851851851853,1.0378871519580692,0.18521149421713723,20.924822,21.555902
20.288419928850445,0.5,2.540183496503497,22.82860342535394,True,2949,3456,508,0.2490052188074734,2,0.26701364885114875,0.309975479238637,1.3209302325581396,1.366428571428571,1.136950060220075,0.309975479238637,21.56091,22.19199
20.288419928850445,0.5,2.540183496503497,22.82860342535394,True,2949,3456,508,0.2490052188074734,3,0.19335307761599485,0.2069243744060817,1.2695555555555555,1.3584615384615384,1.1593477543034871,0.2069243744060817,22.196998,22.828077
20.288419928850445,1.0,5.080366993006994,25.36878692185744,True,2949,3963,1015,0.2490052188074734,0,0.20807695707070706,0.1885307907819347,1.3258444816053512,1.3749332171893147,1.1496768044250172,0.20807695707070706,20.288735,21.555902
20.288419928850445,1.0,5.080366993006994,25.36878692185744,True,2949,3963,1015,0.2490052188074734,1,0.2421162741322308,0.2884135139504804,1.30875,1.362754677754678,1.1451066145596833,0.2884135139504804,21.56091,22.828077
20.288419928850445,1.0,5.080366993006994,25.36878692185744,True,2949,3963,1015,0.2490052188074734,2,0.2204252039276864,0.18830630228981238,1.312703094777563,1.395008508224617,1.247849096688729,0.2204252039276864,22.833086,24.100253
20.288419928850445,1.0,5.080366993006994,25.36878692185744,True,2949,3963,1015,0.2490052188074734,3,0.31874416394722677,0.2677381323578051,1.2663829787234044,1.406,1.1869900180186514,0.31874416394722677,24.105262,25.36742
20.288419928850445,2.0,10.160733986013987,30.449153914864432,True,2949,4977,2029,0.2490052188074734,0,0.21789054262133511,0.22499005440107245,1.3174357707509883,1.366547619047619,1.0597385996099122,0.22499005440107245,20.288735,22.828077
20.288419928850445,2.0,10.160733986013987,30.449153914864432,True,2949,4977,2029,0.2490052188074734,1,0.27781942071086796,0.23567836186436386,1.28825,1.397362637362637,1.2079419514907197,0.27781942071086796,22.833086,25.36742
20.288419928850445,2.0,10.160733986013987,30.449153914864432,True,2949,4977,2029,0.2490052188074734,2,0.25969275362318844,0.23172852251293696,1.3365957446808512,1.416086956521739,1.063085288374471,0.25969275362318844,25.372429,27.906763
20.288419928850445,2.0,10.160733986013987,30.449153914864432,True,2949,4977,2029,0.2490052188074734,3,0.2804433400532796,0.28975169376693755,1.315897435897436,1.4115,1.0286119534035376,0.28975169376693755,27.911772,30.446106
20.78924158761161,0.25,1.2700917482517484,22.059333335863357,True,3049,3302,254,0.2559446132980945,0,0.21868712121212108,0.19519228623982077,1.33612012987013,1.3573111960035265,1.1172342635005632,0.21868712121212108,20.789591,21.105131
20.78924158761161,0.25,1.2700917482517484,22.059333335863357,True,3049,3302,254,0.2559446132980945,1,0.15333346103348744,0.1421750197806394,1.3075843023255815,1.4157414187643023,1.2011289628373785,0.15333346103348744,21.110139,21.425679
20.78924158761161,0.25,1.2700917482517484,22.059333335863357,True,3049,3302,254,0.2559446132980945,2,0.25368426504229613,0.22061623595221214,1.3209302325581396,1.3333333333333337,1.2113870336289132,0.25368426504229613,21.430688,21.741219
20.78924158761161,0.25,1.2700917482517484,22.059333335863357,True,3049,3302,254,0.2559446132980945,3,0.1783406385281383,0.2989249639249639,1.1859770114942527,1.395135135135135,1.4679041875263747,0.2989249639249639,21.746227,22.056758
20.78924158761161,0.5,2.540183496503497,23.32942508411511,True,3049,3556,508,0.2559446132980945,0,0.18280305217846238,0.1793047459893048,1.3292857142857142,1.3726881720430109,1.0547471514223539,0.18280305217846238,20.789591,21.42067
20.78924158761161,0.5,2.540183496503497,23.32942508411511,True,3049,3556,508,0.2559446132980945,1,0.2515955097534044,0.3046178803803803,1.2321348314606742,1.358048780487805,1.2887341471561147,0.3046178803803803,21.425679,22.056758
20.78924158761161,0.5,2.540183496503497,23.32942508411511,True,3049,3556,508,0.2559446132980945,2,0.2092440960880101,0.23307932676103804,1.3190697674418603,1.364,1.3130171634895438,0.23307932676103804,22.061767,22.692846
20.78924158761161,0.5,2.540183496503497,23.32942508411511,True,3049,3556,508,0.2559446132980945,3,0.17552638792918096,0.19665945518760763,1.3280898876404497,1.373181818181818,1.1660691982397196,0.19665945518760763,22.697855,23.328934
20.78924158761161,1.0,5.080366993006994,25.869608580618603,True,3049,4063,1015,0.2559446132980945,0,0.2325269550205299,0.25051441918213524,1.302242351046699,1.3641774891774894,1.1788465448993781,0.25051441918213524,20.789591,22.056758
20.78924158761161,1.0,5.080366993006994,25.869608580618603,True,3049,4063,1015,0.2559446132980945,1,0.20304773649581187,0.2133519297279578,1.322671826625387,1.3695996038483305,1.1122116465880976,0.2133519297279578,22.061767,23.328934
20.78924158761161,1.0,5.080366993006994,25.869608580618603,True,3049,4063,1015,0.2559446132980945,2,0.2765391990819902,0.22859590836580534,1.283249920810896,1.378671052631579,1.154298890319109,0.2765391990819902,23.333943,24.60111
20.78924158761161,1.0,5.080366993006994,25.869608580618603,True,3049,4063,1015,0.2559446132980945,3,0.29962896759458946,0.22366252620512395,1.307792207792208,1.4297777777777778,1.3617926494366088,0.29962896759458946,24.606118,25.868277
20.78924158761161,2.0,10.160733986013987,30.949975573625597,True,3049,5077,2029,0.2559446132980945,0,0.21309094917908766,0.22888616436678455,1.311077361177029,1.3662912087912087,1.0944070033006388,0.22888616436678455,20.789591,23.328934
20.78924158761161,2.0,10.160733986013987,30.949975573625597,True,3049,5077,2029,0.2559446132980945,1,0.2877482171225653,0.23795600414078666,1.2920512820512822,1.3985106382978725,1.2318119053580692,0.2877482171225653,23.333943,25.868277
20.78924158761161,2.0,10.160733986013987,30.949975573625597,True,3049,5077,2029,0.2559446132980945,2,0.2755045646345058,0.24656490939624343,1.3437362637362638,1.4395505617977529,1.0756541237357646,0.2755045646345058,25.873286,28.40762
20.78924158761161,2.0,10.160733986013987,30.949975573625597,True,3049,5077,2029,0.2559446132980945,3,0.25764499674200525,0.2881968502427805,1.2742857142857142,1.3985185185185185,1.1065735193018345,0.2881968502427805,28.412628,30.946963
21.290063246372767,0.25,1.2700917482517484,22.560154994624515,True,3149,3402,254,0.26785131512843363,0,0.19607924375202856,0.18968777290168937,1.3293989547038327,1.3626744186046513,1.2405543736463807,0.19607924375202856,21.290448,21.605987
21.290063246372767,0.25,1.2700917482517484,22.560154994624515,True,3149,3402,254,0.26785131512843363,1,0.2591545929780504,0.22192041316526623,1.216757575757576,1.3158607764390895,1.319619058811638,0.2591545929780504,21.610996,21.926536
21.290063246372767,0.25,1.2700917482517484,22.560154994624515,True,3149,3402,254,0.26785131512843363,2,0.25734152494331075,0.2791862479473054,1.3188636363636363,1.4475510204081632,1.123790334166548,0.2791862479473054,21.931544,22.242075
21.290063246372767,0.25,1.2700917482517484,22.560154994624515,True,3149,3402,254,0.26785131512843363,3,0.19255492211586045,0.2381231498986245,1.247297297297297,1.3642222222222222,1.4509773351763091,0.2381231498986245,22.247084,22.557615
21.290063246372767,0.5,2.540183496503497,23.830246742876263,True,3149,3656,508,0.26785131512843363,0,0.24156110232067496,0.20774710511905636,1.3112244897959184,1.3504651162790695,1.1764651206469163,0.24156110232067496,21.290448,21.921527
21.290063246372767,0.5,2.540183496503497,23.830246742876263,True,3149,3656,508,0.26785131512843363,1,0.22569552891080236,0.3005285065545562,1.298095238095238,1.4032558139534883,1.2515772119394393,0.3005285065545562,21.926536,22.557615
21.290063246372767,0.5,2.540183496503497,23.830246742876263,True,3149,3656,508,0.26785131512843363,2,0.1796539998833001,0.19819096613653553,1.3280898876404497,1.35,1.1471670977419253,0.19819096613653553,22.562623,23.193703
21.290063246372767,0.5,2.540183496503497,23.830246742876263,True,3149,3656,508,0.26785131512843363,3,0.19975048508367677,0.18158288356525887,1.3316049382716053,1.4277272727272727,1.1662615176680473,0.19975048508367677,23.198711,23.829791
21.290063246372767,1.0,5.080366993006994,26.37043023937976,True,3149,4163,1015,0.26785131512843363,0,0.2403121158392435,0.29068130094743405,1.3059593023255816,1.3654814814814815,1.1366677960241547,0.29068130094743405,21.290448,22.557615
21.290063246372767,1.0,5.080366993006994,26.37043023937976,True,3149,4163,1015,0.26785131512843363,1,0.19200104752710367,0.19911120736432608,1.3282840742550075,1.3850801282051282,1.1083135630759258,0.19911120736432608,22.562623,23.829791
21.290063246372767,1.0,5.080366993006994,26.37043023937976,True,3149,4163,1015,0.26785131512843363,2,0.2709682090566315,0.2632566086249093,1.188388888888889,1.3925203488372095,1.3093313754050795,0.2709682090566315,23.834799,25.101966
21.290063246372767,1.0,5.080366993006994,26.37043023937976,True,3149,4163,1015,0.26785131512843363,3,0.3043967083524656,0.21028609577143442,1.3560493827160494,1.3967441860465115,1.3960347392656467,0.3043967083524656,25.106975,26.369134
21.290063246372767,2.0,10.160733986013987,31.450797232386755,True,3149,5177,2029,0.26785131512843363,0,0.21292515992826933,0.2304558199304818,1.317608695652174,1.3732575757575758,1.0763114631387667,0.2304558199304818,21.290448,23.829791
21.290063246372767,2.0,10.160733986013987,31.450797232386755,True,3149,5177,2029,0.26785131512843363,1,0.29813538503212417,0.24884273255813938,1.28825,1.3937209302325582,1.302406354063187,0.29813538503212417,23.834799,26.369134
21.290063246372767,2.0,10.160733986013987,31.450797232386755,True,3149,5177,2029,0.26785131512843363,2,0.24942721987315009,0.24037711138310902,1.3423809523809525,1.436421052631579,1.0460273504667121,0.24942721987315009,26.374142,28.908476
21.290063246372767,2.0,10.160733986013987,31.450797232386755,True,3149,5177,2029,0.26785131512843363,3,0.26933728440331206,0.29539364511457544,1.2693333333333334,1.4051063829787234,1.1128509336320205,0.29539364511457544,28.913485,31.447819
21.79088490513393,0.25,1.2700917482517484,23.060976653385676,True,3249,3502,254,0.26550655223329644,0,0.2685645292207791,0.2987744322143546,1.2769521604938272,1.452126025667999,1.3208392409769094,0.2987744322143546,21.791304,22.106844
21.79088490513393,0.25,1.2700917482517484,23.060976653385676,True,3249,3502,254,0.26550655223329644,1,0.19216381887911727,0.2174269732422749,1.2331818181818182,1.3597863247863247,1.1325758168225621,0.2174269732422749,22.111853,22.427392
21.79088490513393,0.25,1.2700917482517484,23.060976653385676,True,3249,3502,254,0.26550655223329644,2,0.1815807315668202,0.20415390791920784,1.3272093023255815,1.3657777777777778,1.225370702096303,0.20415390791920784,22.432401,22.742932
21.79088490513393,0.25,1.2700917482517484,23.060976653385676,True,3249,3502,254,0.26550655223329644,3,0.18746372477636775,0.19081300031269544,1.328478260869565,1.3493617021276594,1.3277060907678688,0.19081300031269544,22.74794,23.058472
21.79088490513393,0.5,2.540183496503497,24.331068401637424,True,3249,3756,508,0.26550655223329644,0,0.2503657608695652,0.3005285065545562,1.261875,1.3756818181818182,1.2716245655864207,0.3005285065545562,21.791304,22.422384
21.79088490513393,0.5,2.540183496503497,24.331068401637424,True,3249,3756,508,0.26550655223329644,1,0.18898987640472142,0.20252136172109225,1.3280898876404497,1.364,1.149017578759452,0.20252136172109225,22.427392,23.058472
21.79088490513393,0.5,2.540183496503497,24.331068401637424,True,3249,3756,508,0.26550655223329644,2,0.19778935970926514,0.18892026037120202,1.3207692307692307,1.4277272727272727,1.1318901874463585,0.19778935970926514,23.06348,23.694559
21.79088490513393,0.5,2.540183496503497,24.331068401637424,True,3249,3756,508,0.26550655223329644,3,0.2513405219780219,0.22996526535480033,1.250909090909091,1.3577777777777778,1.2767395644956678,0.2513405219780219,23.699568,24.330647
21.79088490513393,1.0,5.080366993006994,26.871251898140923,True,3249,4263,1015,0.26550655223329644,0,0.22849861111111103,0.27297499999999986,1.30875,1.366675824175824,1.1474766181302463,0.27297499999999986,21.791304,23.058472
21.79088490513393,1.0,5.080366993006994,26.871251898140923,True,3249,4263,1015,0.26550655223329644,1,0.26803889030293293,0.21546170418106525,1.2880372653404315,1.386470434327577,1.1680432573656168,0.26803889030293293,23.06348,24.330647
21.79088490513393,1.0,5.080366993006994,26.871251898140923,True,3249,4263,1015,0.26550655223329644,2,0.2679029788041416,0.2561123570431577,1.2939203778677464,1.4368272827282729,1.2583568035343256,0.2679029788041416,24.335656,25.602823
21.79088490513393,1.0,5.080366993006994,26.871251898140923,True,3249,4263,1015,0.26550655223329644,3,0.2661174351142538,0.21898655160628844,1.3307526881720428,1.385714285714286,1.2821873633624399,0.2661174351142538,25.607832,26.86999
21.79088490513393,2.0,10.160733986013987,31.951618891147916,True,3249,5277,2029,0.26550655223329644,0,0.25599277141710686,0.22732559354226012,1.3013814814814815,1.3734166666666667,1.012097841295624,0.25599277141710686,21.791304,24.330647
21.79088490513393,2.0,10.160733986013987,31.951618891147916,True,3249,5277,2029,0.26550655223329644,1,0.2674861211420868,0.24293739658976,1.320731707317073,1.3989130434782613,1.260608264388336,0.2674861211420868,24.335656,26.86999
21.79088490513393,2.0,10.160733986013987,31.951618891147916,True,3249,5277,2029,0.26550655223329644,2,0.28280580028080016,0.23769509645841158,1.3361904761904762,1.4378494623655913,1.084165143293022,0.28280580028080016,26.874999,29.409333
21.79088490513393,2.0,10.160733986013987,31.951618891147916,True,3249,5277,2029,0.26550655223329644,3,0.27846209924563886,0.29214455602537004,1.282247191011236,1.4046153846153846,1.074298561922049,0.29214455602537004,29.414342,31.948676
22.29170656389509,0.25,1.2700917482517484,23.561798312146838,True,3349,3602,254,0.27131355842225413,0,0.17575747171411416,0.23778519953148103,1.241488764044944,1.345837837837838,1.5464587559674257,0.23778519953148103,22.292161,22.607701
22.29170656389509,0.25,1.2700917482517484,23.561798312146838,True,3349,3602,254,0.27131355842225413,1,0.18337850610774187,0.19489728510764903,1.3395454545454546,1.3658479020979022,1.2481806747352702,0.19489728510764903,22.612709,22.928249
22.29170656389509,0.25,1.2700917482517484,23.561798312146838,True,3349,3602,254,0.27131355842225413,2,0.16237949490155934,0.1772083894718972,1.3280898876404497,1.38375,1.1407088790182418,0.1772083894718972,22.933257,23.243788
22.29170656389509,0.25,1.2700917482517484,23.561798312146838,True,3349,3602,254,0.27131355842225413,3,0.18248923238739478,0.17509033934711704,1.3221951219512196,1.3982051282051282,1.1181234249126184,0.18248923238739478,23.248797,23.559328
22.29170656389509,0.5,2.540183496503497,24.831890060398585,True,3349,3856,508,0.27131355842225413,0,0.19016890132716746,0.21990467743638475,1.2846511627906978,1.35,1.2042511514203977,0.21990467743638475,22.292161,22.92324
22.29170656389509,0.5,2.540183496503497,24.831890060398585,True,3349,3856,508,0.27131355842225413,1,0.17639706759914875,0.18230783639798454,1.3221951219512196,1.38375,1.1090976447696972,0.18230783639798454,22.928249,23.559328
22.29170656389509,0.5,2.540183496503497,24.831890060398585,True,3349,3856,508,0.27131355842225413,2,0.29810665708812256,0.2254412971175166,1.2279591836734691,1.3805,1.2362509987399521,0.29810665708812256,23.564337,24.195416
22.29170656389509,0.5,2.540183496503497,24.831890060398585,True,3349,3856,508,0.27131355842225413,3,0.25464078768249165,0.25912440352730903,1.1841379310344828,1.4546341463414636,1.63255058209373,0.25912440352730903,24.200425,24.831504
22.29170656389509,1.0,5.080366993006994,27.372073556902084,True,3349,4363,1015,0.27131355842225413,0,0.18315288479178127,0.20667537577992057,1.3159343200740057,1.3695039100684263,1.120694173854778,0.20667537577992057,22.292161,23.559328
22.29170656389509,1.0,5.080366993006994,27.372073556902084,True,3349,4363,1015,0.27131355842225413,1,0.28478369514879803,0.25525486551562127,1.1996682340647857,1.3973063186813186,1.2974855341016847,0.28478369514879803,23.564337,24.831504
22.29170656389509,1.0,5.080366993006994,27.372073556902084,True,3349,4363,1015,0.27131355842225413,2,0.25758309523845335,0.20007594599110012,1.3573270750988145,1.3991615667074662,1.264643061812607,0.25758309523845335,24.836512,26.10368
22.29170656389509,1.0,5.080366993006994,27.372073556902084,True,3349,4363,1015,0.27131355842225413,3,0.2675033409235133,0.23848532668881495,1.3183783783783785,1.395675675675676,1.0228208056532,0.2675033409235133,26.108688,27.370847
22.29170656389509,2.0,10.160733986013987,32.45244054990908,True,3349,5377,2029,0.27131355842225413,0,0.25186281479909445,0.23091158679821455,1.2650156347717325,1.3806755319148936,1.204191042991015,0.25186281479909445,22.292161,24.831504
22.29170656389509,2.0,10.160733986013987,32.45244054990908,True,3349,5377,2029,0.27131355842225413,1,0.2804166169747565,0.2295706785630951,1.3390000000000002,1.3964285714285714,1.1454060755866373,0.2804166169747565,24.836512,27.370847
22.29170656389509,2.0,10.160733986013987,32.45244054990908,True,3349,5377,2029,0.27131355842225413,2,0.28017344353721657,0.255780729870671,1.32,1.436421052631579,1.1378163438340163,0.28017344353721657,27.375855,29.91019
22.29170656389509,2.0,10.160733986013987,32.45244054990908,True,3349,5377,2029,0.27131355842225413,3,0.2665680211261606,0.3004212405046781,1.315897435897436,1.3895238095238096,1.1690945311792522,0.3004212405046781,29.915198,32.449533
22.79252822265625,0.25,1.2700917482517484,24.062619970908,True,3449,3702,254,0.2720356012658227,0,0.15447297652528624,0.20328047607879918,1.3118993253762326,1.3683209263854423,1.2361366062419983,0.20328047607879918,22.793018,23.108557
22.79252822265625,0.25,1.2700917482517484,24.062619970908,True,3449,3702,254,0.2720356012658227,1,0.18224893478798876,0.17148746597096187,1.3244657210401891,1.3990243902439023,1.1145269257997006,0.18224893478798876,23.113566,23.429105
22.79252822265625,0.25,1.2700917482517484,24.062619970908,True,3449,3702,254,0.2720356012658227,2,0.2089391554222888,0.20441617606313756,1.3221951219512196,1.4277272727272727,1.1853878547342467,0.2089391554222888,23.434114,23.744645
22.79252822265625,0.25,1.2700917482517484,24.062619970908,True,3449,3702,254,0.2720356012658227,3,0.22093361018826124,0.14063120839733756,1.250909090909091,1.3805,1.6009494929277361,0.22093361018826124,23.749654,24.060185
22.79252822265625,0.5,2.540183496503497,25.332711719159747,True,3449,3956,508,0.2720356012658227,0,0.17770480753722917,0.1928519180520859,1.3140425531914894,1.3744444444444446,1.1177544405132986,0.1928519180520859,22.793018,23.424097
22.79252822265625,0.5,2.540183496503497,25.332711719159747,True,3449,3956,508,0.2720356012658227,1,0.24994125939849599,0.16674666285746353,1.3113636363636365,1.397362637362637,1.3321945234541712,0.24994125939849599,23.429105,24.060185
22.79252822265625,0.5,2.540183496503497,25.332711719159747,True,3449,3956,508,0.2720356012658227,2,0.2831034392238561,0.27774433512224206,1.1837837837837837,1.3648192771084338,1.3917746552567636,0.2831034392238561,24.065193,24.696273
22.79252822265625,0.5,2.540183496503497,25.332711719159747,True,3449,3956,508,0.2720356012658227,3,0.33214081867266,0.22875329620220164,1.3388888888888888,1.4750588235294118,1.532759518282618,0.33214081867266,24.701281,25.33236
22.79252822265625,1.0,5.080366993006994,27.872895215663245,True,3449,4463,1015,0.2720356012658227,0,0.19996947718995584,0.1841160454436972,1.312703094777563,1.3902215759590084,1.2089545529180648,0.19996947718995584,22.793018,24.060185
22.79252822265625,1.0,5.080366993006994,27.872895215663245,True,3449,4463,1015,0.2720356012658227,1,0.31944633372866504,0.2656783743591751,1.247108013937282,1.4266280193236716,1.2171959623074613,0.31944633372866504,24.065193,25.33236
22.79252822265625,1.0,5.080366993006994,27.872895215663245,True,3449,4463,1015,0.2720356012658227,2,0.2701008483853312,0.2010227898449206,1.3309577394348586,1.3895302445302442,1.3294622708363977,0.2701008483853312,25.337369,26.604536
22.79252822265625,1.0,5.080366993006994,27.872895215663245,True,3449,4463,1015,0.2720356012658227,3,0.25502154282116135,0.23203718786839556,1.3397619047619047,1.4680000000000002,1.1456413321280454,0.25502154282116135,26.609545,27.871703
22.79252822265625,2.0,10.160733986013987,32.95326220867024,True,3449,5477,2029,0.2720356012658227,0,0.2775790968899521,0.23455417739736406,1.2825290697674419,1.3973769708552317,1.2140052210898398,0.2775790968899521,22.793018,25.33236
22.79252822265625,2.0,10.160733986013987,32.95326220867024,True,3449,5477,2029,0.2720356012658227,1,0.2637728804730829,0.22861551606288433,1.3365957446808512,1.4105617977528089,1.0793865289848954,0.2637728804730829,25.337369,27.871703
22.79252822265625,2.0,10.160733986013987,32.95326220867024,True,3449,5477,2029,0.2720356012658227,2,0.27932120383036946,0.28675972222222224,1.317,1.4193877551020413,1.0121414618000621,0.28675972222222224,27.876712,30.411046
22.79252822265625,2.0,10.160733986013987,32.95326220867024,True,3449,5477,2029,0.2720356012658227,3,0.28389163208645546,0.23631603685482205,1.3141666666666667,1.3781818181818182,1.0661560947055904,0.28389163208645546,30.416055,32.950389
23.29334988141741,0.25,1.2700917482517484,24.563441629669157,True,3549,3802,254,0.28658428470754055,0,0.17865631759894018,0.1800713663014426,1.3214821763602251,1.4823767148683722,1.1654382683416458,0.1800713663014426,23.293874,23.609414
23.29334988141741,0.25,1.2700917482517484,24.563441629669157,True,3549,3802,254,0.28658428470754055,1,0.2092950683101431,0.14695476190476187,1.3437684729064037,1.3927278802459235,1.2458383973993237,0.2092950683101431,23.614422,23.929962
23.29334988141741,0.25,1.2700917482517484,24.563441629669157,True,3549,3802,254,0.28658428470754055,2,0.3081173076923078,0.27400005542110817,1.0913333333333337,1.3385,1.8507403905639672,0.3081173076923078,23.934971,24.245502
23.29334988141741,0.25,1.2700917482517484,24.563441629669157,True,3549,3802,254,0.28658428470754055,3,0.19602523014959716,0.25901247963506024,1.2291304347826089,1.4382022471910114,1.2677886148592021,0.25901247963506024,24.25051,24.561041
23.29334988141741,0.5,2.540183496503497,25.833533377920908,True,3549,4056,508,0.28658428470754055,0,0.19922604670113508,0.16612838709106048,1.3376744186046512,1.4133333333333336,1.108171906990506,0.19922604670113508,23.293874,23.924953
23.29334988141741,0.5,2.540183496503497,25.833533377920908,True,3549,4056,508,0.28658428470754055,1,0.2863998579131448,0.25556596320346325,1.1837837837837837,1.356046511627907,1.2658949978607577,0.2863998579131448,23.929962,24.561041
23.29334988141741,0.5,2.540183496503497,25.833533377920908,True,3549,4056,508,0.28658428470754055,2,0.28837208483234567,0.23641317918765392,1.210625,1.4971794871794872,1.3846774560776682,0.28837208483234567,24.56605,25.197129
23.29334988141741,0.5,2.540183496503497,25.833533377920908,True,3549,4056,508,0.28658428470754055,3,0.30624525882265896,0.2273146739130435,1.3602631578947368,1.3736363636363638,1.2805181950731777,0.30624525882265896,25.202138,25.833217
23.29334988141741,1.0,5.080366993006994,28.373716874424403,True,3549,4563,1015,0.28658428470754055,0,0.2765391990819902,0.22859590836580534,1.2825487012987011,1.387640306122449,1.1377342590814474,0.2765391990819902,23.293874,24.561041
23.29334988141741,1.0,5.080366993006994,28.373716874424403,True,3549,4563,1015,0.28658428470754055,1,0.29930375918318286,0.2357869727699936,1.3237624584717607,1.4163576555023925,1.3481645530578117,0.29930375918318286,24.56605,25.833217
23.29334988141741,1.0,5.080366993006994,28.373716874424403,True,3549,4563,1015,0.28658428470754055,2,0.27080371217899823,0.22896208133971285,1.3232957393483709,1.3983975903614456,1.2169691250639245,0.27080371217899823,25.838226,27.105393
23.29334988141741,1.0,5.080366993006994,28.373716874424403,True,3549,4563,1015,0.28658428470754055,3,0.28045465565232996,0.25480739098300065,1.361304347826087,1.5069230769230768,1.0458374798042875,0.28045465565232996,27.110401,28.37256
23.29334988141741,2.0,10.160733986013987,33.45408386743139,True,3549,5577,2029,0.28658428470754055,0,0.2877392253060461,0.23785257073844024,1.2983615384615383,1.399720435428006,1.2344353350910258,0.2877392253060461,23.293874,25.833217
23.29334988141741,2.0,10.160733986013987,33.45408386743139,True,3549,5577,2029,0.28658428470754055,1,0.2755045646345058,0.24656490939624343,1.341951219512195,1.4395505617977529,1.069391772340904,0.2755045646345058,25.838226,28.37256
23.29334988141741,2.0,10.160733986013987,33.45408386743139,True,3549,5577,2029,0.28658428470754055,2,0.25812142411577577,0.2881968502427805,1.2809523809523813,1.3985185185185185,1.098280761017762,0.2881968502427805,28.377569,30.911903
23.29334988141741,2.0,10.160733986013987,33.45408386743139,True,3549,5577,2029,0.28658428470754055,3,0.2847971927548103,0.24478093028507797,1.2958536585365854,1.3887640449438203,1.0381911219722546,0.2847971927548103,30.916911,33.451246
23.79417154017857,0.25,1.2700917482517484,25.06426328843032,True,3649,3902,254,0.2864998541955239,0,0.23537708333333324,0.16803273037430155,1.1854949170679507,1.3850692771084339,1.535518361683049,0.23537708333333324,23.794731,24.11027
23.79417154017857,0.25,1.2700917482517484,25.06426328843032,True,3649,3902,254,0.2864998541955239,1,0.2998232004990114,0.27068194743852647,1.3196944444444445,1.3202325581395349,1.2588575503214043,0.2998232004990114,24.115279,24.430819
23.79417154017857,0.25,1.2700917482517484,25.06426328843032,True,3649,3902,254,0.2864998541955239,2,0.26053890341604535,0.25087493624888435,1.1470588235294117,1.5426190476190476,1.61028217509711,0.26053890341604535,24.435827,24.746358
23.79417154017857,0.25,1.2700917482517484,25.06426328843032,True,3649,3902,254,0.2864998541955239,3,0.1907911917917805,0.22583929816487724,1.206,1.3951162790697675,1.1257782819168063,0.22583929816487724,24.751367,25.061898
23.79417154017857,0.5,2.540183496503497,26.33435503668207,True,3649,4156,508,0.2864998541955239,0,0.2703097972972973,0.23510243632336658,1.250909090909091,1.3528571428571428,1.3422910660890102,0.2703097972972973,23.794731,24.42581
23.79417154017857,0.5,2.540183496503497,26.33435503668207,True,3649,4156,508,0.2864998541955239,1,0.24749577194561545,0.23608051993588453,1.1761445783132527,1.4897674418604652,1.4168203151160716,0.24749577194561545,24.430819,25.061898
23.79417154017857,0.5,2.540183496503497,26.33435503668207,True,3649,4156,508,0.2864998541955239,2,0.2641994060732906,0.23454766496817314,1.382051282051282,1.3967441860465115,1.1833981851865563,0.2641994060732906,25.066906,25.697986
23.79417154017857,0.5,2.540183496503497,26.33435503668207,True,3649,4156,508,0.2864998541955239,3,0.29594495349394667,0.2053476450199846,1.336,1.398,1.634108370870026,0.29594495349394667,25.702994,26.334074
23.79417154017857,1.0,5.080366993006994,28.874538533185564,True,3649,4663,1015,0.2864998541955239,0,0.2665916858457997,0.25780469069044654,1.191051490514905,1.3928953488372096,1.3494291615575424,0.2665916858457997,23.794731,25.061898
23.79417154017857,1.0,5.080366993006994,28.874538533185564,True,3649,4663,1015,0.2864998541955239,1,0.3038410222474317,0.21509182242510227,1.360245215311005,1.3974615384615383,1.340987905545298,0.3038410222474317,25.066906,26.334074
23.79417154017857,1.0,5.080366993006994,28.874538533185564,True,3649,4663,1015,0.2864998541955239,2,0.2483974713557907,0.22523476039464418,1.3282984901277586,1.4465820073439413,1.1331905729696994,0.2483974713557907,26.339082,27.606249
23.79417154017857,1.0,5.080366993006994,28.874538533185564,True,3649,4663,1015,0.2864998541955239,3,0.2277118287118287,0.24162957666553164,1.363529411764706,1.4305494505494505,1.027620675887676,0.24162957666553164,27.611258,28.873417
23.79417154017857,2.0,10.160733986013987,33.95490552619256,True,3649,5677,2029,0.2864998541955239,0,0.29800940293059863,0.24873418004798808,1.3000559910414333,1.3959302325581395,1.3000459702432274,0.29800940293059863,23.794731,26.334074
23.79417154017857,2.0,10.160733986013987,33.95490552619256,True,3649,5677,2029,0.2864998541955239,1,0.25560433274893,0.24037711138310902,1.341951219512195,1.4348,1.047746577928336,0.25560433274893,26.339082,28.873417
23.79417154017857,2.0,10.160733986013987,33.95490552619256,True,3649,5677,2029,0.2864998541955239,2,0.26933728440331206,0.29539364511457544,1.2693333333333334,1.4084615384615384,1.1118384308047053,0.29539364511457544,28.878425,31.412759
23.79417154017857,2.0,10.160733986013987,33.95490552619256,True,3649,5677,2029,0.2864998541955239,3,0.2811004403794037,0.23546489095918566,1.2958536585365854,1.3843902439024391,1.072294730376312,0.2811004403794037,31.417768,33.952102
24.294993198939732,0.25,1.2700917482517484,25.56508494719148,True,3749,4002,254,0.27087290625918314,0,0.18653327296468492,0.2591478320067029,1.2695970695970695,1.3904999999999998,1.4815657037539132,0.2591478320067029,24.295587,24.611127
24.294993198939732,0.25,1.2700917482517484,25.56508494719148,True,3749,4002,254,0.27087290625918314,1,0.2191976320293334,0.23387167185703994,1.1441702679343129,1.5391845238095239,1.4714338766058164,0.23387167185703994,24.616136,24.931675
24.294993198939732,0.25,1.2700917482517484,25.56508494719148,True,3749,4002,254,0.27087290625918314,2,0.2765611144132123,0.15357371710686307,1.393170731707317,1.5016470588235291,1.8173498877631036,0.2765611144132123,24.936684,25.247215
24.294993198939732,0.25,1.2700917482517484,25.56508494719148,True,3749,4002,254,0.27087290625918314,3,0.24669921535261863,0.23324657441324093,1.366304347826087,1.3581818181818182,1.1060137027368238,0.24669921535261863,25.252223,25.562754
24.294993198939732,0.5,2.540183496503497,26.83517669544323,True,3749,4256,508,0.27087290625918314,0,0.24762603510351022,0.2608798610059081,1.19925,1.482093023255814,1.558839541129674,0.2608798610059081,24.295587,24.926667
24.294993198939732,0.5,2.540183496503497,26.83517669544323,True,3749,4256,508,0.27087290625918314,1,0.27133895728834156,0.23454766496817314,1.373488372093023,1.409,1.271042539904451,0.27133895728834156,24.931675,25.562754
24.294993198939732,0.5,2.540183496503497,26.83517669544323,True,3749,4256,508,0.27087290625918314,2,0.27088999853899176,0.18466076062224124,1.3439534883720927,1.3792857142857142,1.5696479899006353,0.27088999853899176,25.567763,26.198842
24.294993198939732,0.5,2.540183496503497,26.83517669544323,True,3749,4256,508,0.27087290625918314,3,0.24927308081200905,0.24127984852311635,1.3034782608695654,1.385714285714286,1.165176651783113,0.24927308081200905,26.203851,26.83493
24.294993198939732,1.0,5.080366993006994,29.375360191946726,True,3749,4763,1015,0.27087290625918314,0,0.2679029788041416,0.2561123570431577,1.3084705719812104,1.4506891661939876,1.258425820895285,0.2679029788041416,24.295587,25.562754
24.294993198939732,1.0,5.080366993006994,29.375360191946726,True,3749,4763,1015,0.27087290625918314,1,0.26606303917915797,0.21891833133971295,1.3295039736914225,1.3846292947558771,1.3020037252739312,0.26606303917915797,25.567763,26.83493
24.294993198939732,1.0,5.080366993006994,29.375360191946726,True,3749,4763,1015,0.27087290625918314,2,0.26421921881072674,0.25088453282828294,1.3540133037694013,1.5331818181818182,1.161809775806831,0.26421921881072674,26.839939,28.107106
24.294993198939732,1.0,5.080366993006994,29.375360191946726,True,3749,4763,1015,0.27087290625918314,3,0.275539010989011,0.21025258680431091,1.298095238095238,1.3812820512820514,1.233993574495674,0.275539010989011,28.112115,29.374273
24.294993198939732,2.0,10.160733986013987,34.455727184953716,True,3749,5777,2029,0.27087290625918314,0,0.2673708993371532,0.24282460761558966,1.3230357142857143,1.3999216380182005,1.2658460613680127,0.2673708993371532,24.295587,26.83493
24.294993198939732,2.0,10.160733986013987,34.455727184953716,True,3749,5777,2029,0.27087290625918314,1,0.2738587844950747,0.23769509645841158,1.3383132530120485,1.436421052631579,1.069613509969732,0.2738587844950747,26.839939,29.374273
24.294993198939732,2.0,10.160733986013987,34.455727184953716,True,3749,5777,2029,0.27087290625918314,2,0.27846209924563886,0.29214455602537004,1.2810526315789474,1.4046153846153846,1.0660514653614819,0.29214455602537004,29.379282,31.913616
24.294993198939732,2.0,10.160733986013987,34.455727184953716,True,3749,5777,2029,0.27087290625918314,3,0.27236453407017724,0.23788665810933252,1.290487804878049,1.3983333333333334,1.0167085075853937,0.27236453407017724,31.918625,34.452959
24.79581485770089,0.25,1.2700917482517484,26.065906605952637,True,3849,4102,254,0.28064666650617087,0,0.20253936205838008,0.2534123972169513,1.2198048780487807,1.4092972699696664,1.1218689630569905,0.2534123972169513,24.796444,25.111984
24.79581485770089,0.25,1.2700917482517484,26.065906605952637,True,3849,4102,254,0.28064666650617087,1,0.2727247584541064,0.23318870308821482,1.5256547619047618,1.479630077369439,1.4167770304092266,0.2727247584541064,25.116992,25.432532
24.79581485770089,0.25,1.2700917482517484,26.065906605952637,True,3849,4102,254,0.28064666650617087,2,0.26004193870508385,0.2037109375752325,1.337948717948718,1.368101265822785,1.4050285450604751,0.26004193870508385,25.43754,25.748071
24.79581485770089,0.25,1.2700917482517484,26.065906605952637,True,3849,4102,254,0.28064666650617087,3,0.2199515154754994,0.17897750925069367,1.3736956521739132,1.41,1.545676771691596,0.2199515154754994,25.75308,26.063611
24.79581485770089,0.5,2.540183496503497,27.335998354204385,True,3849,4356,508,0.28064666650617087,0,0.28055279799768273,0.23177342255906463,1.3388888888888888,1.43009900990099,1.374290952842373,0.28055279799768273,24.796444,25.427523
24.79581485770089,0.5,2.540183496503497,27.335998354204385,True,3849,4356,508,0.28064666650617087,1,0.2692829550317034,0.19029407894736838,1.3602272727272728,1.378,1.35936981222939,0.2692829550317034,25.432532,26.063611
24.79581485770089,0.5,2.540183496503497,27.335998354204385,True,3849,4356,508,0.28064666650617087,2,0.2607343510148389,0.2237806552943179,1.3183783783783785,1.3926530612244898,1.3712483393091472,0.2607343510148389,26.06862,26.699699
24.79581485770089,0.5,2.540183496503497,27.335998354204385,True,3849,4356,508,0.28064666650617087,3,0.24244222725713194,0.2456947354970609,1.3383132530120485,1.4122222222222225,1.2760349233805004,0.2456947354970609,26.704707,27.335787
24.79581485770089,1.0,5.080366993006994,29.876181850707884,True,3849,4863,1015,0.28064666650617087,0,0.26078050321832835,0.20007594599110012,1.3502439024390245,1.3991615667074662,1.283211076905427,0.26078050321832835,24.796444,26.063611
24.79581485770089,1.0,5.080366993006994,29.876181850707884,True,3849,4863,1015,0.28064666650617087,1,0.25283322098640604,0.23843846899224796,1.3335924112607098,1.3951217884551221,1.069648035979581,0.25283322098640604,26.06862,27.335787
24.79581485770089,1.0,5.080366993006994,29.876181850707884,True,3849,4863,1015,0.28064666650617087,2,0.2797100823830473,0.23857221938485995,1.355848115299335,1.4725528781793844,1.0878543490752361,0.2797100823830473,27.340795,28.607963
24.79581485770089,1.0,5.080366993006994,29.876181850707884,True,3849,4863,1015,0.28064666650617087,3,0.23578546891624852,0.2482845238095237,1.2047222222222222,1.4046153846153846,1.2501810060364944,0.2482845238095237,28.612971,29.87513
24.79581485770089,2.0,10.160733986013987,34.95654884371488,True,3849,5877,2029,0.28064666650617087,0,0.264313842746401,0.2289372529644268,1.3389444444444445,1.3960521235521237,1.1394318587862475,0.264313842746401,24.796444,27.335787
24.79581485770089,2.0,10.160733986013987,34.95654884371488,True,3849,5877,2029,0.28064666650617087,1,0.28404801186043915,0.25077174329501917,1.32,1.4285714285714286,1.13322409545203,0.28404801186043915,27.340795,29.87513
24.79581485770089,2.0,10.160733986013987,34.95654884371488,True,3849,5877,2029,0.28064666650617087,2,0.2665680211261606,0.3075996364202247,1.3153658536585366,1.3944444444444446,1.142168284489474,0.3075996364202247,29.880138,32.414473
24.79581485770089,2.0,10.160733986013987,34.95654884371488,True,3849,5877,2029,0.28064666650617087,3,0.2494896539630581,0.2336103300781559,1.2827586206896553,1.407391304347826,1.029118676496747,0.2494896539630581,32.419481,34.953816
25.29663651646205,0.25,1.2700917482517484,26.5667282647138,True,3949,4202,254,0.2727967409705999,0,0.21199365634365652,0.23289611314611303,1.3391250000000001,1.3612317073170732,1.1747280620210883,0.23289611314611303,25.2973,25.61284
25.29663651646205,0.25,1.2700917482517484,26.5667282647138,True,3949,4202,254,0.2727967409705999,1,0.23454306160793237,0.18858386857707488,1.2918298653610771,1.3941472868217053,1.475549585225476,0.23454306160793237,25.617849,25.933388
25.29663651646205,0.25,1.2700917482517484,26.5667282647138,True,3949,4202,254,0.2727967409705999,2,0.23789307000437288,0.18657318881334772,1.4165116279069767,1.362888888888889,1.570389378547561,0.23789307000437288,25.938397,26.248928
25.29663651646205,0.25,1.2700917482517484,26.5667282647138,True,3949,4202,254,0.2727967409705999,3,0.23874700690198097,0.21287967162245103,1.237560975609756,1.4606666666666666,1.1385175958963167,0.23874700690198097,26.253937,26.564468
25.29663651646205,0.5,2.540183496503497,27.836820012965546,True,3949,4456,508,0.2727967409705999,0,0.2517721177408252,0.2327327898550724,1.3235714285714286,1.3730526315789473,1.3004174059563618,0.2517721177408252,25.2973,25.92838
25.29663651646205,0.5,2.540183496503497,27.836820012965546,True,3949,4456,508,0.2727967409705999,1,0.2756929378760775,0.2026493657505284,1.3373033707865167,1.3937209302325582,1.4645171852095105,0.2756929378760775,25.933388,26.564468
25.29663651646205,0.5,2.540183496503497,27.836820012965546,True,3949,4456,508,0.2727967409705999,2,0.2518435247548151,0.2355876245847175,1.3409638554216867,1.4570731707317075,1.063814986402116,0.2518435247548151,26.569476,27.200556
25.29663651646205,0.5,2.540183496503497,27.836820012965546,True,3949,4456,508,0.2727967409705999,3,0.23920678753860303,0.22365564010895467,1.3326315789473686,1.4419565217391304,1.1688621946553555,0.23920678753860303,27.205564,27.836643
25.29663651646205,1.0,5.080366993006994,30.377003509469045,True,3949,4963,1015,0.2727967409705999,0,0.2714460864805692,0.20214682085267266,1.331279069767442,1.3865591397849462,1.3176486637769862,0.2714460864805692,25.2973,26.564468
25.29663651646205,1.0,5.080366993006994,30.377003509469045,True,3949,4963,1015,0.2727967409705999,1,0.2546918932293314,0.22836454508363946,1.337301166489926,1.452312020460358,1.112555450253131,0.2546918932293314,26.569476,27.836643
25.29663651646205,1.0,5.080366993006994,30.377003509469045,True,3949,4963,1015,0.2727967409705999,2,0.2580829232841747,0.2535464355089355,1.3478596256684492,1.4127700348432057,1.0614554933589266,0.2580829232841747,27.841652,29.108819
25.29663651646205,1.0,5.080366993006994,30.377003509469045,True,3949,4963,1015,0.2727967409705999,3,0.24318368362144005,0.2969661102194896,1.2270270270270272,1.447872340425532,1.1201282393914342,0.2969661102194896,29.113828,30.375986
25.29663651646205,2.0,10.160733986013987,35.45737050247604,True,3949,5977,2029,0.2727967409705999,0,0.2646779754062365,0.2260727194716039,1.336095238095238,1.4070897435897436,1.0917540057508615,0.2646779754062365,25.2973,27.836643
25.29663651646205,2.0,10.160733986013987,35.45737050247604,True,3949,5977,2029,0.2727967409705999,1,0.27932120383036946,0.28675972222222224,1.31974025974026,1.4251111111111112,1.0057630546652547,0.28675972222222224,27.841652,30.375986
25.29663651646205,2.0,10.160733986013987,35.45737050247604,True,3949,5977,2029,0.2727967409705999,2,0.28389163208645546,0.236163586764078,1.310769230769231,1.3795604395604395,1.0590085831275098,0.28389163208645546,30.380995,32.915329
25.29663651646205,2.0,10.160733986013987,35.45737050247604,True,3949,5977,2029,0.2727967409705999,3,0.22836083489681058,0.22718240747490948,1.2877647058823527,1.4073118279569892,1.0573046179613717,0.22836083489681058,32.920338,35.454672
25.797458175223213,0.25,1.2700917482517484,27.06754992347496,True,4049,4302,254,0.2749802297165199,0,0.21555509081781687,0.1762365464994775,1.3825331632653062,1.3624970760233919,1.386023671552668,0.21555509081781687,25.798157,26.113697
25.797458175223213,0.25,1.2700917482517484,27.06754992347496,True,4049,4302,254,0.2749802297165199,1,0.27357305543179644,0.2520224663901989,1.1820454545454546,1.394144415733563,1.3557861839578613,0.27357305543179644,26.118705,26.434245
25.797458175223213,0.25,1.2700917482517484,27.06754992347496,True,4049,4302,254,0.2749802297165199,2,0.1861762796027503,0.21641510732567637,1.336341463414634,1.385714285714286,1.1765483497562879,0.21641510732567637,26.439253,26.749785
25.797458175223213,0.25,1.2700917482517484,27.06754992347496,True,4049,4302,254,0.2749802297165199,3,0.2752897283149889,0.21938245486331442,1.298,1.4708045977011497,1.1420268911484217,0.2752897283149889,26.754793,27.065324
25.797458175223213,0.5,2.540183496503497,28.337641671726708,True,4049,4556,508,0.2749802297165199,0,0.2756929378760775,0.2053338519165363,1.3373033707865167,1.378,1.5121500964787542,0.2756929378760775,25.798157,26.429236
25.797458175223213,0.5,2.540183496503497,28.337641671726708,True,4049,4556,508,0.2749802297165199,1,0.2523065326771252,0.22371137873754154,1.3164210526315787,1.3989130434782613,1.0326870811529614,0.2523065326771252,26.434245,27.065324
25.797458175223213,0.5,2.540183496503497,28.337641671726708,True,4049,4556,508,0.2749802297165199,2,0.23694144710710963,0.22596524935935347,1.3382608695652176,1.5161038961038962,1.3025977073270696,0.23694144710710963,27.070333,27.701412
25.797458175223213,0.5,2.540183496503497,28.337641671726708,True,4049,4556,508,0.2749802297165199,3,0.2800070526006463,0.25004030675207156,1.3858064516129034,1.4687179487179487,1.133521452678231,0.2800070526006463,27.706421,28.3375
25.797458175223213,1.0,5.080366993006994,30.877825168230206,True,4049,5063,1015,0.2749802297165199,0,0.27080371217899823,0.22896208133971285,1.331074018504626,1.3928265306122452,1.2333302377708981,0.27080371217899823,25.798157,27.065324
25.797458175223213,1.0,5.080366993006994,30.877825168230206,True,4049,5063,1015,0.2749802297165199,1,0.2797100823830473,0.2429929180274707,1.3614214046822743,1.4981578947368421,1.0792103601036533,0.2797100823830473,27.070333,28.3375
25.797458175223213,1.0,5.080366993006994,30.877825168230206,True,4049,5063,1015,0.2749802297165199,2,0.25477880506157247,0.25812710892002544,1.2474794007490637,1.4120914634146342,1.3030128502490683,0.25812710892002544,28.342509,29.609676
25.797458175223213,1.0,5.080366993006994,30.877825168230206,True,4049,5063,1015,0.2749802297165199,3,0.23598173890063412,0.30719947820285753,1.3189743589743588,1.3952380952380952,1.238357734516171,0.30719947820285753,29.614684,30.876843
25.797458175223213,2.0,10.160733986013987,35.9581921612372,True,4049,6077,2029,0.2749802297165199,0,0.27543859488329625,0.24029213483146072,1.3443549280177187,1.426338932806324,1.076710691676351,0.27543859488329625,25.798157,28.3375
25.797458175223213,2.0,10.160733986013987,35.9581921612372,True,4049,6077,2029,0.2749802297165199,1,0.2570895400578047,0.2903706073938632,1.2802173913043478,1.4046153846153846,1.1148785880326852,0.2903706073938632,28.342509,30.876843
25.797458175223213,2.0,10.160733986013987,35.9581921612372,True,4049,6077,2029,0.2749802297165199,2,0.28656661461569566,0.24751551005715777,1.2890243902439025,1.389156626506024,1.031293620328852,0.28656661461569566,30.881851,33.416186
25.797458175223213,2.0,10.160733986013987,35.9581921612372,True,4049,6077,2029,0.2749802297165199,3,0.2253638211382113,0.20817307692307696,1.30825,1.38475,1.0476921264608225,0.2253638211382113,33.421194,35.955529
26.298279833984378,0.25,1.2700917482517484,27.568371582236125,True,4149,4402,254,0.2749188953488372,0,0.2383897622027933,0.1617743202916765,1.2260423925667827,1.4059211775878442,1.3548136932197818,0.2383897622027933,26.299014,26.614553
26.298279833984378,0.25,1.2700917482517484,27.568371582236125,True,4149,4402,254,0.2749188953488372,1,0.2722286268019027,0.22259136687128744,1.3014891304347826,1.3420256916996047,1.1401081042912957,0.2722286268019027,26.619562,26.935102
26.298279833984378,0.25,1.2700917482517484,27.568371582236125,True,4149,4402,254,0.2749188953488372,2,0.211185018474787,0.2056131216344631,1.3617283950617285,1.5547619047619048,1.1250784166349592,0.211185018474787,26.94011,27.250641
26.298279833984378,0.25,1.2700917482517484,27.568371582236125,True,4149,4402,254,0.2749188953488372,3,0.2394964657282742,0.2301587162837162,1.2623684210526316,1.50609756097561,1.337597927000127,0.2394964657282742,27.25565,27.566181
26.298279833984378,0.5,2.540183496503497,28.838463330487876,True,4149,4656,508,0.2749188953488372,0,0.2668442260537899,0.21377397496151018,1.2857142857142858,1.3785882352941174,1.1467928405821313,0.2668442260537899,26.299014,26.930093
26.298279833984378,0.5,2.540183496503497,28.838463330487876,True,4149,4656,508,0.2749188953488372,1,0.2510657107193251,0.23373843231674685,1.3361904761904762,1.5373170731707315,1.194639555726675,0.2510657107193251,26.935102,27.566181
26.298279833984378,0.5,2.540183496503497,28.838463330487876,True,4149,4656,508,0.2749188953488372,2,0.1878820736434108,0.19346753337939937,1.393012048192771,1.5152380952380953,1.414273759038281,0.19346753337939937,27.571189,28.202269
26.298279833984378,0.5,2.540183496503497,28.838463330487876,True,4149,4656,508,0.2749188953488372,3,0.26615326981908805,0.21408647932131497,1.298095238095238,1.3873170731707316,1.1660059430873286,0.26615326981908805,28.207277,28.838357
26.298279833984378,1.0,5.080366993006994,31.37864682699137,True,4149,5163,1015,0.2749188953488372,0,0.2590694510469366,0.22723486007566485,1.3157105263157893,1.4465820073439413,1.067129955007204,0.2590694510469366,26.299014,27.566181
26.298279833984378,1.0,5.080366993006994,31.37864682699137,True,4149,5163,1015,0.2749188953488372,1,0.22747650491400484,0.24161049256611056,1.3641456582633054,1.435288888888889,1.0371997418345587,0.24161049256611056,27.571189,28.838357
26.298279833984378,1.0,5.080366993006994,31.37864682699137,True,4149,5163,1015,0.2749188953488372,2,0.23804261285909717,0.30130525761582916,1.2111680761099364,1.4258888888888888,1.1886832978213397,0.30130525761582916,28.843365,30.110532
26.298279833984378,1.0,5.080366993006994,31.37864682699137,True,4149,5163,1015,0.2749188953488372,3,0.2537173233270793,0.23687833097135413,1.3057894736842104,1.3934146341463416,1.0806678922208386,0.2537173233270793,30.115541,31.377699
26.298279833984378,2.0,10.160733986013987,36.45901381999836,True,4149,6177,2029,0.2749188953488372,0,0.2681428030303029,0.24100706544909445,1.341631436314363,1.4371352574985852,1.028302888679873,0.2681428030303029,26.299014,28.838357
26.298279833984378,2.0,10.160733986013987,36.45901381999836,True,4149,6177,2029,0.2749188953488372,1,0.26933728440331206,0.29539364511457544,1.2693333333333334,1.4046153846153846,1.108964506605517,0.29539364511457544,28.843365,31.377699
26.298279833984378,2.0,10.160733986013987,36.45901381999836,True,4149,6177,2029,0.2749188953488372,2,0.27980282133178486,0.24503621759766325,1.2947222222222223,1.3841975308641974,1.064969918469925,0.27980282133178486,31.382708,33.917042
26.298279833984378,2.0,10.160733986013987,36.45901381999836,True,4149,6177,2029,0.2749188953488372,3,0.23283093469844407,0.21210962227736418,1.2976923076923077,1.3902439024390243,1.0681681085458328,0.23283093469844407,33.922051,36.456385
26.799101492745535,0.25,1.2700917482517484,28.069193240997283,True,4249,4502,254,0.2776308596544215,0,0.2747943893182465,0.1917070898348735,1.3013170731707318,1.5440661103979463,1.2824147123296394,0.2747943893182465,26.79987,27.11541
26.799101492745535,0.25,1.2700917482517484,28.069193240997283,True,4249,4502,254,0.2776308596544215,1,0.25244313099877413,0.22094163060234484,1.3397897754419497,1.44790432301953,1.2396268068572298,0.25244313099877413,27.120418,27.435958
26.799101492745535,0.25,1.2700917482517484,28.069193240997283,True,4249,4502,254,0.2776308596544215,2,0.17372779956377893,0.1563241496290252,1.3422727272727273,1.4775,1.0618751782717213,0.17372779956377893,27.440967,27.751498
26.799101492745535,0.25,1.2700917482517484,28.069193240997283,True,4249,4502,254,0.2776308596544215,3,0.13297191553890453,0.18536062966235345,1.365121951219512,1.5858536585365854,1.2411730888823531,0.18536062966235345,27.756506,28.067037
26.799101492745535,0.5,2.540183496503497,29.33928498924903,True,4249,4756,508,0.2776308596544215,0,0.2665661308760421,0.23036218646957074,1.3270731707317074,1.518974358974359,1.0996561398229716,0.2665661308760421,26.79987,27.43095
26.799101492745535,0.5,2.540183496503497,29.33928498924903,True,4249,4756,508,0.2776308596544215,1,0.17307093449186473,0.1979642857142856,1.3617777777777778,1.55741935483871,1.2574339355717028,0.1979642857142856,27.435958,28.067037
26.799101492745535,0.5,2.540183496503497,29.33928498924903,True,4249,4756,508,0.2776308596544215,2,0.2800070526006463,0.20468863698678652,1.3647619047619048,1.3602500000000002,1.3989151204498866,0.2800070526006463,28.072046,28.703125
26.799101492745535,0.5,2.540183496503497,29.33928498924903,True,4249,4756,508,0.2776308596544215,3,0.19968149056228313,0.21034394071490847,1.258181818181818,1.4084615384615384,1.0686698255641642,0.21034394071490847,28.708134,29.339213
26.799101492745535,1.0,5.080366993006994,31.87946848575253,True,4249,5263,1015,0.2776308596544215,0,0.258545575399874,0.25088453282828294,1.3499517781796264,1.5389024390243904,1.2110479884614582,0.258545575399874,26.79987,28.067037
26.799101492745535,1.0,5.080366993006994,31.87946848575253,True,4249,5263,1015,0.2776308596544215,1,0.25787909053156155,0.21016177384280832,1.3211249999999999,1.381693657219973,1.2310697949640568,0.25787909053156155,28.072046,29.339213
26.799101492745535,1.0,5.080366993006994,31.87946848575253,True,4249,5263,1015,0.2776308596544215,2,0.25447018543851657,0.29884771718877656,1.2298195669607057,1.423095238095238,1.1139088340530505,0.29884771718877656,29.344222,30.611389
26.799101492745535,1.0,5.080366993006994,31.87946848575253,True,4249,5263,1015,0.2776308596544215,3,0.2867068854568855,0.25470443931833153,1.307012987012987,1.3995402298850577,1.0331701126414181,0.2867068854568855,30.616397,31.878556
26.799101492745535,2.0,10.160733986013987,36.95983547875952,True,4249,6277,2029,0.2776308596544215,0,0.2591991787256389,0.23700727116977505,1.3389322808475281,1.4468693284936478,1.0491909540084277,0.2591991787256389,26.79987,29.339213
26.799101492745535,2.0,10.160733986013987,36.95983547875952,True,4249,6277,2029,0.2776308596544215,1,0.28169026639200145,0.29214455602537004,1.2802173913043478,1.4046153846153846,1.0439399869823776,0.29214455602537004,29.344222,31.878556
26.799101492745535,2.0,10.160733986013987,36.95983547875952,True,4249,6277,2029,0.2776308596544215,2,0.27236453407017724,0.23788665810933252,1.2877777777777777,1.3906493506493507,1.0150668340866382,0.27236453407017724,31.883565,34.417899
26.799101492745535,2.0,10.160733986013987,36.95983547875952,True,4249,6277,2029,0.2776308596544215,3,0.2450264227642276,0.23162371794871783,1.2889473684210526,1.3933333333333335,1.0760509661625428,0.2450264227642276,34.422908,36.957242
27.299923151506697,0.25,1.2700917482517484,28.570014899758444,True,4349,4602,254,0.2789813995215311,0,0.25531896072104154,0.22357260104483,1.2614849681141815,1.5332890365448506,1.472592629985571,0.25531896072104154,27.300727,27.616266
27.299923151506697,0.25,1.2700917482517484,28.570014899758444,True,4349,4602,254,0.2789813995215311,1,0.17721056788523593,0.215670102779298,1.3629305555555555,1.5286929736929737,1.421709521986226,0.215670102779298,27.621275,27.936815
27.299923151506697,0.25,1.2700917482517484,28.570014899758444,True,4349,4602,254,0.2789813995215311,2,0.12807588760062472,0.1981494588744589,1.5286666666666668,1.391590909090909,2.2714371222931957,0.1981494588744589,27.941823,28.252354
27.299923151506697,0.25,1.2700917482517484,28.570014899758444,True,4349,4602,254,0.2789813995215311,3,0.24941452157598498,0.25738188153310115,1.2284444444444444,1.3821739130434785,1.0890914658089375,0.25738188153310115,28.257363,28.567894
27.299923151506697,0.5,2.540183496503497,29.84010664801019,True,4349,4856,508,0.2789813995215311,0,0.2341256123394675,0.2495048988951427,1.3326315789473686,1.5328571428571427,1.3617040958399131,0.2495048988951427,27.300727,27.931806
27.299923151506697,0.5,2.540183496503497,29.84010664801019,True,4349,4856,508,0.2789813995215311,1,0.2800070526006463,0.24579429175475687,1.3794871794871797,1.3911904761904763,1.196426664731191,0.2800070526006463,27.936815,28.567894
27.299923151506697,0.5,2.540183496503497,29.84010664801019,True,4349,4856,508,0.2789813995215311,2,0.20853299168461759,0.2105189407149084,1.2894285714285716,1.4051063829787234,1.0367953137097825,0.2105189407149084,28.572903,29.203982
27.299923151506697,0.5,2.540183496503497,29.84010664801019,True,4349,4856,508,0.2789813995215311,3,0.22900127546822036,0.2639642729454402,1.165,1.3921621621621625,1.4740790706114473,0.2639642729454402,29.20899,29.84007
27.299923151506697,1.0,5.080366993006994,32.380290144513694,True,4349,5363,1015,0.2789813995215311,0,0.2797100823830473,0.25238885193397387,1.350538710627024,1.4698034188034188,1.0777471539938814,0.2797100823830473,27.300727,28.567894
27.299923151506697,1.0,5.080366993006994,32.380290144513694,True,4349,5363,1015,0.2789813995215311,1,0.24417610693138947,0.24997291666666654,1.230016611295681,1.3966563754245138,1.2604986546264432,0.24997291666666654,28.572903,29.84007
27.299923151506697,1.0,5.080366993006994,32.380290144513694,True,4349,5363,1015,0.2789813995215311,2,0.24269356343610782,0.3141558673719268,1.3186244019138758,1.4023194444444445,1.2957733112618843,0.3141558673719268,29.845078,31.112245
27.299923151506697,1.0,5.080366993006994,32.380290144513694,True,4349,5363,1015,0.2789813995215311,3,0.2840890418952037,0.2521994877374314,1.282247191011236,1.3811904761904763,1.1016512852981624,0.2840890418952037,31.117254,32.379413
27.299923151506697,2.0,10.160733986013987,37.460657137520684,True,4349,6377,2029,0.2789813995215311,0,0.2827152560083594,0.2524776819923372,1.3193573093573094,1.4254444444444445,1.0926096205766485,0.2827152560083594,27.300727,29.84007
27.299923151506697,2.0,10.160733986013987,37.460657137520684,True,4349,6377,2029,0.2789813995215311,1,0.2741857322438719,0.30746495483674785,1.3105747126436782,1.3947252747252747,1.1246143688437,0.30746495483674785,29.845078,32.379413
27.299923151506697,2.0,10.160733986013987,37.460657137520684,True,4349,6377,2029,0.2789813995215311,2,0.2494896539630581,0.23457203430594875,1.2847058823529411,1.4066666666666665,1.0354532767042057,0.2494896539630581,32.384421,34.918756
27.299923151506697,2.0,10.160733986013987,37.460657137520684,True,4349,6377,2029,0.2789813995215311,3,0.24446627168720136,0.23868837363644202,1.308292682926829,1.3946153846153846,1.1195727437190424,0.24446627168720136,34.923764,37.458098
27.800744810267854,0.25,1.2700917482517484,29.070836558519602,True,4449,4702,254,0.2826695524926015,0,0.11872619878681412,0.1957506960162132,1.375709123757904,1.5819969512195122,1.950895409681616,0.1957506960162132,27.801583,28.117123
27.800744810267854,0.25,1.2700917482517484,29.070836558519602,True,4449,4702,254,0.2826695524926015,1,0.30653265510771804,0.25089358998598943,1.3671536796536796,1.3588308823529411,1.6389562612349982,0.30653265510771804,28.122132,28.437671
27.800744810267854,0.25,1.2700917482517484,29.070836558519602,True,4449,4702,254,0.2826695524926015,2,0.18902656270305407,0.2179148255813954,1.3514285714285714,1.3873170731707316,1.1752289099639486,0.2179148255813954,28.44268,28.753211
27.800744810267854,0.25,1.2700917482517484,29.070836558519602,True,4449,4702,254,0.2826695524926015,3,0.1950505724653,0.20955218894009198,1.2407692307692308,1.4126829268292684,1.0848964820150828,0.20955218894009198,28.75822,29.068751
27.800744810267854,0.5,2.540183496503497,30.340928306771353,True,4449,4956,508,0.2826695524926015,0,0.2800070526006463,0.2617390247007896,1.375121951219512,1.5106976744186047,1.1387561726088193,0.2800070526006463,27.801583,28.432663
27.800744810267854,0.5,2.540183496503497,30.340928306771353,True,4449,4956,508,0.2826695524926015,1,0.2035881083693878,0.21604331395348841,1.2995652173913044,1.3889189189189193,1.0672167535681816,0.21604331395348841,28.437671,29.068751
27.800744810267854,0.5,2.540183496503497,30.340928306771353,True,4449,4956,508,0.2826695524926015,2,0.22650003477343128,0.25689509466437177,1.165,1.428095238095238,1.468096259448627,0.25689509466437177,29.073759,29.704838
27.800744810267854,0.5,2.540183496503497,30.340928306771353,True,4449,4956,508,0.2826695524926015,3,0.22940700520409818,0.30193082886106126,1.3189743589743588,1.453111111111111,1.4574735951430362,0.30193082886106126,29.709847,30.340926
27.800744810267854,1.0,5.080366993006994,32.88111180327485,True,4449,5463,1015,0.2826695524926015,0,0.2580829232841747,0.25286108197358204,1.350110741971207,1.4232779623477299,1.0647334762532024,0.2580829232841747,27.801583,29.068751
27.800744810267854,1.0,5.080366993006994,32.88111180327485,True,4449,5463,1015,0.2826695524926015,1,0.24293278199228957,0.2968746173719268,1.227815839094909,1.4462438625204583,1.1199956159957507,0.2968746173719268,29.073759,30.340926
27.800744810267854,1.0,5.080366993006994,32.88111180327485,True,4449,5463,1015,0.2826695524926015,2,0.24394436548952048,0.23922470930232564,1.3002691511387163,1.3822301871764238,1.1048399948576615,0.24394436548952048,30.345935,31.613102
27.800744810267854,1.0,5.080366993006994,32.88111180327485,True,4449,5463,1015,0.2826695524926015,3,0.29143003875968987,0.22166996596710153,1.3141666666666667,1.3811904761904763,1.1444509098325568,0.29143003875968987,31.618111,32.880269
27.800744810267854,2.0,10.160733986013987,37.96147879628184,True,4449,6477,2029,0.2826695524926015,0,0.2791554035567716,0.2866125330687831,1.3222225609756098,1.4273809523809522,1.0042718844413454,0.2866125330687831,27.801583,30.340926
27.800744810267854,2.0,10.160733986013987,37.96147879628184,True,4449,6477,2029,0.2826695524926015,1,0.28389163208645546,0.236163586764078,1.307012987012987,1.3812345679012348,1.0571260224191037,0.28389163208645546,30.345935,32.880269
27.800744810267854,2.0,10.160733986013987,37.96147879628184,True,4449,6477,2029,0.2826695524926015,2,0.21371528040924592,0.22718240747490948,1.286,1.4103896103896103,1.0857705299941722,0.22718240747490948,32.885278,35.419612
27.800744810267854,2.0,10.160733986013987,37.96147879628184,True,4449,6477,2029,0.2826695524926015,3,0.26251801061230273,0.24233132694938442,1.3051351351351352,1.393095238095238,1.1426683334349168,0.26251801061230273,35.424621,37.958955
28.30156646902902,0.25,1.2700917482517484,29.571658217280767,True,4549,4802,254,0.27779710827790094,0,0.2532706760948321,0.27115979824478487,1.3003381642512077,1.3984357696566998,1.2984308616001725,0.27115979824478487,28.30244,28.61798
28.30156646902902,0.25,1.2700917482517484,29.571658217280767,True,4549,4802,254,0.27779710827790094,1,0.21331295410242768,0.18791690197085065,1.302577030812325,1.4172938443670153,1.0928855741079184,0.21331295410242768,28.622988,28.938528
28.30156646902902,0.25,1.2700917482517484,29.571658217280767,True,4549,4802,254,0.27779710827790094,2,0.1612610577571859,0.2100890604890604,1.2328395061728394,1.410222222222222,1.1680520733189466,0.2100890604890604,28.943536,29.254068
28.30156646902902,0.25,1.2700917482517484,29.571658217280767,True,4549,4802,254,0.27779710827790094,3,0.22317317729303487,0.2733823161948127,1.0759493670886076,1.5189189189189187,1.3761484078864041,0.2733823161948127,29.259076,29.569607
28.30156646902902,0.5,2.540183496503497,30.841749965532514,True,4549,5055,507,0.27779710827790094,0,0.2279050818260121,0.19835660599932592,1.2995652173913044,1.4126829268292684,1.1693070647323942,0.2279050818260121,28.30244,28.933519
28.30156646902902,0.5,2.540183496503497,30.841749965532514,True,4549,5055,507,0.27779710827790094,1,0.22548156733946956,0.2696901953969725,1.1615384615384616,1.471578947368421,1.3442130065526345,0.2696901953969725,28.938528,29.569607
28.30156646902902,0.5,2.540183496503497,30.841749965532514,True,4549,5055,507,0.27779710827790094,2,0.2103590109890109,0.30193082886106126,1.3189743589743588,1.4090697674418604,1.5717979880058355,0.30193082886106126,29.574616,30.205695
28.30156646902902,0.5,2.540183496503497,30.841749965532514,True,4549,5055,507,0.27779710827790094,3,0.2148036375389315,0.21342843478854945,1.3186244019138758,1.3787991021324355,1.052652041576438,0.2148036375389315,30.210704,30.836774
28.30156646902902,1.0,5.080366993006994,33.38193346203602,True,4549,5563,1015,0.27779710827790094,0,0.2588512691111529,0.25812710892002544,1.2321340388007052,1.426936507936508,1.292754237381634,0.2588512691111529,28.30244,29.569607
28.30156646902902,1.0,5.080366993006994,33.38193346203602,True,4549,5563,1015,0.27779710827790094,1,0.23164610033606747,0.3055784163915346,1.3185661268556004,1.390842985842986,1.267609586648374,0.3055784163915346,29.574616,30.841783
28.30156646902902,1.0,5.080366993006994,33.38193346203602,True,4549,5563,1015,0.27779710827790094,2,0.29438625770955995,0.26780629573608394,1.2856357906275693,1.399029374201788,1.0835534425892694,0.29438625770955995,30.846791,32.113959
28.30156646902902,1.0,5.080366993006994,33.38193346203602,True,4549,5563,1015,0.27779710827790094,3,0.28415262237762234,0.24818532177490416,1.3141666666666667,1.3765714285714286,1.0948550715501653,0.28415262237762234,32.118967,33.381126
28.30156646902902,2.0,10.160733986013987,38.46230045504301,True,4549,6577,2029,0.27779710827790094,0,0.26048240039281695,0.28905272058083276,1.2721062271062271,1.4080861909175164,1.1095570236421517,0.28905272058083276,28.30244,30.841783
28.30156646902902,2.0,10.160733986013987,38.46230045504301,True,4549,6577,2029,0.27779710827790094,1,0.28818645699614875,0.2513687170690704,1.2976315789473685,1.3869565217391304,1.0441959476492368,0.28818645699614875,30.846791,33.381126
28.30156646902902,2.0,10.160733986013987,38.46230045504301,True,4549,6577,2029,0.27779710827790094,2,0.2247095528455284,0.2084169871794873,1.2976923076923077,1.38925,1.0348671259843394,0.2247095528455284,33.386134,35.920469
28.30156646902902,2.0,10.160733986013987,38.46230045504301,True,4549,6577,2029,0.27779710827790094,3,0.24568769493844045,0.24769875277161857,1.2846341463414634,1.4251162790697671,1.0524919940366178,0.24769875277161857,35.925477,38.459812
28.80238812779018,0.25,1.2700917482517484,30.07247987604193,True,4649,4902,254,0.27549447632711627,0,0.1738162280701755,0.21475900621118027,1.2238664596273292,1.4623846153846154,1.142269764020818,0.21475900621118027,28.803297,29.118836
28.80238812779018,0.25,1.2700917482517484,30.07247987604193,True,4649,4902,254,0.27549447632711627,1,0.22723679099026695,0.20769976771196297,1.1914335824309896,1.3932666858457998,1.426512321154886,0.22723679099026695,29.123845,29.439384
28.80238812779018,0.25,1.2700917482517484,30.07247987604193,True,4649,4902,254,0.27549447632711627,2,0.22509223023774333,0.23991927238507982,1.153066666666667,1.4992500000000002,1.7011691057566043,0.23991927238507982,29.444393,29.754924
28.80238812779018,0.25,1.2700917482517484,30.07247987604193,True,4649,4902,254,0.27549447632711627,3,0.21369781512605046,0.31077377769289516,1.3530232558139534,1.682439024390244,1.6752821779440863,0.31077377769289516,29.759933,30.070464
28.80238812779018,0.5,2.540183496503497,31.342571624293676,True,4649,5155,507,0.27549447632711627,0,0.22274434075636435,0.21265114194462031,1.200888888888889,1.410222222222222,1.1159820086735408,0.22274434075636435,28.803297,29.434376
28.80238812779018,0.5,2.540183496503497,31.342571624293676,True,4649,5155,507,0.27549447632711627,1,0.23358144409937887,0.29169396988670226,1.23625,1.523846153846154,1.2718913190497676,0.29169396988670226,29.439384,30.070464
28.80238812779018,0.5,2.540183496503497,31.342571624293676,True,4649,5155,507,0.27549447632711627,2,0.2130700265251988,0.20162883761143946,1.2810526315789474,1.3864285714285711,1.1301346710007594,0.2130700265251988,30.075472,30.706552
28.80238812779018,0.5,2.540183496503497,31.342571624293676,True,4649,5155,507,0.27549447632711627,3,0.30885995370370367,0.2941979075766832,1.3195747747747748,1.3678750000000002,1.1503478250573735,0.30885995370370367,30.71156,31.337631
28.80238812779018,1.0,5.080366993006994,33.88275512079717,True,4649,5663,1015,0.27549447632711627,0,0.23804261285909717,0.3009206031442845,1.222454499494439,1.4701573426573427,1.1744755286865531,0.3009206031442845,28.803297,30.070464
28.80238812779018,1.0,5.080366993006994,33.88275512079717,True,4649,5663,1015,0.27549447632711627,1,0.25306035021888673,0.23525799418604643,1.308030303030303,1.3823629032258065,1.123028949278469,0.25306035021888673,30.075472,31.34264
28.80238812779018,1.0,5.080366993006994,33.88275512079717,True,4649,5663,1015,0.27549447632711627,2,0.2885999999999999,0.23165384323874028,1.2661742424242424,1.3800909090909088,1.11752894036054,0.2885999999999999,31.347648,32.614815
28.80238812779018,1.0,5.080366993006994,33.88275512079717,True,4649,5663,1015,0.27549447632711627,3,0.23174114843683813,0.25514027411231643,1.2958536585365854,1.3882608695652174,1.128070321374966,0.25514027411231643,32.619824,33.881982
28.80238812779018,2.0,10.160733986013987,38.96312211380417,True,4649,6677,2029,0.27549447632711627,0,0.26912809159276435,0.2953328222165431,1.2709144736842106,1.4047467166979364,1.1102579677783775,0.2953328222165431,28.803297,31.34264
28.80238812779018,2.0,10.160733986013987,38.96312211380417,True,4649,6677,2029,0.27549447632711627,1,0.27980282133178486,0.23783511926321277,1.2877777777777777,1.3843902439024391,1.0784684692792408,0.27980282133178486,31.347648,33.881982
28.80238812779018,2.0,10.160733986013987,38.96312211380417,True,4649,6677,2029,0.27549447632711627,2,0.23283093469844407,0.21539927494148492,1.2976923076923077,1.3911904761904763,1.0553566612199146,0.23283093469844407,33.886991,36.421325
28.80238812779018,2.0,10.160733986013987,38.96312211380417,True,4649,6677,2029,0.27549447632711627,3,0.24985429561382788,0.2535576668557382,1.2972839506172842,1.4322222222222225,1.061993491836612,0.2535576668557382,36.426334,38.960668
29.30320978655134,0.25,1.2700917482517484,30.573301534803086,True,4749,5002,254,0.27668418972055464,0,0.245306481980471,0.2504082653158426,1.0869634475892476,1.501454268292683,1.56532362032913,0.2504082653158426,29.304153,29.619693
29.30320978655134,0.25,1.2700917482517484,30.573301534803086,True,4749,5002,254,0.27668418972055464,1,0.18439255280285793,0.30865459213071567,1.1945507399577167,1.3941298615688864,1.442650625771472,0.30865459213071567,29.624701,29.940241
29.30320978655134,0.25,1.2700917482517484,30.573301534803086,True,4749,5002,254,0.27668418972055464,2,0.23035242360576702,0.2574290219023456,1.353924050632911,1.5297435897435898,1.9417875700547005,0.2574290219023456,29.94525,30.255781
29.30320978655134,0.25,1.2700917482517484,30.573301534803086,True,4749,5002,254,0.27668418972055464,3,0.17129783779817265,0.2003194061505833,1.2809523809523813,1.3645945945945943,1.113214223795777,0.2003194061505833,30.260789,30.57132
29.30320978655134,0.5,2.540183496503497,31.843393283054837,True,4749,5255,507,0.27668418972055464,0,0.2288134012689383,0.2863797037316008,1.1441463414634148,1.447872340425532,1.3339436331372887,0.2863797037316008,29.304153,29.935232
29.30320978655134,0.5,2.540183496503497,31.843393283054837,True,4749,5255,507,0.27668418972055464,1,0.218947440980662,0.2996511212364872,1.3225,1.416341463414634,1.6092630738224625,0.2996511212364872,29.940241,30.57132
29.30320978655134,0.5,2.540183496503497,31.843393283054837,True,4749,5255,507,0.27668418972055464,2,0.26177008050089434,0.2891806887218473,1.3137777777777775,1.3602597402597405,1.1519184980760513,0.2891806887218473,30.576329,31.207408
29.30320978655134,0.5,2.540183496503497,31.843393283054837,True,4749,5255,507,0.27668418972055464,3,0.28550046334850254,0.215702069490587,1.2856357906275693,1.475319264069264,1.307661952223663,0.28550046334850254,31.212417,31.838488
29.30320978655134,1.0,5.080366993006994,34.38357677955833,True,4749,5763,1015,0.27668418972055464,0,0.25447018543851657,0.29884771718877656,1.2298195669607057,1.423095238095238,1.1136575423361508,0.29884771718877656,29.304153,30.57132
29.30320978655134,1.0,5.080366993006994,34.38357677955833,True,4749,5763,1015,0.27668418972055464,1,0.28645974099099114,0.25422898561811513,1.2999208266237252,1.3978842592592593,1.0267978030498552,0.28645974099099114,30.576329,31.843496
29.30320978655134,1.0,5.080366993006994,34.38357677955833,True,4749,5763,1015,0.27668418972055464,2,0.28190342312008976,0.21275047262219615,1.3178696126568465,1.3741529334212261,1.1396392149736576,0.28190342312008976,31.848505,33.115672
29.30320978655134,1.0,5.080366993006994,34.38357677955833,True,4749,5763,1015,0.27668418972055464,3,0.22477050127050124,0.2498985444402645,1.2763636363636364,1.4233333333333336,1.1325742383494286,0.2498985444402645,33.12068,34.382839
29.30320978655134,2.0,10.160733986013987,39.46394377256533,True,4749,6777,2029,0.27668418972055464,0,0.28160799278300547,0.29195815086076715,1.2746753246753246,1.404400715563506,1.0497948107685922,0.29195815086076715,29.304153,31.843496
29.30320978655134,2.0,10.160733986013987,39.46394377256533,True,4749,6777,2029,0.27668418972055464,1,0.27236453407017724,0.23788665810933252,1.29425,1.39375,1.011018900016406,0.27236453407017724,31.848505,34.382839
29.30320978655134,2.0,10.160733986013987,39.46394377256533,True,4749,6777,2029,0.27668418972055464,2,0.2450264227642276,0.229483292416803,1.2931868131868132,1.3914634146341465,1.0777967099401133,0.2450264227642276,34.387848,36.922182
29.30320978655134,2.0,10.160733986013987,39.46394377256533,True,4749,6777,2029,0.27668418972055464,3,0.2398691414141414,0.247886993515684,1.3077272727272728,1.4045238095238095,1.0263996935529862,0.247886993515684,36.92719,39.461525
29.8040314453125,0.25,1.2700917482517484,31.074123193564247,True,4849,5102,254,0.26753113695090425,0,0.21505436248573506,0.2751181058391736,1.3292777777777778,1.663719512195122,1.8581803399131653,0.2751181058391736,29.80501,30.120549
29.8040314453125,0.25,1.2700917482517484,31.074123193564247,True,4849,5102,254,0.26753113695090425,1,0.22534663586595705,0.17769488960113955,1.3175789473684212,1.4179326364692217,1.181228566910026,0.22534663586595705,30.125558,30.441098
29.8040314453125,0.25,1.2700917482517484,31.074123193564247,True,4849,5102,254,0.26753113695090425,2,0.1705695726180222,0.19114903064415267,1.3225,1.3642500000000002,1.1285071778094131,0.19114903064415267,30.446106,30.756637
29.8040314453125,0.25,1.2700917482517484,31.074123193564247,True,4849,5102,254,0.26753113695090425,3,0.3099569444444443,0.31542358528882436,1.2947368421052634,1.3405263157894738,1.1297355750679006,0.31542358528882436,30.761646,31.072177
29.8040314453125,0.5,2.540183496503497,32.344214941816,True,4849,5355,507,0.26753113695090425,0,0.24029157529462397,0.27046216346848284,1.3181578947368422,1.4757142857142858,1.379048458825746,0.27046216346848284,29.80501,30.436089
29.8040314453125,0.5,2.540183496503497,32.344214941816,True,4849,5355,507,0.26753113695090425,1,0.2357029791346864,0.25828190559440556,1.3019999999999998,1.3609523809523811,1.0867051023328396,0.25828190559440556,30.441098,31.072177
29.8040314453125,0.5,2.540183496503497,32.344214941816,True,4849,5355,507,0.26753113695090425,2,0.27978758374176294,0.2588253712907005,1.24,1.4868181818181818,1.1109205042283952,0.27978758374176294,31.077186,31.708265
29.8040314453125,0.5,2.540183496503497,32.344214941816,True,4849,5355,507,0.26753113695090425,3,0.29308000474431195,0.241371389952575,1.3260351123595506,1.3612514619883043,1.1674985873126427,0.29308000474431195,31.713273,32.339344
29.8040314453125,1.0,5.080366993006994,34.884398438319494,True,4849,5863,1015,0.26753113695090425,0,0.24101121049493135,0.3141558673719268,1.3114126984126981,1.3977275641025642,1.2938136667776907,0.3141558673719268,29.80501,31.072177
29.8040314453125,1.0,5.080366993006994,34.884398438319494,True,4849,5863,1015,0.26753113695090425,1,0.28404084490605674,0.25502949703069044,1.2990627030539312,1.3894563620334996,1.1068243732418497,0.28404084490605674,31.077186,32.344353
29.8040314453125,1.0,5.080366993006994,34.884398438319494,True,4849,5863,1015,0.26753113695090425,2,0.28141134125021317,0.2590110460175308,1.3015789473684212,1.3835095785440612,1.0785539447616543,0.28141134125021317,32.349361,33.616528
29.8040314453125,1.0,5.080366993006994,34.884398438319494,True,4849,5863,1015,0.26753113695090425,3,0.20694178154825016,0.21692623468485528,1.2749333333333337,1.424864864864865,1.163677477433159,0.21692623468485528,33.621537,34.883696
29.8040314453125,2.0,10.160733986013987,39.964765431326484,True,4849,6877,2029,0.26753113695090425,0,0.27410554158809985,0.30720657221876213,1.308030303030303,1.394679710533369,1.123722955727937,0.30720657221876213,29.80501,32.344353
29.8040314453125,2.0,10.160733986013987,39.964765431326484,True,4849,6877,2029,0.26753113695090425,1,0.2494896539630581,0.23457203430594875,1.286086956521739,1.4045238095238095,1.0385118415438968,0.2494896539630581,32.349361,34.883696
29.8040314453125,2.0,10.160733986013987,39.964765431326484,True,4849,6877,2029,0.26753113695090425,2,0.24446627168720136,0.23868837363644202,1.3081159420289856,1.40126582278481,1.1265359210562909,0.24446627168720136,34.888704,37.423039
29.8040314453125,2.0,10.160733986013987,39.964765431326484,True,4849,6877,2029,0.26753113695090425,3,0.24553067631148384,0.25892288313419565,1.29425,1.3984444444444444,1.0938085634612271,0.25892288313419565,37.428047,39.962381
30.30485310407366,0.25,1.2700917482517484,31.57494485232541,True,4949,5202,254,0.2584935669175735,0,0.15771679968631191,0.20053780487804873,1.2764285714285717,1.362697044334975,1.1317609181111985,0.20053780487804873,30.305866,30.621406
30.30485310407366,0.25,1.2700917482517484,31.57494485232541,True,4949,5202,254,0.2584935669175735,1,0.3095912808641975,0.3092302269122496,1.3307142857142857,1.3965763324299911,1.008892902370242,0.3095912808641975,30.626415,30.941954
30.30485310407366,0.25,1.2700917482517484,31.57494485232541,True,4949,5202,254,0.2584935669175735,2,0.27799695260625856,0.2512416132614662,1.2947368421052634,1.3485365853658535,1.2929909775738988,0.27799695260625856,30.946963,31.257494
30.30485310407366,0.25,1.2700917482517484,31.57494485232541,True,4949,5202,254,0.2584935669175735,3,0.20797245528504216,0.19901950710108607,1.32875,1.492093023255814,1.1250447118102809,0.20797245528504216,31.262502,31.573034
30.30485310407366,0.5,2.540183496503497,32.84503660057716,True,4949,5455,507,0.2584935669175735,0,0.2481803821353863,0.25299817279861125,1.307012987012987,1.3763636363636362,1.027718281484582,0.25299817279861125,30.305866,30.936946
30.30485310407366,0.5,2.540183496503497,32.84503660057716,True,4949,5455,507,0.2584935669175735,1,0.23565069889341872,0.24745323272856845,1.3019999999999998,1.4004347826086956,1.2257817077246018,0.24745323272856845,30.941954,31.573034
30.30485310407366,0.5,2.540183496503497,32.84503660057716,True,4949,5455,507,0.2584935669175735,2,0.2928424703396389,0.26153028967722747,1.247142857142857,1.3887640449438203,1.1203154721628752,0.2928424703396389,31.578042,32.209121
30.30485310407366,0.5,2.540183496503497,32.84503660057716,True,4949,5455,507,0.2584935669175735,3,0.2803238481390129,0.1993082306947439,1.3203354978354978,1.3699439124487005,1.216289427868545,0.2803238481390129,32.21413,32.840201
30.30485310407366,1.0,5.080366993006994,35.385220097080655,True,4949,5963,1015,0.2584935669175735,0,0.24394436548952048,0.23922470930232564,1.3038947368421052,1.3873351648351648,1.1056999533474934,0.24394436548952048,30.305866,31.573034
30.30485310407366,1.0,5.080366993006994,35.385220097080655,True,4949,5963,1015,0.2584935669175735,1,0.2913085755813953,0.22163636557005095,1.3089458929072049,1.378840909090909,1.1558598386838503,0.2913085755813953,31.578042,32.845209
30.30485310407366,1.0,5.080366993006994,35.385220097080655,True,4949,5963,1015,0.2584935669175735,2,0.23677669785169775,0.2561033884186974,1.275648484848485,1.4066188769414576,1.0940435695423334,0.2561033884186974,32.850218,34.117385
30.30485310407366,1.0,5.080366993006994,35.385220097080655,True,4949,5963,1015,0.2584935669175735,3,0.15839771273104597,0.21568076923076918,1.281590909090909,1.4102439024390243,1.2382186290279438,0.21568076923076918,34.122394,35.384552
30.30485310407366,2.0,10.160733986013987,40.46558709008765,True,4949,6977,2029,0.2584935669175735,0,0.28386201749410395,0.2361225372712693,1.3064012303485986,1.3812125220458555,1.0533943715786782,0.28386201749410395,30.305866,32.845209
30.30485310407366,2.0,10.160733986013987,40.46558709008765,True,4949,6977,2029,0.2584935669175735,1,0.20987211538461548,0.22718240747490948,1.2813513513513513,1.4073118279569892,1.1051178838695503,0.22718240747490948,32.850218,35.384552
30.30485310407366,2.0,10.160733986013987,40.46558709008765,True,4949,6977,2029,0.2584935669175735,2,0.2631306161745828,0.24233132694938442,1.3081159420289856,1.3963636363636365,1.1420741720979655,0.2631306161745828,35.389561,37.923895
30.30485310407366,2.0,10.160733986013987,40.46558709008765,True,4949,6977,2029,0.2584935669175735,3,0.247170408624386,0.2644799134199134,1.3035294117647058,1.41816091954023,1.0935531542275239,0.2644799134199134,37.928904,40.463238
30.80567476283482,0.25,1.2700917482517484,32.07576651108657,True,5049,5302,254,0.2714025840160398,0,0.3092552457716701,0.25506191354565555,1.2983684210526316,1.395942073170732,1.2009541139005075,0.3092552457716701,30.806723,31.122263
30.80567476283482,0.25,1.2700917482517484,32.07576651108657,True,5049,5302,254,0.2714025840160398,1,0.2752110066482438,0.2627090643274853,1.258954268292683,1.4583982683982684,1.2039261751146417,0.2752110066482438,31.127271,31.442811
30.80567476283482,0.25,1.2700917482517484,32.07576651108657,True,5049,5302,254,0.2714025840160398,2,0.2779701097993783,0.20567691825121936,1.2147619047619047,1.4504545454545454,1.3661063120375692,0.2779701097993783,31.447819,31.75835
30.80567476283482,0.25,1.2700917482517484,32.07576651108657,True,5049,5302,254,0.2714025840160398,3,0.3085995049052264,0.25670428380187416,1.247142857142857,1.3795,1.1919168749347335,0.3085995049052264,31.763359,32.07389
30.80567476283482,0.5,2.540183496503497,33.345858259338314,True,5049,5555,507,0.2714025840160398,0,0.2972010655638733,0.2675335913312692,1.2890243902439025,1.4028888888888889,1.2009313028147348,0.2972010655638733,30.806723,31.437802
30.80567476283482,0.5,2.540183496503497,33.345858259338314,True,5049,5555,507,0.2714025840160398,1,0.2955567856953079,0.23613976843928397,1.241219512195122,1.3995402298850577,1.2035073196208517,0.2955567856953079,31.442811,32.07389
30.80567476283482,0.5,2.540183496503497,33.345858259338314,True,5049,5555,507,0.2714025840160398,2,0.2732874442586397,0.20890719896725995,1.3170212765957447,1.358947368421053,1.1843017815313186,0.2732874442586397,32.078899,32.709978
30.80567476283482,0.5,2.540183496503497,33.345858259338314,True,5049,5555,507,0.2714025840160398,3,0.2882931548742731,0.28151543458327,1.31301751094434,1.4186962833914052,1.0632715163254542,0.2882931548742731,32.714987,33.341057
30.80567476283482,1.0,5.080366993006994,35.886041755841816,True,5049,6063,1015,0.2714025840160398,0,0.2998402836134454,0.26323311800172267,1.2664102564102566,1.4008346752549652,1.1044385349482289,0.2998402836134454,30.806723,32.07389
30.80567476283482,1.0,5.080366993006994,35.886041755841816,True,5049,6063,1015,0.2714025840160398,1,0.28314852941176477,0.24926895163803775,1.3178696126568465,1.376063492063492,1.0652397934817546,0.28314852941176477,32.078899,33.346066
30.80567476283482,1.0,5.080366993006994,35.886041755841816,True,5049,6063,1015,0.2714025840160398,2,0.19567209796844098,0.2244204665005537,1.2793755383290266,1.4125,1.144463099877616,0.2244204665005537,33.351074,34.618242
30.80567476283482,1.0,5.080366993006994,35.886041755841816,True,5049,6063,1015,0.2714025840160398,3,0.22780070173613232,0.20313883374689823,1.312888888888889,1.3740229885057471,1.162105691314119,0.22780070173613232,34.62325,35.885409
30.80567476283482,2.0,10.160733986013987,40.96640874884881,True,5049,7077,2029,0.2714025840160398,0,0.2907878265935411,0.2523658604522524,1.2952952503209243,1.3894563620334996,1.0515923132924203,0.2907878265935411,30.806723,33.346066
30.80567476283482,2.0,10.160733986013987,40.96640874884881,True,5049,7077,2029,0.2714025840160398,1,0.22351153881855612,0.20965641025641035,1.2958441558441558,1.3895121951219511,1.0180389479580476,0.22351153881855612,33.351074,35.885409
30.80567476283482,2.0,10.160733986013987,40.96640874884881,True,5049,7077,2029,0.2714025840160398,2,0.2491105555555555,0.24769875277161857,1.2972839506172842,1.4237209302325582,1.0631365652665015,0.2491105555555555,35.890417,38.424752
30.80567476283482,2.0,10.160733986013987,40.96640874884881,True,5049,7077,2029,0.2714025840160398,3,0.24478550446998726,0.25931134467265715,1.2819999999999998,1.4125925925925926,1.083980440054998,0.25931134467265715,38.42976,40.964095
31.30649642159598,0.25,1.2700917482517484,32.57658816984773,True,5149,5402,254,0.25966180362525937,0,0.22517774426272308,0.1977911654135338,1.2265485829959517,1.4884679144385027,1.1224332374192554,0.22517774426272308,31.30758,31.623119
31.30649642159598,0.25,1.2700917482517484,32.57658816984773,True,5149,5402,254,0.25966180362525937,1,0.2949939434310309,0.23917382975085122,1.3129702831511074,1.4003873988931463,1.456824624211958,0.2949939434310309,31.628128,31.943667
31.30649642159598,0.25,1.2700917482517484,32.57658816984773,True,5149,5402,254,0.25966180362525937,2,0.266989519204069,0.25748759398496246,1.3141666666666667,1.3635555555555556,1.1197278286758363,0.266989519204069,31.948676,32.259207
31.30649642159598,0.25,1.2700917482517484,32.57658816984773,True,5149,5402,254,0.25966180362525937,3,0.23911762485482002,0.1926934062110891,1.2491111111111113,1.358947368421053,1.253311132390082,0.23911762485482002,32.264216,32.574747
31.30649642159598,0.5,2.540183496503497,33.846679918099476,True,5149,5655,507,0.25966180362525937,0,0.26744855398799083,0.22127678571428566,1.2790697674418603,1.4572727272727273,1.3113909673233062,0.26744855398799083,31.30758,31.938659
31.30649642159598,0.5,2.540183496503497,33.846679918099476,True,5149,5655,507,0.25966180362525937,1,0.25156377695132276,0.22492055072140404,1.2515789473684211,1.358947368421053,1.1345966507545318,0.25156377695132276,31.943667,32.574747
31.30649642159598,0.5,2.540183496503497,33.846679918099476,True,5149,5655,507,0.25966180362525937,2,0.20572729154346536,0.2068135219503736,1.3372151898734177,1.3765714285714286,1.0816747086811116,0.2068135219503736,32.579755,33.210835
31.30649642159598,0.5,2.540183496503497,33.846679918099476,True,5149,5655,507,0.25966180362525937,3,0.19019139840278054,0.2619729044536254,1.237452248016456,1.4039074743821578,1.3785569246629223,0.2619729044536254,33.215843,33.841914
31.30649642159598,1.0,5.080366993006994,36.38686341460297,True,5149,6163,1015,0.25966180362525937,0,0.2885999999999999,0.22999698348264264,1.2661742424242424,1.388960335724922,1.1286935380965242,0.2885999999999999,31.30758,32.574747
31.30649642159598,1.0,5.080366993006994,36.38686341460297,True,5149,6163,1015,0.25966180362525937,1,0.22379374460416124,0.25437696582600133,1.3113303167420813,1.3869875776397516,1.1450765339414868,0.25437696582600133,32.579755,33.846922
31.30649642159598,1.0,5.080366993006994,36.38686341460297,True,5149,6163,1015,0.25966180362525937,2,0.19294855072463757,0.22858527734291745,1.2793667861409797,1.4158241758241759,1.205738100144248,0.22858527734291745,33.851931,35.119098
31.30649642159598,1.0,5.080366993006994,36.38686341460297,True,5149,6163,1015,0.25966180362525937,3,0.23890351417469524,0.20418123543123545,1.3125,1.3741025641025642,1.2401517190695168,0.23890351417469524,35.124107,36.386265
31.30649642159598,2.0,10.160733986013987,41.46723040760997,True,5149,7177,2029,0.25966180362525937,0,0.279688939701897,0.23526182645865856,1.2906189024390244,1.3883695652173915,1.0785641669631572,0.279688939701897,31.30758,33.846922
31.30649642159598,2.0,10.160733986013987,41.46723040760997,True,5149,7177,2029,0.25966180362525937,1,0.23850863896165764,0.21691314349174773,1.2931868131868132,1.3906493506493507,1.0457610580722643,0.23850863896165764,33.851931,36.386265
31.30649642159598,2.0,10.160733986013987,41.46723040760997,True,5149,7177,2029,0.25966180362525937,2,0.2531626540626928,0.25219585043319637,1.3041860465116275,1.433846153846154,1.0466723569566265,0.2531626540626928,36.391274,38.925608
31.30649642159598,2.0,10.160733986013987,41.46723040760997,True,5149,7177,2029,0.25966180362525937,3,0.2570377945276833,0.23898875568875566,1.284102564102564,1.4304761904761905,1.051058356875115,0.2570377945276833,38.930617,41.464951
31.807318080357145,0.25,1.2700917482517484,33.07740982860889,True,5249,5502,254,0.2636113432493816,0,0.30831484327908365,0.2617403654485049,1.2920774797786292,1.3669502836169505,1.1118856563057298,0.30831484327908365,31.808436,32.123976
31.807318080357145,0.25,1.2700917482517484,33.07740982860889,True,5249,5502,254,0.2636113432493816,1,0.17020112042180569,0.20050773690357016,1.3200582605076987,1.3441216216216216,1.0765585898245615,0.20050773690357016,32.128984,32.444524
31.807318080357145,0.25,1.2700917482517484,33.07740982860889,True,5249,5502,254,0.2636113432493816,2,0.29577912468457834,0.2011895604395605,1.3,1.407391304347826,1.34105779334958,0.29577912468457834,32.449533,32.760064
31.807318080357145,0.25,1.2700917482517484,33.07740982860889,True,5249,5502,254,0.2636113432493816,3,0.20009838516746403,0.19667339749583368,1.3257142857142858,1.3587878787878789,1.2567631871176768,0.20009838516746403,32.765072,33.075603
31.807318080357145,0.5,2.540183496503497,34.347501576860644,True,5249,5755,507,0.2636113432493816,0,0.28292335698301135,0.2356319500782299,1.3153658536585366,1.3524444444444443,1.1097850482486655,0.28292335698301135,31.808436,32.439515
31.807318080357145,0.5,2.540183496503497,34.347501576860644,True,5249,5755,507,0.2636113432493816,1,0.28888597081930406,0.20042289915966383,1.3195454545454548,1.3882608695652174,1.2256563623926207,0.28888597081930406,32.444524,33.075603
31.807318080357145,0.5,2.540183496503497,34.347501576860644,True,5249,5755,507,0.2636113432493816,2,0.19936001611367438,0.2668599884094781,1.240697674418605,1.4233333333333336,1.3282275785096633,0.2668599884094781,33.080612,33.711691
31.807318080357145,0.5,2.540183496503497,34.347501576860644,True,5249,5755,507,0.2636113432493816,3,0.22543286555786557,0.21093140505539087,1.2793755383290266,1.437543959160522,1.0807312318588804,0.22543286555786557,33.7167,34.34277
31.807318080357145,1.0,5.080366993006994,36.88768507336414,True,5249,6263,1015,0.2636113432493816,0,0.28722899130190793,0.21275047262219615,1.3178696126568465,1.3638232323232322,1.153796315575791,0.28722899130190793,31.808436,33.075603
31.807318080357145,1.0,5.080366993006994,36.88768507336414,True,5249,6263,1015,0.2636113432493816,1,0.22467587780087783,0.24950614013112415,1.2693714285714286,1.42457805907173,1.1284522346461674,0.24950614013112415,33.080612,34.347779
31.807318080357145,1.0,5.080366993006994,36.88768507336414,True,5249,6263,1015,0.2636113432493816,2,0.22168220644231773,0.2151312500000001,1.2963368055555557,1.3841369606003753,1.045769343753155,0.22168220644231773,34.352788,35.619955
31.807318080357145,1.0,5.080366993006994,36.88768507336414,True,5249,6263,1015,0.2636113432493816,3,0.25517208462332297,0.2586443171719165,1.3051351351351352,1.4269230769230767,1.1938319026481579,0.2586443171719165,35.624963,36.887122
31.807318080357145,2.0,10.160733986013987,41.96805206637113,True,5249,7277,2029,0.2636113432493816,0,0.27637933304941964,0.2347216603588449,1.294486111111111,1.3896341463414634,1.0346763182137866,0.27637933304941964,31.808436,34.347779
31.807318080357145,2.0,10.160733986013987,41.96805206637113,True,5249,7277,2029,0.2636113432493816,1,0.2450264227642276,0.23105099067599055,1.2971428571428572,1.3927906976744189,1.0705456414464731,0.2450264227642276,34.352788,36.887122
31.807318080357145,2.0,10.160733986013987,41.96805206637113,True,5249,7277,2029,0.2636113432493816,2,0.2398691414141414,0.247886993515684,1.3044736842105262,1.40475,1.02580921004462,0.247886993515684,36.892131,39.426465
31.807318080357145,2.0,10.160733986013987,41.96805206637113,True,5249,7277,2029,0.2636113432493816,3,0.2681376975883832,0.23492364123334208,1.2463157894736845,1.4417777777777778,1.0832206882994364,0.2681376975883832,39.431473,41.965808
32.3081397391183,0.25,1.2700917482517484,33.578231487370054,True,5349,5602,254,0.24850266010554833,0,0.2446908601655483,0.2058439426427232,1.2586303827751195,1.369511031604055,1.1896168182168148,0.2446908601655483,32.309293,32.624832
32.3081397391183,0.25,1.2700917482517484,33.578231487370054,True,5349,5602,254,0.24850266010554833,1,0.19319882365546615,0.19336722910905257,1.3640499149177536,1.3920572640509015,1.0282686010830189,0.19336722910905257,32.629841,32.945381
32.3081397391183,0.25,1.2700917482517484,33.578231487370054,True,5349,5602,254,0.24850266010554833,2,0.2832431415468001,0.28328717457172126,1.232183908045977,1.3994871794871795,1.1882931997895672,0.28328717457172126,32.950389,33.26092
32.3081397391183,0.25,1.2700917482517484,33.578231487370054,True,5349,5602,254,0.24850266010554833,3,0.18670178715300667,0.2497307612600167,1.3193617021276596,1.3719565217391303,1.3560150325614293,0.2497307612600167,33.265929,33.57646
32.3081397391183,0.5,2.540183496503497,34.8483232356218,True,5349,5855,507,0.24850266010554833,0,0.28277786195286186,0.19993062425379504,1.323820224719101,1.3843902439024391,1.197174606120342,0.28277786195286186,32.309293,32.940372
32.3081397391183,0.5,2.540183496503497,34.8483232356218,True,5349,5855,507,0.24850266010554833,1,0.27633220946915343,0.27739205961073354,1.2877647058823527,1.3765714285714286,1.2604034942347508,0.27739205961073354,32.945381,33.57646
32.3081397391183,0.5,2.540183496503497,34.8483232356218,True,5349,5855,507,0.24850266010554833,2,0.22089325066825072,0.20240323378980374,1.2286046511627908,1.4675,1.064038185526907,0.22089325066825072,33.581468,34.212548
32.3081397391183,0.5,2.540183496503497,34.8483232356218,True,5349,5855,507,0.24850266010554833,3,0.1635616988717965,0.22148635846911724,1.2843793103448276,1.4084552845528453,1.3466246266353803,0.22148635846911724,34.217556,34.843627
32.3081397391183,1.0,5.080366993006994,37.38850673212529,True,5349,6363,1015,0.24850266010554833,0,0.28141134125021317,0.2590110460175308,1.3105610859728507,1.3815860597439547,1.0796755763558223,0.28141134125021317,32.309293,33.57646
32.3081397391183,1.0,5.080366993006994,37.38850673212529,True,5349,6363,1015,0.24850266010554833,1,0.19673152110791292,0.21263218390804584,1.2710032520325205,1.432906976744186,1.1767098974445056,0.21263218390804584,33.581468,34.848636
32.3081397391183,1.0,5.080366993006994,37.38850673212529,True,5349,6363,1015,0.24850266010554833,2,0.23312220759004332,0.20618401806526798,1.3127662835249043,1.3717385866166354,1.2627481096505644,0.23312220759004332,34.853644,36.120811
32.3081397391183,1.0,5.080366993006994,37.38850673212529,True,5349,6363,1015,0.24850266010554833,3,0.25981160700958295,0.25600568558781034,1.2960526315789471,1.4616091954022987,1.0755494054986834,0.25981160700958295,36.12582,37.387979
32.3081397391183,2.0,10.160733986013987,42.46887372513229,True,5349,7377,2029,0.24850266010554833,0,0.2461940476190475,0.23418741774709828,1.2877777777777777,1.403691024165708,1.040090111902355,0.2461940476190475,32.309293,34.848636
32.3081397391183,2.0,10.160733986013987,42.46887372513229,True,5349,7377,2029,0.24850266010554833,1,0.25091883624961175,0.23868837363644202,1.306292134831461,1.3954054054054057,1.1290297564865301,0.25091883624961175,34.853644,37.387979
32.3081397391183,2.0,10.160733986013987,42.46887372513229,True,5349,7377,2029,0.24850266010554833,2,0.24222652184225013,0.250154039477852,1.301,1.4085365853658536,1.0716699769516498,0.250154039477852,37.392987,39.927321
32.3081397391183,2.0,10.160733986013987,42.46887372513229,True,5349,7377,2029,0.24850266010554833,3,0.2842917878957997,0.2608664361001318,1.2313333333333334,1.4305555555555554,1.0261868413778346,0.2842917878957997,39.93233,42.466664
32.808961397879465,0.25,1.2700917482517484,34.079053146131216,True,5449,5702,254,0.24180106316447758,0,0.19995439593301434,0.1932109130706693,1.3578637640449438,1.3920572640509015,1.2407731247717373,0.19995439593301434,32.810149,33.125689
32.808961397879465,0.25,1.2700917482517484,34.079053146131216,True,5449,5702,254,0.24180106316447758,1,0.3028164634146341,0.27955592369477933,1.2294318181818182,1.4414227642276423,1.3102420145575746,0.3028164634146341,33.130698,33.446237
32.808961397879465,0.25,1.2700917482517484,34.079053146131216,True,5449,5702,254,0.24180106316447758,2,0.15117380457380447,0.18221545575733644,1.2877647058823527,1.3711904761904763,1.3095272559815536,0.18221545575733644,33.451246,33.761777
32.808961397879465,0.25,1.2700917482517484,34.079053146131216,True,5449,5702,254,0.24180106316447758,3,0.2367267102267101,0.21567123067850613,1.2749333333333337,1.4045238095238095,1.1038233460847107,0.2367267102267101,33.766785,34.077316
32.808961397879465,0.5,2.540183496503497,35.34914489438296,True,5449,5955,507,0.24180106316447758,0,0.2836184899569582,0.2753160520579556,1.2958536585365854,1.4204878048780487,1.134231132413257,0.2836184899569582,32.810149,33.441229
32.808961397879465,0.5,2.540183496503497,35.34914489438296,True,5449,5955,507,0.24180106316447758,1,0.21072596153846157,0.19274689318001814,1.2877647058823527,1.3789473684210527,1.0548913463774179,0.21072596153846157,33.446237,34.077316
32.808961397879465,0.5,2.540183496503497,35.34914489438296,True,5449,5955,507,0.24180106316447758,2,0.15391907755647039,0.2241237870656475,1.2802325581395348,1.4685714285714286,1.353933779306553,0.2241237870656475,34.082325,34.713404
32.808961397879465,0.5,2.540183496503497,35.34914489438296,True,5449,5955,507,0.24180106316447758,3,0.16491775454219626,0.19688491573680922,1.2679487179487179,1.3740627763041555,1.1024557728170477,0.19688491573680922,34.718413,35.344484
32.808961397879465,1.0,5.080366993006994,37.88932839088646,True,5449,6463,1015,0.24180106316447758,0,0.2376738223017293,0.2561033884186974,1.2906189024390244,1.3989102564102565,1.0861036710831697,0.2561033884186974,32.810149,34.077316
32.808961397879465,1.0,5.080366993006994,37.88932839088646,True,5449,6463,1015,0.24180106316447758,1,0.1612423914913752,0.21557964743589753,1.278395061728395,1.4103167564143173,1.216948458422541,0.21557964743589753,34.082325,35.349492
32.808961397879465,1.0,5.080366993006994,37.88932839088646,True,5449,6463,1015,0.24180106316447758,2,0.2811523070425509,0.23216323974286257,1.322385866166354,1.3859234405978342,1.22890879291249,0.2811523070425509,35.354501,36.621668
32.808961397879465,1.0,5.080366993006994,37.88932839088646,True,5449,6463,1015,0.24180106316447758,3,0.21379147869674175,0.2313020797029679,1.2972839506172842,1.4414117647058826,1.0668724746944156,0.2313020797029679,36.626677,37.888835
32.808961397879465,2.0,10.160733986013987,42.96969538389345,True,5449,7477,2029,0.24180106316447758,0,0.21130242673992694,0.22704872603338921,1.2814711302211301,1.4050879917184265,1.0915116094746062,0.22704872603338921,32.810149,35.349492
32.808961397879465,2.0,10.160733986013987,42.96969538389345,True,5449,7477,2029,0.24180106316447758,1,0.2631306161745828,0.24233132694938442,1.31013698630137,1.4046913580246914,1.1305431545743354,0.2631306161745828,35.354501,37.888835
32.808961397879465,2.0,10.160733986013987,42.96969538389345,True,5449,7477,2029,0.24180106316447758,2,0.247170408624386,0.2644799134199134,1.3055,1.41816091954023,1.0867042348870504,0.2644799134199134,37.893844,40.428178
32.808961397879465,2.0,10.160733986013987,42.96969538389345,True,5449,7477,2029,0.24180106316447758,3,0.28565659695676837,0.26870705449877463,1.244705882352941,1.421627906976744,1.0488052879273655,0.28565659695676837,40.433187,42.967521
33.309783056640626,0.25,1.2700917482517484,34.57987480489238,True,5549,5802,254,0.23849574240479232,0,0.1846083868956674,0.2487817479506309,1.2932970779220778,1.3815860597439547,1.338225199009427,0.2487817479506309,33.311006,33.626546
33.309783056640626,0.25,1.2700917482517484,34.57987480489238,True,5549,5802,254,0.23849574240479232,1,0.18558498594428818,0.1713066224425981,1.2827105691056913,1.4655277777777778,1.0332270693153616,0.18558498594428818,33.631554,33.947094
33.309783056640626,0.25,1.2700917482517484,34.57987480489238,True,5549,5802,254,0.23849574240479232,2,0.23176955266955268,0.22024085578668162,1.2540476190476193,1.47,1.08403929102752,0.23176955266955268,33.952102,34.262633
33.309783056640626,0.25,1.2700917482517484,34.57987480489238,True,5549,5802,254,0.23849574240479232,3,0.1817198896631823,0.23552159090909097,1.2802325581395348,1.4166666666666663,1.623209801339434,0.23552159090909097,34.267642,34.578173
33.309783056640626,0.5,2.540183496503497,35.84996655314412,True,5549,6055,507,0.23849574240479232,0,0.1850237415004854,0.23854133671206823,1.290487804878049,1.4164102564102563,1.221833529641899,0.23854133671206823,33.311006,33.942085
33.309783056640626,0.5,2.540183496503497,35.84996655314412,True,5549,6055,507,0.23849574240479232,1,0.22723311923583667,0.23290212714661918,1.2782716049382716,1.4206976744186048,1.2483381352867684,0.23290212714661918,33.947094,34.578173
33.309783056640626,0.5,2.540183496503497,35.84996655314412,True,5549,6055,507,0.23849574240479232,2,0.15072170879625557,0.19581047544017072,1.2676923076923077,1.3740229885057471,1.1564063462053384,0.19581047544017072,34.583182,35.214261
33.309783056640626,0.5,2.540183496503497,35.84996655314412,True,5549,6055,507,0.23849574240479232,3,0.2501299765317241,0.2110635849852226,1.3349833333333334,1.3838553113553114,1.2490895206007797,0.2501299765317241,35.21927,35.84534
33.309783056640626,1.0,5.080366993006994,38.390150049647616,True,5549,6563,1015,0.23849574240479232,0,0.20936684868007527,0.23127632575757573,1.281495589414595,1.416785714285714,1.1433049034142084,0.23127632575757573,33.311006,34.578173
33.309783056640626,1.0,5.080366993006994,38.390150049647616,True,5549,6563,1015,0.23849574240479232,1,0.2228447431633409,0.203072678866832,1.300471175166297,1.3805036630036631,1.1071183533254658,0.2228447431633409,34.583182,35.850349
33.309783056640626,1.0,5.080366993006994,38.390150049647616,True,5549,6563,1015,0.23849574240479232,2,0.2514557089358801,0.2635546566516631,1.3057543807543808,1.429093085106383,1.1871541144138478,0.2635546566516631,35.855357,37.122525
33.309783056640626,1.0,5.080366993006994,38.390150049647616,True,5549,6563,1015,0.23849574240479232,3,0.23473076923076908,0.2293083176985613,1.2846341463414634,1.3936956521739132,1.0192725445437731,0.23473076923076908,37.127533,38.389692
33.309783056640626,2.0,10.160733986013987,43.47051704265461,True,5549,7577,2029,0.23849574240479232,0,0.22271696611529268,0.2131562037253526,1.2906189024390244,1.392805605247466,1.0225526210414946,0.22271696611529268,33.311006,35.850349
33.309783056640626,2.0,10.160733986013987,43.47051704265461,True,5549,7577,2029,0.23849574240479232,1,0.25054932853364664,0.24769875277161857,1.2972839506172842,1.418421052631579,1.0841441344594673,0.25054932853364664,35.855357,38.389692
33.309783056640626,2.0,10.160733986013987,43.47051704265461,True,5549,7577,2029,0.23849574240479232,2,0.25512910052910054,0.25931134467265715,1.2880459770114945,1.4163636363636365,1.0706289596219043,0.25931134467265715,38.3947,40.929035
33.309783056640626,2.0,10.160733986013987,43.47051704265461,True,5549,7577,2029,0.23849574240479232,3,0.2917991815215383,0.3269402845713739,1.2626804123711342,1.408684210526316,1.1721602467133918,0.3269402845713739,40.934043,43.468378
33.81060471540178,0.25,1.2700917482517484,35.08069646365353,True,5649,5902,254,0.24498417832167851,0,0.22896556776556765,0.20456843617664844,1.2351378848728247,1.4692857142857143,1.0879942930713657,0.22896556776556765,33.811862,34.127402
33.81060471540178,0.25,1.2700917482517484,35.08069646365353,True,5649,5902,254,0.24498417832167851,1,0.16027750011333242,0.2227343229552532,1.302971153846154,1.4924377880184332,1.254515947407914,0.2227343229552532,34.132411,34.44795
33.81060471540178,0.25,1.2700917482517484,35.08069646365353,True,5649,5902,254,0.24498417832167851,2,0.16439642857142844,0.2081293353576248,1.242469135802469,1.3917073170731706,1.4721740449061709,0.2081293353576248,34.452959,34.76349
33.81060471540178,0.25,1.2700917482517484,35.08069646365353,True,5649,5902,254,0.24498417832167851,3,0.1548623481781376,0.21413975363671867,1.236808510638298,1.3740229885057471,1.2028584922447423,0.21413975363671867,34.768499,35.07903
33.81060471540178,0.5,2.540183496503497,36.350788211905275,True,5649,6155,507,0.24498417832167851,0,0.21787275641025627,0.2226090811832946,1.2827586206896553,1.471666666666667,1.118595813473065,0.2226090811832946,33.811862,34.442942
33.81060471540178,0.5,2.540183496503497,36.350788211905275,True,5649,6155,507,0.24498417832167851,1,0.15833281086729356,0.21642916666666667,1.2420689655172414,1.38925,1.2791915156476967,0.21642916666666667,34.44795,35.07903
33.81060471540178,0.5,2.540183496503497,36.350788211905275,True,5649,6155,507,0.24498417832167851,2,0.2452124220079408,0.20340055914881017,1.31013698630137,1.3721951219512196,1.226376761724491,0.2452124220079408,35.084038,35.715118
33.81060471540178,0.5,2.540183496503497,36.350788211905275,True,5649,6155,507,0.24498417832167851,3,0.23096591084971363,0.19910851648351646,1.3166958779617008,1.3877824133504493,1.3496022642213266,0.23096591084971363,35.720126,36.346197
33.81060471540178,1.0,5.080366993006994,38.89097170840877,True,5649,6663,1015,0.24498417832167851,0,0.19294855072463757,0.22858527734291745,1.275671794871795,1.4151831501831502,1.206308952641408,0.22858527734291745,33.811862,35.07903
33.81060471540178,1.0,5.080366993006994,38.89097170840877,True,5649,6663,1015,0.24498417832167851,1,0.2388134775403442,0.2030847927657139,1.3149715189873419,1.3781723315444245,1.248356095580217,0.2388134775403442,35.084038,36.351205
33.81060471540178,1.0,5.080366993006994,38.89097170840877,True,5649,6663,1015,0.24498417832167851,2,0.2634280206774804,0.24011050777964682,1.2903433889602054,1.461392832995267,1.092242659968801,0.2634280206774804,36.356214,37.623381
33.81060471540178,1.0,5.080366993006994,38.89097170840877,True,5649,6663,1015,0.24498417832167851,3,0.24446593776282577,0.25026097219793664,1.310212765957447,1.3935,1.0963002168418237,0.25026097219793664,37.62839,38.890548
33.81060471540178,2.0,10.160733986013987,43.97133870141577,True,5649,7677,2029,0.24498417832167851,0,0.23811753492895138,0.21513985557182647,1.2910670908039328,1.3911766334440754,1.0509138954763506,0.23811753492895138,33.811862,36.351205
33.81060471540178,2.0,10.160733986013987,43.97133870141577,True,5649,7677,2029,0.24498417832167851,1,0.2523944665539988,0.24923948503755655,1.304146341463415,1.4297435897435895,1.0491331739821845,0.2523944665539988,36.356214,38.890548
33.81060471540178,2.0,10.160733986013987,43.97133870141577,True,5649,7677,2029,0.24498417832167851,2,0.2570377945276833,0.24518843854615024,1.2821686746987953,1.436279069767442,1.032993527757395,0.2570377945276833,38.895557,41.429891
33.81060471540178,2.0,10.160733986013987,43.97133870141577,True,5649,7677,2029,0.24498417832167851,3,0.30711230729942957,0.3221925255369301,1.1758333333333333,1.421627906976744,1.2378853345372358,0.3221925255369301,41.4349,43.969234
34.31142637416295,0.25,1.2700917482517484,35.5815181224147,True,5749,6002,254,0.24736478321067124,0,0.14519225332594232,0.2287097465034965,1.281495589414595,1.4403811503811506,1.5883670889744383,0.2287097465034965,34.312719,34.628259
34.31142637416295,0.25,1.2700917482517484,35.5815181224147,True,5749,6002,254,0.24736478321067124,1,0.16276429685515315,0.17534699315913582,1.274332039911308,1.405,1.0845758810350967,0.17534699315913582,34.633267,34.948807
34.31142637416295,0.25,1.2700917482517484,35.5815181224147,True,5749,6002,254,0.24736478321067124,2,0.1776995908646799,0.1933092403564176,1.2841463414634149,1.3573170731707316,1.1155038443684928,0.1933092403564176,34.953816,35.264347
34.31142637416295,0.25,1.2700917482517484,35.5815181224147,True,5749,6002,254,0.24736478321067124,3,0.29047785752259436,0.21721763369266545,1.353157894736842,1.386024096385542,1.2440251992221132,0.29047785752259436,35.269355,35.579886
34.31142637416295,0.5,2.540183496503497,36.851609870666444,True,5749,6255,507,0.24736478321067124,0,0.15859443877427026,0.22003961348728773,1.2802325581395348,1.424864864864865,1.2668532536901964,0.22003961348728773,34.312719,34.943798
34.31142637416295,0.5,2.540183496503497,36.851609870666444,True,5749,6255,507,0.24736478321067124,1,0.2207386884244512,0.21486685896345326,1.3171794871794873,1.3712820512820514,1.1062878352383965,0.2207386884244512,34.948807,35.579886
34.31142637416295,0.5,2.540183496503497,36.851609870666444,True,5749,6255,507,0.24736478321067124,2,0.23509805372914638,0.18327616480494802,1.31013698630137,1.3644999999999998,1.4631022631923654,0.23509805372914638,35.584895,36.215974
34.31142637416295,0.5,2.540183496503497,36.851609870666444,True,5749,6255,507,0.24736478321067124,3,0.28250837577057086,0.2739779644445771,1.2695341394025603,1.5220238095238094,1.1258937178074535,0.28250837577057086,36.220983,36.847053
34.31142637416295,1.0,5.080366993006994,39.39179336716994,True,5749,6763,1015,0.24736478321067124,0,0.21820447177860747,0.21653888888888906,1.2963368055555557,1.3902063953488373,1.0357536314647466,0.21820447177860747,34.312719,35.579886
34.31142637416295,1.0,5.080366993006994,39.39179336716994,True,5749,6763,1015,0.24736478321067124,1,0.25586797799885896,0.2591621659142376,1.2893711843711844,1.42289593495935,1.1615682655239987,0.2591621659142376,35.584895,36.852062
34.31142637416295,1.0,5.080366993006994,39.39179336716994,True,5749,6763,1015,0.24736478321067124,2,0.23921091121765925,0.2234595887135341,1.307244784201306,1.3922796352583586,1.0322353865574647,0.23921091121765925,36.857071,38.124238
34.31142637416295,1.0,5.080366993006994,39.39179336716994,True,5749,6763,1015,0.24736478321067124,3,0.24640129282482215,0.2606819334922673,1.3072972972972974,1.4163636363636365,1.0718360508024984,0.2606819334922673,38.129246,39.391405
34.31142637416295,2.0,10.160733986013987,44.472160360176936,True,5749,7777,2029,0.24736478321067124,0,0.24500711382113816,0.2308454254079254,1.2946489621489623,1.3939743589743592,1.0734938451866884,0.24500711382113816,34.312719,36.852062
34.31142637416295,2.0,10.160733986013987,44.472160360176936,True,5749,7777,2029,0.24736478321067124,1,0.2398691414141414,0.247886993515684,1.3072972972972974,1.40126582278481,1.026949932712207,0.247886993515684,36.857071,39.391405
34.31142637416295,2.0,10.160733986013987,44.472160360176936,True,5749,7777,2029,0.24736478321067124,2,0.2681376975883832,0.23291890560875506,1.2483116883116885,1.4406451612903226,1.0825030429039957,0.2681376975883832,39.396413,41.930748
34.31142637416295,2.0,10.160733986013987,44.472160360176936,True,5749,7777,2029,0.24736478321067124,3,0.309649249168598,0.3711866007905138,1.1970114942528736,1.4345833333333335,1.2010637307596366,0.3711866007905138,41.935756,44.470091
34.8122480329241,0.25,1.2700917482517484,36.082339781175854,True,5849,6102,254,0.24599627192982465,0,0.15468103552293633,0.21246998375083093,1.2845812110922465,1.4044927536231886,1.1702040700742684,0.21246998375083093,34.813576,35.129115
34.8122480329241,0.25,1.2700917482517484,36.082339781175854,True,5849,6102,254,0.24599627192982465,1,0.20462378387265234,0.1729653815295744,1.3343080459770116,1.3888199426111907,1.2171541048651286,0.20462378387265234,35.134124,35.449664
34.8122480329241,0.25,1.2700917482517484,36.082339781175854,True,5849,6102,254,0.24599627192982465,2,0.27566514830168065,0.20766173025435075,1.227529411764706,1.336666666666667,1.44549000695007,0.27566514830168065,35.454672,35.765203
34.8122480329241,0.25,1.2700917482517484,36.082339781175854,True,5849,6102,254,0.24599627192982465,3,0.22550814227470073,0.18516084232223462,1.373170731707317,1.3565,1.6778214822299826,0.22550814227470073,35.770212,36.080743
34.8122480329241,0.5,2.540183496503497,37.3524315294276,True,5849,6355,507,0.24599627192982465,0,0.21025761958152545,0.19787439518119887,1.3004878048780488,1.3933333333333335,1.0274418472057925,0.21025761958152545,34.813576,35.444655
34.8122480329241,0.5,2.540183496503497,37.3524315294276,True,5849,6355,507,0.24599627192982465,1,0.26718582973509153,0.20678388744852816,1.321081081081081,1.3518421052631575,1.5118981353221277,0.26718582973509153,35.449664,36.080743
34.8122480329241,0.5,2.540183496503497,37.3524315294276,True,5849,6355,507,0.24599627192982465,2,0.2823580362726704,0.2661679621191815,1.2642666666666666,1.4616091954022987,1.0856877440455923,0.2823580362726704,36.085751,36.716831
34.8122480329241,0.5,2.540183496503497,37.3524315294276,True,5849,6355,507,0.24599627192982465,3,0.21102625444730716,0.25570494885408,1.3007349985644558,1.4747420634920636,1.1603858748626763,0.25570494885408,36.721839,37.34791
34.8122480329241,1.0,5.080366993006994,39.89261502593109,True,5849,6863,1015,0.24599627192982465,0,0.23400893374450993,0.21083582490430963,1.3163112625770854,1.3698515376458111,1.2565150186834042,0.23400893374450993,34.813576,36.080743
34.8122480329241,1.0,5.080366993006994,39.89261502593109,True,5849,6863,1015,0.24599627192982465,1,0.2594033637340657,0.25567646347525674,1.278547297297297,1.4651227795193311,1.0838455950758086,0.2594033637340657,36.085751,37.352919
34.8122480329241,1.0,5.080366993006994,39.89261502593109,True,5849,6863,1015,0.24599627192982465,2,0.24465335681349742,0.24370538878465708,1.282440529960855,1.393276397515528,1.0398721630405423,0.24465335681349742,37.357927,38.625094
34.8122480329241,1.0,5.080366993006994,39.89261502593109,True,5849,6863,1015,0.24599627192982465,3,0.2122168682194998,0.24867856546127232,1.311,1.42775,1.1672435014528517,0.24867856546127232,38.630103,39.892262
34.8122480329241,2.0,10.160733986013987,44.97298201893809,True,5849,7877,2029,0.24599627192982465,0,0.25124222539405494,0.23504226730716082,1.305713634983298,1.395884520884521,1.1370119718052718,0.25124222539405494,34.813576,37.352919
34.8122480329241,2.0,10.160733986013987,44.97298201893809,True,5849,7877,2029,0.24599627192982465,1,0.2343400947903529,0.24750218728639795,1.3027397260273972,1.4055555555555554,1.0867526517013988,0.24750218728639795,37.357927,39.892262
34.8122480329241,2.0,10.160733986013987,44.97298201893809,True,5849,7877,2029,0.24599627192982465,2,0.28542000932258643,0.2682694805194804,1.2217073170731707,1.4318072289156627,1.0228216087173037,0.28542000932258643,39.89727,42.431604
34.8122480329241,2.0,10.160733986013987,44.97298201893809,True,5849,7877,2029,0.24599627192982465,3,0.31364690533598516,0.3183465580902658,1.2626804123711342,1.4380434782608698,1.2106218355650882,0.3183465580902658,42.436613,44.970947
35.31306969168527,0.25,1.2700917482517484,36.58316143993702,True,5949,6202,254,0.2596575707193345,0,0.2898615231259967,0.21713585482280007,1.3529425837320574,1.3762166085946574,1.2484619105993449,0.2898615231259967,35.314432,35.629972
35.31306969168527,0.25,1.2700917482517484,36.58316143993702,True,5949,6202,254,0.2596575707193345,1,0.2067086305322693,0.1606363005050504,1.4070238095238095,1.3552759948652118,1.6042159157370464,0.2067086305322693,35.63498,35.95052
35.31306969168527,0.25,1.2700917482517484,36.58316143993702,True,5949,6202,254,0.2596575707193345,2,0.1400680550680551,0.20401728753702442,1.1707142857142858,1.393095238095238,1.2900466316140062,0.20401728753702442,35.955529,36.26606
35.31306969168527,0.25,1.2700917482517484,36.58316143993702,True,5949,6202,254,0.2596575707193345,3,0.29600772311212814,0.3375965219511433,1.3219512195121952,1.4975,1.1017777923290304,0.3375965219511433,36.271068,36.581599
35.31306969168527,0.5,2.540183496503497,37.853253188188766,True,5949,6455,507,0.2596575707193345,0,0.25488830918760297,0.2096753354203934,1.3630555555555557,1.3573170731707316,1.3861836678374164,0.25488830918760297,35.314432,35.945512
35.31306969168527,0.5,2.540183496503497,37.853253188188766,True,5949,6455,507,0.2596575707193345,1,0.2844212007504691,0.25668403547671803,1.2013157894736843,1.428936170212766,1.068342067490043,0.2844212007504691,35.95052,36.581599
35.31306969168527,0.5,2.540183496503497,37.853253188188766,True,5949,6455,507,0.2596575707193345,2,0.20334387563655865,0.2501362216354014,1.3051351351351352,1.497906976744186,1.184977334348854,0.2501362216354014,36.586608,37.217687
35.31306969168527,0.5,2.540183496503497,37.853253188188766,True,5949,6455,507,0.2596575707193345,3,0.2398936304874254,0.22246098046192664,1.2700427350427352,1.43229088639201,1.0261394955210545,0.2398936304874254,37.222696,37.848767
35.31306969168527,1.0,5.080366993006994,40.39343668469226,True,5949,6963,1015,0.2596575707193345,0,0.2811523070425509,0.2217777893911681,1.3215161502966382,1.3833253968253967,1.2491008684392955,0.2811523070425509,35.314432,36.581599
35.31306969168527,1.0,5.080366993006994,40.39343668469226,True,5949,6963,1015,0.2596575707193345,1,0.21359678362573098,0.24528703599748625,1.2966682910981158,1.4591958302308266,1.0742882299432241,0.24528703599748625,36.586608,37.853775
35.31306969168527,1.0,5.080366993006994,40.39343668469226,True,5949,6963,1015,0.2596575707193345,2,0.248033764367816,0.25929697824105724,1.3139343434343433,1.3843831070889896,1.0375972188870026,0.25929697824105724,37.858784,39.125951
35.31306969168527,1.0,5.080366993006994,40.39343668469226,True,5949,6963,1015,0.2596575707193345,3,0.23388981173864898,0.23884152489658794,1.2918367346938775,1.4542528735632183,1.112976127152459,0.23884152489658794,39.130959,40.393118
35.31306969168527,2.0,10.160733986013987,45.47380367769926,True,5949,7977,2029,0.2596575707193345,0,0.2630260483525887,0.24224806771545826,1.3089408620113598,1.4118218623481782,1.1310382461746293,0.2630260483525887,35.314432,37.853775
35.31306969168527,2.0,10.160733986013987,45.47380367769926,True,5949,7977,2029,0.2596575707193345,1,0.247170408624386,0.2608406628544754,1.3035294117647058,1.40475,1.0687409297386645,0.2608406628544754,37.858784,40.393118
35.31306969168527,2.0,10.160733986013987,45.47380367769926,True,5949,7977,2029,0.2596575707193345,2,0.28565659695676837,0.2707806372854331,1.244705882352941,1.4327083333333337,1.0213396445558307,0.28565659695676837,40.398127,42.932461
35.31306969168527,2.0,10.160733986013987,45.47380367769926,True,5949,7977,2029,0.2596575707193345,3,0.31911279392466074,0.310725104329442,1.2417142857142858,1.4315,1.2262028454401206,0.31911279392466074,42.93747,45.471804
35.813891350446426,0.25,1.2700917482517484,37.08398309869818,True,6049,6302,254,0.2571169203128304,0,0.22623686283296673,0.18277615981579398,1.3658158508158507,1.3564722222222223,1.9184502489423059,0.22623686283296673,35.815289,36.130829
35.813891350446426,0.25,1.2700917482517484,37.08398309869818,True,6049,6302,254,0.2571169203128304,1,0.23173038003663005,0.24110193753614761,1.278547297297297,1.437531305903399,1.1207879206214337,0.24110193753614761,36.135837,36.451377
35.813891350446426,0.25,1.2700917482517484,37.08398309869818,True,6049,6302,254,0.2571169203128304,2,0.275268129589111,0.31163308809680756,1.2041558441558442,1.5165000000000002,1.2362784898920276,0.31163308809680756,36.456385,36.766916
35.813891350446426,0.25,1.2700917482517484,37.08398309869818,True,6049,6302,254,0.2571169203128304,3,0.20415539404581884,0.25534889832803087,1.3148051948051949,1.4422471910112358,1.3694848166797615,0.25534889832803087,36.771925,37.082456
35.813891350446426,0.5,2.540183496503497,38.35407484694992,True,6049,6555,507,0.2571169203128304,0,0.23104297580353905,0.20516515151515147,1.325287356321839,1.3782051282051282,1.329353266435546,0.23104297580353905,35.815289,36.446368
35.813891350446426,0.5,2.540183496503497,38.35407484694992,True,6049,6555,507,0.2571169203128304,1,0.2696692069534461,0.2591863396923636,1.2960526315789471,1.497906976744186,1.218271497236071,0.2696692069534461,36.451377,37.082456
35.813891350446426,0.5,2.540183496503497,38.35407484694992,True,6049,6555,507,0.2571169203128304,2,0.2519385316580438,0.22318151543245957,1.26625,1.4414117647058826,1.0791125307235099,0.2519385316580438,37.087465,37.718544
35.813891350446426,0.5,2.540183496503497,38.35407484694992,True,6049,6555,507,0.2571169203128304,3,0.2102032766199935,0.19232542660591434,1.3141883116883117,1.3658974358974358,1.0549426108938669,0.2102032766199935,37.723552,38.349623
35.813891350446426,1.0,5.080366993006994,40.894258343453416,True,6049,7063,1015,0.2571169203128304,0,0.25166832771191494,0.2635546566516631,1.3116346153846155,1.4252908067542214,1.2184618898952675,0.2635546566516631,35.815289,37.082456
35.813891350446426,1.0,5.080366993006994,40.894258343453416,True,6049,7063,1015,0.2571169203128304,1,0.23054369136960595,0.2177221862802181,1.3032359614293818,1.3906140772807438,1.0258255361900803,0.23054369136960595,37.087465,38.354632
35.813891350446426,1.0,5.080366993006994,40.894258343453416,True,6049,7063,1015,0.2571169203128304,2,0.24119754901960777,0.25444199039264825,1.3006379080612924,1.4426739130434783,1.0808996972378773,0.25444199039264825,38.35964,39.626808
35.813891350446426,1.0,5.080366993006994,40.894258343453416,True,6049,7063,1015,0.2571169203128304,3,0.2444674908424908,0.2419823953823952,1.273191489361702,1.3904651162790698,1.0741341312967,0.2444674908424908,39.631816,40.893975
35.813891350446426,2.0,10.160733986013987,45.97462533646041,True,6049,8077,2029,0.2571169203128304,0,0.2507129166666666,0.24439563119348695,1.307244784201306,1.4047206790123457,1.097227014236194,0.2507129166666666,35.815289,38.354632
35.813891350446426,2.0,10.160733986013987,45.97462533646041,True,6049,8077,2029,0.2571169203128304,1,0.25401428571428564,0.26051801989730416,1.2865882352941176,1.4172413793103449,1.0776393206991601,0.26051801989730416,38.35964,40.893975
35.813891350446426,2.0,10.160733986013987,45.97462533646041,True,6049,8077,2029,0.2571169203128304,2,0.29033104630836315,0.3273133194312511,1.2697619047619049,1.400681818181818,1.1602074929510642,0.3273133194312511,40.898983,43.433318
35.813891350446426,2.0,10.160733986013987,45.97462533646041,True,6049,8077,2029,0.2571169203128304,3,0.31443338501291984,0.2923535060221085,1.1930434782608696,1.468936170212766,1.2471316125034138,0.31443338501291984,43.438326,45.972661
36.314713009207594,0.25,1.2700917482517484,37.584804757459345,True,6149,6402,254,0.25719259259259275,0,0.29588658466819223,0.3295882652285089,1.3650441412520067,1.5098995597138138,1.059467196599181,0.3295882652285089,36.316145,36.631685
36.314713009207594,0.25,1.2700917482517484,37.584804757459345,True,6149,6402,254,0.25719259259259275,1,0.2017683652729385,0.24972552878746335,1.2578151260504202,1.536497292131252,1.2133962653503494,0.24972552878746335,36.636694,36.952233
36.314713009207594,0.25,1.2700917482517484,37.584804757459345,True,6149,6402,254,0.25719259259259275,2,0.2541538582227927,0.21361275961829918,1.3291139240506329,1.380487804878049,1.1428468440581776,0.2541538582227927,36.957242,37.267773
36.314713009207594,0.25,1.2700917482517484,37.584804757459345,True,6149,6402,254,0.25719259259259275,3,0.22269897761906943,0.1898622849213324,1.23725,1.4323595505617976,1.0871839044658254,0.22269897761906943,37.272782,37.583313
36.314713009207594,0.5,2.540183496503497,38.85489650571109,True,6149,6655,507,0.25719259259259275,0,0.2823580362726704,0.2689929137793573,1.3095890410958904,1.5165000000000002,1.1031599669354133,0.2823580362726704,36.316145,36.947225
36.314713009207594,0.5,2.540183496503497,38.85489650571109,True,6149,6655,507,0.25719259259259275,1,0.2498990341185463,0.2083909382518041,1.3063736263736263,1.4046913580246914,1.1202445502756915,0.2498990341185463,36.952233,37.583313
36.314713009207594,0.5,2.540183496503497,38.85489650571109,True,6149,6655,507,0.25719259259259275,2,0.21727591146493563,0.23178594735414437,1.3176470588235294,1.3709523809523811,1.0985416539251125,0.23178594735414437,37.588321,38.2194
36.314713009207594,0.5,2.540183496503497,38.85489650571109,True,6149,6655,507,0.25719259259259275,3,0.25523499010567985,0.24946445688803143,1.2598464373464373,1.4961904761904763,1.1063619565001286,0.25523499010567985,38.224409,38.85048
36.314713009207594,1.0,5.080366993006994,41.395080002214584,True,6149,7163,1015,0.25719259259259275,0,0.2701731910932704,0.25783185452286406,1.307244784201306,1.4551353727144867,1.0634946168948687,0.2701731910932704,36.316145,37.583313
36.314713009207594,1.0,5.080366993006994,41.395080002214584,True,6149,7163,1015,0.25719259259259275,1,0.24441219612319276,0.2500978827883663,1.3032359614293818,1.4066432926829266,1.0948223858861275,0.2500978827883663,37.588321,38.855488
36.314713009207594,1.0,5.080366993006994,41.395080002214584,True,6149,7163,1015,0.25719259259259275,2,0.2377746699405715,0.25377366345927765,1.3109054054054055,1.4145219638242894,1.1270658634531359,0.25377366345927765,38.860497,40.127664
36.314713009207594,1.0,5.080366993006994,41.395080002214584,True,6149,7163,1015,0.25719259259259275,3,0.242812676794133,0.2241940838404325,1.2407228915662651,1.4393333333333334,1.0952019497016245,0.242812676794133,40.132673,41.394831
36.314713009207594,2.0,10.160733986013987,46.47544699522158,True,6149,8177,2029,0.25719259259259275,0,0.25514913552980734,0.25351925036167655,1.3057543807543808,1.430982905982906,1.0416657250807249,0.25514913552980734,36.316145,38.855488
36.314713009207594,2.0,10.160733986013987,46.47544699522158,True,6149,8177,2029,0.25719259259259275,1,0.24234474015757285,0.24518843854615024,1.2763855421686747,1.4328571428571428,1.0423798347233848,0.24518843854615024,38.860497,41.394831
36.314713009207594,2.0,10.160733986013987,46.47544699522158,True,6149,8177,2029,0.25719259259259275,2,0.3092103628943335,0.3221925255369301,1.1833333333333331,1.432391304347826,1.2297618320706314,0.3221925255369301,41.39984,43.934174
36.314713009207594,2.0,10.160733986013987,46.47544699522158,True,6149,8177,2029,0.25719259259259275,3,0.30902011627906967,0.31923602941176454,1.2776744186046511,1.4414141414141417,1.1468999928667112,0.31923602941176454,43.939183,46.473517
36.81553466796875,0.25,1.2700917482517484,38.0856264162205,True,6249,6502,254,0.2625560955043713,0,0.20359186216964376,0.22690223890974814,1.3360435301132978,1.395884520884521,1.1142710346423719,0.22690223890974814,36.817002,37.132542
36.81553466796875,0.25,1.2700917482517484,38.0856264162205,True,6249,6502,254,0.2625560955043713,1,0.2489079139203595,0.22054705786983075,1.302699946323135,1.4439974937343358,1.1037393449218413,0.2489079139203595,37.13755,37.45309
36.81553466796875,0.25,1.2700917482517484,38.0856264162205,True,6249,6502,254,0.2625560955043713,2,0.21015775160988037,0.2347945536478806,1.242,1.4322222222222225,1.0497619390332555,0.2347945536478806,37.458098,37.76863
36.81553466796875,0.25,1.2700917482517484,38.0856264162205,True,6249,6502,254,0.2625560955043713,3,0.22090691893325587,0.1913910097642295,1.29325,1.3578048780487806,1.0397258486250138,0.22090691893325587,37.773638,38.084169
36.81553466796875,0.5,2.540183496503497,39.35571816447224,True,6249,6755,507,0.2625560955043713,0,0.21085138837770423,0.2219761320665532,1.3162025316455697,1.4257894736842105,1.023877616026097,0.2219761320665532,36.817002,37.448081
36.81553466796875,0.5,2.540183496503497,39.35571816447224,True,6249,6755,507,0.2625560955043713,1,0.24058697642351756,0.22060800310800288,1.2802469135802468,1.379058823529412,1.03746185618736,0.24058697642351756,37.45309,38.084169
36.81553466796875,0.5,2.540183496503497,39.35571816447224,True,6249,6755,507,0.2625560955043713,2,0.2595562745045503,0.24487403100775196,1.2637837837837838,1.4045238095238095,1.032273196180039,0.2595562745045503,38.089178,38.720257
36.81553466796875,0.5,2.540183496503497,39.35571816447224,True,6249,6755,507,0.2625560955043713,3,0.23058986226862332,0.2680498488638733,1.3106063829787233,1.4361024844720496,1.1739269722522494,0.2680498488638733,38.725266,39.351336
36.81553466796875,1.0,5.080366993006994,41.89590166097574,True,6249,7263,1015,0.2625560955043713,0,0.23994502586844046,0.22896793918860514,1.307244784201306,1.3945505287896593,1.0192561474923942,0.23994502586844046,36.817002,38.084169
36.81553466796875,1.0,5.080366993006994,41.89590166097574,True,6249,7263,1015,0.2625560955043713,1,0.24621151960784304,0.2604900449803371,1.3075122850122851,1.4168025078369908,1.0620235860514438,0.2604900449803371,38.089178,39.356345
36.81553466796875,1.0,5.080366993006994,41.89590166097574,True,6249,7263,1015,0.2625560955043713,2,0.2407626893939394,0.24833888029879414,1.279497035762096,1.3963333333333334,1.1125374778515003,0.24833888029879414,39.361354,40.628521
36.81553466796875,1.0,5.080366993006994,41.89590166097574,True,6249,7263,1015,0.2625560955043713,3,0.27757285013193905,0.1844117664250644,1.240217391304348,1.4427272727272729,1.3476601528443704,0.27757285013193905,40.633529,41.895688
36.81553466796875,2.0,10.160733986013987,46.976268653982736,True,6249,8277,2029,0.2625560955043713,0,0.24407424825174806,0.24935635073455997,1.3075122850122851,1.4047206790123457,1.0341021411639557,0.24935635073455997,36.817002,39.356345
36.81553466796875,2.0,10.160733986013987,46.976268653982736,True,6249,8277,2029,0.2625560955043713,1,0.2681376975883832,0.2279173288113695,1.2585185185185186,1.4369411764705882,1.0884062468395201,0.2681376975883832,39.361354,41.895688
36.81553466796875,2.0,10.160733986013987,46.976268653982736,True,6249,8277,2029,0.2625560955043713,2,0.309649249168598,0.36584340969589424,1.194375,1.4375510204081632,1.2174449250737895,0.36584340969589424,41.900696,44.435031
36.81553466796875,2.0,10.160733986013987,46.976268653982736,True,6249,8277,2029,0.2625560955043713,3,0.3135740059457452,0.3439281089743591,1.2828205128205128,1.4565765765765766,1.1639400421927828,0.3439281089743591,44.440039,46.974374
37.31635632672991,0.25,1.2700917482517484,38.58644807498166,True,6349,6602,254,0.2641087287712288,0,0.1598452078815955,0.2068395966151243,1.2383810975609757,1.4383690330477354,1.1214568519805979,0.2068395966151243,37.317859,37.633398
37.31635632672991,0.25,1.2700917482517484,38.58644807498166,True,6349,6602,254,0.2641087287712288,1,0.20923931149700004,0.18784622936189177,1.3298811757348346,1.3658974358974358,1.1127457649078323,0.20923931149700004,37.638407,37.953946
37.31635632672991,0.25,1.2700917482517484,38.58644807498166,True,6349,6602,254,0.2641087287712288,2,0.21235816708695243,0.22828407771090697,1.2983783783783784,1.368636363636364,1.1194761837249227,0.22828407771090697,37.958955,38.269486
37.31635632672991,0.25,1.2700917482517484,38.58644807498166,True,6349,6602,254,0.2641087287712288,3,0.2578215950715951,0.2434070270814458,1.2559090909090909,1.433846153846154,1.1276873981049143,0.2578215950715951,38.274495,38.585026
37.31635632672991,0.5,2.540183496503497,39.856539823233405,True,6349,6855,507,0.2641087287712288,0,0.19997241902833995,0.20533299969865215,1.2846341463414634,1.3928571428571428,1.0140589496631143,0.20533299969865215,37.317859,37.948938
37.31635632672991,0.5,2.540183496503497,39.856539823233405,True,6349,6855,507,0.2641087287712288,1,0.22965365853658526,0.2587267917267917,1.2743209876543211,1.4045238095238095,1.0762808659978633,0.2587267917267917,37.953946,38.585026
37.31635632672991,0.5,2.540183496503497,39.856539823233405,True,6349,6855,507,0.2641087287712288,2,0.255919598765432,0.26054917247386755,1.3137777777777775,1.4234883720930234,1.0536034875441977,0.26054917247386755,38.590034,39.221114
37.31635632672991,0.5,2.540183496503497,39.856539823233405,True,6349,6855,507,0.2641087287712288,3,0.16276734329859321,0.22290124342419892,1.3120720720720724,1.4013843843843843,1.3364902765300868,0.22290124342419892,39.226122,39.852193
37.31635632672991,1.0,5.080366993006994,42.39672331973691,True,6349,7363,1015,0.2641087287712288,0,0.23471676829268273,0.2289928720510559,1.282440529960855,1.393276397515528,1.0446565048615528,0.23471676829268273,37.317859,38.585026
37.31635632672991,1.0,5.080366993006994,42.39672331973691,True,6349,7363,1015,0.2641087287712288,1,0.21921527017575848,0.25324524853801167,1.3121666666666667,1.41992600422833,1.122956237025477,0.25324524853801167,38.590034,39.857202
37.31635632672991,1.0,5.080366993006994,42.39672331973691,True,6349,7363,1015,0.2641087287712288,2,0.24613905622489962,0.23704933862433852,1.2598684684684684,1.4131275778694354,1.1100219810951637,0.24613905622489962,39.86221,41.129377
37.31635632672991,1.0,5.080366993006994,42.39672331973691,True,6349,7363,1015,0.2641087287712288,3,0.29044622667524594,0.2672571107595165,1.16175,1.4486046511627908,1.0663453109442742,0.29044622667524594,41.134386,42.396544
37.31635632672991,2.0,10.160733986013987,47.4770903127439,True,6349,8377,2029,0.2641087287712288,0,0.23394174215495178,0.24743838980568322,1.3034430337454062,1.4046369047619047,1.0837264308761398,0.24743838980568322,37.317859,39.857202
37.31635632672991,2.0,10.160733986013987,47.4770903127439,True,6349,8377,2029,0.2641087287712288,1,0.27722840578153113,0.25821232057416277,1.2215,1.4334939759036145,1.0064165414907988,0.27722840578153113,39.86221,42.396544
37.31635632672991,2.0,10.160733986013987,47.4770903127439,True,6349,8377,2029,0.2641087287712288,2,0.31557427536231886,0.3195857925400265,1.2742857142857142,1.4397916666666666,1.1887057555800746,0.3195857925400265,42.401553,44.935887
37.31635632672991,2.0,10.160733986013987,47.4770903127439,True,6349,8377,2029,0.2641087287712288,3,0.31095614035087715,0.35787094211553716,1.2164,1.4527659574468086,1.1571338318661206,0.35787094211553716,44.940896,47.47523
37.81717798549107,0.25,1.2700917482517484,39.08726973374282,True,6449,6702,254,0.27055160256410243,0,0.22266606922712184,0.1904040970639268,1.3158689839572193,1.351639194139194,1.1496645949950643,0.22266606922712184,37.818715,38.134255
37.81717798549107,0.25,1.2700917482517484,39.08726973374282,True,6449,6702,254,0.27055160256410243,1,0.22505868506493498,0.2019986220175174,1.3055994455994457,1.4115855263157895,1.0716401657965828,0.22505868506493498,38.139263,38.454803
37.81717798549107,0.25,1.2700917482517484,39.08726973374282,True,6449,6702,254,0.27055160256410243,2,0.2771285429482799,0.256282513136995,1.2558823529411764,1.4897619047619048,1.1207738161950562,0.2771285429482799,38.459812,38.770343
37.81717798549107,0.25,1.2700917482517484,39.08726973374282,True,6449,6702,254,0.27055160256410243,3,0.2705361860170179,0.22279350405028553,1.3374418604651164,1.4163636363636365,1.1657847225926996,0.2705361860170179,38.775351,39.085882
37.81717798549107,0.5,2.540183496503497,40.357361481994566,True,6449,6955,507,0.27055160256410243,0,0.2244843381843381,0.20716737967914434,1.3140909090909092,1.3670731707317074,1.056207111381704,0.2244843381843381,37.818715,38.449795
37.81717798549107,0.5,2.540183496503497,40.357361481994566,True,6449,6955,507,0.27055160256410243,1,0.2830158882783882,0.24841721851387855,1.310212765957447,1.4392592592592592,1.0460340001099848,0.2830158882783882,38.454803,39.085882
37.81717798549107,0.5,2.540183496503497,40.357361481994566,True,6449,6955,507,0.27055160256410243,2,0.15237227767695094,0.242204203038341,1.290909090909091,1.4625,1.4082624699997826,0.242204203038341,39.090891,39.72197
37.81717798549107,0.5,2.540183496503497,40.357361481994566,True,6449,6955,507,0.27055160256410243,3,0.2724843177655678,0.23500804057397318,1.3048259303721488,1.384146423751687,1.046635449797521,0.2724843177655678,39.726979,40.35305
37.81717798549107,1.0,5.080366993006994,42.89754497849806,True,6449,7463,1015,0.27055160256410243,0,0.2479759212305611,0.2485996452028385,1.31359477124183,1.3907205882352942,1.027858092140307,0.2485996452028385,37.818715,39.085882
37.81717798549107,1.0,5.080366993006994,42.89754497849806,True,6449,7463,1015,0.27055160256410243,1,0.22469289104882462,0.23874159356725155,1.3002647058823529,1.4207104430379747,1.1535360093915306,0.23874159356725155,39.090891,40.358058
37.81717798549107,1.0,5.080366993006994,42.89754497849806,True,6449,7463,1015,0.27055160256410243,2,0.26921867891145,0.2208884969810424,1.2560714285714287,1.4373342245989305,1.1385382843844645,0.26921867891145,40.363067,41.630234
37.81717798549107,1.0,5.080366993006994,42.89754497849806,True,6449,7463,1015,0.27055160256410243,3,0.2921297826696409,0.2892674897422485,1.211086956521739,1.4327083333333337,1.0421539398417772,0.2921297826696409,41.635242,42.897401
37.81717798549107,2.0,10.160733986013987,47.97791197150506,True,6449,8477,2029,0.27055160256410243,0,0.24562530248033876,0.2583879539758487,1.3048259303721488,1.4044240669240668,1.078032610589219,0.2583879539758487,37.818715,40.358058
37.81717798549107,2.0,10.160733986013987,47.97791197150506,True,6449,8477,2029,0.27055160256410243,1,0.2870465819721719,0.2660081842393658,1.240217391304348,1.435,1.040300923440916,0.2870465819721719,40.363067,42.897401
37.81717798549107,2.0,10.160733986013987,47.97791197150506,True,6449,8477,2029,0.27055160256410243,2,0.31885029731299624,0.3195797846388413,1.2513207547169811,1.43,1.234040990402854,0.3195797846388413,42.90241,45.436744
37.81717798549107,2.0,10.160733986013987,47.97791197150506,True,6449,8477,2029,0.27055160256410243,3,0.2940938002008032,0.35423977463712764,1.2070707070707072,1.4560377358490566,1.1609490746097286,0.35423977463712764,45.441753,47.976087
38.31799964425223,0.25,1.2700917482517484,39.58809139250398,True,6549,6802,254,0.2887523045710608,0,0.271273548823549,0.24946778658950441,1.2690523857190525,1.4961904761904763,1.0513100615153708,0.271273548823549,38.319572,38.635111
38.31799964425223,0.25,1.2700917482517484,39.58809139250398,True,6549,6802,254,0.2887523045710608,1,0.20698238335738328,0.2541852556985741,1.303780227596017,1.4867224231464737,1.3040626296442555,0.2541852556985741,38.64012,38.95566
38.31799964425223,0.25,1.2700917482517484,39.58809139250398,True,6549,6802,254,0.2887523045710608,2,0.2529417482660139,0.2628618322478894,1.314878048780488,1.39,1.1150667424662613,0.2628618322478894,38.960668,39.271199
38.31799964425223,0.25,1.2700917482517484,39.58809139250398,True,6549,6802,254,0.2887523045710608,3,0.16021087988849603,0.18879656478578888,1.2768253968253969,1.42775,1.129153427732268,0.18879656478578888,39.276208,39.586739
38.31799964425223,0.5,2.540183496503497,40.85818314075573,True,6549,7055,507,0.2887523045710608,0,0.2595562745045503,0.25509559582094776,1.3002631578947368,1.4897619047619048,1.0966313660651141,0.2595562745045503,38.319572,38.950651
38.31799964425223,0.5,2.540183496503497,40.85818314075573,True,6549,7055,507,0.2887523045710608,1,0.2259097334682859,0.2320904273504273,1.311,1.3983529411764708,1.1093720164353822,0.2320904273504273,38.95566,39.586739
38.31799964425223,0.5,2.540183496503497,40.85818314075573,True,6549,7055,507,0.2887523045710608,2,0.24408214285714286,0.2491138301842447,1.301,1.4425641025641025,1.1539268692628055,0.2491138301842447,39.591748,40.222827
38.31799964425223,0.5,2.540183496503497,40.85818314075573,True,6549,7055,507,0.2887523045710608,3,0.23594153225806458,0.2524007936507938,1.2455108359133127,1.390168449197861,1.046531845088061,0.2524007936507938,40.227835,40.853906
38.31799964425223,1.0,5.080366993006994,43.39836663725923,True,6549,7563,1015,0.2887523045710608,0,0.24119754901960777,0.25444199039264825,1.30897001934236,1.4365527065527066,1.06528232970885,0.25444199039264825,38.319572,39.586739
38.31799964425223,1.0,5.080366993006994,43.39836663725923,True,6549,7563,1015,0.2887523045710608,1,0.24442765567765568,0.24685761494252878,1.2707530480516374,1.4020271002710027,1.0958883064399993,0.24685761494252878,39.591748,40.858915
38.31799964425223,1.0,5.080366993006994,43.39836663725923,True,6549,7563,1015,0.2887523045710608,2,0.2788588374002368,0.23889748797984212,1.1714115646258505,1.4616848095002473,1.1601941029105272,0.2788588374002368,40.863923,42.13109
38.31799964425223,1.0,5.080366993006994,43.39836663725923,True,6549,7563,1015,0.2887523045710608,3,0.2589139169447563,0.3532485369145188,1.3301098901098902,1.3697826086956522,1.3138695007347931,0.3532485369145188,42.136099,43.398258
38.31799964425223,2.0,10.160733986013987,48.47873363026622,True,6549,8577,2029,0.2887523045710608,0,0.25387380952380945,0.2604365933889602,1.2881479885057472,1.4208246458166267,1.07756868044806,0.2604365933889602,38.319572,40.858915
38.31799964425223,2.0,10.160733986013987,48.47873363026622,True,6549,8577,2029,0.2887523045710608,1,0.29033104630836315,0.3273133194312511,1.2771794871794873,1.3986046511627908,1.155796818488358,0.3273133194312511,40.863923,43.398258
38.31799964425223,2.0,10.160733986013987,48.47873363026622,True,6549,8577,2029,0.2887523045710608,2,0.3125256218402427,0.2896341775882393,1.186,1.4743478260869567,1.256182148966331,0.3125256218402427,43.403266,45.937601
38.31799964425223,2.0,10.160733986013987,48.47873363026622,True,6549,8577,2029,0.2887523045710608,3,0.31345077203679694,0.3683037473263536,1.2529629629629628,1.4442553191489362,1.1640870014133464,0.3683037473263536,45.942609,48.476943
38.818821303013394,0.25,1.2700917482517484,40.088913051265145,True,6649,6902,254,0.29608209151802506,0,0.27031604702776824,0.27544071428571426,1.3272813990461048,1.401954248366013,1.1278283166671932,0.27544071428571426,38.820428,39.135968
38.818821303013394,0.25,1.2700917482517484,40.088913051265145,True,6649,6902,254,0.29608209151802506,1,0.15557753306029176,0.19813399436827772,1.2964246964608628,1.3991033386327503,1.2711380933345886,0.19813399436827772,39.140977,39.456516
38.818821303013394,0.25,1.2700917482517484,40.088913051265145,True,6649,6902,254,0.29608209151802506,2,0.15942646831330876,0.2081526718023966,1.3276543209876546,1.5086666666666668,1.3543150319298964,0.2081526718023966,39.461525,39.772056
38.818821303013394,0.25,1.2700917482517484,40.088913051265145,True,6649,6902,254,0.29608209151802506,3,0.26581590964468976,0.2895346243532524,1.284102564102564,1.454736842105263,1.1773653209707164,0.2895346243532524,39.777064,40.087596
38.818821303013394,0.5,2.540183496503497,41.35900479951689,True,6649,7155,507,0.29608209151802506,0,0.23813679799929777,0.2540991188101588,1.311,1.4043243243243242,1.0807220441627767,0.2540991188101588,38.820428,39.451508
38.818821303013394,0.5,2.540183496503497,41.35900479951689,True,6649,7155,507,0.29608209151802506,1,0.24133938261351046,0.24900549685091145,1.301,1.498780487804878,1.21586042750216,0.24900549685091145,39.456516,40.087596
38.818821303013394,0.5,2.540183496503497,41.35900479951689,True,6649,7155,507,0.29608209151802506,2,0.2370712662337663,0.2555547619047617,1.240697674418605,1.3763440860215053,1.0803105434666018,0.2555547619047617,40.092604,40.723683
38.818821303013394,0.5,2.540183496503497,41.35900479951689,True,6649,7155,507,0.29608209151802506,3,0.23351057067319642,0.17061308528428087,1.2549404761904763,1.4516279069767442,1.384359031065435,0.23351057067319642,40.728692,41.354763
38.818821303013394,1.0,5.080366993006994,43.899188296020384,True,6649,7663,1015,0.29608209151802506,0,0.2377746699405715,0.25258304751041816,1.3048259303721488,1.4442820512820513,1.1162205088502217,0.25258304751041816,38.820428,40.087596
38.818821303013394,1.0,5.080366993006994,43.899188296020384,True,6649,7663,1015,0.29608209151802506,1,0.24262462676794128,0.21686388888888886,1.243797385620915,1.425521898767375,1.114246730678268,0.24262462676794128,40.092604,41.359771
38.818821303013394,1.0,5.080366993006994,43.899188296020384,True,6649,7663,1015,0.29608209151802506,2,0.293420276743182,0.2733425460690606,1.1930416666666668,1.4338541666666669,1.026139475554215,0.293420276743182,41.36478,42.631947
38.818821303013394,1.0,5.080366993006994,43.899188296020384,True,6649,7663,1015,0.29608209151802506,3,0.32391534883720946,0.3299791243306309,1.1755789473684213,1.433478260869565,1.510811435197193,0.3299791243306309,42.636956,43.899114
38.818821303013394,2.0,10.160733986013987,48.97955528902738,True,6649,8677,2029,0.29608209151802506,0,0.24195513587934425,0.23765932352708263,1.276605469497036,1.431181392235609,1.0384040929334124,0.24195513587934425,38.820428,41.359771
38.818821303013394,2.0,10.160733986013987,48.97955528902738,True,6649,8677,2029,0.29608209151802506,1,0.3092103628943335,0.32592165103100124,1.181794871794872,1.433478260869565,1.2259584350581942,0.32592165103100124,41.36478,43.899114
38.818821303013394,2.0,10.160733986013987,48.97955528902738,True,6649,8677,2029,0.29608209151802506,2,0.3073285465116279,0.31923602941176454,1.2742857142857142,1.4404,1.1565942681931447,0.31923602941176454,43.904123,46.438457
38.818821303013394,2.0,10.160733986013987,48.97955528902738,True,6649,8677,2029,0.29608209151802506,3,0.31220418854713666,0.3577067951873121,1.2459615384615383,1.457872340425532,1.1476628393785937,0.3577067951873121,46.443466,48.9778
39.319642961774555,0.25,1.2700917482517484,40.589734710026306,True,6749,7002,254,0.2979423637159289,0,0.16001354121601197,0.19631006504922643,1.3137804054054056,1.516547619047619,1.186713497221853,0.19631006504922643,39.321285,39.636825
39.319642961774555,0.25,1.2700917482517484,40.589734710026306,True,6749,7002,254,0.2979423637159289,1,0.2293549516224586,0.28166051177938467,1.267970744680851,1.3826629072681704,1.1822390350325167,0.28166051177938467,39.641833,39.957373
39.319642961774555,0.25,1.2700917482517484,40.589734710026306,True,6749,7002,254,0.2979423637159289,2,0.22794585043004822,0.20731448376536588,1.32320987654321,1.4425641025641025,1.0514312806198018,0.22794585043004822,39.962381,40.272913
39.319642961774555,0.25,1.2700917482517484,40.589734710026306,True,6749,7002,254,0.2979423637159289,3,0.3023168014523849,0.29179856845744545,1.2463157894736845,1.3689473684210527,1.1179587653152283,0.3023168014523849,40.277921,40.588452
39.319642961774555,0.5,2.540183496503497,41.85982645827805,True,6749,7255,507,0.2979423637159289,0,0.2146151821862347,0.24222400978564773,1.284102564102564,1.4552272727272728,1.1646439263398012,0.24222400978564773,39.321285,39.952364
39.319642961774555,0.5,2.540183496503497,41.85982645827805,True,6749,7255,507,0.2979423637159289,1,0.2625604743083003,0.2602878787878785,1.28825,1.3861111111111113,1.0713703153324023,0.2625604743083003,39.957373,40.588452
39.319642961774555,0.5,2.540183496503497,41.85982645827805,True,6749,7255,507,0.2979423637159289,2,0.21399302935368336,0.18628662677088426,1.244705882352941,1.4413793103448276,1.1556370054951763,0.21399302935368336,40.593461,41.22454
39.319642961774555,0.5,2.540183496503497,41.85982645827805,True,6749,7255,507,0.2979423637159289,3,0.30023381342494715,0.1842836224233283,1.229861111111111,1.4373342245989305,1.4842189238275407,0.30023381342494715,41.229549,41.855619
39.319642961774555,1.0,5.080366993006994,44.40000995478155,True,6749,7763,1015,0.2979423637159289,0,0.24219331140350875,0.24833888029879414,1.2860742705570294,1.4096403210867552,1.101735537110474,0.24833888029879414,39.321285,40.588452
39.319642961774555,1.0,5.080366993006994,44.40000995478155,True,6749,7763,1015,0.2979423637159289,1,0.2772741097191053,0.18342235275689234,1.2404701414353065,1.439804307853953,1.3188908757001059,0.2772741097191053,40.593461,41.860628
39.319642961774555,1.0,5.080366993006994,44.40000995478155,True,6749,7763,1015,0.2979423637159289,2,0.2815926653755601,0.39025143602152484,1.2790775484677925,1.4024339323467228,1.288574220506645,0.39025143602152484,41.865636,43.132804
39.319642961774555,1.0,5.080366993006994,44.40000995478155,True,6749,7763,1015,0.2979423637159289,3,0.3185925227502528,0.2922770049549054,1.1474468085106384,1.47475,1.444748986704843,0.3185925227502528,43.137812,44.399971
39.319642961774555,2.0,10.160733986013987,49.48037694778854,True,6749,8777,2029,0.2979423637159289,0,0.2680394266722061,0.22614200927464,1.260600251414205,1.4326506024096386,1.082019233046659,0.2680394266722061,39.321285,41.860628
39.319642961774555,2.0,10.160733986013987,49.48037694778854,True,6749,8777,2029,0.2979423637159289,1,0.3083329238305897,0.35971495119787056,1.186,1.4497727272727272,1.2319301858490366,0.35971495119787056,41.865636,44.399971
39.319642961774555,2.0,10.160733986013987,49.48037694778854,True,6749,8777,2029,0.2979423637159289,2,0.31407267083862,0.33703204301075274,1.2890721649484536,1.4560377358490566,1.1525350704283182,0.33703204301075274,44.404979,46.939314
39.319642961774555,2.0,10.160733986013987,49.48037694778854,True,6749,8777,2029,0.2979423637159289,3,0.2853267999883212,0.33349580067189233,1.2294444444444446,1.4459259259259258,1.1198849873175167,0.33349580067189233,46.944322,49.478657
39.82046462053572,0.25,1.2700917482517484,41.09055636878747,True,6849,7102,254,0.3026630119608554,0,0.2650733479531396,0.28829704866328865,1.2563325867861144,1.459676113360324,1.1927130398216301,0.28829704866328865,39.822142,40.137681
39.82046462053572,0.25,1.2700917482517484,41.09055636878747,True,6849,7102,254,0.3026630119608554,1,0.27916836417007646,0.2711776928454972,1.270817670682731,1.4481389085754783,1.0810340141468955,0.27916836417007646,40.14269,40.458229
39.82046462053572,0.25,1.2700917482517484,41.09055636878747,True,6849,7102,254,0.3026630119608554,2,0.1978753787102423,0.21315786749482413,1.21,1.3702702702702705,1.0713699777110448,0.21315786749482413,40.463238,40.773769
39.82046462053572,0.25,1.2700917482517484,41.09055636878747,True,6849,7102,254,0.3026630119608554,3,0.20620847890573502,0.17286247566510016,1.2964835164835165,1.4117073170731709,1.1143404932679237,0.20620847890573502,40.778778,41.089309
39.82046462053572,0.5,2.540183496503497,42.36064811703921,True,6849,7355,507,0.3026630119608554,0,0.27788204370276126,0.28650463794199044,1.2594666666666667,1.454736842105263,1.145637110771558,0.28650463794199044,39.822142,40.453221
39.82046462053572,0.5,2.540183496503497,42.36064811703921,True,6849,7355,507,0.3026630119608554,1,0.20337218468468465,0.20217754444563807,1.254102564102564,1.3898823529411766,1.0172832439003088,0.20337218468468465,40.458229,41.089309
39.82046462053572,0.5,2.540183496503497,42.36064811703921,True,6849,7355,507,0.3026630119608554,2,0.29122074613218063,0.18616723766429644,1.2266666666666668,1.4824324324324325,1.4231885097410895,0.29122074613218063,41.094317,41.725397
39.82046462053572,0.5,2.540183496503497,42.36064811703921,True,6849,7355,507,0.3026630119608554,3,0.26784468561173974,0.33258784506072814,1.147566287878788,1.385701798201798,1.1785426612575916,0.33258784506072814,41.730405,42.356476
39.82046462053572,1.0,5.080366993006994,44.90083161354271,True,6849,7863,1015,0.3026630119608554,0,0.24613905622489962,0.231792441626409,1.2549084249084248,1.4131275778694354,1.086093213341192,0.24613905622489962,39.822142,41.089309
39.82046462053572,1.0,5.080366993006994,44.90083161354271,True,6849,7863,1015,0.3026630119608554,1,0.28898793217027857,0.2524879442189224,1.1698496880317641,1.439804307853953,1.0633102288640754,0.28898793217027857,41.094317,42.361484
39.82046462053572,1.0,5.080366993006994,44.90083161354271,True,6849,7863,1015,0.3026630119608554,2,0.31507692208860116,0.34597454347800943,1.2909095160158992,1.3902747252747252,1.268473105348033,0.34597454347800943,42.366493,43.63366
39.82046462053572,1.0,5.080366993006994,44.90083161354271,True,6849,7863,1015,0.3026630119608554,3,0.31330681637203367,0.31383771947803507,1.220618556701031,1.4832558139534886,1.2400987138691137,0.31383771947803507,43.638669,44.900827
39.82046462053572,2.0,10.160733986013987,49.981198606549704,True,6849,8877,2029,0.3026630119608554,0,0.2759588376122641,0.25541563146997925,1.218310975609756,1.4287163561076603,1.0202737904187342,0.2759588376122641,39.822142,42.361484
39.82046462053572,2.0,10.160733986013987,49.981198606549704,True,6849,8877,2029,0.3026630119608554,1,0.31557427536231886,0.33445473990844765,1.2697619047619049,1.448125,1.2033270690199784,0.33445473990844765,42.366493,44.900827
39.82046462053572,2.0,10.160733986013987,49.981198606549704,True,6849,8877,2029,0.3026630119608554,2,0.31095614035087715,0.35559959486696036,1.2135714285714287,1.4535294117647055,1.1466785617240167,0.35559959486696036,44.905836,47.44017
39.82046462053572,2.0,10.160733986013987,49.981198606549704,True,6849,8877,2029,0.3026630119608554,3,0.27468928571428575,0.33997078946919423,1.24140350877193,1.4604255319148935,1.3389796701501506,0.33997078946919423,47.445179,49.979513
40.32128627929687,0.25,1.2700917482517484,41.59137802754862,True,6949,7202,254,0.3061408891142662,0,0.24125906201802805,0.2865905437160685,1.1839612903225807,1.3680451127819548,1.1839178741724738,0.2865905437160685,40.322998,40.638538
40.32128627929687,0.25,1.2700917482517484,41.59137802754862,True,6949,7202,254,0.3061408891142662,1,0.20211554878048776,0.19357021176911537,1.257992277992278,1.420864872441828,1.0735671661905815,0.20211554878048776,40.643546,40.959086
40.32128627929687,0.25,1.2700917482517484,41.59137802754862,True,6949,7202,254,0.3061408891142662,2,0.23643085361108634,0.16993525530694198,1.2541666666666669,1.4986842105263158,1.5012602768945877,0.23643085361108634,40.964095,41.274626
40.32128627929687,0.25,1.2700917482517484,41.59137802754862,True,6949,7202,254,0.3061408891142662,3,0.2540603645742263,0.20516191053741095,1.319047619047619,1.4512765957446807,1.3917536457214101,0.2540603645742263,41.279634,41.590165
40.32128627929687,0.5,2.540183496503497,42.861469775800366,True,6949,7455,507,0.3061408891142662,0,0.22553369586275435,0.22456464646464647,1.2415555555555555,1.3875,1.0857609104051256,0.22553369586275435,40.322998,40.954077
40.32128627929687,0.5,2.540183496503497,42.861469775800366,True,6949,7455,507,0.3061408891142662,1,0.28423272752744605,0.18208781650050976,1.2927027027027027,1.4824324324324325,1.440753721365727,0.28423272752744605,40.959086,41.590165
40.32128627929687,0.5,2.540183496503497,42.861469775800366,True,6949,7455,507,0.3061408891142662,2,0.26318334014810785,0.26264117275400356,1.1353488372093024,1.4154545454545453,1.0686722322590536,0.26318334014810785,41.595174,42.226253
40.32128627929687,0.5,2.540183496503497,42.861469775800366,True,6949,7455,507,0.3061408891142662,3,0.2825917923737691,0.3432603005605308,1.3489802631578947,1.4362755102040816,1.1334001802104956,0.3432603005605308,42.231262,42.857333
40.32128627929687,1.0,5.080366993006994,45.40165327230386,True,6949,7962,1014,0.3061408891142662,0,0.26122467936261173,0.21843769255670853,1.2541346153846153,1.4320247657295848,1.1384834307922325,0.26122467936261173,40.322998,41.590165
40.32128627929687,1.0,5.080366993006994,45.40165327230386,True,6949,7962,1014,0.3061408891142662,1,0.2911750218342832,0.2775501314162029,1.2189634146341466,1.4330932971014494,1.028733531206877,0.2911750218342832,41.595174,42.862341
40.32128627929687,1.0,5.080366993006994,45.40165327230386,True,6949,7962,1014,0.3061408891142662,2,0.3177444653361922,0.36059580411716197,1.1540384615384616,1.4612,1.5129908553866143,0.36059580411716197,42.86735,44.129508
40.32128627929687,1.0,5.080366993006994,45.40165327230386,True,6949,7962,1014,0.3061408891142662,3,0.29958700980392167,0.3138899845570876,1.3182417582417585,1.4237777777777776,1.0803350592894132,0.3138899845570876,44.134517,45.396675
40.32128627929687,2.0,10.160733986013987,50.48202026531086,True,6949,8977,2029,0.3061408891142662,0,0.2829287211618263,0.2515715698171648,1.2404701414353065,1.4330932971014494,1.057875020484336,0.2829287211618263,40.322998,42.862341
40.32128627929687,2.0,10.160733986013987,50.48202026531086,True,6949,8977,2029,0.3061408891142662,1,0.3191282035726323,0.32885835830655297,1.2560465116279071,1.4345833333333335,1.2367673667811105,0.32885835830655297,42.86735,45.401684
40.32128627929687,2.0,10.160733986013987,50.48202026531086,True,6949,8977,2029,0.3061408891142662,2,0.2923895209147488,0.35423977463712764,1.1961702127659577,1.4535294117647055,1.1673184763207447,0.35423977463712764,45.406693,47.941027
40.32128627929687,2.0,10.160733986013987,50.48202026531086,True,6949,8977,2029,0.3061408891142662,3,0.269860924369748,0.3440490603381475,1.2558,1.473095238095238,1.3559009402279927,0.3440490603381475,47.946035,50.48037
40.82210793805804,0.25,1.2700917482517484,42.09219968630979,True,7049,7302,254,0.3061052177070506,0,0.20058448359073378,0.18545175137362635,1.312841091492777,1.4420083364910952,1.0483434417761575,0.20058448359073378,40.823855,41.139394
40.82210793805804,0.25,1.2700917482517484,42.09219968630979,True,7049,7302,254,0.3061052177070506,1,0.3029428779069768,0.17787552989646016,1.17875152998776,1.5234952120383036,1.8587708415567532,0.3029428779069768,41.144403,41.459943
40.82210793805804,0.25,1.2700917482517484,42.09219968630979,True,7049,7302,254,0.3061052177070506,2,0.29449950049950063,0.17064201609892748,1.1594871794871795,1.385909090909091,1.5820780372503518,0.29449950049950063,41.464951,41.775482
40.82210793805804,0.25,1.2700917482517484,42.09219968630979,True,7049,7302,254,0.3061052177070506,3,0.2465937400895709,0.2780771229889938,1.1438202247191012,1.5758536585365854,1.2370792168327118,0.2780771229889938,41.780491,42.091022
40.82210793805804,0.5,2.540183496503497,43.362291434561534,True,7049,7555,507,0.3061052177070506,0,0.27724381546013466,0.18485412718320327,1.2632608695652174,1.5067567567567568,1.398052650573486,0.27724381546013466,40.823855,41.454934
40.82210793805804,0.5,2.540183496503497,43.362291434561534,True,7049,7555,507,0.3061052177070506,1,0.27837418218558285,0.25746972881536534,1.1490909090909092,1.4512765957446807,1.0420232506122413,0.27837418218558285,41.459943,42.091022
40.82210793805804,0.5,2.540183496503497,43.362291434561534,True,7049,7555,507,0.3061052177070506,2,0.2892925702301699,0.34128804522904443,1.3235164835164834,1.4041860465116278,1.1273415811040548,0.34128804522904443,42.09603,42.72711
40.82210793805804,0.5,2.540183496503497,43.362291434561534,True,7049,7555,507,0.3061052177070506,3,0.25555406504065037,0.3356555031280124,1.327625,1.300371273712737,1.389974740933302,0.3356555031280124,42.732118,43.358189
40.82210793805804,1.0,5.080366993006994,45.90247493106503,True,7049,8062,1014,0.3061052177070506,0,0.2788588374002368,0.23889748797984212,1.17875152998776,1.4849573905377609,1.1784005139644393,0.2788588374002368,40.823855,42.091022
40.82210793805804,1.0,5.080366993006994,45.90247493106503,True,7049,8062,1014,0.3061052177070506,1,0.27675281939548235,0.353117876304269,1.3251249999999999,1.3650896267998824,1.2680330965588356,0.353117876304269,42.09603,43.363198
40.82210793805804,1.0,5.080366993006994,45.90247493106503,True,7049,8062,1014,0.3061052177070506,2,0.31872966560739563,0.2885474342730441,1.1463636363636365,1.5134939759036143,1.262666063264947,0.31872966560739563,43.368206,44.630365
40.82210793805804,1.0,5.080366993006994,45.90247493106503,True,7049,8062,1014,0.3061052177070506,3,0.29795319051025576,0.29621492511329706,1.2915384615384615,1.4290322580645165,1.2724552365589843,0.29795319051025576,44.635373,45.897532
40.82210793805804,2.0,10.160733986013987,50.98284192407203,True,7049,9077,2029,0.3061052177070506,0,0.2909469332602447,0.32725741576666545,1.2730952380952383,1.4006350267379677,1.157083530184289,0.32725741576666545,40.823855,43.363198
40.82210793805804,2.0,10.160733986013987,50.98284192407203,True,7049,9077,2029,0.3061052177070506,1,0.31221688574317497,0.2888002594595843,1.1871428571428573,1.47475,1.2558658839920385,0.31221688574317497,43.368206,45.902541
40.82210793805804,2.0,10.160733986013987,50.98284192407203,True,7049,9077,2029,0.3061052177070506,2,0.3143512868044213,0.3683037473263536,1.2487234042553192,1.4498,1.1557054535855076,0.3683037473263536,45.907549,48.441883
40.82210793805804,2.0,10.160733986013987,50.98284192407203,True,7049,9077,2029,0.3061052177070506,3,0.26541505274386634,0.3306787357266081,1.2531914893617022,1.508108108108108,1.2678870024335833,0.3306787357266081,48.446892,50.981226
41.32292959681919,0.25,1.2700917482517484,42.593021345070945,True,7149,7402,254,0.3240332381579102,0,0.2675861552920763,0.2269503655231747,1.3024007340674006,1.4796537162162162,1.3077589220615553,0.2675861552920763,41.324711,41.640251
41.32292959681919,0.25,1.2700917482517484,42.593021345070945,True,7149,7402,254,0.3240332381579102,1,0.26380583003952573,0.19274763845755682,1.104965415019763,1.5406859806859807,1.1526700223923259,0.26380583003952573,41.64526,41.960799
41.32292959681919,0.25,1.2700917482517484,42.593021345070945,True,7149,7402,254,0.3240332381579102,2,0.21323943135764944,0.27864080638540767,1.1604651162790698,1.3643956043956045,1.302519473793202,0.27864080638540767,41.965808,42.276339
41.32292959681919,0.25,1.2700917482517484,42.593021345070945,True,7149,7402,254,0.3240332381579102,3,0.3017430646858195,0.40466066153362656,1.3560869565217393,1.4327083333333337,1.2116948272194916,0.40466066153362656,42.281347,42.591879
41.32292959681919,0.5,2.540183496503497,43.86311309332269,True,7149,7655,507,0.3240332381579102,0,0.29019880651451685,0.19476139610580867,1.1594871794871795,1.503404255319149,1.3453680916873887,0.29019880651451685,41.324711,41.955791
41.32292959681919,0.5,2.540183496503497,43.86311309332269,True,7149,7655,507,0.3240332381579102,1,0.29053812668134027,0.34605727708045975,1.2626804123711342,1.3841860465116278,1.183711506091095,0.34605727708045975,41.960799,42.591879
41.32292959681919,0.5,2.540183496503497,43.86311309332269,True,7149,7655,507,0.3240332381579102,2,0.2476733850129198,0.34646600274725264,1.313483146067416,1.368372093023256,1.4768098453254008,0.34646600274725264,42.596887,43.227966
41.32292959681919,0.5,2.540183496503497,43.86311309332269,True,7149,7655,507,0.3240332381579102,3,0.32743705926481625,0.26427256651831943,0.9881114130434782,1.4974132730015084,2.452439468808141,0.32743705926481625,43.232975,43.859046
41.32292959681919,1.0,5.080366993006994,46.40329658982618,True,7149,8162,1014,0.3240332381579102,0,0.293420276743182,0.2733425460690606,1.176064814814815,1.4410123456790123,1.0302501218849116,0.293420276743182,41.324711,42.591879
41.32292959681919,1.0,5.080366993006994,46.40329658982618,True,7149,8162,1014,0.3240332381579102,1,0.32384744186046527,0.3287542686158182,1.17476011994003,1.4318339500462534,1.5291204956685776,0.3287542686158182,42.596887,43.864054
41.32292959681919,1.0,5.080366993006994,46.40329658982618,True,7149,8162,1014,0.3240332381579102,2,0.2960464741185296,0.3244954304954304,1.3081927710843375,1.4515044247787612,1.0633001429814377,0.3244954304954304,43.869063,45.131221
41.32292959681919,1.0,5.080366993006994,46.40329658982618,True,7149,8162,1014,0.3240332381579102,3,0.31148581812854875,0.3268996649491662,1.2049019607843137,1.4237113402061856,1.3302586378988048,0.3268996649491662,45.13623,46.398389
41.32292959681919,2.0,10.160733986013987,51.48366358283318,True,7149,9177,2029,0.3240332381579102,0,0.3090891759815403,0.3257195283108717,1.1753756805807622,1.435970588235294,1.2380383318094357,0.3257195283108717,41.324711,43.864054
41.32292959681919,2.0,10.160733986013987,51.48366358283318,True,7149,9177,2029,0.3240332381579102,1,0.30646525641025635,0.31923602941176454,1.261521739130435,1.441304347826087,1.1651508866983458,0.31923602941176454,43.869063,46.403397
41.32292959681919,2.0,10.160733986013987,51.48366358283318,True,7149,9177,2029,0.3240332381579102,2,0.3154066115844029,0.3577067951873121,1.2459615384615383,1.4562000000000002,1.131620982971576,0.3577067951873121,46.408406,48.94274
41.32292959681919,2.0,10.160733986013987,51.48366358283318,True,7149,9177,2029,0.3240332381579102,3,0.2398552618671208,0.316309812482765,1.2763793103448275,1.5351219512195122,1.3197482813877464,0.316309812482765,48.947749,51.482083
41.82375125558036,0.25,1.2700917482517484,43.09384300383211,True,7249,7502,254,0.3325225952494819,0,0.19329649827456197,0.27777407543257926,1.1245804195804197,1.5366666666666666,1.6540974874133694,0.27777407543257926,41.825568,42.141108
41.82375125558036,0.25,1.2700917482517484,43.09384300383211,True,7249,7502,254,0.3325225952494819,1,0.2988548513835113,0.4040399787869264,1.3461507177033492,1.4351296768707484,1.1912383029587146,0.4040399787869264,42.146116,42.461656
41.82375125558036,0.25,1.2700917482517484,43.09384300383211,True,7249,7502,254,0.3325225952494819,2,0.19785966183574888,0.2189581189382266,1.3267441860465117,1.4326666666666668,1.0432179785020803,0.2189581189382266,42.466664,42.777195
41.82375125558036,0.25,1.2700917482517484,43.09384300383211,True,7249,7502,254,0.3325225952494819,3,0.26339263153059433,0.40579265983000745,1.3189743589743588,1.356808510638298,1.5571724404431926,0.40579265983000745,42.782204,43.092735
41.82375125558036,0.5,2.540183496503497,44.36393475208386,True,7249,7755,507,0.3325225952494819,0,0.2861288897335489,0.34605727708045975,1.159767441860465,1.4516326530612245,1.2293899739124214,0.34605727708045975,41.825568,42.456647
41.82375125558036,0.5,2.540183496503497,44.36393475208386,True,7249,7755,507,0.3325225952494819,1,0.2286099703787735,0.3507360576923077,1.323720930232558,1.4005882352941177,1.4325966605991647,0.3507360576923077,42.461656,43.092735
41.82375125558036,0.5,2.540183496503497,44.36393475208386,True,7249,7755,507,0.3325225952494819,2,0.32266511627906985,0.26247694503171237,1.1268354430379746,1.39,2.2679949670585624,0.32266511627906985,43.097744,43.728823
41.82375125558036,0.5,2.540183496503497,44.36393475208386,True,7249,7755,507,0.3325225952494819,3,0.30908765094882124,0.264519178765779,1.1750307328605198,1.4951648351648352,1.2119023418387993,0.30908765094882124,43.733832,44.359902
41.82375125558036,1.0,5.080366993006994,46.90411824858735,True,7249,8262,1014,0.3325225952494819,0,0.2815926653755601,0.39025143602152484,1.257090206185567,1.4211627906976743,1.2753148790640152,0.39025143602152484,41.825568,43.092735
41.82375125558036,1.0,5.080366993006994,46.90411824858735,True,7249,8262,1014,0.3325225952494819,1,0.3184512019716885,0.2921181796556702,1.1486458333333334,1.4669190654985398,1.4608671617522115,0.3184512019716885,43.097744,44.364911
41.82375125558036,1.0,5.080366993006994,46.90411824858735,True,7249,8262,1014,0.3325225952494819,2,0.3166254838709676,0.3010363540178398,1.294255319148936,1.4397916666666666,1.1489151759703529,0.3166254838709676,44.369919,45.632078
41.82375125558036,1.0,5.080366993006994,46.90411824858735,True,7249,8262,1014,0.3325225952494819,3,0.31209117136733233,0.3504814136791252,1.2780434782608696,1.4630508474576271,1.2332489609206079,0.3504814136791252,45.637087,46.899245
41.82375125558036,2.0,10.160733986013987,51.98448524159435,True,7249,9277,2029,0.3325225952494819,0,0.3083120746756865,0.35887034161490683,1.1848390092879257,1.4492480657640232,1.237498106645211,0.35887034161490683,41.825568,44.364911
41.82375125558036,2.0,10.160733986013987,51.98448524159435,True,7249,9277,2029,0.3325225952494819,1,0.311695885509839,0.33695737827715366,1.2887234042553193,1.4541747572815535,1.155779126478505,0.33695737827715366,44.369919,46.904254
41.82375125558036,2.0,10.160733986013987,51.98448524159435,True,7249,9277,2029,0.3325225952494819,2,0.2978642999883212,0.3361056404888261,1.2318367346938777,1.4481132075471697,1.1158321964870872,0.3361056404888261,46.909262,49.443597
41.82375125558036,2.0,10.160733986013987,51.98448524159435,True,7249,9277,2029,0.3325225952494819,3,0.24708454488820653,0.324249702795967,1.2579775280898875,1.5469387755102042,1.316497483590735,0.324249702795967,49.448605,51.98294
42.32457291434152,0.25,1.2700917482517484,43.594664662593274,True,7349,7602,254,0.33800192511699023,0,0.3086114614133648,0.3890395182237434,1.2900666666666667,1.451546663609264,1.2341807064645356,0.3890395182237434,42.326425,42.641964
42.32457291434152,0.25,1.2700917482517484,43.594664662593274,True,7349,7602,254,0.33800192511699023,1,0.25943923452130513,0.3773731835999366,1.347403735632184,1.3865405260332797,1.4646506085191566,0.3773731835999366,42.646973,42.962512
42.32457291434152,0.25,1.2700917482517484,43.594664662593274,True,7349,7602,254,0.33800192511699023,2,0.23391390664849943,0.29043138822559555,1.291489361702128,1.205833333333333,1.5393734310847085,0.29043138822559555,42.967521,43.278052
42.32457291434152,0.25,1.2700917482517484,43.594664662593274,True,7349,7602,254,0.33800192511699023,3,0.3362430359949115,0.2719439120558086,1.1284444444444446,1.3841304347826089,2.249510745540996,0.3362430359949115,43.283061,43.593592
42.32457291434152,0.5,2.540183496503497,44.86475641084502,True,7349,7855,507,0.33800192511699023,0,0.3000704396861721,0.39317390230762317,1.3267441860465117,1.432391304347826,1.2756947673423769,0.39317390230762317,42.326425,42.957504
42.32457291434152,0.5,2.540183496503497,44.86475641084502,True,7349,7855,507,0.33800192511699023,1,0.32074110619109053,0.3172192894735867,1.1917777777777778,1.3438636363636365,1.685753953223675,0.32074110619109053,42.962512,43.593592
42.32457291434152,0.5,2.540183496503497,44.86475641084502,True,7349,7855,507,0.33800192511699023,2,0.30753745155038753,0.24682541793313062,1.1184761904761904,1.51,1.3688061850856466,0.30753745155038753,43.5986,44.22968
42.32457291434152,0.5,2.540183496503497,44.86475641084502,True,7349,7855,507,0.33800192511699023,3,0.3021894748483316,0.2910365528182157,1.3138837792642142,1.444358407079646,1.043659636624602,0.3021894748483316,44.234688,44.860759
42.32457291434152,1.0,5.080366993006994,47.40493990734852,True,7349,8362,1014,0.33800192511699023,0,0.31507692208860116,0.3515728517976733,1.2909095160158992,1.3794565217391304,1.2395245898126923,0.3515728517976733,42.326425,43.593592
42.32457291434152,1.0,5.080366993006994,47.40493990734852,True,7349,8362,1014,0.33800192511699023,1,0.314704829059829,0.2793261099672686,1.1970811170212765,1.4876792452830188,1.3066505517742317,0.314704829059829,43.5986,44.865767
42.32457291434152,1.0,5.080366993006994,47.40493990734852,True,7349,8362,1014,0.33800192511699023,2,0.30934807053411706,0.333083481374287,1.2417142857142858,1.4404,1.2922326853150747,0.333083481374287,44.870776,46.132935
42.32457291434152,1.0,5.080366993006994,47.40493990734852,True,7349,8362,1014,0.33800192511699023,3,0.3063623529411762,0.36317259796806967,1.2233333333333334,1.4570833333333335,1.1224970472014133,0.36317259796806967,46.137943,47.400102
42.32457291434152,2.0,10.160733986013987,52.48530690035551,True,7349,9377,2029,0.33800192511699023,0,0.3160953399629974,0.36030021739130424,1.2513907144371423,1.4465625000000002,1.1719716514405627,0.36030021739130424,42.326425,44.865767
42.32457291434152,2.0,10.160733986013987,52.48530690035551,True,7349,9377,2029,0.33800192511699023,1,0.31095614035087715,0.34919894584139266,1.234,1.4535294117647055,1.1617809877934369,0.34919894584139266,44.870776,47.40511
42.32457291434152,2.0,10.160733986013987,52.48530690035551,True,7349,9377,2029,0.33800192511699023,2,0.2750418970814133,0.3464625136071252,1.24140350877193,1.4604255319148935,1.3443075259023298,0.3464625136071252,47.410119,49.944453
42.32457291434152,2.0,10.160733986013987,52.48530690035551,True,7349,9377,2029,0.33800192511699023,3,0.24926118200113967,0.29736097631143166,1.3033928571428572,1.5188118811881188,1.2052004607697053,0.29736097631143166,49.949462,52.483796
42.82539457310268,0.25,1.2700917482517484,44.09548632135443,True,7449,7702,254,0.3381306068565262,0,0.23603111107645613,0.3989508360601035,1.3204395604395605,1.342605975485189,1.633372346447812,0.3989508360601035,42.827281,43.142821
42.82539457310268,0.25,1.2700917482517484,44.09548632135443,True,7449,7702,254,0.3381306068565262,1,0.3005114475405859,0.2640845992588544,1.295844680851064,1.202045112781955,1.7818212480012505,0.3005114475405859,43.147829,43.463369
42.82539457310268,0.25,1.2700917482517484,44.09548632135443,True,7449,7702,254,0.3381306068565262,2,0.14235052179161578,0.1925423873195088,0.9511627906976744,1.518125,2.448888599569806,0.1925423873195088,43.468378,43.778909
42.82539457310268,0.25,1.2700917482517484,44.09548632135443,True,7449,7702,254,0.3381306068565262,3,0.2201595454545454,0.24209309892101405,1.1494444444444445,1.526279069767442,1.0893259112485696,0.24209309892101405,43.783917,44.094448
42.82539457310268,0.5,2.540183496503497,45.36557806960617,True,7449,7955,507,0.3381306068565262,0,0.26553528188127284,0.3303598668726094,1.31,1.3015533980582523,1.4492595777902206,0.3303598668726094,42.827281,43.45836
42.82539457310268,0.5,2.540183496503497,45.36557806960617,True,7449,7955,507,0.3381306068565262,1,0.23059376429473233,0.2407953317517978,0.9948837209302324,1.5212244897959184,1.1890160201199893,0.2407953317517978,43.463369,44.094448
42.82539457310268,0.5,2.540183496503497,45.36557806960617,True,7449,7955,507,0.3381306068565262,2,0.32494329492254387,0.3121144932671862,1.3156521739130436,1.4397916666666666,1.0333729591942067,0.32494329492254387,44.099457,44.730536
42.82539457310268,0.5,2.540183496503497,45.36557806960617,True,7449,7955,507,0.3381306068565262,3,0.27860821692669113,0.3041487068965517,1.3398979591836735,1.4284610831606988,1.1477075444442044,0.3041487068965517,44.735545,45.361615
42.82539457310268,1.0,5.080366993006994,47.905761566109675,True,7449,8462,1014,0.3381306068565262,0,0.31712408327460656,0.3598345858252569,1.1534826454033773,1.4567708333333336,1.5549696653916423,0.3598345858252569,42.827281,44.094448
42.82539457310268,1.0,5.080366993006994,47.905761566109675,True,7449,8462,1014,0.3381306068565262,1,0.2989316789215687,0.3136295387648844,1.3323767942583733,1.431090909090909,1.056872193324257,0.3136295387648844,44.099457,45.366624
42.82539457310268,1.0,5.080366993006994,47.905761566109675,True,7449,8462,1014,0.3381306068565262,2,0.3041256117872289,0.3268996649491662,1.1821686746987952,1.4615909090909092,1.2571294841621548,0.3268996649491662,45.371633,46.633791
42.82539457310268,1.0,5.080366993006994,47.905761566109675,True,7449,8462,1014,0.3381306068565262,3,0.2809067227958984,0.36439880674037195,1.2244444444444444,1.4322448979591835,1.2424816496460358,0.36439880674037195,46.6388,47.900958
42.82539457310268,2.0,10.160733986013987,52.986128559116665,True,7449,9477,2029,0.3381306068565262,0,0.31986566902595204,0.3284190137933225,1.256669089147287,1.4385009057971017,1.240270608351702,0.3284190137933225,42.827281,45.366624
42.82539457310268,2.0,10.160733986013987,52.986128559116665,True,7449,9477,2029,0.3381306068565262,1,0.2923895209147488,0.35423977463712764,1.1983018867924529,1.4498,1.1803928570006939,0.35423977463712764,45.371633,47.905967
42.82539457310268,2.0,10.160733986013987,52.986128559116665,True,7449,9477,2029,0.3381306068565262,2,0.269860924369748,0.3440490603381475,1.2540425531914894,1.470483870967742,1.3517588090054695,0.3440490603381475,47.910976,50.44531
42.82539457310268,2.0,10.160733986013987,52.986128559116665,True,7449,9477,2029,0.3381306068565262,3,0.24604018952062434,0.3088231367731369,1.2552083333333333,1.5755789473684212,1.2102602794664785,0.3088231367731369,50.450318,52.984653
43.32621623186384,0.25,1.2700917482517484,44.59630798011559,True,7549,7802,254,0.3372184905660376,0,0.2978505383022771,0.27156463193708014,1.0404490291262136,1.4923440860215056,2.0939659907286403,0.2978505383022771,43.328138,43.643677
43.32621623186384,0.25,1.2700917482517484,44.59630798011559,True,7549,7802,254,0.3372184905660376,1,0.22508931017791461,0.1644582307949144,0.9692916666666666,1.5223530180297886,1.695270078628756,0.22508931017791461,43.648686,43.964226
43.32621623186384,0.25,1.2700917482517484,44.59630798011559,True,7549,7802,254,0.3372184905660376,2,0.2974224746734053,0.3044168286997556,1.261521739130435,1.4818556701030927,1.045407741102106,0.3044168286997556,43.969234,44.279765
43.32621623186384,0.25,1.2700917482517484,44.59630798011559,True,7549,7802,254,0.3372184905660376,3,0.330589593417868,0.3110213632119513,1.2946808510638297,1.458936170212766,1.0195531666556685,0.330589593417868,44.284774,44.595305
43.32621623186384,0.5,2.540183496503497,45.866399728367334,True,7549,8055,507,0.3372184905660376,0,0.2383476119029757,0.2373767940059096,0.9893478260869564,1.512702702702703,1.9033518319799392,0.2383476119029757,43.328138,43.959217
43.32621623186384,0.5,2.540183496503497,45.866399728367334,True,7549,8055,507,0.3372184905660376,1,0.3304107645403375,0.32186085797467445,1.2742857142857142,1.4743478260869567,1.0239430428241476,0.3304107645403375,43.964226,44.595305
43.32621623186384,0.5,2.540183496503497,45.866399728367334,True,7549,8055,507,0.3372184905660376,2,0.2628811753853797,0.3049268313809602,1.33625,1.441304347826087,1.1357944651989778,0.3049268313809602,44.600313,45.231393
43.32621623186384,0.5,2.540183496503497,45.866399728367334,True,7549,8055,507,0.3372184905660376,3,0.3018820578338134,0.2737976357464159,1.186084945843982,1.4469647058823527,1.4464600973931527,0.3018820578338134,45.236401,45.862472
43.32621623186384,1.0,5.080366993006994,48.40658322487083,True,7549,8562,1014,0.3372184905660376,0,0.3198686484865264,0.31047732026143793,1.1459369202226346,1.4987319543201898,1.2846973656055838,0.3198686484865264,43.328138,44.595305
43.32621623186384,1.0,5.080366993006994,48.40658322487083,True,7549,8562,1014,0.3372184905660376,1,0.30075185849889347,0.2906582739824647,1.291585557299843,1.4411067193675888,1.2381784130138456,0.30075185849889347,44.600313,45.867481
43.32621623186384,1.0,5.080366993006994,48.40658322487083,True,7549,8562,1014,0.3372184905660376,2,0.3239024534549205,0.36670255945278163,1.1997916666666668,1.4630508474576271,1.159164302099727,0.36670255945278163,45.872489,47.134648
43.32621623186384,1.0,5.080366993006994,48.40658322487083,True,7549,8562,1014,0.3372184905660376,3,0.29759754118235,0.33178148097711246,1.2724489795918368,1.406862745098039,1.2292650944139811,0.33178148097711246,47.139656,48.401815
43.32621623186384,2.0,10.160733986013987,53.486950217877826,True,7549,9577,2029,0.3372184905660376,0,0.31408642287383437,0.29408063501144155,1.187005772005772,1.4745489130434783,1.268182185094876,0.31408642287383437,43.328138,45.867481
43.32621623186384,2.0,10.160733986013987,53.486950217877826,True,7549,9577,2029,0.3372184905660376,1,0.3143512868044213,0.3691468595712516,1.2514754098360656,1.440416666666667,1.166594038866371,0.3691468595712516,45.872489,48.406824
43.32621623186384,2.0,10.160733986013987,53.486950217877826,True,7549,9577,2029,0.3372184905660376,2,0.26541505274386634,0.3306787357266081,1.2498969072164947,1.5066,1.2674684417725661,0.3306787357266081,48.411832,50.946166
43.32621623186384,2.0,10.160733986013987,53.486950217877826,True,7549,9577,2029,0.3372184905660376,3,0.22496297156855571,0.3211821210886211,1.2552083333333333,1.5586813186813189,1.3475511093226724,0.3211821210886211,50.951175,53.485509
43.827037890625,0.25,1.2700917482517484,45.09712963887675,True,7649,7902,254,0.3420445407226985,0,0.27720552134245685,0.24881398226134743,1.1895559210526316,1.4967000000000001,1.0711191444410877,0.27720552134245685,43.828994,44.144534
43.827037890625,0.25,1.2700917482517484,45.09712963887675,True,7649,7902,254,0.3420445407226985,1,0.3202085134124005,0.3281826111065471,1.2657886904761906,1.4492480657640232,1.0871637097610862,0.3281826111065471,44.149543,44.465082
43.827037890625,0.25,1.2700917482517484,45.09712963887675,True,7649,7902,254,0.3420445407226985,2,0.2735930264939833,0.2659972426453171,1.368735632183908,1.458936170212766,1.0530614408927808,0.2735930264939833,44.470091,44.780622
43.827037890625,0.25,1.2700917482517484,45.09712963887675,True,7649,7902,254,0.3420445407226985,3,0.2853817836812144,0.32664754814586505,1.3177272727272729,1.4290322580645165,1.2485636448974002,0.32664754814586505,44.78563,45.096161
43.827037890625,0.5,2.540183496503497,46.367221387128495,True,7649,8155,507,0.3420445407226985,0,0.3008197071365718,0.2954226247872944,1.2192771084337348,1.4695238095238097,1.0442019569901977,0.3008197071365718,43.828994,44.460074
43.827037890625,0.5,2.540183496503497,46.367221387128495,True,7649,8155,507,0.3420445407226985,1,0.30022077348381193,0.3235969817687171,1.3421505376344087,1.4409090909090907,1.1300739153946313,0.3235969817687171,44.465082,45.096161
43.827037890625,0.5,2.540183496503497,46.367221387128495,True,7649,8155,507,0.3420445407226985,2,0.308131350020348,0.27369717087336165,1.1804040404040403,1.4683333333333335,1.3881739142479343,0.308131350020348,45.10117,45.732249
43.827037890625,0.5,2.540183496503497,46.367221387128495,True,7649,8155,507,0.3420445407226985,3,0.316449196695251,0.37597853914787405,1.234127659574468,1.3765614617940198,1.3917086049398908,0.37597853914787405,45.737258,46.363329
43.827037890625,1.0,5.080366993006994,48.907404883632,True,7649,8662,1014,0.3420445407226985,0,0.2989716324008538,0.3244912618245951,1.2998954307797228,1.4540405006776689,1.0558990237925034,0.3244912618245951,43.828994,45.096161
43.827037890625,1.0,5.080366993006994,48.907404883632,True,7649,8662,1014,0.3420445407226985,1,0.3150753056742641,0.32655030526725715,1.1979513888888889,1.428544061302682,1.3072020201751715,0.32655030526725715,45.10117,46.368337
43.827037890625,1.0,5.080366993006994,48.907404883632,True,7649,8662,1014,0.3420445407226985,2,0.2959915146937597,0.36439880674037195,1.2459615384615383,1.4569565217391305,1.188191771756561,0.36439880674037195,46.373346,47.635504
43.827037890625,1.0,5.080366993006994,48.907404883632,True,7649,8662,1014,0.3420445407226985,3,0.3258117878676018,0.34376471025030597,1.2529629629629628,1.4459259259259258,1.0847506848338146,0.34376471025030597,47.640513,48.902672
43.827037890625,2.0,10.160733986013987,53.98777187663899,True,7649,9677,2029,0.3420445407226985,0,0.3074596825396824,0.319155678104575,1.256669089147287,1.4465625000000002,1.160045846510558,0.319155678104575,43.828994,46.368337
43.827037890625,2.0,10.160733986013987,53.98777187663899,True,7649,9677,2029,0.3420445407226985,1,0.3154066115844029,0.3577067951873121,1.2512962962962964,1.452164948453608,1.1341625520057994,0.3577067951873121,46.373346,48.90768
43.827037890625,2.0,10.160733986013987,53.98777187663899,True,7649,9677,2029,0.3420445407226985,2,0.2398552618671208,0.316309812482765,1.2736170212765958,1.5391666666666666,1.3204227727367313,0.316309812482765,48.912689,51.447023
43.827037890625,2.0,10.160733986013987,53.98777187663899,True,7649,9677,2029,0.3420445407226985,3,0.2307330945156315,0.31382314876444417,1.2780392156862743,1.5188118811881188,1.4075712395648816,0.31382314876444417,51.452032,53.986366
44.32785954938616,0.25,1.2700917482517484,45.59795129763791,True,7749,8002,254,0.337628203259005,0,0.329305502757901,0.3169844356261021,1.2964029255319147,1.5397727272727273,1.0668614165496757,0.329305502757901,44.329851,44.645391
44.32785954938616,0.25,1.2700917482517484,45.59795129763791,True,7749,8002,254,0.337628203259005,1,0.27332181127272276,0.27387809103547045,1.3496036106750395,1.378582493238259,1.0731714182105205,0.27387809103547045,44.650399,44.965939
44.32785954938616,0.25,1.2700917482517484,45.59795129763791,True,7749,8002,254,0.337628203259005,2,0.2401152290077867,0.29824359902991326,1.2916326530612243,1.4775,1.015570694760259,0.29824359902991326,44.970947,45.281478
44.32785954938616,0.25,1.2700917482517484,45.59795129763791,True,7749,8002,254,0.337628203259005,3,0.3104295749133374,0.2832723271764013,1.1311904761904763,1.345869565217391,1.8687118439861305,0.3104295749133374,45.286487,45.597018
44.32785954938616,0.5,2.540183496503497,46.86804304588966,True,7749,8255,507,0.337628203259005,0,0.2970537603150787,0.3210250547645126,1.3354545454545454,1.4397916666666666,1.082674062547446,0.3210250547645126,44.329851,44.96093
44.32785954938616,0.5,2.540183496503497,46.86804304588966,True,7749,8255,507,0.337628203259005,1,0.3203378660049629,0.2875085637153767,1.2164,1.4345833333333335,1.3056820884578886,0.3203378660049629,44.965939,45.597018
44.32785954938616,0.5,2.540183496503497,46.86804304588966,True,7749,8255,507,0.337628203259005,2,0.3024190084919746,0.35837723542508004,1.2487234042553192,1.461875,1.5124803258684745,0.35837723542508004,45.602027,46.233106
44.32785954938616,0.5,2.540183496503497,46.86804304588966,True,7749,8255,507,0.337628203259005,3,0.3150436738149931,0.30073959063985667,1.2833834412580944,1.4967228260869567,1.11033067518411,0.3150436738149931,46.238114,46.864185
44.32785954938616,1.0,5.080366993006994,49.40822654239315,True,7749,8762,1014,0.337628203259005,0,0.3164618817204301,0.300977204502452,1.2964029255319147,1.4367708333333336,1.1380659184845379,0.3164618817204301,44.329851,45.597018
44.32785954938616,1.0,5.080366993006994,49.40822654239315,True,7749,8762,1014,0.337628203259005,1,0.3102552098044754,0.3390703971267037,1.2729577187807277,1.4802501563477173,1.234901993230952,0.3390703971267037,45.602027,46.869194
44.32785954938616,1.0,5.080366993006994,49.40822654239315,True,7749,8762,1014,0.337628203259005,2,0.2877486890009685,0.3671851935259617,1.221851851851852,1.4133333333333336,1.2232528017020452,0.3671851935259617,46.874202,48.136361
44.32785954938616,1.0,5.080366993006994,49.40822654239315,True,7749,8762,1014,0.337628203259005,3,0.30603229718207087,0.28528219013295997,1.2342307692307692,1.4538,1.0460794711123347,0.30603229718207087,48.14137,49.403528
44.32785954938616,2.0,10.160733986013987,54.48859353540015,True,7749,9777,2029,0.337628203259005,0,0.3099050730369667,0.33169034410112375,1.2888977846018865,1.4566216216216215,1.1577222251433812,0.33169034410112375,44.329851,46.869194
44.32785954938616,2.0,10.160733986013987,54.48859353540015,True,7749,9777,2029,0.337628203259005,1,0.2994857142857143,0.33832634136492123,1.2276,1.4403921568627451,1.1156878761206077,0.33832634136492123,46.874202,49.408537
44.32785954938616,2.0,10.160733986013987,54.48859353540015,True,7749,9777,2029,0.337628203259005,2,0.2423995405647691,0.32325789028596863,1.2635555555555555,1.548888888888889,1.321057503286922,0.32325789028596863,49.413545,51.94788
44.32785954938616,2.0,10.160733986013987,54.48859353540015,True,7749,9777,2029,0.337628203259005,3,0.23450852346104178,0.29690506614128886,1.312608695652174,1.545098039215686,1.3751656209193248,0.29690506614128886,51.952888,54.487223
44.82868120814732,0.25,1.2700917482517484,46.098772956399074,True,7849,8102,254,0.34696658712471606,0,0.28786626643166624,0.32229532806623395,1.303259735046166,1.4352291666666668,1.2096816816754548,0.32229532806623395,44.830707,45.146247
44.82868120814732,0.25,1.2700917482517484,46.098772956399074,True,7849,8102,254,0.34696658712471606,1,0.3199660275400483,0.2319057507900184,1.3037709030100335,1.3116709695926563,1.2551088877773118,0.3199660275400483,45.151256,45.466795
44.82868120814732,0.25,1.2700917482517484,46.098772956399074,True,7849,8102,254,0.34696658712471606,2,0.23002759170183273,0.21871069006241028,1.1345238095238095,1.626,1.2841545440413804,0.23002759170183273,45.471804,45.782335
44.82868120814732,0.25,1.2700917482517484,46.098772956399074,True,7849,8102,254,0.34696658712471606,3,0.29110572270657864,0.37909631394481036,1.2595604395604396,1.3402083333333334,1.612513532225061,0.37909631394481036,45.787344,46.097875
44.82868120814732,0.5,2.540183496503497,47.36886470465082,True,7849,8355,507,0.34696658712471606,0,0.30470422159887794,0.3014334578358787,1.303846153846154,1.376144578313253,1.0389919538783807,0.30470422159887794,44.830707,45.461787
44.82868120814732,0.5,2.540183496503497,47.36886470465082,True,7849,8355,507,0.34696658712471606,1,0.25601755635527557,0.3342574557315935,1.170625,1.5124074074074074,1.4535227059624893,0.3342574557315935,45.466795,46.097875
44.82868120814732,0.5,2.540183496503497,47.36886470465082,True,7849,8355,507,0.34696658712471606,2,0.3109570672544509,0.2828034470393298,1.265084745762712,1.4552293577981652,1.0879238439947545,0.3109570672544509,46.102883,46.733963
44.82868120814732,0.5,2.540183496503497,47.36886470465082,True,7849,8355,507,0.34696658712471606,3,0.32133433618012436,0.3552588770965679,1.2304901960784314,1.4731874999999999,1.1324850240623479,0.3552588770965679,46.738971,47.365042
44.82868120814732,1.0,5.080366993006994,49.90904820115432,True,7849,8862,1014,0.34696658712471606,0,0.3020555694618275,0.33278994898706404,1.2345042016806724,1.4396791666666666,1.3163721140828142,0.33278994898706404,44.830707,46.097875
44.82868120814732,1.0,5.080366993006994,49.90904820115432,True,7849,8862,1014,0.34696658712471606,1,0.3137020087382779,0.34302218735992807,1.249627739984883,1.4593402777777778,1.0694444337495619,0.34302218735992807,46.102883,47.37005
44.82868120814732,1.0,5.080366993006994,49.90904820115432,True,7849,8862,1014,0.34696658712471606,2,0.30899057006315067,0.34377841850439916,1.2529629629629628,1.3597619047619047,1.2462727511309089,0.34377841850439916,47.375059,48.637218
44.82868120814732,1.0,5.080366993006994,49.90904820115432,True,7849,8862,1014,0.34696658712471606,3,0.24837739776404827,0.32404132452912937,1.2291836734693875,1.512688172043011,1.450490536155597,0.32404132452912937,48.642226,49.904385
44.82868120814732,2.0,10.160733986013987,54.98941519416131,True,7849,9877,2029,0.34696658712471606,0,0.3109195906432748,0.34255730699688847,1.2418005390835578,1.4538520845231295,1.1672899876272287,0.34255730699688847,44.830707,47.37005
44.82868120814732,2.0,10.160733986013987,54.98941519416131,True,7849,9877,2029,0.34696658712471606,1,0.2752197793992149,0.34916865617630233,1.24140350877193,1.4604255319148935,1.3418923977450432,0.34916865617630233,47.375059,49.909393
44.82868120814732,2.0,10.160733986013987,54.98941519416131,True,7849,9877,2029,0.34696658712471606,2,0.24926118200113967,0.3018573646032343,1.2933333333333334,1.508108108108108,1.2208403527394207,0.3018573646032343,49.914402,52.448736
44.82868120814732,2.0,10.160733986013987,54.98941519416131,True,7849,9877,2029,0.34696658712471606,3,0.23517199625993446,0.2660082262284096,1.1950649350649352,1.613720930232558,1.535005663678837,0.2660082262284096,52.453745,54.988079
45.32950286690848,0.25,1.2700917482517484,46.59959461516023,True,7949,8202,254,0.34777782566270943,0,0.23542287981686794,0.28802280748337106,1.1081164324136736,1.4552795573675015,1.7379725492246536,0.28802280748337106,45.331564,45.647104
45.32950286690848,0.25,1.2700917482517484,46.59959461516023,True,7949,8202,254,0.34777782566270943,1,0.24438431231813584,0.278956466009341,1.3140374271627073,1.4129775910364146,1.3725329113206595,0.278956466009341,45.652112,45.967652
45.32950286690848,0.25,1.2700917482517484,46.59959461516023,True,7949,8202,254,0.34777782566270943,2,0.32300123228221056,0.4399371377119444,1.1958823529411766,1.4560377358490566,1.416239584388091,0.4399371377119444,45.972661,46.283192
45.32950286690848,0.25,1.2700917482517484,46.59959461516023,True,7949,8202,254,0.34777782566270943,3,0.30882942737903873,0.26240250895114114,1.237450980392157,1.4414141414141417,1.2510721287146436,0.30882942737903873,46.2882,46.598731
45.32950286690848,0.5,2.540183496503497,47.86968636341197,True,7949,8455,507,0.34777782566270943,0,0.2617517272969279,0.2838925802165624,1.185301204819277,1.4535294117647055,1.4297880472975784,0.2838925802165624,45.331564,45.962643
45.32950286690848,0.5,2.540183496503497,47.86968636341197,True,7949,8455,507,0.34777782566270943,1,0.31845031000958424,0.34653611319340316,1.2135714285714287,1.4414141414141417,1.1897863815304222,0.34653611319340316,45.967652,46.598731
45.32950286690848,0.5,2.540183496503497,47.86968636341197,True,7949,8455,507,0.34777782566270943,2,0.32324958333333337,0.35487513849718977,1.175,1.5427272727272727,1.129923713636866,0.35487513849718977,46.60374,47.234819
45.32950286690848,0.5,2.540183496503497,47.86968636341197,True,7949,8455,507,0.34777782566270943,3,0.24407845129944172,0.28114702112447876,1.2547818181818182,1.3469987212276213,1.403432834606398,0.28114702112447876,47.239828,47.865898
45.32950286690848,1.0,5.080366993006994,50.409869859915474,True,7949,8962,1014,0.34777782566270943,0,0.3091070491589197,0.32655030526725715,1.1949136363636363,1.447033601319316,1.270277594887372,0.32655030526725715,45.331564,46.598731
45.32950286690848,1.0,5.080366993006994,50.409869859915474,True,7949,8962,1014,0.34777782566270943,1,0.28074645021197897,0.36413873869924385,1.2312847222222223,1.4349481451934585,1.2604038799358817,0.36413873869924385,46.60374,47.870907
45.32950286690848,1.0,5.080366993006994,50.409869859915474,True,7949,8962,1014,0.34777782566270943,2,0.3258117878676018,0.34342945473231024,1.2372549019607844,1.461509433962264,1.0532409572910004,0.34342945473231024,47.875916,49.138074
45.32950286690848,1.0,5.080366993006994,50.409869859915474,True,7949,8962,1014,0.34777782566270943,3,0.19403595118789185,0.33725194158940774,1.2579775280898875,1.4776,1.8746663253382636,0.33725194158940774,49.143083,50.405241
45.32950286690848,2.0,10.160733986013987,55.490236852922465,True,7949,9977,2029,0.34777782566270943,0,0.2927851728723404,0.353975949197861,1.2137950600801068,1.4403960784313725,1.1905981042421532,0.353975949197861,45.331564,47.870907
45.32950286690848,2.0,10.160733986013987,55.490236852922465,True,7949,9977,2029,0.34777782566270943,1,0.2716222542242705,0.3440490603381475,1.2506796116504857,1.4646511627906975,1.3337539251648718,0.3440490603381475,47.875916,50.41025
45.32950286690848,2.0,10.160733986013987,55.490236852922465,True,7949,9977,2029,0.34777782566270943,2,0.24604018952062434,0.30248131859131844,1.2552083333333333,1.5755789473684212,1.1970252411082918,0.30248131859131844,50.415258,52.949593
45.32950286690848,2.0,10.160733986013987,55.490236852922465,True,7949,9977,2029,0.34777782566270943,3,0.249649248931765,0.24643040112061865,1.1675438596491228,1.6143478260869566,1.6324629689568113,0.249649248931765,52.954601,55.488936
45.83032452566964,0.25,1.2700917482517484,47.10041627392139,True,8049,8302,254,0.34881170374115256,0,0.32529983113062017,0.3786735343083102,1.321352849640148,1.3335657051282053,1.460651956539495,0.3786735343083102,45.832421,46.14796
45.83032452566964,0.25,1.2700917482517484,47.10041627392139,True,8049,8302,254,0.34881170374115256,1,0.3035322386866699,0.35957773166549745,1.2709868173258005,1.3765614617940198,1.0544390218629172,0.35957773166549745,46.152969,46.468509
45.83032452566964,0.25,1.2700917482517484,47.10041627392139,True,8049,8302,254,0.34881170374115256,2,0.2500399117140395,0.2696626882468586,1.1795698924731182,1.5492857142857142,1.0399239978222818,0.2696626882468586,46.473517,46.784048
45.83032452566964,0.25,1.2700917482517484,47.10041627392139,True,8049,8302,254,0.34881170374115256,3,0.35055113636363633,0.4104894098692109,1.1607692307692308,1.6284313725490196,1.1204746312595353,0.4104894098692109,46.789057,47.099588
45.83032452566964,0.5,2.540183496503497,48.370508022173134,True,8049,8555,507,0.34881170374115256,0,0.321151473475185,0.37478060844095307,1.2887234042553193,1.3717021276595744,1.264953006981164,0.37478060844095307,45.832421,46.4635
45.83032452566964,0.5,2.540183496503497,48.370508022173134,True,8049,8555,507,0.34881170374115256,1,0.31707410256410257,0.35487513849718977,1.175,1.592134831460674,1.091925023957963,0.35487513849718977,46.468509,47.099588
45.83032452566964,0.5,2.540183496503497,48.370508022173134,True,8049,8555,507,0.34881170374115256,2,0.24511584619663457,0.2762516911659769,1.2376470588235295,1.3472340425531917,1.4695325079616137,0.2762516911659769,47.104596,47.735676
45.83032452566964,0.5,2.540183496503497,48.370508022173134,True,8049,8555,507,0.34881170374115256,3,0.3171279000698811,0.37268499418216305,1.3287345050878816,1.4516097952629465,1.0667250552956538,0.37268499418216305,47.740684,48.366755
45.83032452566964,1.0,5.080366993006994,50.91069151867663,True,8049,9062,1014,0.34881170374115256,0,0.3217056468928022,0.3657770219897628,1.2408994032395566,1.462455656286953,1.213719985283085,0.3657770219897628,45.832421,47.099588
45.83032452566964,1.0,5.080366993006994,50.91069151867663,True,8049,9062,1014,0.34881170374115256,1,0.30616547124153454,0.33153390785099124,1.2712113654582704,1.4003001895934275,1.2103562833152015,0.33153390785099124,47.104596,48.371764
45.83032452566964,1.0,5.080366993006994,50.91069151867663,True,8049,9062,1014,0.34881170374115256,2,0.2663631423461422,0.3226816251638269,1.2163414634146343,1.4762025316455698,1.2457340604089409,0.3226816251638269,48.376772,49.638931
45.83032452566964,1.0,5.080366993006994,50.91069151867663,True,8049,9062,1014,0.34881170374115256,3,0.24809894973276958,0.33194128898128905,1.2826923076923078,1.55,1.3879154412270944,0.33194128898128905,49.643939,50.906098
45.83032452566964,2.0,10.160733986013987,55.991058511683626,True,8049,10077,2029,0.34881170374115256,0,0.31428235829163537,0.36913584233929975,1.2557081081081083,1.4400073991860896,1.1701598914671625,0.36913584233929975,45.832421,48.371764
45.83032452566964,2.0,10.160733986013987,55.991058511683626,True,8049,10077,2029,0.34881170374115256,1,0.260051545417859,0.3306787357266081,1.2444736842105264,1.5068686868686867,1.2976979903797747,0.3306787357266081,48.376772,50.911106
45.83032452566964,2.0,10.160733986013987,55.991058511683626,True,8049,10077,2029,0.34881170374115256,2,0.2344929029057765,0.3167662584962332,1.272,1.5547619047619048,1.3180084193120478,0.3167662584962332,50.916115,53.450449
45.83032452566964,2.0,10.160733986013987,55.991058511683626,True,8049,10077,2029,0.34881170374115256,3,0.2547064494354443,0.24367372710622703,1.1661904761904762,1.6159183673469388,1.6071723295129596,0.2547064494354443,53.455458,55.989792
46.33114618443081,0.25,1.2700917482517484,47.60123793268256,True,8149,8402,254,0.3352390404040404,0,0.3079897551036458,0.2622855596784167,1.2512678630774343,1.4725938613318719,1.1716011779314328,0.3079897551036458,46.333277,46.648817
46.33114618443081,0.25,1.2700917482517484,47.60123793268256,True,8149,8402,254,0.3352390404040404,1,0.32071170454545445,0.4016428864417053,1.3397750463821891,1.5503853754940713,1.307681881657631,0.4016428864417053,46.653825,46.969365
46.33114618443081,0.25,1.2700917482517484,47.60123793268256,True,8149,8402,254,0.3352390404040404,2,0.2588201680672269,0.2766025375939851,1.1006382978723404,1.4196116504854368,1.0806659646269423,0.2766025375939851,46.974374,47.284905
46.33114618443081,0.25,1.2700917482517484,47.60123793268256,True,8149,8402,254,0.3352390404040404,3,0.23801670864281843,0.2842302036199096,1.2832075471698112,1.347173913043478,1.9474812114081292,0.2842302036199096,47.289913,47.600444
46.33114618443081,0.5,2.540183496503497,48.8713296809343,True,8149,8655,507,0.3352390404040404,0,0.3350442996648975,0.3456256724376541,1.3058333333333334,1.489245283018868,1.09136683868592,0.3456256724376541,46.333277,46.964357
46.33114618443081,0.5,2.540183496503497,48.8713296809343,True,8149,8655,507,0.3352390404040404,1,0.2517921758446968,0.35966468787514994,1.193673469387755,1.400506329113924,1.234399232692479,0.35966468787514994,46.969365,47.600444
46.33114618443081,0.5,2.540183496503497,48.8713296809343,True,8149,8655,507,0.3352390404040404,2,0.3170078197064989,0.3721457821923848,1.2562162162162165,1.4124,1.1300526636021915,0.3721457821923848,47.605453,48.236532
46.33114618443081,0.5,2.540183496503497,48.8713296809343,True,8149,8655,507,0.3352390404040404,3,0.2750982484783484,0.3132984693877551,1.2474090909090911,1.4506279287722585,1.1438267196084124,0.3132984693877551,48.241541,48.867612
46.33114618443081,1.0,5.080366993006994,51.4115131774378,True,8149,9162,1014,0.3352390404040404,0,0.2957069911597858,0.36413873869924385,1.246960361067504,1.4559480122324158,1.1787362587593757,0.36413873869924385,46.333277,47.600444
46.33114618443081,1.0,5.080366993006994,51.4115131774378,True,8149,9162,1014,0.3352390404040404,1,0.31758069174942316,0.3435812656916175,1.2527972709551656,1.4431712962962964,1.1224596994372107,0.3435812656916175,47.605453,48.87262
46.33114618443081,1.0,5.080366993006994,51.4115131774378,True,8149,9162,1014,0.3352390404040404,2,0.20647227617515218,0.33725194158940774,1.2187234042553192,1.4646511627906975,1.7249873965571136,0.33725194158940774,48.877629,50.139787
46.33114618443081,1.0,5.080366993006994,51.4115131774378,True,8149,9162,1014,0.3352390404040404,3,0.25307391002834234,0.25629858361142,1.339090909090909,1.6020930232558142,1.038633654604215,0.25629858361142,50.144796,51.406955
46.33114618443081,2.0,10.160733986013987,56.491880170444794,True,8149,10177,2029,0.3352390404040404,0,0.3127700787075767,0.3576023721629752,1.251385853066181,1.451337082728592,1.14605225646068,0.3576023721629752,46.333277,48.87262
46.33114618443081,2.0,10.160733986013987,56.491880170444794,True,8149,10177,2029,0.3352390404040404,1,0.24257864018666708,0.316309812482765,1.268571428571429,1.5395604395604394,1.2920754884498795,0.316309812482765,48.877629,51.411963
46.33114618443081,2.0,10.160733986013987,56.491880170444794,True,8149,10177,2029,0.3352390404040404,2,0.22849807234268227,0.31382314876444417,1.275,1.52,1.4067118852291147,0.31382314876444417,51.416972,53.951306
46.33114618443081,2.0,10.160733986013987,56.491880170444794,True,8149,10177,2029,0.3352390404040404,3,0.2576142093200915,0.21772030061123293,1.164,1.63552,1.6918163591212703,0.2576142093200915,53.956315,56.490649
46.83196784319196,0.25,1.2700917482517484,48.10205959144371,True,8249,8502,254,0.335972621414518,0,0.3523272196553446,0.39655808269347337,1.0942104341736694,1.4317268445839875,1.1022184470478584,0.39655808269347337,46.834134,47.149673
46.83196784319196,0.25,1.2700917482517484,48.10205959144371,True,8249,8502,254,0.335972621414518,1,0.2273068845462713,0.24625145868063814,1.2541633352370076,1.3520335584634866,1.696126865156258,0.24625145868063814,47.154682,47.470222
46.83196784319196,0.25,1.2700917482517484,48.10205959144371,True,8249,8502,254,0.335972621414518,2,0.2141529823716638,0.26951278576204374,1.2377777777777776,1.373617021276596,1.3832192411853244,0.26951278576204374,47.47523,47.785761
46.83196784319196,0.25,1.2700917482517484,48.10205959144371,True,8249,8502,254,0.335972621414518,3,0.3105272074059464,0.38269473487217387,1.3061538461538462,1.459375,1.189910128052542,0.38269473487217387,47.79077,48.101301
46.83196784319196,0.5,2.540183496503497,49.372151339695456,True,8249,8755,507,0.335972621414518,0,0.319961322463768,0.3745333229036295,1.1616279069767443,1.3811764705882354,1.1408788418555051,0.3745333229036295,46.834134,47.465213
46.83196784319196,0.5,2.540183496503497,49.372151339695456,True,8249,8755,507,0.335972621414518,1,0.28612898027898026,0.3238305712788261,1.2552,1.4133333333333336,1.214578892738263,0.3238305712788261,47.470222,48.101301
46.83196784319196,0.5,2.540183496503497,49.372151339695456,True,8249,8755,507,0.335972621414518,2,0.3116495840337944,0.34973409252264676,1.2806382978723403,1.412439024390244,1.2582482782904645,0.34973409252264676,48.10631,48.737389
46.83196784319196,0.5,2.540183496503497,49.372151339695456,True,8249,8755,507,0.335972621414518,3,0.27641878327417924,0.2180756651731962,1.1619886877828054,1.4587377129750982,1.1981909524249887,0.27641878327417924,48.742397,49.368468
46.83196784319196,1.0,5.080366993006994,51.91233483619895,True,8249,9262,1014,0.335972621414518,0,0.30554437140240714,0.36889558802244304,1.2218732943469788,1.3988701858335577,1.156592208184894,0.36889558802244304,46.834134,48.101301
46.83196784319196,1.0,5.080366993006994,51.91233483619895,True,8249,9262,1014,0.335972621414518,1,0.3072331845791859,0.30427258819110214,1.2444035087719298,1.4552678571428572,1.0425697439799588,0.3072331845791859,48.10631,49.373477
46.83196784319196,1.0,5.080366993006994,51.91233483619895,True,8249,9262,1014,0.335972621414518,2,0.22309614406212352,0.33690207221350077,1.2909473684210528,1.55,1.5962654745157838,0.33690207221350077,49.378485,50.640644
46.83196784319196,1.0,5.080366993006994,51.91233483619895,True,8249,9262,1014,0.335972621414518,3,0.23824559341950646,0.2877511367637827,1.1770212765957448,1.548913043478261,1.2247495337182461,0.2877511367637827,50.645652,51.907811
46.83196784319196,2.0,10.160733986013987,56.99270182920595,True,8249,10277,2029,0.335972621414518,0,0.3082903897849463,0.3399732007289551,1.232480867346939,1.4384929772046973,1.1002626875011163,0.3399732007289551,46.834134,49.373477
46.83196784319196,2.0,10.160733986013987,56.99270182920595,True,8249,10277,2029,0.335972621414518,1,0.23973010141588524,0.32325789028596863,1.2667441860465116,1.55,1.3493190983142673,0.32325789028596863,49.378485,51.91282
46.83196784319196,2.0,10.160733986013987,56.99270182920595,True,8249,10277,2029,0.335972621414518,2,0.24073138663718985,0.29690506614128886,1.312608695652174,1.5414285714285714,1.329956434988813,0.29690506614128886,51.917828,54.452163
46.83196784319196,2.0,10.160733986013987,56.99270182920595,True,8249,10277,2029,0.335972621414518,3,0.2516992922168867,0.2455603709582561,1.17175,1.6295238095238096,1.5722910998967272,0.2516992922168867,54.457171,56.991505
47.33278950195313,0.25,1.2700917482517484,48.60288125020488,True,8349,8602,254,0.3338304170804366,0,0.23735525164347293,0.28370107466063355,1.2336111111111112,1.2674721706864565,1.934074002519061,0.28370107466063355,47.33499,47.65053
47.33278950195313,0.25,1.2700917482517484,48.60288125020488,True,8349,8602,254,0.3338304170804366,1,0.2635131577992569,0.2556083650967139,1.2481957671957673,1.4037131751227494,1.06795276114527,0.2635131577992569,47.655539,47.971078
47.33278950195313,0.25,1.2700917482517484,48.60288125020488,True,8349,8602,254,0.3338304170804366,2,0.34293144446398677,0.3931165126030952,1.3988095238095235,1.4781967213114755,1.1950722374203733,0.3931165126030952,47.976087,48.286618
47.33278950195313,0.25,1.2700917482517484,48.60288125020488,True,8349,8602,254,0.3338304170804366,3,0.20519240103830616,0.27399646214745177,1.2376699029126212,1.3046551724137931,1.3833946995754807,0.27399646214745177,48.291627,48.602158
47.33278950195313,0.5,2.540183496503497,49.872972998456625,True,8349,8855,507,0.3338304170804366,0,0.2489720640234182,0.2827404778743182,1.2377777777777776,1.347173913043478,1.3391854451854304,0.2827404778743182,47.33499,47.96607
47.33278950195313,0.5,2.540183496503497,49.872972998456625,True,8349,8855,507,0.3338304170804366,1,0.31387727198952403,0.37234153275813786,1.2596428571428573,1.395,1.2328823554195256,0.37234153275813786,47.971078,48.602158
47.33278950195313,0.5,2.540183496503497,49.872972998456625,True,8349,8855,507,0.3338304170804366,2,0.28432330305435516,0.2484896113752737,1.1665789473684212,1.4816161616161616,1.2078246086010398,0.28432330305435516,48.607166,49.238245
47.33278950195313,0.5,2.540183496503497,49.872972998456625,True,8349,8855,507,0.3338304170804366,3,0.17286759731346202,0.33958393448793034,1.251039805825243,1.629770642201835,2.3330080834123184,0.33958393448793034,49.243254,49.869325
47.33278950195313,1.0,5.080366993006994,52.41315649496012,True,8349,9362,1014,0.3338304170804366,0,0.29896992197744554,0.33431837988177826,1.2536170212765958,1.3577003484320556,1.2689785867158194,0.33431837988177826,47.33499,48.602158
47.33278950195313,1.0,5.080366993006994,52.41315649496012,True,8349,9362,1014,0.3338304170804366,1,0.26303768080047557,0.3205883891389508,1.2293995290423863,1.5254661487236407,1.3511986161251979,0.3205883891389508,48.607166,49.874333
47.33278950195313,1.0,5.080366993006994,52.41315649496012,True,8349,9362,1014,0.3338304170804366,2,0.25647629098072333,0.2906619934775273,1.3164444444444443,1.50875,1.2002351692183482,0.2906619934775273,49.879342,51.141501
47.33278950195313,1.0,5.080366993006994,52.41315649496012,True,8349,9362,1014,0.3338304170804366,3,0.22311591906311146,0.3281096973158194,1.2821818181818183,1.5009803921568627,1.401655463892473,0.3281096973158194,51.146509,52.408668
47.33278950195313,2.0,10.160733986013987,57.49352348796712,True,8349,10377,2029,0.3338304170804366,0,0.275097994081145,0.34812877982122303,1.2445304200869147,1.460940789473684,1.332076821794526,0.34812877982122303,47.33499,49.874333
47.33278950195313,2.0,10.160733986013987,57.49352348796712,True,8349,10377,2029,0.3338304170804366,1,0.24926118200113967,0.30850609864140477,1.2933333333333334,1.502528735632184,1.2504847280548375,0.30850609864140477,49.879342,52.413676
47.33278950195313,2.0,10.160733986013987,57.49352348796712,True,8349,10377,2029,0.3338304170804366,2,0.23517199625993446,0.2660082262284096,1.2006521739130436,1.6090196078431374,1.5101089409356323,0.2660082262284096,52.418685,54.953019
47.33278950195313,2.0,10.160733986013987,57.49352348796712,True,8349,10377,2029,0.3338304170804366,3,0.2510337878708184,0.2577829947829946,1.2431111111111113,1.5798130841121494,1.3660485982685189,0.2577829947829946,54.958028,57.492362
47.83361116071429,0.25,1.2700917482517484,49.10370290896604,True,8449,8702,254,0.32629655788407186,0,0.31660822851153037,0.3864804522858094,1.3300952380952382,1.4790040210330964,1.2003721356726709,0.3864804522858094,47.835847,48.151387
47.83361116071429,0.25,1.2700917482517484,49.10370290896604,True,8449,8702,254,0.32629655788407186,1,0.2680775162337661,0.2543588935757214,1.2851962962962964,1.407655634357762,1.1044625341360503,0.2680775162337661,48.156395,48.471935
47.83361116071429,0.25,1.2700917482517484,49.10370290896604,True,8449,8702,254,0.32629655788407186,2,0.264690127587085,0.35096036732739244,1.2550980392156863,1.452164948453608,1.472227914186233,0.35096036732739244,48.476943,48.787475
47.83361116071429,0.25,1.2700917482517484,49.10370290896604,True,8449,8702,254,0.32629655788407186,3,0.28252871289844583,0.14509723302177724,1.1308333333333334,1.4631578947368422,1.8073177517377625,0.28252871289844583,48.792483,49.103014
47.83361116071429,0.5,2.540183496503497,50.373794657217786,True,8449,8955,507,0.32629655788407186,0,0.31387727198952403,0.3721457821923848,1.314,1.4481132075471697,1.1378664595663912,0.3721457821923848,47.835847,48.466926
47.83361116071429,0.5,2.540183496503497,50.373794657217786,True,8449,8955,507,0.32629655788407186,1,0.2882405131992827,0.3163426829268292,1.1711627906976745,1.4606315789473685,1.097481374254277,0.3163426829268292,48.471935,49.103014
47.83361116071429,0.5,2.540183496503497,50.373794657217786,True,8449,8955,507,0.32629655788407186,2,0.19315869130869145,0.3119685660843715,1.2307017543859649,1.6255445544554457,1.8571397502720197,0.3119685660843715,49.108023,49.739102
47.83361116071429,0.5,2.540183496503497,50.373794657217786,True,8449,8955,507,0.32629655788407186,3,0.19834829278369215,0.30717338840193475,1.2746901505971957,1.3662063492063492,1.5307884443571391,0.30717338840193475,49.744111,50.370181
47.83361116071429,1.0,5.080366993006994,52.91397815372129,True,8449,9462,1014,0.32629655788407186,0,0.3254841239079611,0.34321807221378886,1.2465188679245283,1.4586902205738825,1.0478586799376208,0.34321807221378886,47.835847,49.103014
47.83361116071429,1.0,5.080366993006994,52.91397815372129,True,8449,9462,1014,0.32629655788407186,1,0.19831793046139978,0.3371774740084712,1.251039805825243,1.4709396099024756,1.8399644068746719,0.3371774740084712,49.108023,50.37519
47.83361116071429,1.0,5.080366993006994,52.91397815372129,True,8449,9462,1014,0.32629655788407186,2,0.2537501962044587,0.2700549831335384,1.3251111111111111,1.5711363636363638,1.0934807739119816,0.2700549831335384,50.380198,51.642357
47.83361116071429,1.0,5.080366993006994,52.91397815372129,True,8449,9462,1014,0.32629655788407186,3,0.21813487499297146,0.31775011649176843,1.1985416666666668,1.5901149425287358,1.5316036646542601,0.31775011649176843,51.647366,52.909524
47.83361116071429,2.0,10.160733986013987,57.99434514672828,True,8449,10477,2029,0.32629655788407186,0,0.27492580919464565,0.3440262293092341,1.2491589799240368,1.4616458060900428,1.3255742648931095,0.3440262293092341,47.835847,50.37519
47.83361116071429,2.0,10.160733986013987,57.99434514672828,True,8449,10477,2029,0.32629655788407186,1,0.2451960030990794,0.28677797990297993,1.2645454545454546,1.5755789473684212,1.1980835991724403,0.28677797990297993,50.380198,52.914533
47.83361116071429,2.0,10.160733986013987,57.99434514672828,True,8449,10477,2029,0.32629655788407186,2,0.249649248931765,0.25799241519350213,1.171058823529412,1.6179381443298968,1.5578437600824309,0.25799241519350213,52.919541,55.453876
47.83361116071429,2.0,10.160733986013987,57.99434514672828,True,8449,10477,2029,0.32629655788407186,3,0.2548771615980918,0.2753634057971014,1.3295555555555556,1.5319148936170215,1.20392395638451,0.2753634057971014,55.458884,57.993219
48.334432819475445,0.25,1.2700917482517484,49.604524567727196,True,8549,8802,254,0.3210450704783022,0,0.2569732843556871,0.3002685664471971,1.2445304200869147,1.302110528360528,1.2563043056210255,0.3002685664471971,48.336704,48.652243
48.334432819475445,0.25,1.2700917482517484,49.604524567727196,True,8549,8802,254,0.3210450704783022,1,0.2742498213885892,0.1694234197523572,1.171006927263731,1.5375561224489795,2.0968400138075776,0.2742498213885892,48.657252,48.972791
48.334432819475445,0.25,1.2700917482517484,49.604524567727196,True,8549,8802,254,0.3210450704783022,2,0.22584872000713585,0.21855481758849704,1.1656521739130434,1.4496296296296296,1.2178991524898022,0.22584872000713585,48.9778,49.288331
48.334432819475445,0.25,1.2700917482517484,49.604524567727196,True,8549,8802,254,0.3210450704783022,3,0.18103338252568357,0.2938841200828156,1.2285714285714286,1.6224719101123597,1.7682574558764594,0.2938841200828156,49.29334,49.603871
48.334432819475445,0.5,2.540183496503497,50.87461631597894,True,8549,9055,507,0.3210450704783022,0,0.28575734522301943,0.3163426829268292,1.2276,1.4582978723404256,1.1208450232987996,0.3163426829268292,48.336704,48.967783
48.334432819475445,0.5,2.540183496503497,50.87461631597894,True,8549,9055,507,0.3210450704783022,1,0.21170777858065304,0.26796628401360534,1.2023076923076923,1.4895454545454547,1.3525794682119445,0.26796628401360534,48.972791,49.603871
48.334432819475445,0.5,2.540183496503497,50.87461631597894,True,8549,9055,507,0.3210450704783022,2,0.189902745391622,0.3647214724724229,1.2667441860465116,1.4253763440860214,2.194749151165573,0.3647214724724229,49.608879,50.239959
48.334432819475445,0.5,2.540183496503497,50.87461631597894,True,8549,9055,507,0.3210450704783022,3,0.25027945371974214,0.1806424133615947,1.3389332096474953,1.6347458599770457,1.6070106849472798,0.25027945371974214,50.244967,50.871038
48.334432819475445,1.0,5.080366993006994,53.41479981248244,True,8549,9562,1014,0.3210450704783022,0,0.2670757072266154,0.3001580998798602,1.2180553067622033,1.4732457322551662,1.1922917583439911,0.3001580998798602,48.336704,49.603871
48.334432819475445,1.0,5.080366993006994,53.41479981248244,True,8549,9562,1014,0.3210450704783022,1,0.24586250090598794,0.3355010026498324,1.2790250555667815,1.5696709549727859,1.4277246300703514,0.3355010026498324,49.608879,50.876047
48.334432819475445,1.0,5.080366993006994,53.41479981248244,True,8549,9562,1014,0.3210450704783022,2,0.24989432751145657,0.3394906011289841,1.2472727272727273,1.5044736842105264,1.2843704222794976,0.3394906011289841,50.881055,52.143214
48.334432819475445,1.0,5.080366993006994,53.41479981248244,True,8549,9562,1014,0.3210450704783022,3,0.2025508708604875,0.2975257997321826,1.2726666666666666,1.596122448979592,1.4265471301251729,0.2975257997321826,52.148222,53.410381
48.334432819475445,2.0,10.160733986013987,58.49516680548943,True,8549,10577,2029,0.3210450704783022,0,0.25616836443531343,0.3306557648073606,1.2453124459061797,1.509186320754717,1.309145344958962,0.3306557648073606,48.336704,50.876047
48.334432819475445,2.0,10.160733986013987,58.49516680548943,True,8549,10577,2029,0.3210450704783022,1,0.23563866982535042,0.3167662584962332,1.2680434782608696,1.55325,1.318810228952002,0.3167662584962332,50.881055,53.415389
48.334432819475445,2.0,10.160733986013987,58.49516680548943,True,8549,10577,2029,0.3210450704783022,2,0.2490901125229965,0.2443605672268907,1.168842105263158,1.615151515151515,1.6181220391728397,0.2490901125229965,53.420398,55.954732
48.334432819475445,2.0,10.160733986013987,58.49516680548943,True,8549,10577,2029,0.3210450704783022,3,0.24118214378415204,0.27960677924650834,1.3327083333333334,1.5319148936170215,1.2897820015418642,0.27960677924650834,55.959741,58.494075
48.83525447823661,0.25,1.2700917482517484,50.10534622648836,True,8649,8902,254,0.31316645021645007,0,0.28541888390616554,0.20878031286894927,1.1392,1.4594091945288754,1.4991874583891078,0.28541888390616554,48.83756,49.1531
48.83525447823661,0.25,1.2700917482517484,50.10534622648836,True,8649,8902,254,0.31316645021645007,1,0.19951016510137154,0.2598772579081857,1.2579673215327758,1.4525826719576718,1.3657372332941127,0.2598772579081857,49.158108,49.473648
48.83525447823661,0.25,1.2700917482517484,50.10534622648836,True,8649,8902,254,0.31316645021645007,2,0.1172029891680666,0.13340706221283416,1.2187234042553192,1.7553999999999998,1.565868066957606,0.13340706221283416,49.478657,49.789188
48.83525447823661,0.25,1.2700917482517484,50.10534622648836,True,8649,8902,254,0.31316645021645007,3,0.18925946927656134,0.18982719114912205,1.256279069767442,1.2288888888888887,1.1468850068708076,0.18982719114912205,49.794196,50.104727
48.83525447823661,0.5,2.540183496503497,51.3754379747401,True,8649,9155,507,0.31316645021645007,0,0.2699303571428571,0.23475737833594978,1.1754545454545455,1.457872340425532,1.1076525792746792,0.2699303571428571,48.83756,49.468639
48.83525447823661,0.5,2.540183496503497,51.3754379747401,True,8649,9155,507,0.31316645021645007,1,0.15220077851791602,0.35162525368248776,1.227457627118644,1.5354347826086956,2.508682581437894,0.35162525368248776,49.473648,50.104727
48.83525447823661,0.5,2.540183496503497,51.3754379747401,True,8649,9155,507,0.31316645021645007,2,0.21431719918054581,0.28174119590873337,1.3718072289156626,1.606346153846154,1.315285396184391,0.28174119590873337,50.109736,50.740815
48.83525447823661,0.5,2.540183496503497,51.3754379747401,True,8649,9155,507,0.31316645021645007,3,0.2545431873030435,0.27347882874079876,1.2837909090909092,1.5893990384615384,1.0802819747102035,0.27347882874079876,50.745824,51.371895
48.83525447823661,1.0,5.080366993006994,53.9156214712436,True,8649,9662,1014,0.31316645021645007,0,0.23945933675299497,0.331679683765398,1.2109952380952382,1.4666255813953488,1.554049817229075,0.331679683765398,48.83756,50.104727
48.83525447823661,1.0,5.080366993006994,53.9156214712436,True,8649,9662,1014,0.31316645021645007,1,0.2530400206536815,0.28250807976816894,1.3438331854480925,1.5974094626168225,1.078182389497473,0.28250807976816894,50.109736,51.376903
48.83525447823661,1.0,5.080366993006994,53.9156214712436,True,8649,9662,1014,0.31316645021645007,2,0.21813487499297146,0.3287999534861319,1.1985416666666668,1.52,1.539014470821901,0.3287999534861319,51.381912,52.64407
48.83525447823661,1.0,5.080366993006994,53.9156214712436,True,8649,9662,1014,0.31316645021645007,3,0.218934540165585,0.29877470862470845,1.3275247524752476,1.528913043478261,1.3116169228300048,0.29877470862470845,52.649079,53.911237
48.83525447823661,2.0,10.160733986013987,58.995988464250594,True,8649,10677,2029,0.31316645021645007,0,0.24896384608743172,0.3161575612035421,1.2647220267417312,1.5358423913043477,1.2557875568349273,0.3161575612035421,48.83756,51.376903
48.83525447823661,2.0,10.160733986013987,58.995988464250594,True,8649,10677,2029,0.31316645021645007,1,0.2272949384799483,0.30808387452186725,1.2691836734693878,1.521818181818182,1.385130790173804,0.30808387452186725,51.381912,53.916246
48.83525447823661,2.0,10.160733986013987,58.995988464250594,True,8649,10677,2029,0.31316645021645007,2,0.2538040091036413,0.2264463322461714,1.164,1.63552,1.6189616336374872,0.2538040091036413,53.921255,56.455589
48.83525447823661,2.0,10.160733986013987,58.995988464250594,True,8649,10677,2029,0.31316645021645007,3,0.23526636455801553,0.2707857142857143,1.3404301075268816,1.468888888888889,1.1691117138656,0.2707857142857143,56.460598,58.994932
49.33607613699777,0.25,1.2700917482517484,50.60616788524952,True,8749,9002,254,0.3106949312291083,0,0.14993592723075722,0.2903020864268896,1.2316756635177686,1.6412350094677046,1.828554691234528,0.2903020864268896,49.338417,49.653956
49.33607613699777,0.25,1.2700917482517484,50.60616788524952,True,8749,9002,254,0.3106949312291083,1,0.13496965148378182,0.3578836691561431,1.248841289269686,1.3080841307814992,3.3016771511900616,0.3578836691561431,49.658965,49.974505
49.33607613699777,0.25,1.2700917482517484,50.60616788524952,True,8749,9002,254,0.3106949312291083,2,0.24529222538785556,0.2890983221314217,1.3152808988764044,1.4242222222222225,1.1759761414272851,0.2890983221314217,49.979513,50.290044
49.33607613699777,0.25,1.2700917482517484,50.60616788524952,True,8749,9002,254,0.3106949312291083,3,0.17979946173485495,0.15293440834527805,1.4278260869565218,1.633214285714286,1.1406606828100747,0.17979946173485495,50.295053,50.605584
49.33607613699777,0.5,2.540183496503497,51.87625963350126,True,8749,9255,507,0.3106949312291083,0,0.15247020219831886,0.3501067336918401,1.2362637362637363,1.6255445544554457,2.746251541367037,0.3501067336918401,49.338417,49.969496
49.33607613699777,0.5,2.540183496503497,51.87625963350126,True,8749,9255,507,0.3106949312291083,1,0.24096896158716752,0.2791945988183725,1.3570642201834864,1.5024719101123594,1.3989172861170331,0.2791945988183725,49.974505,50.605584
49.33607613699777,0.5,2.540183496503497,51.87625963350126,True,8749,9255,507,0.3106949312291083,2,0.25950150566309105,0.280321321997166,1.207,1.63,1.039159638463711,0.280321321997166,50.610593,51.241672
49.33607613699777,0.5,2.540183496503497,51.87625963350126,True,8749,9255,507,0.3106949312291083,3,0.20289260991281766,0.27174419841528274,1.1892219679633866,1.4799180327868853,1.336320813468816,0.27174419841528274,51.24668,51.872751
49.33607613699777,1.0,5.080366993006994,54.416443130004765,True,8749,9762,1014,0.3106949312291083,0,0.21709511751135457,0.3368069152276295,1.2873932253313698,1.536222064201544,1.646710821537345,0.3368069152276295,49.338417,50.605584
49.33607613699777,1.0,5.080366993006994,54.416443130004765,True,8749,9762,1014,0.3106949312291083,1,0.23974429347826087,0.27455917576332856,1.194809329877823,1.5479259094942326,1.1292757589769447,0.27455917576332856,50.610593,51.87776
49.33607613699777,1.0,5.080366993006994,54.416443130004765,True,8749,9762,1014,0.3106949312291083,2,0.23321815319952122,0.3337703321237102,1.2645454545454546,1.602947368421053,1.4772910576874643,0.3337703321237102,51.882768,53.144927
49.33607613699777,1.0,5.080366993006994,54.416443130004765,True,8749,9762,1014,0.3106949312291083,3,0.2500846088315969,0.22515307204180646,1.3555813953488371,1.5023255813953489,1.388358069328583,0.2500846088315969,53.149935,54.412094
49.33607613699777,2.0,10.160733986013987,59.496810123011755,True,8749,10777,2029,0.3106949312291083,0,0.23860539904017053,0.31935103946441146,1.2702361937128295,1.5413441734417344,1.347607441414774,0.31935103946441146,49.338417,51.87776
49.33607613699777,2.0,10.160733986013987,59.496810123011755,True,8749,10777,2029,0.3106949312291083,1,0.24749293108547765,0.3067992810173219,1.312608695652174,1.5414285714285714,1.3489671598617858,0.3067992810173219,51.882768,54.417103
49.33607613699777,2.0,10.160733986013987,59.496810123011755,True,8749,10777,2029,0.3106949312291083,2,0.2516992922168867,0.2455603709582561,1.168842105263158,1.632,1.568645244465631,0.2516992922168867,54.422111,56.956446
49.33607613699777,2.0,10.160733986013987,59.496810123011755,True,8749,10777,2029,0.3106949312291083,3,0.22652080345792003,0.280338449948206,1.321978021978022,1.464375,1.2340652840005149,0.280338449948206,56.961454,59.495788
49.83689779575893,0.25,1.2700917482517484,51.10698954401068,True,8849,9102,254,0.29615973181178856,0,0.2193736307790497,0.22168943345979852,1.249909645909646,1.1884393939393938,1.0897497251725488,0.22168943345979852,49.839273,50.154813
49.83689779575893,0.25,1.2700917482517484,51.10698954401068,True,8849,9102,254,0.29615973181178856,1,0.16376602424930697,0.20979002805540403,1.3508438634713147,1.6021450395398995,1.384542685290575,0.20979002805540403,50.159822,50.475361
49.83689779575893,0.25,1.2700917482517484,51.10698954401068,True,8849,9102,254,0.29615973181178856,2,0.27155337760795684,0.1451625756489886,1.446095238095238,1.6384,2.4991446311306342,0.27155337760795684,50.48037,50.790901
49.83689779575893,0.25,1.2700917482517484,51.10698954401068,True,8849,9102,254,0.29615973181178856,3,0.27186136502901337,0.26474721482369945,1.143061224489796,1.4378,1.0765500830373886,0.27186136502901337,50.795909,51.106441
49.83689779575893,0.5,2.540183496503497,52.377081292262424,True,8849,9355,507,0.29615973181178856,0,0.19781632513943403,0.2853680947261874,1.3164444444444443,1.4063736263736264,1.6808611659286512,0.2853680947261874,49.839273,50.470353
49.83689779575893,0.5,2.540183496503497,52.377081292262424,True,8849,9355,507,0.29615973181178856,1,0.27405133459382214,0.2820041176960908,1.207,1.5695744680851065,1.1641826140042884,0.2820041176960908,50.475361,51.106441
49.83689779575893,0.5,2.540183496503497,52.377081292262424,True,8849,9355,507,0.29615973181178856,2,0.19621802858035164,0.24671066871724756,1.3158,1.5188118811881188,1.3025850362657667,0.24671066871724756,51.111449,51.742528
49.83689779575893,0.5,2.540183496503497,52.377081292262424,True,8849,9355,507,0.29615973181178856,3,0.2611675668606781,0.3429126139251948,1.266620553359684,1.497588855767026,1.5546204042299046,0.3429126139251948,51.747537,52.373608
49.83689779575893,1.0,5.080366993006994,54.91726478876592,True,8849,9862,1014,0.29615973181178856,0,0.25644402644518727,0.29353633699633697,1.3123752228163994,1.4972648160387751,1.2253919881104052,0.29353633699633697,49.839273,51.106441
49.83689779575893,1.0,5.080366993006994,54.91726478876592,True,8849,9862,1014,0.29615973181178856,1,0.22105590632992334,0.32485821528611447,1.284654901960784,1.5034405458089668,1.3883057577088542,0.32485821528611447,51.111449,52.378616
49.83689779575893,1.0,5.080366993006994,54.91726478876592,True,8849,9862,1014,0.29615973181178856,2,0.21019049791610145,0.2956467431322569,1.2424074074074074,1.5985416666666663,1.25825125719771,0.2956467431322569,52.383625,53.645783
49.83689779575893,1.0,5.080366993006994,54.91726478876592,True,8849,9862,1014,0.29615973181178856,3,0.24559209344115007,0.23366733616523527,1.1847169811320757,1.6246938775510205,2.213474758826669,0.24559209344115007,53.650792,54.912951
49.83689779575893,2.0,10.160733986013987,59.99763178177292,True,8849,10877,2029,0.29615973181178856,0,0.24920344017914553,0.31687077680869735,1.294137931034483,1.5017139077853363,1.2783537884992637,0.31687077680869735,49.839273,52.378616
49.83689779575893,2.0,10.160733986013987,59.99763178177292,True,8849,10877,2029,0.29615973181178856,1,0.23517199625993446,0.2660731509534079,1.214392523364486,1.6046728971962616,1.4881262941338862,0.2660731509534079,52.383625,54.917959
49.83689779575893,2.0,10.160733986013987,59.99763178177292,True,8849,10877,2029,0.29615973181178856,2,0.2501097211729115,0.26254877862462134,1.2336538461538462,1.585686274509804,1.3973955340480024,0.26254877862462134,54.922968,57.457302
49.83689779575893,2.0,10.160733986013987,59.99763178177292,True,8849,10877,2029,0.29615973181178856,3,0.23294914361001307,0.28982379527219104,1.319111111111111,1.4531764705882353,1.2847469256769373,0.28982379527219104,57.462311,59.996645
50.33771945452009,0.25,1.2700917482517484,51.60781120277184,True,8949,9202,254,0.27232013102362074,0,0.11711313498596176,0.1324935221136253,1.4504662698412698,1.6347458599770457,2.106255563872151,0.1324935221136253,50.34013,50.65567
50.33771945452009,0.25,1.2700917482517484,51.60781120277184,True,8949,9202,254,0.27232013102362074,1,0.27754633442463517,0.22292103662103668,1.1461050803300044,1.6312702127659575,1.9000354252684553,0.27754633442463517,50.660678,50.976218
50.33771945452009,0.25,1.2700917482517484,51.60781120277184,True,8949,9202,254,0.27232013102362074,2,0.20718393383514044,0.2984091801239832,1.3453097345132743,1.6369491525423727,2.2075996762926913,0.2984091801239832,50.981226,51.291757
50.33771945452009,0.25,1.2700917482517484,51.60781120277184,True,8949,9202,254,0.27232013102362074,3,0.2165909495949594,0.20772307985515537,1.201875,1.4538636363636364,1.4137746201696848,0.2165909495949594,51.296766,51.607297
50.33771945452009,0.5,2.540183496503497,52.877902951023586,True,8949,9455,507,0.27232013102362074,0,0.26530434035013395,0.19011276305199099,1.363838383838384,1.6345794392523365,1.7924792609670637,0.26530434035013395,50.34013,50.971209
50.33771945452009,0.5,2.540183496503497,52.877902951023586,True,8949,9455,507,0.27232013102362074,1,0.20843132863314817,0.27624809350420065,1.2967924528301888,1.5002000000000002,1.450332916228455,0.27624809350420065,50.976218,51.607297
50.33771945452009,0.5,2.540183496503497,52.877902951023586,True,8949,9455,507,0.27232013102362074,2,0.2485268377812726,0.34908085245224363,1.1985416666666668,1.52,1.5009109267301437,0.34908085245224363,51.612306,52.243385
50.33771945452009,0.5,2.540183496503497,52.877902951023586,True,8949,9455,507,0.27232013102362074,3,0.18352914357615235,0.26336200788194286,1.193564532520325,1.6089184060721062,1.8400908081422729,0.26336200788194286,52.248394,52.874464
50.33771945452009,1.0,5.080366993006994,55.41808644752709,True,8949,9962,1014,0.27232013102362074,0,0.25366738735157823,0.25329295780384486,1.3367708333333335,1.5764185544768068,1.0570071404995471,0.25366738735157823,50.34013,51.607297
50.33771945452009,1.0,5.080366993006994,55.41808644752709,True,8949,9962,1014,0.27232013102362074,1,0.216966267713807,0.32843227892724525,1.1943261054421768,1.5741113127646704,1.5383347838750332,0.32843227892724525,51.612306,52.879473
50.33771945452009,1.0,5.080366993006994,55.41808644752709,True,8949,9962,1014,0.27232013102362074,2,0.23991543433070073,0.30247855184143824,1.3785,1.4564948453608246,1.2367304698980917,0.30247855184143824,52.884481,54.14664
50.33771945452009,1.0,5.080366993006994,55.41808644752709,True,8949,9962,1014,0.27232013102362074,3,0.18676140976593392,0.1065374244113374,1.1393333333333333,1.652127659574468,1.7465436678631079,0.18676140976593392,54.151649,55.413807
50.33771945452009,2.0,10.160733986013987,60.49845344053408,True,8949,10977,2029,0.27232013102362074,0,0.2450809247106006,0.2803087198276738,1.2750925925925927,1.5755672514619883,1.1872481868362552,0.2803087198276738,50.34013,52.879473
50.33771945452009,2.0,10.160733986013987,60.49845344053408,True,8949,10977,2029,0.27232013102362074,1,0.249649248931765,0.26161908743430484,1.17175,1.6143478260869566,1.5513341491728756,0.26161908743430484,52.884481,55.418816
50.33771945452009,2.0,10.160733986013987,60.49845344053408,True,8949,10977,2029,0.27232013102362074,2,0.2548771615980918,0.2753634057971014,1.3268131868131867,1.5319148936170215,1.2146113924987472,0.2753634057971014,55.423824,57.958159
50.33771945452009,2.0,10.160733986013987,60.49845344053408,True,8949,10977,2029,0.27232013102362074,3,0.2092927854068456,0.2874679512516469,1.3089320388349517,1.4636893203883494,1.3755610978348851,0.2874679512516469,57.963167,60.497502
50.83854111328125,0.25,1.2700917482517484,52.108632861533,True,9049,9302,254,0.27487002908770886,0,0.27158825754662663,0.25815494296657027,1.3141500000000002,1.4415724137931036,1.1802648956168178,0.27158825754662663,50.840987,51.156526
50.83854111328125,0.25,1.2700917482517484,52.108632861533,True,9049,9302,254,0.27487002908770886,1,0.22768757140448315,0.2518998420793145,1.3382566037735848,1.6326083333333332,1.1796668114636324,0.2518998420793145,51.161535,51.477074
50.83854111328125,0.25,1.2700917482517484,52.108632861533,True,9049,9302,254,0.27487002908770886,2,0.18091814806193818,0.23607981235992714,1.1985416666666668,1.4220689655172414,1.2911732705776462,0.23607981235992714,51.482083,51.792614
50.83854111328125,0.25,1.2700917482517484,52.108632861533,True,9049,9302,254,0.27487002908770886,3,0.23334863759680358,0.3067352508361204,1.131,1.665192307692308,1.6593327963343543,0.3067352508361204,51.797623,52.108154
50.83854111328125,0.5,2.540183496503497,53.37872460978475,True,9049,9555,507,0.27487002908770886,0,0.2583971134020616,0.27413532474597346,1.3281632653061226,1.508108108108108,1.1883852136655089,0.27413532474597346,50.840987,51.472066
50.83854111328125,0.5,2.540183496503497,53.37872460978475,True,9049,9555,507,0.27487002908770886,1,0.245990561963916,0.35151199788338905,1.1621176470588237,1.5188118811881188,1.521792442898098,0.35151199788338905,51.477074,52.108154
50.83854111328125,0.5,2.540183496503497,53.37872460978475,True,9049,9555,507,0.27487002908770886,2,0.18219696584509826,0.25561972718511383,1.193170731707317,1.593913043478261,2.004667486089796,0.25561972718511383,52.113162,52.744242
50.83854111328125,0.5,2.540183496503497,53.37872460978475,True,9049,9555,507,0.27487002908770886,3,0.21045908671377356,0.31673473876704783,1.3334861111111111,1.5979917635658913,1.4090784851794778,0.31673473876704783,52.74925,53.375321
50.83854111328125,1.0,5.080366993006994,55.91890810628824,True,9049,10062,1014,0.27487002908770886,0,0.24971298031413836,0.33906749988206997,1.2119090909090908,1.5146583850931674,1.2523565135643993,0.33906749988206997,50.840987,52.108154
50.83854111328125,1.0,5.080366993006994,55.91890810628824,True,9049,10062,1014,0.27487002908770886,1,0.20070298978466095,0.2971455196399345,1.278573841698842,1.5967821547223542,1.4613692058572667,0.2971455196399345,52.113162,53.380329
50.83854111328125,1.0,5.080366993006994,55.91890810628824,True,9049,10062,1014,0.27487002908770886,2,0.2536854670305033,0.237583745076978,1.3178048780487803,1.5356410256410258,1.6906554422367,0.2536854670305033,53.385338,54.647497
50.83854111328125,1.0,5.080366993006994,55.91890810628824,True,9049,10062,1014,0.27487002908770886,3,0.22701883116883115,0.23989767478897916,1.1509433962264153,1.6385106382978722,1.2081095246921438,0.23989767478897916,54.652505,55.914664
50.83854111328125,2.0,10.160733986013987,60.99927509929524,True,9049,11077,2029,0.27487002908770886,0,0.2363362298167927,0.3166206103512179,1.2603084415584416,1.5540059523809524,1.309152886108785,0.3166206103512179,50.840987,53.380329
50.83854111328125,2.0,10.160733986013987,60.99927509929524,True,9049,11077,2029,0.27487002908770886,1,0.24430703636380324,0.2443605672268907,1.1698823529411764,1.6143478260869566,1.6006572499037464,0.2443605672268907,53.385338,55.919672
50.83854111328125,2.0,10.160733986013987,60.99927509929524,True,9049,11077,2029,0.27487002908770886,2,0.25099788158587943,0.27960677924650834,1.328490566037736,1.5421276595744682,1.2803307610897692,0.27960677924650834,55.924681,58.459015
50.83854111328125,2.0,10.160733986013987,60.99927509929524,True,9049,11077,2029,0.27487002908770886,3,0.2076771493212668,0.27095115283267457,1.3045360824742267,1.4079545454545457,1.2484957990687968,0.27095115283267457,58.464024,60.998358
51.33936277204241,0.25,1.2700917482517484,52.609454520294165,True,9149,9402,254,0.26977753441802266,0,0.1812770620842572,0.23160490710245185,1.1745106382978725,1.4353636363636366,1.3359902154405523,0.23160490710245185,51.341843,51.657383
51.33936277204241,0.25,1.2700917482517484,52.609454520294165,True,9149,9402,254,0.26977753441802266,1,0.2558380406306379,0.30023102233346166,1.124487210136266,1.5240284106137767,1.3344005603793003,0.30023102233346166,51.662391,51.977931
51.33936277204241,0.25,1.2700917482517484,52.609454520294165,True,9149,9402,254,0.26977753441802266,2,0.17084224204579235,0.3447552771896809,1.312608695652174,1.5446666666666666,2.1726580002726377,0.3447552771896809,51.98294,52.293471
51.33936277204241,0.25,1.2700917482517484,52.609454520294165,True,9149,9402,254,0.26977753441802266,3,0.18994868786015584,0.2785337048192772,1.1939583333333332,1.6046728971962616,1.9012627153757393,0.2785337048192772,52.298479,52.60901
51.33936277204241,0.5,2.540183496503497,53.87954626854591,True,9149,9655,507,0.26977753441802266,0,0.24717635431364282,0.30690203395703375,1.1477272727272727,1.487872340425532,1.4732407114343242,0.30690203395703375,51.341843,51.972922
51.33936277204241,0.5,2.540183496503497,53.87954626854591,True,9149,9655,507,0.26977753441802266,1,0.1842151372398363,0.3430803044503088,1.2848,1.5688636363636363,1.8722101536460354,0.3430803044503088,51.977931,52.60901
51.33936277204241,0.5,2.540183496503497,53.87954626854591,True,9149,9655,507,0.26977753441802266,2,0.20571284612113638,0.31488879585627005,1.2766071428571433,1.6041758241758242,1.343200812620965,0.31488879585627005,52.614019,53.245098
51.33936277204241,0.5,2.540183496503497,53.87954626854591,True,9149,9655,507,0.26977753441802266,3,0.23598616908051262,0.2180219845013478,1.3302083333333337,1.4547120691450588,1.1420706542667003,0.23598616908051262,53.250107,53.876177
51.33936277204241,1.0,5.080366993006994,56.41972976504941,True,9149,10162,1014,0.26977753441802266,0,0.21939517846651013,0.32843227892724525,1.1966177721088436,1.5044840331164993,1.504510702274628,0.32843227892724525,51.341843,52.60901
51.33936277204241,1.0,5.080366993006994,56.41972976504941,True,9149,10162,1014,0.26977753441802266,1,0.21822588013724165,0.2968485859728507,1.302915368017262,1.5376676829268292,1.2820949320458404,0.2968485859728507,52.614019,53.881186
51.33936277204241,1.0,5.080366993006994,56.41972976504941,True,9149,10162,1014,0.26977753441802266,2,0.24625564849091452,0.24034176673567964,1.1597802197802198,1.6461702127659574,2.466198212666988,0.24625564849091452,53.886195,55.148353
51.33936277204241,1.0,5.080366993006994,56.41972976504941,True,9149,10162,1014,0.26977753441802266,3,0.24623296442288256,0.2443873110785243,1.17175,1.6292,1.140614159126605,0.24623296442288256,55.153362,56.41552
51.33936277204241,2.0,10.160733986013987,61.5000967580564,True,9149,11177,2029,0.26977753441802266,0,0.2285158591724089,0.3078254435612533,1.2531955484896662,1.5252554661833013,1.3537391526958265,0.3078254435612533,51.341843,53.881186
51.33936277204241,2.0,10.160733986013987,61.5000967580564,True,9149,11177,2029,0.26977753441802266,1,0.2538040091036413,0.24305451620843554,1.164,1.63552,1.6103775343430118,0.2538040091036413,53.886195,56.420529
51.33936277204241,2.0,10.160733986013987,61.5000967580564,True,9149,11177,2029,0.26977753441802266,2,0.23526636455801553,0.269593023255814,1.3412903225806452,1.4624074074074074,1.1621260935956745,0.269593023255814,56.425538,58.959872
51.33936277204241,2.0,10.160733986013987,61.5000967580564,True,9149,11177,2029,0.26977753441802266,3,0.21505668452716842,0.27383453517143863,1.3112727272727274,1.4082222222222225,1.1956233807630336,0.27383453517143863,58.96488,61.499215
51.84018443080357,0.25,1.2700917482517484,53.11027617905532,True,9249,9502,254,0.26977753441802266,0,0.2519794657097289,0.3392942926465098,1.1631590909090908,1.663880557515879,1.3953335106622342,0.3392942926465098,51.8427,52.158239
51.84018443080357,0.25,1.2700917482517484,53.11027617905532,True,9249,9502,254,0.26977753441802266,1,0.17125085811533758,0.24895850973787625,1.3402513227513229,1.3939972826086957,1.4708266881372354,0.24895850973787625,52.163248,52.478788
51.84018443080357,0.25,1.2700917482517484,53.11027617905532,True,9249,9502,254,0.26977753441802266,2,0.13334519179496784,0.18188122110632865,1.1566265060240963,1.6639175257731955,2.007222345744535,0.18188122110632865,52.483796,52.794327
51.84018443080357,0.25,1.2700917482517484,53.11027617905532,True,9249,9502,254,0.26977753441802266,3,0.20745206283165984,0.31863591391085544,1.3785,1.6078846153846156,1.5250206786326133,0.31863591391085544,52.799336,53.109867
51.84018443080357,0.5,2.540183496503497,54.38036792730706,True,9249,9755,507,0.26977753441802266,0,0.2631689496450754,0.3430803044503088,1.2825454545454544,1.5214634146341464,1.496089915273575,0.3430803044503088,51.8427,52.473779
51.84018443080357,0.5,2.540183496503497,54.38036792730706,True,9249,9755,507,0.26977753441802266,1,0.20529829049269077,0.2974718630836467,1.2054761904761906,1.656842105263158,1.2898217004252341,0.2974718630836467,52.478788,53.109867
51.84018443080357,0.5,2.540183496503497,54.38036792730706,True,9249,9755,507,0.26977753441802266,2,0.2062588312902902,0.22215629929120495,1.247843137254902,1.4808510638297872,1.106162832492753,0.22215629929120495,53.114875,53.745955
51.84018443080357,0.5,2.540183496503497,54.38036792730706,True,9249,9755,507,0.26977753441802266,3,0.24345484061393152,0.2374080142366225,1.4970992822966507,1.4725021258503403,1.7134247348343894,0.24345484061393152,53.750963,54.377034
51.84018443080357,1.0,5.080366993006994,56.920551423810565,True,9249,10262,1014,0.26977753441802266,0,0.23471185197563882,0.3281575764651937,1.2531955484896662,1.6094098039215687,1.425885293283539,0.3281575764651937,51.8427,53.109867
51.84018443080357,1.0,5.080366993006994,56.920551423810565,True,9249,10262,1014,0.26977753441802266,1,0.24781487059348506,0.22654693272566262,1.3546906976744184,1.4794,1.2879275485859978,0.24781487059348506,53.114875,54.382043
51.84018443080357,1.0,5.080366993006994,56.920551423810565,True,9249,10262,1014,0.26977753441802266,2,0.20732415606344823,0.10123286016309296,1.1423157894736842,1.6561702127659574,2.0084951808564613,0.20732415606344823,54.387051,55.64921
51.84018443080357,1.0,5.080366993006994,56.920551423810565,True,9249,10262,1014,0.26977753441802266,3,0.26825524118738386,0.27164350917346414,1.3016071428571427,1.5629166666666665,1.4252790060137044,0.27164350917346414,55.654218,56.916377
51.84018443080357,2.0,10.160733986013987,62.000918416817555,True,9249,11277,2029,0.26977753441802266,0,0.2499897930893067,0.30699804258458474,1.3119647251845774,1.539263888888889,1.3473850221786634,0.30699804258458474,51.8427,54.382043
51.84018443080357,2.0,10.160733986013987,62.000918416817555,True,9249,11277,2029,0.26977753441802266,1,0.25355317068406524,0.24470348772476758,1.1661904761904762,1.6327450980392155,1.5540221351054444,0.25355317068406524,54.387051,56.921386
51.84018443080357,2.0,10.160733986013987,62.000918416817555,True,9249,11277,2029,0.26977753441802266,2,0.2242504904904904,0.27318878333942276,1.3247619047619048,1.464375,1.2231467589917593,0.27318878333942276,56.926394,59.460728
51.84018443080357,2.0,10.160733986013987,62.000918416817555,True,9249,11277,2029,0.26977753441802266,3,0.2363410479250856,0.2657467741935483,1.293421052631579,1.4291489361702128,1.174411269653101,0.2657467741935483,59.465737,62.000071
52.34100608956473,0.25,1.2700917482517484,53.61109783781648,True,9349,9602,254,0.25842334800452016,0,0.16921591698618454,0.25364633358662614,1.1666298552932217,1.6312315619317035,1.6725186563893897,0.25364633358662614,52.343556,52.659096
52.34100608956473,0.25,1.2700917482517484,53.61109783781648,True,9349,9602,254,0.25842334800452016,1,0.20105954394726167,0.2954848907766989,1.2904524886877828,1.661885401306088,1.3820250376841503,0.2954848907766989,52.664105,52.979644
52.34100608956473,0.25,1.2700917482517484,53.61109783781648,True,9349,9602,254,0.25842334800452016,2,0.2127740397478569,0.34365934904559403,1.2895833333333335,1.5974418604651164,1.3099667932652843,0.34365934904559403,52.984653,53.295184
52.34100608956473,0.25,1.2700917482517484,53.61109783781648,True,9349,9602,254,0.25842334800452016,3,0.24188737288135598,0.2056382379720143,1.2585585585585586,1.4675,1.255198322618497,0.24188737288135598,53.300192,53.610723
52.34100608956473,0.5,2.540183496503497,54.881189586068224,True,9349,9855,507,0.25842334800452016,0,0.18540437655405884,0.28239400882136734,1.1881395348837207,1.637872340425532,1.4089226822913912,0.28239400882136734,52.343556,52.974636
52.34100608956473,0.5,2.540183496503497,54.881189586068224,True,9349,9855,507,0.25842334800452016,1,0.22416892177589853,0.28134714795008875,1.288205128205128,1.528913043478261,1.1857085840012906,0.28134714795008875,52.979644,53.610723
52.34100608956473,0.5,2.540183496503497,54.881189586068224,True,9349,9855,507,0.25842334800452016,2,0.217465301642511,0.2321329550680823,1.498409090909091,1.4052631578947368,1.338598157028807,0.2321329550680823,53.615732,54.246811
52.34100608956473,0.5,2.540183496503497,54.881189586068224,True,9349,9855,507,0.25842334800452016,3,0.07060328197745647,0.08116378205128194,1.1391954720032342,1.658039639951532,1.4379927301299018,0.08116378205128194,54.25182,54.877891
52.34100608956473,1.0,5.080366993006994,57.42137308257172,True,9349,10362,1014,0.25842334800452016,0,0.2082506641551023,0.2971455196399345,1.2374560513860717,1.5950177462289266,1.3014252524742065,0.2971455196399345,52.343556,53.610723
52.34100608956473,1.0,5.080366993006994,57.42137308257172,True,9349,10362,1014,0.25842334800452016,1,0.24533951033243495,0.23352068327330933,1.194760190304745,1.6228198529411766,2.18434765625763,0.24533951033243495,53.615732,54.882899
52.34100608956473,1.0,5.080366993006994,57.42137308257172,True,9349,10362,1014,0.25842334800452016,2,0.2455279287722587,0.24106231977740944,1.153207547169811,1.6307142857142858,1.1758048008986326,0.2455279287722587,54.887908,56.150066
52.34100608956473,1.0,5.080366993006994,57.42137308257172,True,9349,10362,1014,0.25842334800452016,3,0.2242309534645579,0.26857563685133357,1.3565909090909092,1.5069230769230768,1.3799117370852954,0.26857563685133357,56.155075,57.417234
52.34100608956473,2.0,10.160733986013987,62.50174007557872,True,9349,11377,2029,0.25842334800452016,0,0.23508724704468031,0.2668520807259074,1.224030612244898,1.6013000000000002,1.4652646295146516,0.2668520807259074,52.343556,54.882899
52.34100608956473,2.0,10.160733986013987,62.50174007557872,True,9349,11377,2029,0.25842334800452016,1,0.2501097211729115,0.26254877862462134,1.221458333333333,1.5946153846153843,1.4042784051019255,0.26254877862462134,54.887908,57.422242
52.34100608956473,2.0,10.160733986013987,62.50174007557872,True,9349,11377,2029,0.25842334800452016,2,0.23294914361001307,0.28982379527219104,1.3213793103448277,1.4449484536082475,1.286512310587138,0.28982379527219104,57.427251,59.961585
52.34100608956473,2.0,10.160733986013987,62.50174007557872,True,9349,11377,2029,0.25842334800452016,3,0.2433858131773724,0.2463416727761486,1.2948,1.4608333333333334,1.1500366174673506,0.2463416727761486,59.966594,62.500928
52.84182774832589,0.25,1.2700917482517484,54.11191949657764,True,9449,9702,254,0.2661927167276191,0,0.21253819290465625,0.3484682584599069,1.3734929078014184,1.5993783602150535,1.585983101320593,0.3484682584599069,52.844413,53.159953
52.84182774832589,0.25,1.2700917482517484,54.11191949657764,True,9449,9702,254,0.2661927167276191,1,0.23700692307692306,0.21040182227682203,1.2504829829829829,1.5401250000000002,1.03063187133882,0.23700692307692306,53.164961,53.480501
52.84182774832589,0.25,1.2700917482517484,54.11191949657764,True,9449,9702,254,0.2661927167276191,2,0.19497992808955433,0.21379382467463193,1.2916279069767442,1.468108108108108,1.114438299237348,0.21379382467463193,53.485509,53.79604
52.84182774832589,0.25,1.2700917482517484,54.11191949657764,True,9449,9702,254,0.2661927167276191,3,0.10948840700092577,0.12962130689674256,1.5274468085106383,1.3091489361702129,2.266916095856603,0.12962130689674256,53.801049,54.11158
52.84182774832589,0.5,2.540183496503497,55.382011244829386,True,9449,9955,507,0.2661927167276191,0,0.22170754323196185,0.3255783219479912,1.3308333333333335,1.580747663551402,1.3222600874052688,0.3255783219479912,52.844413,53.475492
52.84182774832589,0.5,2.540183496503497,55.382011244829386,True,9449,9955,507,0.2661927167276191,1,0.2364528916121892,0.21294973248724636,1.4368,1.3651282051282052,1.3345687957850483,0.2364528916121892,53.480501,54.11158
52.84182774832589,0.5,2.540183496503497,55.382011244829386,True,9449,9955,507,0.2661927167276191,2,0.241884177897574,0.11212881904104355,1.1519148936170214,1.6565454545454543,2.6830077808303563,0.241884177897574,54.116589,54.747668
52.84182774832589,0.5,2.540183496503497,55.382011244829386,True,9449,9955,507,0.2661927167276191,3,0.07967053987215533,0.10739448051948086,1.1329005167958657,1.6465340518229765,1.4637004539238354,0.10739448051948086,54.752677,55.378747
52.84182774832589,1.0,5.080366993006994,57.92219474133289,True,9449,10462,1014,0.2661927167276191,0,0.23607911823735006,0.3020993795341732,1.3734929078014184,1.4543298150039723,1.2650451908378946,0.3020993795341732,52.844413,54.11158
52.84182774832589,1.0,5.080366993006994,57.92219474133289,True,9449,10462,1014,0.2661927167276191,1,0.2452657061758432,0.10886669992196385,1.1425215311004784,1.6509465579710145,2.011305630856423,0.2452657061758432,54.116589,55.383756
52.84182774832589,1.0,5.080366993006994,57.92219474133289,True,9449,10462,1014,0.2661927167276191,2,0.2529945409982173,0.2443873110785243,1.2811764705882354,1.6143478260869566,1.3142331479072726,0.2529945409982173,55.388764,56.650923
52.84182774832589,1.0,5.080366993006994,57.92219474133289,True,9449,10462,1014,0.2661927167276191,3,0.2429603764486271,0.26620077895907157,1.3444897959183677,1.3920408163265308,1.1426974211182588,0.26620077895907157,56.655932,57.91809
52.84182774832589,2.0,10.160733986013987,63.00256173433988,True,9449,11477,2029,0.2661927167276191,0,0.2479120164407591,0.2614402173913043,1.1749511054421768,1.609284090909091,1.5373682220982086,0.2614402173913043,52.844413,55.383756
52.84182774832589,2.0,10.160733986013987,63.00256173433988,True,9449,11477,2029,0.2661927167276191,1,0.2562086123179146,0.2753634057971014,1.325217391304348,1.5319148936170215,1.224233281266978,0.2753634057971014,55.388764,57.923099
52.84182774832589,2.0,10.160733986013987,63.00256173433988,True,9449,11477,2029,0.2661927167276191,2,0.2092927854068456,0.2874679512516469,1.30609756097561,1.471809523809524,1.386005119049828,0.2874679512516469,57.928107,60.462442
52.84182774832589,2.0,10.160733986013987,63.00256173433988,True,9449,11477,2029,0.2661927167276191,3,0.2512462339341771,0.23687358258843783,1.3089320388349517,1.4151282051282053,1.1224255521213968,0.2512462339341771,60.46745,63.001785
53.34264940708705,0.25,1.2700917482517484,54.6127411553388,True,9549,9802,254,0.26223463200337416,0,0.2269339136314461,0.2020965271746995,1.2508480014668133,1.414206943498979,1.1264023213440228,0.2269339136314461,53.34527,53.660809
53.34264940708705,0.25,1.2700917482517484,54.6127411553388,True,9549,9802,254,0.26223463200337416,1,0.20718569371757667,0.23194193766937676,1.4331,1.3027361111111113,1.6221891986025372,0.23194193766937676,53.665818,53.981357
53.34264940708705,0.25,1.2700917482517484,54.6127411553388,True,9549,9802,254,0.26223463200337416,2,0.2174082130216689,0.2154932651736451,1.525625,1.5307865168539323,2.22246898207398,0.2174082130216689,53.986366,54.296897
53.34264940708705,0.25,1.2700917482517484,54.6127411553388,True,9549,9802,254,0.26223463200337416,3,0.0706895252255948,0.09476166666666663,1.1306122448979592,1.6565454545454543,1.656352681981809,0.09476166666666663,54.301906,54.612437
53.34264940708705,0.5,2.540183496503497,55.88283290359055,True,9549,10055,507,0.26223463200337416,0,0.23369766214177967,0.2164890972487249,1.3579245283018866,1.3715909090909093,1.285241510717694,0.23369766214177967,53.34527,53.976349
53.34264940708705,0.5,2.540183496503497,55.88283290359055,True,9549,10055,507,0.26223463200337416,1,0.26464285714285696,0.20419763815899006,1.1735416666666667,1.6315686274509804,2.631359016668623,0.26464285714285696,53.981357,54.612437
53.34264940708705,0.5,2.540183496503497,55.88283290359055,True,9549,10055,507,0.26223463200337416,2,0.08058744760394254,0.0980395470383274,1.1391752577319587,1.657263157894737,1.298578331263922,0.0980395470383274,54.617445,55.248525
53.34264940708705,0.5,2.540183496503497,55.88283290359055,True,9549,10055,507,0.26223463200337416,3,0.22628003547814868,0.26981105606493794,1.2001180555555557,1.6131403162055338,1.0596091530611078,0.26981105606493794,55.253533,55.879604
53.34264940708705,1.0,5.080366993006994,58.42301640009404,True,9549,10562,1014,0.26223463200337416,0,0.25122784976391277,0.23746033834586444,1.3292139656460045,1.523873656503619,1.6079971729874412,0.25122784976391277,53.34527,54.612437
53.34264940708705,1.0,5.080366993006994,58.42301640009404,True,9549,10562,1014,0.26223463200337416,1,0.2260801136363636,0.23971920289855075,1.150728108369618,1.6429574592074594,1.2549208977047768,0.23971920289855075,54.617445,55.884612
53.34264940708705,1.0,5.080366993006994,58.42301640009404,True,9549,10562,1014,0.26223463200337416,2,0.2706881288879186,0.24676643056424263,1.304468085106383,1.5594871794871796,1.4969611076180214,0.2706881288879186,55.889621,57.15178
53.34264940708705,1.0,5.080366993006994,58.42301640009404,True,9549,10562,1014,0.26223463200337416,3,0.23149202542860658,0.2970981532065181,1.3352380952380951,1.5022727272727272,1.3573244174412946,0.2970981532065181,57.156788,58.418947
53.34264940708705,2.0,10.160733986013987,63.50338339310104,True,9549,11577,2029,0.26223463200337416,0,0.24312410762528436,0.24425105392156854,1.1713989769820974,1.613901185770751,1.6020627454682537,0.24425105392156854,53.34527,55.884612
53.34264940708705,2.0,10.160733986013987,63.50338339310104,True,9549,11577,2029,0.26223463200337416,1,0.25665865561397283,0.27960677924650834,1.3255813953488371,1.5418604651162793,1.2654111794717269,0.27960677924650834,55.889621,58.423955
53.34264940708705,2.0,10.160733986013987,63.50338339310104,True,9549,11577,2029,0.26223463200337416,2,0.20628942003600437,0.26989490745203903,1.304375,1.413,1.2436287386610514,0.26989490745203903,58.428964,60.963298
53.34264940708705,2.0,10.160733986013987,63.50338339310104,True,9549,11577,2029,0.26223463200337416,3,0.24729657929861915,0.24394844320672904,1.271904761904762,1.44,1.1211101035461617,0.24729657929861915,60.968307,63.502641
53.84347106584821,0.25,1.2700917482517484,55.113562814099964,True,9649,9902,254,0.2652038380452063,0,0.11350777340227935,0.16758189459854267,1.5316666666666667,1.3472484896243762,2.3833732255279605,0.16758189459854267,53.846126,54.161666
53.84347106584821,0.25,1.2700917482517484,55.113562814099964,True,9649,9902,254,0.2652038380452063,1,0.2438173158989403,0.11304832072048587,1.1622436781609196,1.647108636977058,2.2422703542803557,0.2438173158989403,54.166674,54.482214
53.84347106584821,0.25,1.2700917482517484,55.113562814099964,True,9649,9902,254,0.2652038380452063,2,0.05942805912155269,0.05349475524475533,1.1388,1.665,1.1101422018123381,0.05942805912155269,54.487223,54.797754
53.84347106584821,0.25,1.2700917482517484,55.113562814099964,True,9649,9902,254,0.2652038380452063,3,0.04327654247485335,0.07410524561223086,1.145686274509804,1.66,1.7353869284077736,0.07410524561223086,54.802762,55.113293
53.84347106584821,0.5,2.540183496503497,56.38365456235171,True,9649,10155,507,0.2652038380452063,0,0.2585408163265306,0.23978166845685633,1.4368,1.537590361445783,1.9281958269619537,0.2585408163265306,53.846126,54.477205
53.84347106584821,0.5,2.540183496503497,56.38365456235171,True,9649,10155,507,0.2652038380452063,1,0.05159345308988006,0.06923308114086235,1.1418367346938776,1.663529411764706,1.2692222198582972,0.06923308114086235,54.482214,55.113293
53.84347106584821,0.5,2.540183496503497,56.38365456235171,True,9649,10155,507,0.2652038380452063,2,0.24949333333333334,0.22417721273291913,1.1573170731707318,1.6307142857142858,1.5010397789760612,0.24949333333333334,55.118302,55.749381
53.84347106584821,0.5,2.540183496503497,56.38365456235171,True,9649,10155,507,0.2652038380452063,3,0.20499845002809491,0.2703282394688644,1.1695854591836734,1.6322633027522935,1.3067698973023723,0.2703282394688644,55.75439,56.38046
53.84347106584821,1.0,5.080366993006994,58.92383805885521,True,9649,10662,1014,0.2652038380452063,0,0.24616990841594477,0.2446418435127674,1.1632291666666668,1.6438161375661378,2.483951160640381,0.24616990841594477,53.846126,55.113293
53.84347106584821,1.0,5.080366993006994,58.92383805885521,True,9649,10662,1014,0.2652038380452063,1,0.24542608950328026,0.24426599916150837,1.1660556464811784,1.6310548172757475,1.1512533068990534,0.24542608950328026,55.118302,56.385469
53.84347106584821,1.0,5.080366993006994,58.92383805885521,True,9649,10662,1014,0.2652038380452063,2,0.24502992776057786,0.2525033722890865,1.364536082474227,1.4183505154639175,1.1029750095200361,0.2525033722890865,56.390478,57.652636
53.84347106584821,1.0,5.080366993006994,58.92383805885521,True,9649,10662,1014,0.2652038380452063,3,0.21945720529039658,0.2742433372298618,1.3195348837209304,1.4743434343434343,1.328999152716411,0.2742433372298618,57.657645,58.919803
53.84347106584821,2.0,10.160733986013987,64.0042050518622,True,9649,11677,2029,0.2652038380452063,0,0.2541892929611602,0.24604812558742373,1.164,1.6354266666666666,1.649444219180035,0.2541892929611602,53.846126,56.385469
53.84347106584821,2.0,10.160733986013987,64.0042050518622,True,9649,11677,2029,0.2652038380452063,1,0.23526636455801553,0.269593023255814,1.3428571428571427,1.45625,1.1628686241720005,0.269593023255814,56.390478,58.924812
53.84347106584821,2.0,10.160733986013987,64.0042050518622,True,9649,11677,2029,0.2652038380452063,2,0.21376563790484415,0.27383453517143863,1.3089320388349517,1.413737373737374,1.2089165217858782,0.27383453517143863,58.92982,61.464155
53.84347106584821,2.0,10.160733986013987,64.0042050518622,True,9649,11677,2029,0.2652038380452063,3,0.22280952451183333,0.23840500438628998,1.2568888888888887,1.44,1.0982279401532355,0.23840500438628998,61.469163,64.003498
54.344292724609375,0.25,1.2700917482517484,55.614384472861126,True,9749,10002,254,0.267269082819408,0,0.07640099625937902,0.09366847378277154,1.1296938775510204,1.6634965517241378,1.4720109731456479,0.09366847378277154,54.346983,54.662522
54.344292724609375,0.25,1.2700917482517484,55.614384472861126,True,9749,10002,254,0.267269082819408,1,0.044228163015512134,0.0656474806148365,1.1415787447054293,1.660943396226415,1.532676595871956,0.0656474806148365,54.667531,54.983071
54.344292724609375,0.25,1.2700917482517484,55.614384472861126,True,9749,10002,254,0.267269082819408,2,0.0840654891036079,0.10726145048362157,1.1327777777777777,1.6292631578947367,1.3361743691765626,0.10726145048362157,54.988079,55.29861
54.344292724609375,0.25,1.2700917482517484,55.614384472861126,True,9749,10002,254,0.267269082819408,3,0.2452223076923078,0.10129616946197761,1.1580434782608695,1.6504347826086956,2.9387997666604773,0.2452223076923078,55.303619,55.61415
54.344292724609375,0.5,2.540183496503497,56.88447622111287,True,9749,10255,507,0.267269082819408,0,0.06450215175605134,0.07462513510194035,1.1388,1.662,1.3442812086701763,0.07462513510194035,54.346983,54.978062
54.344292724609375,0.5,2.540183496503497,56.88447622111287,True,9749,10255,507,0.267269082819408,1,0.22911354267310768,0.10824834257813809,1.1429473684210527,1.6438095238095238,2.2373309125780056,0.22911354267310768,54.983071,55.61415
54.344292724609375,0.5,2.540183496503497,56.88447622111287,True,9749,10255,507,0.267269082819408,2,0.26257790020866645,0.2481378968253969,1.1902040816326531,1.5928,1.1577719747789639,0.26257790020866645,55.619158,56.250238
54.344292724609375,0.5,2.540183496503497,56.88447622111287,True,9749,10255,507,0.267269082819408,3,0.24640456918995068,0.27650510417538277,1.4153714285714287,1.5105215419501135,1.525755894962054,0.27650510417538277,56.255246,56.881317
54.344292724609375,1.0,5.080366993006994,59.424659717616365,True,9749,10762,1014,0.267269082819408,0,0.2035956331901556,0.1021636196050123,1.1392745098039216,1.6554742907801416,1.8556827376047944,0.2035956331901556,54.346983,55.61415
54.344292724609375,1.0,5.080366993006994,59.424659717616365,True,9749,10762,1014,0.267269082819408,1,0.2661118332560294,0.2714363799316917,1.303037613981763,1.568792780748663,1.3936114262508683,0.2714363799316917,55.619158,56.886326
54.344292724609375,1.0,5.080366993006994,59.424659717616365,True,9749,10762,1014,0.267269082819408,2,0.21742571498113672,0.28795805420413156,1.3409615384615383,1.4932075471698114,1.3324917797812328,0.28795805420413156,56.891334,58.153493
54.344292724609375,1.0,5.080366993006994,59.424659717616365,True,9749,10762,1014,0.267269082819408,3,0.22408909294466872,0.24533594146200077,1.2951162790697677,1.4551515151515153,1.1347424911300847,0.24533594146200077,58.158501,59.42066
54.344292724609375,2.0,10.160733986013987,64.50502671062335,True,9749,11777,2029,0.267269082819408,0,0.2569774946495452,0.2446161902243501,1.1639230769230768,1.6323824742268043,1.5299530042344431,0.2569774946495452,54.346983,56.886326
54.344292724609375,2.0,10.160733986013987,64.50502671062335,True,9749,11777,2029,0.267269082819408,1,0.22266501027343122,0.27050645896656533,1.3255813953488371,1.4709803921568627,1.209241321135637,0.27050645896656533,56.891334,59.425669
54.344292724609375,2.0,10.160733986013987,64.50502671062335,True,9749,11777,2029,0.267269082819408,2,0.2319364548494982,0.26810037729776126,1.302888888888889,1.4135135135135135,1.1797000166547709,0.26810037729776126,59.430677,61.965011
54.344292724609375,2.0,10.160733986013987,64.50502671062335,True,9749,11777,2029,0.267269082819408,3,0.23802192547152645,0.2502749050960952,1.2709278350515465,1.4640860215053764,1.077919144470324,0.2502749050960952,61.97002,64.504354
54.845114383370536,0.25,1.2700917482517484,56.11520613162229,True,9849,10102,254,0.28106951882290554,0,0.04821228062689076,0.07379126116938606,1.1426315789473684,1.6658083333333331,1.446798290240029,0.07379126116938606,54.847839,55.163379
54.845114383370536,0.25,1.2700917482517484,56.11520613162229,True,9849,10102,254,0.28106951882290554,1,0.0883489348832317,0.09353608322599893,1.118320035460993,1.6186538461538462,1.1344339963426746,0.09353608322599893,55.168387,55.483927
54.845114383370536,0.25,1.2700917482517484,56.11520613162229,True,9849,10102,254,0.28106951882290554,2,0.17586749414296599,0.2827539964823138,1.4186,1.6134545454545457,2.294969936321974,0.2827539964823138,55.488936,55.799467
54.845114383370536,0.25,1.2700917482517484,56.11520613162229,True,9849,10102,254,0.28106951882290554,3,0.183633489080126,0.14750963888907676,1.144854368932039,1.58,1.2558842155511425,0.183633489080126,55.804475,56.115006
54.845114383370536,0.5,2.540183496503497,57.38529787987403,True,9849,10355,507,0.28106951882290554,0,0.08312453117329399,0.10814582156973473,1.1323456790123456,1.6439285714285714,1.4149405721342658,0.10814582156973473,54.847839,55.478919
54.845114383370536,0.5,2.540183496503497,57.38529787987403,True,9849,10355,507,0.28106951882290554,1,0.27038745903219585,0.2695785024154589,1.2920792079207923,1.5978571428571429,1.1067385240453753,0.27038745903219585,55.483927,56.115006
54.845114383370536,0.5,2.540183496503497,57.38529787987403,True,9849,10355,507,0.28106951882290554,2,0.22235992900253698,0.24776867512332623,1.3729268292682926,1.5902,2.0268283431814544,0.24776867512332623,56.120015,56.751094
54.845114383370536,0.5,2.540183496503497,57.38529787987403,True,9849,10355,507,0.28106951882290554,3,0.22912862933634992,0.24752180041961702,1.3232065934065935,1.4059533468559837,1.1889314734583465,0.24752180041961702,56.756103,57.382174
54.845114383370536,1.0,5.080366993006994,59.92548137637753,True,9849,10862,1014,0.28106951882290554,0,0.24542608950328026,0.24095242357812696,1.1508564102564103,1.6319066989787085,1.1838929272783398,0.24542608950328026,54.847839,56.115006
54.845114383370536,1.0,5.080366993006994,59.92548137637753,True,9849,10862,1014,0.28106951882290554,1,0.22407049579019223,0.2685011860851626,1.3460130560928434,1.5141324846770392,1.4028024642733379,0.2685011860851626,56.120015,57.387182
54.845114383370536,1.0,5.080366993006994,59.92548137637753,True,9849,10862,1014,0.28106951882290554,2,0.2310756988979944,0.2978435190601767,1.3358536585365854,1.4743434343434343,1.351743871471464,0.2978435190601767,57.392191,58.654349
54.845114383370536,1.0,5.080366993006994,59.92548137637753,True,9849,10862,1014,0.28106951882290554,3,0.22516733577440096,0.2616947967479675,1.3052,1.3907317073170733,1.1518709470838484,0.2616947967479675,58.659358,59.921517
54.845114383370536,2.0,10.160733986013987,65.00584836938452,True,9849,11877,2029,0.28106951882290554,0,0.2500419184016156,0.2624949795834628,1.20881982981872,1.5972635135135134,1.4157543569564008,0.2624949795834628,54.847839,57.387182
54.845114383370536,2.0,10.160733986013987,65.00584836938452,True,9849,11877,2029,0.28106951882290554,1,0.23294914361001307,0.28745894776015257,1.3223255813953487,1.442,1.2701759996010218,0.28745894776015257,57.392191,59.926525
54.845114383370536,2.0,10.160733986013987,65.00584836938452,True,9849,11877,2029,0.28106951882290554,2,0.24273252443712712,0.2491967787114846,1.293763440860215,1.4742857142857142,1.1371560312079176,0.2491967787114846,59.931534,62.465868
54.845114383370536,2.0,10.160733986013987,65.00584836938452,True,9849,11877,2029,0.28106951882290554,3,0.2396546247468888,0.2548862204292447,1.2983333333333336,1.4716279069767442,1.0831859642394668,0.2548862204292447,62.470877,65.005211
55.3459360421317,0.25,1.2700917482517484,56.61602779038345,True,9949,10202,254,0.2836789586995847,0,0.24391722222222234,0.08040516750691185,1.3309239130434785,1.653116576819407,3.191124539961233,0.24391722222222234,55.348696,55.664236
55.3459360421317,0.25,1.2700917482517484,56.61602779038345,True,9949,10202,254,0.2836789586995847,1,0.2807281479485426,0.22563957811194635,1.1689839806890499,1.4611514392991238,1.4968822342871628,0.2807281479485426,55.669244,55.984784
55.3459360421317,0.25,1.2700917482517484,56.61602779038345,True,9949,10202,254,0.2836789586995847,2,0.10455363080014612,0.09944369784804574,1.1866666666666668,1.653018867924528,1.4438694363139433,0.10455363080014612,55.989792,56.300323
55.3459360421317,0.25,1.2700917482517484,56.61602779038345,True,9949,10202,254,0.2836789586995847,3,0.22091449662058038,0.21358796844150274,1.4408695652173913,1.5691764705882352,2.020637656539154,0.22091449662058038,56.305332,56.615863
55.3459360421317,0.5,2.540183496503497,57.88611953863519,True,9949,10455,507,0.2836789586995847,0,0.2540343992248062,0.2695785024154589,1.1973737373737374,1.6086538461538462,1.109463036243306,0.2695785024154589,55.348696,55.979775
55.3459360421317,0.5,2.540183496503497,57.88611953863519,True,9949,10455,507,0.2836789586995847,1,0.2339693434343434,0.2094374675661651,1.269,1.6319266055045871,2.0884793572122873,0.2339693434343434,55.984784,56.615863
55.3459360421317,0.5,2.540183496503497,57.88611953863519,True,9949,10455,507,0.2836789586995847,2,0.23457632126195727,0.2397351780266347,1.3672,1.3874725274725277,1.0869171148868435,0.2397351780266347,56.620872,57.251951
55.3459360421317,0.5,2.540183496503497,57.88611953863519,True,9949,10455,507,0.2836789586995847,3,0.26870410819414614,0.2868593443369778,1.3437986831826807,1.4125296272355095,1.1503933562571569,0.2868593443369778,57.256959,57.88303
55.3459360421317,1.0,5.080366993006994,60.42630303513869,True,9949,10962,1014,0.2836789586995847,0,0.26209577187693256,0.24426599916150837,1.253337912087912,1.6186517585757707,1.3345607270440303,0.26209577187693256,55.348696,56.615863
55.3459360421317,1.0,5.080366993006994,60.42630303513869,True,9949,10962,1014,0.2836789586995847,1,0.24378304347826074,0.26591654697380296,1.3515004482294937,1.3936304347826087,1.112961267641575,0.26591654697380296,56.620872,57.888039
55.3459360421317,1.0,5.080366993006994,60.42630303513869,True,9949,10962,1014,0.2836789586995847,2,0.19910916936353829,0.26752188852148406,1.3054716981132075,1.5068817204301077,1.3640724806203404,0.26752188852148406,57.893047,59.155206
55.3459360421317,1.0,5.080366993006994,60.42630303513869,True,9949,10962,1014,0.2836789586995847,3,0.2105247055350148,0.29815999999999987,1.3045360824742267,1.4037974683544303,1.3611429050190245,0.29815999999999987,59.160215,60.422373
55.3459360421317,2.0,10.160733986013987,65.50667002814569,True,9949,11977,2029,0.2836789586995847,0,0.25972947029885285,0.2757998729266987,1.3246739130434784,1.5422774327122153,1.244786306620177,0.2757998729266987,55.348696,57.888039
55.3459360421317,2.0,10.160733986013987,65.50667002814569,True,9949,11977,2029,0.2836789586995847,1,0.2092927854068456,0.2874679512516469,1.3047916666666666,1.472,1.3821809134664518,0.2874679512516469,57.893047,60.427382
55.3459360421317,2.0,10.160733986013987,65.50667002814569,True,9949,11977,2029,0.2836789586995847,2,0.2512462339341771,0.23360253317884971,1.3104761904761904,1.417752808988764,1.1219521364660938,0.2512462339341771,60.43239,62.966725
55.3459360421317,2.0,10.160733986013987,65.50667002814569,True,9949,11977,2029,0.2836789586995847,3,0.24370778985507247,0.2558563928036419,1.2709278350515465,1.500408163265306,1.076236746237945,0.2558563928036419,62.971733,65.506068
55.84675770089286,0.25,1.2700917482517484,57.11684944914461,True,10049,10302,254,0.27988537702000615,0,0.17380233398266648,0.13528911405270072,1.1480212954747115,1.6171836734693879,1.9687128639061209,0.17380233398266648,55.849552,56.165092
55.84675770089286,0.25,1.2700917482517484,57.11684944914461,True,10049,10302,254,0.27988537702000615,1,0.23060593769359616,0.23010383295194525,1.2510204081632652,1.6473770215633423,2.4338645515693154,0.23060593769359616,56.170101,56.48564
55.84675770089286,0.25,1.2700917482517484,57.11684944914461,True,10049,10302,254,0.27988537702000615,2,0.12480726970162448,0.21838155760838052,1.478409090909091,1.4159183673469389,2.016135580372437,0.21838155760838052,56.490649,56.80118
55.84675770089286,0.25,1.2700917482517484,57.11684944914461,True,10049,10302,254,0.27988537702000615,3,0.24421244227994232,0.235057694563501,1.2948076923076923,1.4089655172413793,1.1522625778407778,0.24421244227994232,56.806189,57.11672
55.84675770089286,0.5,2.540183496503497,58.386941197396354,True,10049,10555,507,0.27988537702000615,0,0.2775739135405596,0.20352087737843538,1.1839080459770115,1.6293617021276594,1.4492771178977448,0.2775739135405596,55.849552,56.480632
55.84675770089286,0.5,2.540183496503497,58.386941197396354,True,10049,10555,507,0.27988537702000615,1,0.24098228414172684,0.23236932005653066,1.396279069767442,1.411627906976744,1.0813725128222442,0.24098228414172684,56.48564,57.11672
55.84675770089286,0.5,2.540183496503497,58.386941197396354,True,10049,10555,507,0.27988537702000615,2,0.2609869313482216,0.2749500921724334,1.3439080459770116,1.4422222222222223,1.1592192907647798,0.2749500921724334,57.121728,57.752808
55.84675770089286,0.5,2.540183496503497,58.386941197396354,True,10049,10555,507,0.27988537702000615,3,0.21113279519295758,0.30159166238123225,1.325136054421769,1.616786956521739,1.517015430994281,0.30159166238123225,57.757816,58.383887
55.84675770089286,1.0,5.080366993006994,60.927124693899856,True,10049,11062,1014,0.27988537702000615,0,0.2702684509030884,0.24582025014644426,1.2925342809364548,1.558371040723982,1.4942105902919625,0.2702684509030884,55.849552,57.11672
55.84675770089286,1.0,5.080366993006994,60.927124693899856,True,10049,11062,1014,0.27988537702000615,1,0.23113684755123565,0.2970597340009389,1.335601247872944,1.510272435897436,1.3272245388550081,0.2970597340009389,57.121728,58.388895
55.84675770089286,1.0,5.080366993006994,60.927124693899856,True,10049,11062,1014,0.27988537702000615,2,0.216717908496732,0.249503322346737,1.3052,1.4214285714285717,1.134603990004697,0.249503322346737,58.393904,59.656063
55.84675770089286,1.0,5.080366993006994,60.927124693899856,True,10049,11062,1014,0.27988537702000615,3,0.19337739755390249,0.28767663387398024,1.302888888888889,1.3967500000000002,1.408260995839877,0.28767663387398024,59.661071,60.92323
55.84675770089286,2.0,10.160733986013987,66.00749168690685,True,10049,12077,2029,0.27988537702000615,0,0.25663518100398885,0.27751872714546044,1.3219694031458737,1.542544642857143,1.2467855632591671,0.27751872714546044,55.849552,58.388895
55.84675770089286,2.0,10.160733986013987,66.00749168690685,True,10049,12077,2029,0.27988537702000615,1,0.20426956041661637,0.2710297101449276,1.304375,1.408095238095238,1.2625567088426144,0.2710297101449276,58.393904,60.928238
55.84675770089286,2.0,10.160733986013987,66.00749168690685,True,10049,12077,2029,0.27988537702000615,2,0.24766088255715912,0.24394844320672904,1.2828571428571427,1.4417647058823533,1.1141218910733317,0.24766088255715912,60.933247,63.467581
55.84675770089286,2.0,10.160733986013987,66.00749168690685,True,10049,12077,2029,0.27988537702000615,3,0.26031682900432895,0.2802897123313789,1.2947126436781613,1.4879545454545453,1.1189127117727027,0.2802897123313789,63.47259,66.006924
56.34757935965402,0.25,1.2700917482517484,57.61767110790577,True,10149,10402,254,0.2739859808533589,0,0.14964634928872111,0.18233840423516035,1.4832232370433305,1.5298348813209495,1.444651002648296,0.18233840423516035,56.350409,56.665949
56.34757935965402,0.25,1.2700917482517484,57.61767110790577,True,10149,10402,254,0.2739859808533589,1,0.25103001490757315,0.2605059255865103,1.3961395348837211,1.3566575091575093,1.4119161057555747,0.2605059255865103,56.670957,56.986497
56.34757935965402,0.25,1.2700917482517484,57.61767110790577,True,10149,10402,254,0.2739859808533589,2,0.18126982591876206,0.23699255609312597,1.3134782608695654,1.465714285714286,1.3815423700401728,0.23699255609312597,56.991505,57.302037
56.34757935965402,0.25,1.2700917482517484,57.61767110790577,True,10149,10402,254,0.2739859808533589,3,0.2682998885918003,0.3105854147481888,1.3409615384615383,1.4939534883720933,1.21929948188504,0.3105854147481888,57.307045,57.617576
56.34757935965402,0.5,2.540183496503497,58.887762856157515,True,10149,10655,507,0.2739859808533589,0,0.24580011349551245,0.24132746063450838,1.4482352941176473,1.411875,1.1532791335850352,0.24580011349551245,56.350409,56.981488
56.34757935965402,0.5,2.540183496503497,58.887762856157515,True,10149,10655,507,0.2739859808533589,1,0.2349356950844853,0.2749500921724334,1.3268131868131867,1.478125,1.2340906393113893,0.2749500921724334,56.986497,57.617576
56.34757935965402,0.5,2.540183496503497,58.887762856157515,True,10149,10655,507,0.2739859808533589,2,0.2277868217054264,0.298894963445801,1.3386363636363638,1.5192592592592593,1.4267003812904522,0.298894963445801,57.622585,58.253664
56.34757935965402,0.5,2.540183496503497,58.887762856157515,True,10149,10655,507,0.2739859808533589,3,0.17636441140776693,0.24000709762420847,1.2780333333333336,1.4630840103031504,1.4698036832315937,0.24000709762420847,58.258673,58.884743
56.34757935965402,1.0,5.080366993006994,61.42794635266101,True,10149,11162,1014,0.2739859808533589,0,0.2448379772961815,0.25652625026772335,1.3672538461538462,1.4372043813791386,1.1101329190659976,0.25652625026772335,56.350409,57.617576
56.34757935965402,1.0,5.080366993006994,61.42794635266101,True,10149,11162,1014,0.2739859808533589,1,0.21711489813920504,0.27247355157809405,1.3207564528494762,1.4775600666862803,1.3195256038641519,0.27247355157809405,57.622585,58.889752
56.34757935965402,1.0,5.080366993006994,61.42794635266101,True,10149,11162,1014,0.2739859808533589,2,0.2111668981425079,0.27696,1.3045360824742267,1.3971428571428572,1.2906319568314177,0.27696,58.894761,60.156919
56.34757935965402,1.0,5.080366993006994,61.42794635266101,True,10149,11162,1014,0.2739859808533589,3,0.22950373467112595,0.26607319337401236,1.3120454545454547,1.4280000000000002,1.2097492135129801,0.26607319337401236,60.161928,61.424086
56.34757935965402,2.0,10.160733986013987,66.508313345668,True,10149,12177,2029,0.2739859808533589,0,0.23524301958128024,0.26859623417112033,1.3440470462443197,1.4650446428571429,1.1716788896923658,0.26859623417112033,56.350409,58.889752
56.34757935965402,2.0,10.160733986013987,66.508313345668,True,10149,12177,2029,0.2739859808533589,1,0.21425599316185773,0.27383453517143863,1.3096774193548388,1.4135135135135135,1.209707832540071,0.27383453517143863,58.894761,61.429095
56.34757935965402,2.0,10.160733986013987,66.508313345668,True,10149,12177,2029,0.2739859808533589,2,0.22280952451183333,0.23462467807907883,1.2658333333333334,1.4370833333333335,1.0808789571140176,0.23462467807907883,61.434103,63.968438
56.34757935965402,2.0,10.160733986013987,66.508313345668,True,10149,12177,2029,0.2739859808533589,3,0.26365889857269165,0.2833414128414128,1.3193333333333337,1.4655172413793105,1.0990992066968144,0.2833414128414128,63.973446,66.507781
56.84840101841518,0.25,1.2700917482517484,58.11849276666693,True,10249,10502,254,0.2729453914141413,0,0.215784387620379,0.2300387326618607,1.346917206290472,1.449495990836197,1.2360484453599743,0.2300387326618607,56.851266,57.166805
56.84840101841518,0.25,1.2700917482517484,58.11849276666693,True,10249,10502,254,0.2729453914141413,1,0.17983503861367744,0.2426598653490919,1.3213384615384616,1.4696840659340662,1.3607841867851649,0.2426598653490919,57.171814,57.487354
56.84840101841518,0.25,1.2700917482517484,58.11849276666693,True,10249,10502,254,0.2729453914141413,2,0.2881078431372551,0.3188578748890859,1.3544680851063833,1.3710638297872342,1.1339725484195684,0.3188578748890859,57.492362,57.802893
56.84840101841518,0.25,1.2700917482517484,58.11849276666693,True,10249,10502,254,0.2729453914141413,3,0.16827557219105782,0.2541061154292862,1.3255813953488371,1.6554347826086957,1.593083604685993,0.2541061154292862,57.807902,58.118433
56.84840101841518,0.5,2.540183496503497,59.388584514918676,True,10249,10755,507,0.2729453914141413,0,0.19489395805344079,0.2393036814100432,1.3339534883720927,1.468888888888889,1.2332244036020596,0.2393036814100432,56.851266,57.482345
56.84840101841518,0.5,2.540183496503497,59.388584514918676,True,10249,10755,507,0.2729453914141413,1,0.2680398725246922,0.31123423891035495,1.3370454545454546,1.5474157303370786,1.3639397880439923,0.31123423891035495,57.487354,58.118433
56.84840101841518,0.5,2.540183496503497,59.388584514918676,True,10249,10755,507,0.2729453914141413,2,0.19980275802628744,0.2660719053538303,1.2956603773584905,1.4630612244897958,1.3735871698511604,0.2660719053538303,58.123441,58.754521
56.84840101841518,0.5,2.540183496503497,59.388584514918676,True,10249,10755,507,0.2729453914141413,3,0.2467882978723404,0.24728795773628576,1.2945348837209303,1.454621212121212,1.0483283795343556,0.24728795773628576,58.759529,59.3856
56.84840101841518,1.0,5.080366993006994,61.92876801142218,True,10249,11262,1014,0.2729453914141413,0,0.2286153055015362,0.2835346194503172,1.335601247872944,1.4935805177709525,1.2940182688841468,0.2835346194503172,56.851266,58.118433
56.84840101841518,1.0,5.080366993006994,61.92876801142218,True,10249,11262,1014,0.2729453914141413,1,0.22190041216648393,0.2570168501141493,1.2953883282141292,1.4600473484848484,1.1753083696578512,0.2570168501141493,58.123441,59.390609
56.84840101841518,1.0,5.080366993006994,61.92876801142218,True,10249,11262,1014,0.2729453914141413,2,0.2034230295825301,0.2900672338736392,1.3047916666666666,1.3974117647058824,1.4236317918800359,0.2900672338736392,59.395617,60.657776
56.84840101841518,1.0,5.080366993006994,61.92876801142218,True,10249,11262,1014,0.2729453914141413,3,0.27015968825285586,0.23997914438502665,1.306818181818182,1.4608333333333334,1.2071008296829986,0.27015968825285586,60.662784,61.924943
56.84840101841518,2.0,10.160733986013987,67.00913500442917,True,10249,12277,2029,0.2729453914141413,0,0.22909352338214994,0.2727080135867399,1.3213333333333335,1.472826923076923,1.2256948170763282,0.2727080135867399,56.851266,59.390609
56.84840101841518,2.0,10.160733986013987,67.00913500442917,True,10249,12277,2029,0.2729453914141413,1,0.22874529914529917,0.26810037729776126,1.30609756097561,1.4175257731958764,1.1749763710736945,0.26810037729776126,59.395617,61.929951
56.84840101841518,2.0,10.160733986013987,67.00913500442917,True,10249,12277,2029,0.2729453914141413,2,0.23822637541141745,0.24985873694421612,1.2658333333333334,1.4516666666666669,1.0788933609430216,0.24985873694421612,61.93496,64.469294
56.84840101841518,2.0,10.160733986013987,67.00913500442917,True,10249,12277,2029,0.2729453914141413,3,0.25506158511653265,0.2547259003074219,1.2982222222222222,1.357173913043478,1.2060640168780752,0.25506158511653265,64.474303,67.008637
57.34922267717634,0.25,1.2700917482517484,58.619314425428094,True,10349,10602,254,0.2720360335280517,0,0.26700122920380254,0.3102160136603851,1.3346511627906974,1.469014423076923,1.2040735708346921,0.3102160136603851,57.352122,57.667662
57.34922267717634,0.25,1.2700917482517484,58.619314425428094,True,10349,10602,254,0.2720360335280517,1,0.2233354548229548,0.26529021394614816,1.3244461697722567,1.4414807692307692,1.2013070159132886,0.26529021394614816,57.67267,57.98821
57.34922267717634,0.25,1.2700917482517484,58.619314425428094,True,10349,10602,254,0.2720360335280517,2,0.23283800707544033,0.28738240497044487,1.3386363636363638,1.668163265306123,1.3648830998583872,0.28738240497044487,57.993219,58.30375
57.34922267717634,0.25,1.2700917482517484,58.619314425428094,True,10349,10602,254,0.2720360335280517,3,0.16734475703324803,0.2334397557471265,1.3098113207547168,1.4614583333333335,1.4592511141907625,0.2334397557471265,58.308758,58.619289
57.34922267717634,0.5,2.540183496503497,59.88940617367984,True,10349,10855,507,0.2720360335280517,0,0.2680398725246922,0.2861282752886305,1.328490566037736,1.4422222222222223,1.1988667387498755,0.2861282752886305,57.352122,57.983202
57.34922267717634,0.5,2.540183496503497,59.88940617367984,True,10349,10855,507,0.2720360335280517,1,0.19980275802628744,0.2763526181525241,1.333469387755102,1.5765116279069766,1.469321516140311,0.2763526181525241,57.98821,58.619289
57.34922267717634,0.5,2.540183496503497,59.88940617367984,True,10349,10855,507,0.2720360335280517,2,0.19340367342589204,0.2349192519896658,1.2806060606060607,1.4449484536082475,1.1219989208210452,0.2349192519896658,58.624298,59.255377
57.34922267717634,0.5,2.540183496503497,59.88940617367984,True,10349,10855,507,0.2720360335280517,3,0.21589745862248022,0.26708660119796435,1.3182606516290727,1.3472656479576846,1.2814028167151041,0.26708660119796435,59.260386,59.886457
57.34922267717634,1.0,5.080366993006994,62.42958967018333,True,10349,11362,1014,0.2720360335280517,0,0.2306858271430724,0.29771192912289013,1.3315124716553288,1.5065726495726497,1.3257926165185527,0.29771192912289013,57.352122,58.619289
57.34922267717634,1.0,5.080366993006994,62.42958967018333,True,10349,11362,1014,0.2720360335280517,1,0.22250594928734535,0.26137075203252036,1.3031013745704465,1.3793877551020408,1.2002401266537739,0.26137075203252036,58.624298,59.891465
57.34922267717634,1.0,5.080366993006994,62.42958967018333,True,10349,11362,1014,0.2720360335280517,2,0.20544645684150942,0.26356829141322813,1.3112727272727274,1.4468085106382975,1.328183003002846,0.26356829141322813,59.896474,61.158632
57.34922267717634,1.0,5.080366993006994,62.42958967018333,True,10349,11362,1014,0.2720360335280517,3,0.2754896345659397,0.22589224830691157,1.2541176470588236,1.4823809523809524,1.1726330665806945,0.2754896345659397,61.163641,62.4258
57.34922267717634,2.0,10.160733986013987,67.50995666319034,True,10349,12377,2029,0.2720360335280517,0,0.22488421671107217,0.2873957994138717,1.3202482110912344,1.4446408934707906,1.2939332712052383,0.2873957994138717,57.352122,59.891465
57.34922267717634,2.0,10.160733986013987,67.50995666319034,True,10349,12377,2029,0.2720360335280517,1,0.2433858131773724,0.2491967787114846,1.293763440860215,1.4708888888888891,1.1395639351322393,0.2491967787114846,59.896474,62.430808
57.34922267717634,2.0,10.160733986013987,67.50995666319034,True,10349,12377,2029,0.2720360335280517,2,0.23186114894728949,0.2548862204292447,1.3048888888888888,1.483409090909091,1.098010052122313,0.2548862204292447,62.435817,64.970151
57.34922267717634,2.0,10.160733986013987,67.50995666319034,True,10349,12377,2029,0.2720360335280517,3,0.26312336322717034,0.3152812253653873,1.2567901234567902,1.387,1.3281554175827524,0.3152812253653873,64.97516,67.509494
57.8500443359375,0.25,1.2700917482517484,59.12013608418925,True,10449,10701,253,0.2666949311582465,0,0.1964081983069803,0.25417113069856967,1.3383399209486169,1.6711404561824734,1.4360408919107663,0.25417113069856967,57.852979,58.168518
57.8500443359375,0.25,1.2700917482517484,59.12013608418925,True,10449,10701,253,0.2666949311582465,1,0.2196166627356636,0.26633580562659864,1.2975862068965518,1.471578947368421,1.4625752412868924,0.26633580562659864,58.173527,58.484058
57.8500443359375,0.25,1.2700917482517484,59.12013608418925,True,10449,10701,253,0.2666949311582465,2,0.14463494674846678,0.1976745102723365,1.2042696629213483,1.4008333333333334,1.4831371879401967,0.1976745102723365,58.489067,58.799598
57.8500443359375,0.25,1.2700917482517484,59.12013608418925,True,10449,10701,253,0.2666949311582465,3,0.18223758145497293,0.2502423641537981,1.258909090909091,1.4449484536082475,1.1830940076061773,0.2502423641537981,58.804606,59.115137
57.8500443359375,0.5,2.540183496503497,60.39022783244099,True,10449,10955,507,0.2666949311582465,0,0.19935266046844247,0.27694209183673457,1.3358536585365854,1.6169387755102045,1.4602081694842768,0.27694209183673457,57.852979,58.484058
57.8500443359375,0.5,2.540183496503497,60.39022783244099,True,10449,10955,507,0.2666949311582465,1,0.16232947535771047,0.22891874915974286,1.2229411764705882,1.4289795918367347,1.2738403906114706,0.22891874915974286,58.489067,59.120146
57.8500443359375,0.5,2.540183496503497,60.39022783244099,True,10449,10955,507,0.2666949311582465,2,0.22733398927682114,0.2728316219862611,1.3225581395348838,1.386,1.2233958589952447,0.2728316219862611,59.125155,59.756234
57.8500443359375,0.5,2.540183496503497,60.39022783244099,True,10449,10955,507,0.2666949311582465,3,0.19527257304907075,0.29648636457788247,1.3019791666666665,1.4906142857142854,1.5074513267970604,0.29648636457788247,59.761242,60.387313
57.8500443359375,1.0,5.080366993006994,62.93041132894449,True,10449,11462,1014,0.2666949311582465,0,0.20448551361455192,0.2698059725838796,1.3048448979591836,1.5013898421413865,1.3677183449228145,0.2698059725838796,57.852979,59.120146
57.8500443359375,1.0,5.080366993006994,62.93041132894449,True,10449,11462,1014,0.2666949311582465,1,0.20947474747474737,0.29805666666666664,1.3151366189989786,1.410819377990431,1.3559065458580783,0.29805666666666664,59.125155,60.392322
57.8500443359375,1.0,5.080366993006994,62.93041132894449,True,10449,11462,1014,0.2666949311582465,2,0.24758977030101836,0.23503208556149735,1.3183673469387756,1.4082222222222225,1.1523517464671555,0.24758977030101836,60.39733,61.659489
57.8500443359375,1.0,5.080366993006994,62.93041132894449,True,10449,11462,1014,0.2666949311582465,3,0.24616853782973114,0.22897659574468066,1.2804597701149425,1.455744680851064,1.0921795059619248,0.24616853782973114,61.664497,62.926656
57.8500443359375,2.0,10.160733986013987,68.01077832195148,True,10449,12477,2029,0.2666949311582465,0,0.20936812773539026,0.28741589262187084,1.3070363636363638,1.4656490080202618,1.374913101192033,0.28741589262187084,57.852979,60.392322
57.8500443359375,2.0,10.160733986013987,68.01077832195148,True,10449,12477,2029,0.2666949311582465,1,0.2512462339341771,0.2370086937804463,1.30325,1.4291489361702128,1.122796774047505,0.2512462339341771,60.39733,62.931665
57.8500443359375,2.0,10.160733986013987,68.01077832195148,True,10449,12477,2029,0.2666949311582465,2,0.24370778985507247,0.2568227016885555,1.2804210526315791,1.4967676767676767,1.079820953738824,0.2568227016885555,62.936673,65.471008
57.8500443359375,2.0,10.160733986013987,68.01077832195148,True,10449,12477,2029,0.2666949311582465,3,0.2584035714285714,0.31362000982654015,1.254186046511628,1.3754761904761903,1.3470615697439035,0.31362000982654015,65.476016,68.01035
58.35086599469866,0.25,1.2700917482517484,59.62095774295041,True,10549,10801,253,0.25547889790597933,0,0.166930179028133,0.206681257751003,1.3333545886471616,1.3729093864282813,1.3189899854867253,0.206681257751003,58.353835,58.669375
58.35086599469866,0.25,1.2700917482517484,59.62095774295041,True,10549,10801,253,0.25547889790597933,1,0.21173766431137253,0.23334082974849446,1.1764835164835166,1.4984000000000002,1.2128241905723072,0.23334082974849446,58.674384,58.984915
58.35086599469866,0.25,1.2700917482517484,59.62095774295041,True,10549,10801,253,0.25547889790597933,2,0.18540255169329745,0.21321034082458146,1.3365517241379312,1.4443333333333337,1.2546950696402666,0.21321034082458146,58.989923,59.300454
58.35086599469866,0.25,1.2700917482517484,59.62095774295041,True,10549,10801,253,0.25547889790597933,3,0.23964888048927735,0.27843078826440437,1.3241463414634145,1.413684210526316,1.1282030754518408,0.27843078826440437,59.305463,59.615994
58.35086599469866,0.5,2.540183496503497,60.89104949120215,True,10549,11055,507,0.25547889790597933,0,0.17707052927927924,0.2246774327122153,1.2806060606060607,1.4324,1.2899535543562912,0.2246774327122153,58.353835,58.984915
58.35086599469866,0.5,2.540183496503497,60.89104949120215,True,10549,11055,507,0.25547889790597933,1,0.2302153370439084,0.27017306063629287,1.3311111111111111,1.415744680851064,1.0777749397992848,0.27017306063629287,58.989923,59.621003
58.35086599469866,0.5,2.540183496503497,60.89104949120215,True,10549,11055,507,0.25547889790597933,2,0.19373309351938373,0.31286126447477236,1.2815217391304348,1.3967500000000002,1.6972308670174008,0.31286126447477236,59.626011,60.25709
58.35086599469866,0.5,2.540183496503497,60.89104949120215,True,10549,11055,507,0.25547889790597933,3,0.18005423210510418,0.20887814690270046,1.3121932367149758,1.392544757033248,1.2140815356683514,0.20887814690270046,60.262099,60.88817
58.35086599469866,1.0,5.080366993006994,63.431232987705656,True,10549,11562,1014,0.25547889790597933,0,0.21628699346405222,0.24934650461437047,1.3082387096774195,1.4252040816326532,1.1264253025273365,0.24934650461437047,58.353835,59.621003
58.35086599469866,1.0,5.080366993006994,63.431232987705656,True,10549,11562,1014,0.25547889790597933,1,0.19327519039213215,0.28761331826566505,1.3041767441860466,1.3953315217391304,1.4042643055367532,0.28761331826566505,59.626011,60.893178
58.35086599469866,1.0,5.080366993006994,63.431232987705656,True,10549,11562,1014,0.25547889790597933,2,0.27262502929169596,0.2360337344028519,1.28725,1.48,1.1866105871613857,0.27262502929169596,60.898187,62.160346
58.35086599469866,1.0,5.080366993006994,63.431232987705656,True,10549,11562,1014,0.25547889790597933,3,0.205568206820682,0.22693053444817668,1.2814634146341464,1.407391304347826,1.155784250648738,0.22693053444817668,62.165354,63.427513
58.35086599469866,2.0,10.160733986013987,68.51159998071265,True,10549,12577,2029,0.25547889790597933,0,0.20456144790507969,0.26844202898550706,1.305648780487805,1.407386363636364,1.2511942685585318,0.26844202898550706,58.353835,60.893178
58.35086599469866,2.0,10.160733986013987,68.51159998071265,True,10549,12577,2029,0.25547889790597933,1,0.24766088255715912,0.24394844320672904,1.285681818181818,1.4388636363636362,1.1058533253781522,0.24766088255715912,60.898187,63.432521
58.35086599469866,2.0,10.160733986013987,68.51159998071265,True,10549,12577,2029,0.25547889790597933,2,0.26031682900432895,0.27824805917147244,1.2947126436781613,1.495632183908046,1.0847221244405953,0.27824805917147244,63.43753,65.971864
58.35086599469866,2.0,10.160733986013987,68.51159998071265,True,10549,12577,2029,0.25547889790597933,3,0.259454437588989,0.3097250568335952,1.235,1.3754761904761903,1.3751150035888686,0.3097250568335952,65.976873,68.511207
58.85168765345982,0.25,1.2700917482517484,60.12177940171157,True,10649,10901,253,0.25555318567503094,0,0.1914766465053761,0.23022330705009275,1.3241278280542985,1.4663829531812724,1.230030312782636,0.23022330705009275,58.854692,59.170232
58.85168765345982,0.25,1.2700917482517484,60.12177940171157,True,10649,10901,253,0.25555318567503094,1,0.27168145631332574,0.28122544850280384,1.3241463414634145,1.3891764705882352,1.0181191062310628,0.28122544850280384,59.17524,59.485771
58.85168765345982,0.25,1.2700917482517484,60.12177940171157,True,10649,10901,253,0.25555318567503094,2,0.15574910988401836,0.24328888493534584,1.2582926829268293,1.3460975609756098,1.586327034644174,0.24328888493534584,59.49078,59.801311
58.85168765345982,0.25,1.2700917482517484,60.12177940171157,True,10649,10901,253,0.25555318567503094,3,0.19649519470544807,0.2798076983822567,1.2629545454545454,1.368602150537635,1.3740138662987433,0.2798076983822567,59.80632,60.116851
58.85168765345982,0.5,2.540183496503497,61.391871149963315,True,10649,11155,507,0.25555318567503094,0,0.22418195468195456,0.26734818091120705,1.3241463414634145,1.4294,1.0921873342339177,0.26734818091120705,58.854692,59.485771
58.85168765345982,0.5,2.540183496503497,61.391871149963315,True,10649,11155,507,0.25555318567503094,1,0.19125558713935908,0.2766155913978493,1.2582926829268293,1.3591304347826088,1.4730770577018077,0.2766155913978493,59.49078,60.121859
58.85168765345982,0.5,2.540183496503497,61.391871149963315,True,10649,11155,507,0.25555318567503094,2,0.17094330484330456,0.265974328620337,1.3089320388349517,1.4514583333333335,1.4275626794632592,0.265974328620337,60.126868,60.757947
58.85168765345982,0.5,2.540183496503497,61.391871149963315,True,10649,11155,507,0.25555318567503094,3,0.27676630222187465,0.25064813337358405,1.3159152003910068,1.4285744680851065,1.2113711080677458,0.27676630222187465,60.762956,61.389026
58.85168765345982,1.0,5.080366993006994,63.93205464646681,True,10649,11662,1014,0.25555318567503094,0,0.21100015397881244,0.27268999999999977,1.3082387096774195,1.3912244395171225,1.248998629965413,0.27268999999999977,58.854692,60.121859
58.85168765345982,1.0,5.080366993006994,63.93205464646681,True,10649,11662,1014,0.25555318567503094,1,0.22921721014492746,0.2650053983618764,1.3119116161616162,1.4439924906132664,1.2151956653421643,0.2650053983618764,60.126868,61.394035
58.85168765345982,1.0,5.080366993006994,63.93205464646681,True,10649,11662,1014,0.25555318567503094,2,0.25330212157935283,0.2273308861351413,1.2921739130434782,1.460412371134021,1.0901959869680418,0.25330212157935283,61.399043,62.661202
58.85168765345982,1.0,5.080366993006994,63.93205464646681,True,10649,11662,1014,0.25555318567503094,3,0.19922692778457762,0.22937253707391003,1.2630232558139536,1.4167741935483873,1.2051200793639798,0.22937253707391003,62.666211,63.928369
58.85168765345982,2.0,10.160733986013987,69.01242163947381,True,10649,12677,2029,0.25555318567503094,0,0.21424912876450475,0.27380454224107464,1.3107405303030304,1.4132567567567569,1.203812418293718,0.27380454224107464,58.854692,61.394035
58.85168765345982,2.0,10.160733986013987,69.01242163947381,True,10649,12677,2029,0.25555318567503094,1,0.2201264131155244,0.23462467807907883,1.2704545454545455,1.4322727272727271,1.0838725788713495,0.23462467807907883,61.399043,63.933378
58.85168765345982,2.0,10.160733986013987,69.01242163947381,True,10649,12677,2029,0.25555318567503094,2,0.2644208033345963,0.282956577266922,1.3046000000000002,1.4791304347826089,1.0996883648300473,0.282956577266922,63.938386,66.472721
58.85168765345982,2.0,10.160733986013987,69.01242163947381,True,10649,12677,2029,0.25555318567503094,3,0.2630637273901809,0.30835713530655395,1.2378313253012048,1.4089130434782609,1.3573527249213042,0.30835713530655395,66.477729,69.012064
59.35250931222098,0.25,1.2700917482517484,60.62260106047273,True,10749,11001,253,0.26106991781930766,0,0.23563509485094847,0.2672368435453899,1.3201060142711516,1.388232558139535,1.1290520935403279,0.2672368435453899,59.355549,59.671088
59.35250931222098,0.25,1.2700917482517484,60.62260106047273,True,10749,11001,253,0.26106991781930766,1,0.1920205089796555,0.28633357695900785,1.3159550561797753,1.3484337349397593,1.6091644964603427,0.28633357695900785,59.676097,59.986628
59.35250931222098,0.25,1.2700917482517484,60.62260106047273,True,10749,11001,253,0.26106991781930766,2,0.1896164020901716,0.2954406678592726,1.3047916666666666,1.497872340425532,1.9017308177321122,0.2954406678592726,59.991636,60.302168
59.35250931222098,0.25,1.2700917482517484,60.62260106047273,True,10749,11001,253,0.26106991781930766,3,0.17259789380334767,0.20851028653885795,1.24,1.4380851063829787,1.1846595170720113,0.20851028653885795,60.307176,60.617707
59.35250931222098,0.5,2.540183496503497,61.892692808724476,True,10749,11255,507,0.26106991781930766,0,0.22374540828213696,0.28009849498327755,1.3174736842105264,1.3635135135135137,1.3257662070789826,0.28009849498327755,59.355549,59.986628
59.35250931222098,0.5,2.540183496503497,61.892692808724476,True,10749,11255,507,0.26106991781930766,1,0.17405393217893195,0.2738540870893812,1.2629545454545454,1.44752688172043,1.5168889874640241,0.2738540870893812,59.991636,60.622716
59.35250931222098,0.5,2.540183496503497,61.892692808724476,True,10749,11255,507,0.26106991781930766,2,0.27644949779136535,0.24745386263009606,1.306818181818182,1.4344680851063831,1.2018599735607676,0.27644949779136535,60.627724,61.258804
59.35250931222098,0.5,2.540183496503497,61.892692808724476,True,10749,11255,507,0.26106991781930766,3,0.25675905168464697,0.23015190709015554,1.315241310327582,1.464229691876751,1.226616714553004,0.25675905168464697,61.263812,61.889883
59.35250931222098,1.0,5.080366993006994,64.43287630522798,True,10749,11762,1014,0.26106991781930766,0,0.2084246499570701,0.29159219977097117,1.3025902777777778,1.3969464285714288,1.4021912660893978,0.29159219977097117,59.355549,60.622716
59.35250931222098,1.0,5.080366993006994,64.43287630522798,True,10749,11762,1014,0.26106991781930766,1,0.2695241206726713,0.23978233065953647,1.3105869324473975,1.4564827813116912,1.2048174969347722,0.2695241206726713,60.627724,61.894892
59.35250931222098,1.0,5.080366993006994,64.43287630522798,True,10749,11762,1014,0.26106991781930766,2,0.22229545908313586,0.222790861118894,1.3008510638297872,1.3864197530864195,1.0767710668647779,0.222790861118894,61.8999,63.162059
59.35250931222098,1.0,5.080366993006994,64.43287630522798,True,10749,11762,1014,0.26106991781930766,3,0.25002366782154006,0.26440159995241763,1.1963829787234044,1.5206818181818182,1.079676006284332,0.26440159995241763,63.167067,64.429226
59.35250931222098,2.0,10.160733986013987,69.51324329823497,True,10749,12777,2029,0.26106991781930766,0,0.2328420693764065,0.2689882820136852,1.3045958333333334,1.413710792131845,1.1775163741362755,0.2689882820136852,59.355549,61.894892
59.35250931222098,2.0,10.160733986013987,69.51324329823497,True,10749,12777,2029,0.26106991781930766,1,0.23822637541141745,0.24985873694421612,1.2630232558139536,1.448409090909091,1.078901697289645,0.24985873694421612,61.8999,64.434234
59.35250931222098,2.0,10.160733986013987,69.51324329823497,True,10749,12777,2029,0.26106991781930766,2,0.2507361996709576,0.2547259003074219,1.3035714285714286,1.3602247191011236,1.2311639456925307,0.2547259003074219,64.439243,66.973577
59.35250931222098,2.0,10.160733986013987,69.51324329823497,True,10749,12777,2029,0.26106991781930766,3,0.2661572616407981,0.27560773431994356,1.2355,1.5223684210526316,1.0958455377930036,0.27560773431994356,66.978586,69.51292
59.85333097098214,0.25,1.2700917482517484,61.12342271923389,True,10849,11101,253,0.25953808063749606,0,0.1967159774749061,0.30317791588492804,1.2601585914085915,1.5062114845938377,1.5855276270118528,0.30317791588492804,59.856405,60.171945
59.85333097098214,0.25,1.2700917482517484,61.12342271923389,True,10849,11101,253,0.25953808063749606,1,0.18311825396825387,0.2522325771162124,1.3126530612244898,1.509285714285714,1.3326574126387483,0.2522325771162124,60.176953,60.487484
59.85333097098214,0.25,1.2700917482517484,61.12342271923389,True,10849,11101,253,0.25953808063749606,2,0.16314084967320241,0.19998446831937544,1.3258536585365854,1.3911764705882357,1.2221962793600094,0.19998446831937544,60.492493,60.803024
59.85333097098214,0.25,1.2700917482517484,61.12342271923389,True,10849,11101,253,0.25953808063749606,3,0.2181700681840133,0.2313609360936093,1.3449557522123894,1.3713333333333333,1.1585051493149223,0.2313609360936093,60.808033,61.118564
59.85333097098214,0.5,2.540183496503497,62.39351446748564,True,10849,11355,507,0.25953808063749606,0,0.19589789746543773,0.28924011752136747,1.302888888888889,1.5064705882352942,1.4757384799338773,0.28924011752136747,59.856405,60.487484
59.85333097098214,0.5,2.540183496503497,62.39351446748564,True,10849,11355,507,0.25953808063749606,1,0.20764691343139619,0.22751420454545457,1.3321212121212125,1.379120879120879,1.1823631509080854,0.22751420454545457,60.492493,61.123572
59.85333097098214,0.5,2.540183496503497,62.39351446748564,True,10849,11355,507,0.25953808063749606,2,0.2814024106192781,0.2419218304634826,1.2658823529411765,1.4941463414634146,1.1661359197462124,0.2814024106192781,61.128581,61.75966
59.85333097098214,0.5,2.540183496503497,62.39351446748564,True,10849,11355,507,0.25953808063749606,3,0.24375777498047013,0.20497311046511624,1.2301296703296702,1.4668169934640525,1.161389399236784,0.24375777498047013,61.764669,62.39074
59.85333097098214,1.0,5.080366993006994,64.93369796398913,True,10849,11862,1014,0.25953808063749606,0,0.20440671318187065,0.2724384977715675,1.3126308784383318,1.413884416331225,1.3245599567347832,0.2724384977715675,59.856405,61.123572
59.85333097098214,1.0,5.080366993006994,64.93369796398913,True,10849,11862,1014,0.25953808063749606,1,0.27497742291919003,0.22687969365335992,1.256152777777778,1.4900392464678178,1.165214502974473,0.27497742291919003,61.128581,62.395748
59.85333097098214,1.0,5.080366993006994,64.93369796398913,True,10849,11862,1014,0.25953808063749606,2,0.20109934318555,0.23246212121212118,1.265,1.4091743119266056,1.2226842485176035,0.23246212121212118,62.400757,63.662915
59.85333097098214,1.0,5.080366993006994,64.93369796398913,True,10849,11862,1014,0.25953808063749606,3,0.26532949164656483,0.2654297091440839,1.33225,1.527560975609756,1.0806193409875302,0.2654297091440839,63.667924,64.930082
59.85333097098214,2.0,10.160733986013987,70.01406495699612,True,10849,12877,2029,0.25953808063749606,0,0.24317773769400697,0.25103645833333343,1.2975775401069518,1.4607227891156462,1.141560789928207,0.25103645833333343,59.856405,62.395748
59.85333097098214,2.0,10.160733986013987,70.01406495699612,True,10849,12877,2029,0.25953808063749606,1,0.22994715181604397,0.2529479086232398,1.3042696629213484,1.4879545454545453,1.0793427180361996,0.2529479086232398,62.400757,64.935091
59.85333097098214,2.0,10.160733986013987,70.01406495699612,True,10849,12877,2029,0.25953808063749606,2,0.2597814309346568,0.317427585584116,1.253404255319149,1.3762637362637364,1.3639646144054505,0.317427585584116,64.9401,67.474434
59.85333097098214,2.0,10.160733986013987,70.01406495699612,True,10849,12877,2029,0.25953808063749606,3,0.26235588513815045,0.26815495716034266,1.224578313253012,1.4169230769230767,1.086535765452514,0.26815495716034266,67.479443,70.013777
60.354152629743304,0.25,1.2700917482517484,61.624244377995055,True,10949,11201,253,0.24893799557440532,0,0.17406144001143975,0.2092461734693878,1.2776473526473526,1.4261702127659575,1.2532915515007828,0.2092461734693878,60.357262,60.672801
60.354152629743304,0.25,1.2700917482517484,61.624244377995055,True,10949,11201,253,0.24893799557440532,1,0.20300772497472208,0.23042643763213533,1.338048780487805,1.3853012048192772,1.2059883348462264,0.23042643763213533,60.67781,60.988341
60.354152629743304,0.25,1.2700917482517484,61.624244377995055,True,10949,11201,253,0.24893799557440532,2,0.29592579951986375,0.24445506429738795,1.2554166666666668,1.5143137254901962,1.2170658027219254,0.29592579951986375,60.99335,61.303881
60.354152629743304,0.25,1.2700917482517484,61.624244377995055,True,10949,11201,253,0.24893799557440532,3,0.2341567717996289,0.19286510786067568,1.3386046511627907,1.3728571428571428,1.2185996118927522,0.2341567717996289,61.308889,61.61942
60.354152629743304,0.5,2.540183496503497,62.8943361262468,True,10949,11455,507,0.24893799557440532,0,0.19199428402818441,0.2189280316777874,1.312608695652174,1.4038775510204082,1.2412058871773128,0.2189280316777874,60.357262,60.988341
60.354152629743304,0.5,2.540183496503497,62.8943361262468,True,10949,11455,507,0.24893799557440532,1,0.2856244772236976,0.2471241235888294,1.3043902439024393,1.4108235294117648,1.208321558469376,0.2856244772236976,60.99335,61.624429
60.354152629743304,0.5,2.540183496503497,62.8943361262468,True,10949,11455,507,0.24893799557440532,2,0.220926984557563,0.1937513914656771,1.218640776699029,1.511346153846154,1.091545508609224,0.220926984557563,61.629438,62.260517
60.354152629743304,0.5,2.540183496503497,62.8943361262468,True,10949,11455,507,0.24893799557440532,3,0.24902761219623715,0.21694613459131595,1.309094132817537,1.4322037793667006,1.0623599033500468,0.24902761219623715,62.265525,62.891596
60.354152629743304,1.0,5.080366993006994,65.4345196227503,True,10949,11962,1014,0.24893799557440532,0,0.24436138355924653,0.23480748663101603,1.3115252525252525,1.4069682539682542,1.1868278566559896,0.24436138355924653,60.357262,61.624429
60.354152629743304,1.0,5.080366993006994,65.4345196227503,True,10949,11962,1014,0.24893799557440532,1,0.2501132185055923,0.22586690875613735,1.2785828262339418,1.4683015873015877,1.0758837495641966,0.2501132185055923,61.629438,62.896605
60.354152629743304,1.0,5.080366993006994,65.4345196227503,True,10949,11962,1014,0.24893799557440532,2,0.2403766854835241,0.24427634527825626,1.1963829787234044,1.416904761904762,1.2011327285748234,0.24427634527825626,62.901613,64.163772
60.354152629743304,1.0,5.080366993006994,65.4345196227503,True,10949,11962,1014,0.24893799557440532,3,0.24939928193705652,0.2821423645320196,1.3311627906976744,1.5395348837209304,1.1406171356965242,0.2821423645320196,64.16878,65.430939
60.354152629743304,2.0,10.160733986013987,70.51488661575729,True,10949,12977,2029,0.24893799557440532,0,0.25093493950231527,0.2349322753249663,1.2968070953436808,1.4414705882352943,1.1283231495103367,0.25093493950231527,60.357262,62.896605
60.354152629743304,2.0,10.160733986013987,70.51488661575729,True,10949,12977,2029,0.24893799557440532,1,0.2433050120772947,0.2584304292013173,1.2804210526315791,1.4967676767676767,1.0991942560246604,0.2584304292013173,62.901613,65.435948
60.354152629743304,2.0,10.160733986013987,70.51488661575729,True,10949,12977,2029,0.24893799557440532,2,0.2584035714285714,0.31362000982654015,1.2675268817204302,1.3711363636363638,1.3471354990710436,0.31362000982654015,65.440956,67.975291
60.354152629743304,2.0,10.160733986013987,70.51488661575729,True,10949,12977,2029,0.24893799557440532,3,0.25981388219264234,0.275510071051139,1.211666666666667,1.4875555555555555,1.1368900313706334,0.275510071051139,67.980299,70.514633
60.854974288504465,0.25,1.2700917482517484,62.125066036756216,True,11049,11301,253,0.25640415161096053,0,0.23279647435897433,0.2449329545454546,1.311659090909091,1.4379787234042551,1.278832014262702,0.2449329545454546,60.858118,61.173658
60.854974288504465,0.25,1.2700917482517484,62.125066036756216,True,11049,11301,253,0.25640415161096053,1,0.28936303101097605,0.2541650221378875,1.2978823529411765,1.4608333333333334,1.1333427505592604,0.28936303101097605,61.178667,61.489198
60.854974288504465,0.25,1.2700917482517484,62.125066036756216,True,11049,11301,253,0.25640415161096053,2,0.23320494631587574,0.21857724907272913,1.331904761904762,1.4804444444444445,1.16506793060044,0.23320494631587574,61.494206,61.804737
60.854974288504465,0.25,1.2700917482517484,62.125066036756216,True,11049,11301,253,0.25640415161096053,3,0.24119233926128586,0.1906310072416063,1.2196,1.521219512195122,1.2968856632420633,0.24119233926128586,61.809746,62.120277
60.854974288504465,0.5,2.540183496503497,63.39515778500796,True,11049,11555,507,0.25640415161096053,0,0.27880466268819687,0.2520699913748491,1.3106976744186047,1.4468085106382975,1.177844834179887,0.27880466268819687,60.858118,61.489198
60.854974288504465,0.5,2.540183496503497,63.39515778500796,True,11049,11555,507,0.25640415161096053,1,0.24757683115608253,0.21384711173961102,1.2767058823529411,1.5081632653061223,1.2569407840395659,0.24757683115608253,61.494206,62.125286
60.854974288504465,0.5,2.540183496503497,63.39515778500796,True,11049,11555,507,0.25640415161096053,2,0.21623571087518245,0.2184218431954672,1.2948,1.3821739130434785,1.0496178153948041,0.2184218431954672,62.130294,62.761373
60.854974288504465,0.5,2.540183496503497,63.39515778500796,True,11049,11555,507,0.25640415161096053,3,0.19559225601423147,0.2347348484848486,1.2717972508591067,1.3987654320987655,1.2658277022673727,0.2347348484848486,62.766382,63.392453
60.854974288504465,1.0,5.080366993006994,65.93534128151146,True,11049,12062,1014,0.25640415161096053,0,0.2723868107201442,0.23587666555258457,1.293592246745897,1.4814126984126985,1.1948158863325395,0.2723868107201442,60.858118,62.125286
60.854974288504465,1.0,5.080366993006994,65.93534128151146,True,11049,12062,1014,0.25640415161096053,1,0.20534935368536855,0.22686681053175628,1.2810805445263755,1.3913536155202824,1.151902127979602,0.22686681053175628,62.130294,63.397461
60.854974288504465,1.0,5.080366993006994,65.93534128151146,True,11049,12062,1014,0.25640415161096053,2,0.264985347985348,0.25647963771701476,1.2902380952380952,1.526590909090909,1.1504547225201793,0.264985347985348,63.40247,64.664628
60.854974288504465,1.0,5.080366993006994,65.93534128151146,True,11049,12062,1014,0.25640415161096053,3,0.2572030075187969,0.2858894065129529,1.2807499999999998,1.43725,1.088262712333553,0.2858894065129529,64.669637,65.931796
60.854974288504465,2.0,10.160733986013987,71.01570827451846,True,11049,13077,2029,0.25640415161096053,0,0.24743398135552386,0.24386727636104977,1.2898078867542973,1.4346780303030302,1.102320344105407,0.24743398135552386,60.858118,63.397461
60.854974288504465,2.0,10.160733986013987,71.01570827451846,True,11049,13077,2029,0.25640415161096053,1,0.26031682900432895,0.27363689963496163,1.28375,1.497471264367816,1.083667667831594,0.27363689963496163,63.40247,65.936804
60.854974288504465,2.0,10.160733986013987,71.01570827451846,True,11049,13077,2029,0.25640415161096053,2,0.2589311817750356,0.31044843965437996,1.2362637362637363,1.37475,1.390950193473414,0.31044843965437996,65.941813,68.476147
60.854974288504465,2.0,10.160733986013987,71.01570827451846,True,11049,13077,2029,0.25640415161096053,3,0.2500791962409975,0.27257040989309256,1.250697674418605,1.5111111111111113,1.149862451920842,0.27257040989309256,68.481156,71.01549
61.35579594726563,0.25,1.2700917482517484,62.62588769551738,True,11149,11401,253,0.2530053922636174,0,0.2362918674698794,0.18152341975522068,1.3470893617021278,1.395,1.3416199177638175,0.2362918674698794,61.358975,61.674515
61.35579594726563,0.25,1.2700917482517484,62.62588769551738,True,11149,11401,253,0.2530053922636174,1,0.22579944205324393,0.19496273923444973,1.181707317073171,1.5355263157894736,1.2127076588366454,0.22579944205324393,61.679523,61.990054
61.35579594726563,0.25,1.2700917482517484,62.62588769551738,True,11149,11401,253,0.2530053922636174,2,0.16008588220424658,0.18957066826730706,1.2568888888888887,1.432134831460674,1.126441978253413,0.18957066826730706,61.995063,62.305594
61.35579594726563,0.25,1.2700917482517484,62.62588769551738,True,11149,11401,253,0.2530053922636174,3,0.23978164839849814,0.21553853384076405,1.332941176470588,1.3502272727272728,1.0520912577594426,0.23978164839849814,62.310602,62.621134
61.35579594726563,0.5,2.540183496503497,63.89597944376912,True,11149,11655,507,0.2530053922636174,0,0.25429283467249864,0.21541488851594337,1.2658823529411765,1.4804444444444445,1.2953821794039493,0.25429283467249864,61.358975,61.990054
61.35579594726563,0.5,2.540183496503497,63.89597944376912,True,11149,11655,507,0.2530053922636174,1,0.21511008804237253,0.22302071289200232,1.312127659574468,1.4089583333333335,1.0750146697872225,0.22302071289200232,61.995063,62.626142
61.35579594726563,0.5,2.540183496503497,63.89597944376912,True,11149,11655,507,0.2530053922636174,2,0.19890504353086613,0.2245480721852674,1.2806976744186047,1.369318181818182,1.1546854891656944,0.2245480721852674,62.631151,63.26223
61.35579594726563,0.5,2.540183496503497,63.89597944376912,True,11149,11655,507,0.2530053922636174,3,0.19285659753683004,0.2408315318756955,1.2017041198501874,1.490888888888889,1.1543092833937336,0.2408315318756955,63.267239,63.893309
61.35579594726563,1.0,5.080366993006994,66.43616294027262,True,11149,12162,1014,0.2530053922636174,0,0.2531153077561409,0.22608564160169142,1.294525,1.4554998967155548,1.1017995293342677,0.2531153077561409,61.358975,62.626142
61.35579594726563,1.0,5.080366993006994,66.43616294027262,True,11149,12162,1014,0.2530053922636174,1,0.19925559392667713,0.23044857759517368,1.2638193202146693,1.4235114045618247,1.183994225206158,0.23044857759517368,62.631151,63.898318
61.35579594726563,1.0,5.080366993006994,66.43616294027262,True,11149,12162,1014,0.2530053922636174,2,0.27759036144578314,0.28264360676804445,1.2983333333333336,1.52725,1.112032243592552,0.28264360676804445,63.903326,65.165485
61.35579594726563,1.0,5.080366993006994,66.43616294027262,True,11149,12162,1014,0.2530053922636174,3,0.2432649243560039,0.2653610038610038,1.2982222222222222,1.3777777777777778,1.1252878731697402,0.2653610038610038,65.170494,66.432652
61.35579594726563,2.0,10.160733986013987,71.51652993327961,True,11149,13177,2029,0.2530053922636174,0,0.21817536434342677,0.23420258925415316,1.2724871794871795,1.4369730392156863,1.0831603529580667,0.23420258925415316,61.358975,63.898318
61.35579594726563,2.0,10.160733986013987,71.51652993327961,True,11149,13177,2029,0.2530053922636174,1,0.26277290513104457,0.282956577266922,1.2982222222222222,1.462340425531915,1.1019308308420057,0.282956577266922,63.903326,66.437661
61.35579594726563,2.0,10.160733986013987,71.51652993327961,True,11149,13177,2029,0.2530053922636174,2,0.26417818965517237,0.30835713530655395,1.2437142857142858,1.4089130434782609,1.3372653506273342,0.30835713530655395,66.442669,68.977004
61.35579594726563,2.0,10.160733986013987,71.51652993327961,True,11149,13177,2029,0.2530053922636174,3,0.24344692807192814,0.2690036940613565,1.2663414634146342,1.5216279069767442,1.1272294095260034,0.2690036940613565,68.982012,71.516347
61.85661760602679,0.25,1.2700917482517484,63.12670935427854,True,11249,11501,253,0.2603646006879483,0,0.1967622859389795,0.1891307276756854,1.2459546703296702,1.4471589486858574,1.1498684721129613,0.1967622859389795,61.859832,62.175371
61.85661760602679,0.25,1.2700917482517484,63.12670935427854,True,11249,11501,253,0.2603646006879483,1,0.2207214839424141,0.2177912363709289,1.3128571428571427,1.519047619047619,1.08343464140438,0.2207214839424141,62.18038,62.490911
61.85661760602679,0.25,1.2700917482517484,63.12670935427854,True,11249,11501,253,0.2603646006879483,2,0.19471061092343134,0.21595354565122515,1.2921739130434782,1.3493333333333335,1.204979559571079,0.21595354565122515,62.495919,62.806451
61.85661760602679,0.25,1.2700917482517484,63.12670935427854,True,11249,11501,253,0.2603646006879483,3,0.22810978427172568,0.20863107312972828,1.3386516853932586,1.3417391304347823,1.0568184904176643,0.22810978427172568,62.811459,63.12199
61.85661760602679,0.5,2.540183496503497,64.39680110253029,True,11249,11755,507,0.2603646006879483,0,0.23912348470538558,0.17813097826086943,1.2948,1.4894505494505494,1.0695799963380055,0.23912348470538558,61.859832,62.490911
61.85661760602679,0.5,2.540183496503497,64.39680110253029,True,11249,11755,507,0.2603646006879483,1,0.20876714113873296,0.21759061771561772,1.3172549019607842,1.3465217391304347,1.0914401867420342,0.21759061771561772,62.495919,63.126999
61.85661760602679,0.5,2.540183496503497,64.39680110253029,True,11249,11755,507,0.2603646006879483,2,0.17357831872276697,0.2456944705569517,1.1815789473684213,1.4906666666666666,1.394567488923165,0.2456944705569517,63.132007,63.763087
61.85661760602679,0.5,2.540183496503497,64.39680110253029,True,11249,11755,507,0.2603646006879483,3,0.2733052154294886,0.26693017241379313,1.241841438703141,1.5418414634146342,1.1962180847063777,0.2733052154294886,63.768095,64.394166
61.85661760602679,1.0,5.080366993006994,66.93698459903378,True,11249,12262,1014,0.2603646006879483,0,0.22201175667190398,0.22664961393780614,1.3051651344909772,1.4010480054090606,1.0760031853480603,0.22664961393780614,61.859832,63.126999
61.85661760602679,1.0,5.080366993006994,66.93698459903378,True,11249,12262,1014,0.2603646006879483,1,0.24738371408600957,0.2670619488128275,1.1965248226950356,1.5167255396691899,1.1321333164877965,0.2670619488128275,63.132007,64.399174
61.85661760602679,1.0,5.080366993006994,66.93698459903378,True,11249,12262,1014,0.2603646006879483,2,0.25519112050739956,0.2832266568308235,1.3319565217391305,1.510487804878049,1.1111702695575267,0.2832266568308235,64.404183,65.666342
61.85661760602679,1.0,5.080366993006994,66.93698459903378,True,11249,12262,1014,0.2603646006879483,3,0.23415552134646955,0.2233013586604483,1.2905154639175256,1.255681818181818,1.1761222919920982,0.23415552134646955,65.67135,66.933509
61.85661760602679,2.0,10.160733986013987,72.01735159204077,True,11249,13277,2029,0.2603646006879483,0,0.2357731830950397,0.25128135737009516,1.2654166666666666,1.454148936170213,1.0891198692709283,0.25128135737009516,61.859832,64.399174
61.85661760602679,2.0,10.160733986013987,72.01735159204077,True,11249,13277,2029,0.2603646006879483,1,0.2464844110336858,0.2547259003074219,1.30987012987013,1.3614814814814815,1.235769099163829,0.2547259003074219,64.404183,66.938517
61.85661760602679,2.0,10.160733986013987,72.01735159204077,True,11249,13277,2029,0.2603646006879483,2,0.26664712543554003,0.2745618393234672,1.2355,1.5175,1.0941271167887265,0.2745618393234672,66.943526,69.47786
61.85661760602679,2.0,10.160733986013987,72.01735159204077,True,11249,13277,2029,0.2603646006879483,3,0.2356616223955762,0.27147427766032417,1.258541666666667,1.5356521739130435,1.174839724818183,0.27147427766032417,69.482869,72.017203
62.35743926478795,0.25,1.2700917482517484,63.6275310130397,True,11349,11601,253,0.2991432831181252,0,0.23417204780942902,0.21860599906802358,1.3214718614718612,1.3512386363636364,1.0537996919523582,0.23417204780942902,62.360688,62.676228
62.35743926478795,0.25,1.2700917482517484,63.6275310130397,True,11349,11601,253,0.2991432831181252,1,0.2325544871222286,0.22606363636363658,1.3172549019607842,1.3489361702127658,1.1634415828148554,0.2325544871222286,62.681236,62.991767
62.35743926478795,0.25,1.2700917482517484,63.6275310130397,True,11349,11601,253,0.2991432831181252,2,0.17297680941904692,0.2274909721219125,1.1966666666666668,1.4370833333333335,1.3204151828386996,0.2274909721219125,62.996776,63.307307
62.35743926478795,0.25,1.2700917482517484,63.6275310130397,True,11349,11601,253,0.2991432831181252,3,0.13812760097919208,0.252783741014575,1.1527027027027028,1.512929292929293,1.5583883667163239,0.252783741014575,63.312316,63.622847
62.35743926478795,0.5,2.540183496503497,64.89762276129144,True,11349,11855,507,0.2991432831181252,0,0.24209486562674298,0.22341856060606058,1.318095238095238,1.3493333333333335,1.099376481959785,0.24209486562674298,62.360688,62.991767
62.35743926478795,0.5,2.540183496503497,64.89762276129144,True,11349,11855,507,0.2991432831181252,1,0.17079333166833166,0.24401219327454027,1.1754022988505748,1.49,1.3852872949849948,0.24401219327454027,62.996776,63.627855
62.35743926478795,0.5,2.540183496503497,64.89762276129144,True,11349,11855,507,0.2991432831181252,2,0.2718188296170398,0.23540381698685553,1.2125252525252526,1.445581395348837,1.224825858678369,0.2718188296170398,63.632864,64.263943
62.35743926478795,0.5,2.540183496503497,64.89762276129144,True,11349,11855,507,0.2991432831181252,3,0.2011464125126915,0.2498670058139537,1.3616755083996464,1.558372093023256,1.2820736378018465,0.2498670058139537,64.268952,64.895022
62.35743926478795,1.0,5.080366993006994,67.43780625779495,True,11349,12362,1014,0.2991432831181252,0,0.20432400840778597,0.2323674242424243,1.2505752753977968,1.4142610198789973,1.2073449513130503,0.2323674242424243,62.360688,63.627855
62.35743926478795,1.0,5.080366993006994,67.43780625779495,True,11349,12362,1014,0.2991432831181252,1,0.25752173913043475,0.25716824737811583,1.3343218390804599,1.526789430449069,1.0843563974596933,0.25752173913043475,63.632864,64.900031
62.35743926478795,1.0,5.080366993006994,67.43780625779495,True,11349,12362,1014,0.2991432831181252,2,0.25959183673469377,0.27563876254314035,1.1938636363636363,1.3886363636363637,1.1208213887131542,0.27563876254314035,64.90504,66.167198
62.35743926478795,1.0,5.080366993006994,67.43780625779495,True,11349,12362,1014,0.2991432831181252,3,0.26170477707204887,0.32605192504801406,1.2702702702702704,1.3537777777777775,1.6250727228220707,0.32605192504801406,66.172207,67.434365
62.35743926478795,2.0,10.160733986013987,72.51817325080194,True,11349,13377,2029,0.2991432831181252,0,0.23186420566927513,0.25023982830316804,1.303134831460674,1.4878661616161615,1.0655862608149915,0.25023982830316804,62.360688,64.900031
62.35743926478795,2.0,10.160733986013987,72.51817325080194,True,11349,13377,2029,0.2991432831181252,1,0.26138301814464604,0.31855878057685305,1.24775,1.3762222222222225,1.3549861735857556,0.31855878057685305,64.90504,67.439374
62.35743926478795,2.0,10.160733986013987,72.51817325080194,True,11349,13377,2029,0.2991432831181252,2,0.26235588513815045,0.2675818961875912,1.243913043478261,1.4390697674418604,1.0806441036640928,0.2675818961875912,67.444383,69.978717
62.35743926478795,2.0,10.160733986013987,72.51817325080194,True,11349,13377,2029,0.2991432831181252,3,0.23375059127864006,0.23900031906906916,1.3429787234042554,1.5486486486486488,1.0849309031694252,0.23900031906906916,69.983725,72.51806
62.85826092354911,0.25,1.2700917482517484,64.12835267180085,True,11449,11701,253,0.3013604494705241,0,0.18220198528998288,0.20575235858315122,1.328468992248062,1.2783832840861122,1.3591443449407272,0.20575235858315122,62.861545,63.177084
62.85826092354911,0.25,1.2700917482517484,64.12835267180085,True,11449,11701,253,0.3013604494705241,1,0.14470383919883,0.16795025226637705,1.1683950617283951,1.5557142857142858,1.1603060734212198,0.16795025226637705,63.182093,63.492624
62.85826092354911,0.25,1.2700917482517484,64.12835267180085,True,11449,11701,253,0.3013604494705241,2,0.18342429064334997,0.2265016989153712,1.28025,1.416904761904762,1.2096186760745786,0.2265016989153712,63.497633,63.808164
62.85826092354911,0.25,1.2700917482517484,64.12835267180085,True,11449,11701,253,0.3013604494705241,3,0.2576302082489262,0.2289155686781401,1.1188349514563107,1.445581395348837,1.0799707494022432,0.2576302082489262,63.813172,64.123703
62.85826092354911,0.5,2.540183496503497,65.39844442005261,True,11449,11955,507,0.3013604494705241,0,0.1878277069502169,0.24884635842880531,1.2409638554216869,1.4107692307692308,1.4490444805337501,0.24884635842880531,62.861545,63.492624
62.85826092354911,0.5,2.540183496503497,65.39844442005261,True,11449,11955,507,0.3013604494705241,1,0.25063790684624004,0.23328049221043123,1.1634782608695653,1.436842105263158,1.0294238692160858,0.25063790684624004,63.497633,64.128712
62.85826092354911,0.5,2.540183496503497,65.39844442005261,True,11449,11955,507,0.3013604494705241,2,0.21563971308264773,0.21584313133571853,1.36575,1.5662222222222224,1.1742792853491064,0.21584313133571853,64.13372,64.7648
62.85826092354911,0.5,2.540183496503497,65.39844442005261,True,11449,11955,507,0.3013604494705241,3,0.24712213257395976,0.23993674429019252,1.229735042735043,1.4277083333333334,1.091945355115887,0.24712213257395976,64.769808,65.395879
62.85826092354911,1.0,5.080366993006994,67.9386279165561,True,11449,12462,1014,0.3013604494705241,0,0.23764764443477304,0.2441880263747671,1.1965248226950356,1.4260408163265308,1.1755765390300252,0.2441880263747671,62.861545,64.128712
62.85826092354911,1.0,5.080366993006994,67.9386279165561,True,11449,12462,1014,0.3013604494705241,1,0.24934982957038232,0.2815024425287356,1.332103260869565,1.531349684845163,1.1156757939162614,0.2815024425287356,64.13372,65.400888
62.85826092354911,1.0,5.080366993006994,67.9386279165561,True,11449,12462,1014,0.3013604494705241,2,0.24478315842078968,0.27318674698795187,1.330967741935484,1.345494505494505,1.1594641908312655,0.27318674698795187,65.405896,66.668055
62.85826092354911,1.0,5.080366993006994,67.9386279165561,True,11449,12462,1014,0.3013604494705241,3,0.26848467393184583,0.3214032520325204,1.2130120481927713,1.4955555555555555,1.5359914850354193,0.3214032520325204,66.673063,67.935222
62.85826092354911,2.0,10.160733986013987,73.0189949095631,True,11449,13477,2029,0.3013604494705241,0,0.24364133022774326,0.25754550924588804,1.280559363525092,1.490888888888889,1.0890305847494353,0.25754550924588804,62.861545,65.400888
62.85826092354911,2.0,10.160733986013987,73.0189949095631,True,11449,13477,2029,0.3013604494705241,1,0.2587813492063492,0.31362000982654015,1.270263157894737,1.3762222222222225,1.3455471225655269,0.31362000982654015,65.405896,67.940231
62.85826092354911,2.0,10.160733986013987,73.0189949095631,True,11449,13477,2029,0.3013604494705241,2,0.25880655850367307,0.2736992689139568,1.208,1.4806818181818182,1.1496622339800266,0.2736992689139568,67.945239,70.479573
62.85826092354911,2.0,10.160733986013987,73.0189949095631,True,11449,13477,2029,0.3013604494705241,3,0.24972604913446406,0.24018629233807987,1.3429787234042554,1.5382926829268295,1.1659788753949183,0.24972604913446406,70.484582,73.018916
63.359082582310265,0.25,1.2700917482517484,64.62917433056201,True,11549,11801,253,0.30217761324041803,0,0.16378097165381134,0.2502165471614429,1.1586355311355312,1.5077277131782947,1.3290393298124972,0.2502165471614429,63.362401,63.677941
63.359082582310265,0.25,1.2700917482517484,64.62917433056201,True,11549,11801,253,0.30217761324041803,1,0.21436335231767123,0.2194373041687805,1.241063829787234,1.4216326530612244,1.111171412532114,0.2194373041687805,63.68295,63.993481
63.359082582310265,0.25,1.2700917482517484,64.62917433056201,True,11549,11801,253,0.30217761324041803,2,0.28712212283840194,0.18337498769022453,1.1495121951219514,1.52725,1.4108468338649547,0.28712212283840194,63.998489,64.30902
63.359082582310265,0.25,1.2700917482517484,64.62917433056201,True,11549,11801,253,0.30217761324041803,3,0.20663020700230006,0.21936455857827797,1.3778048780487806,1.568181818181818,1.142561469840799,0.21936455857827797,64.314029,64.62456
63.359082582310265,0.5,2.540183496503497,65.89926607881377,True,11549,12055,507,0.30217761324041803,0,0.20181078224101467,0.23328049221043123,1.1808602150537637,1.460990099009901,1.1894409285784973,0.23328049221043123,63.362401,63.993481
63.359082582310265,0.5,2.540183496503497,65.89926607881377,True,11549,12055,507,0.30217761324041803,1,0.28943827539660866,0.21891211345381512,1.3430232558139534,1.553421052631579,1.3467226725077561,0.28943827539660866,63.998489,64.629569
63.359082582310265,0.5,2.540183496503497,65.89926607881377,True,11549,12055,507,0.30217761324041803,2,0.24706039128829815,0.2773211461857469,1.2816666666666665,1.4893478260869566,1.114945397095634,0.2773211461857469,64.634577,65.265656
63.359082582310265,0.5,2.540183496503497,65.89926607881377,True,11549,12055,507,0.30217761324041803,3,0.24950550323242637,0.28806344675089424,1.301949404761905,1.3857284382284383,1.10395923194988,0.28806344675089424,65.270665,65.896736
63.359082582310265,1.0,5.080366993006994,68.43944957531725,True,11549,12562,1014,0.30217761324041803,0,0.264826923076923,0.25619912387324395,1.2754583333333334,1.5232021276595744,1.1356401154403006,0.264826923076923,63.362401,64.629569
63.359082582310265,1.0,5.080366993006994,68.43944957531725,True,11549,12562,1014,0.30217761324041803,1,0.2566968932748537,0.2856330725198215,1.2963617886178864,1.4400084033613445,1.106711192129125,0.2856330725198215,64.634577,65.901744
63.359082582310265,1.0,5.080366993006994,68.43944957531725,True,11549,12562,1014,0.30217761324041803,2,0.26458961038961043,0.2527337047113184,1.208157894736842,1.2840506329113923,1.2194706209251245,0.26458961038961043,65.906753,67.168911
63.359082582310265,1.0,5.080366993006994,68.43944957531725,True,11549,12562,1014,0.30217761324041803,3,0.23368355902256888,0.29077586905437147,1.243913043478261,1.5505747126436782,1.3371955840291165,0.29077586905437147,67.17392,68.436079
63.359082582310265,2.0,10.160733986013987,73.51981656832425,True,11549,13577,2029,0.30217761324041803,0,0.2599759697539302,0.27348173270169396,1.2834539473684212,1.4964070941977918,1.0811033830976546,0.27348173270169396,63.362401,65.901744
63.359082582310265,2.0,10.160733986013987,73.51981656832425,True,11549,13577,2029,0.30217761324041803,1,0.2601382113821138,0.31044843965437996,1.2329545454545454,1.3745652173913043,1.391376266861817,0.31044843965437996,65.906753,68.441087
63.359082582310265,2.0,10.160733986013987,73.51981656832425,True,11549,13577,2029,0.30217761324041803,2,0.250534430641822,0.272597286160841,1.2575903614457833,1.52,1.1385626082746236,0.272597286160841,68.446096,70.98043
63.359082582310265,2.0,10.160733986013987,73.51981656832425,True,11549,13577,2029,0.30217761324041803,3,0.24245824985084463,0.23872614379084955,1.350666666666667,1.55609756097561,1.1417495400594884,0.24245824985084463,70.985439,73.519773
63.859904241071426,0.25,1.2700917482517484,65.12999598932318,True,11649,11901,253,0.3021465434910374,0,0.2792438440492477,0.23490865803911776,1.1222898161536872,1.4337826086956524,1.1352122893148395,0.2792438440492477,63.863258,64.178798
63.859904241071426,0.25,1.2700917482517484,65.12999598932318,True,11649,11901,253,0.3021465434910374,1,0.21582881002096954,0.22563138550135498,1.3647368421052632,1.5848192771084335,1.0878737136061931,0.22563138550135498,64.183806,64.494337
63.859904241071426,0.25,1.2700917482517484,65.12999598932318,True,11649,11901,253,0.3021465434910374,2,0.20333297944655893,0.25559694333104777,1.362068965517241,1.5312359550561798,1.227540579640635,0.25559694333104777,64.499346,64.809877
63.859904241071426,0.25,1.2700917482517484,65.12999598932318,True,11649,11901,253,0.3021465434910374,3,0.2545034522605806,0.247477835849787,1.1745238095238095,1.43,1.1127941605845013,0.2545034522605806,64.814885,65.125417
63.859904241071426,0.5,2.540183496503497,66.40008773757492,True,11649,12155,507,0.3021465434910374,0,0.28051086721920054,0.26340527777777767,1.2545098039215687,1.5564556962025315,1.2498396755218906,0.28051086721920054,63.863258,64.494337
63.859904241071426,0.5,2.540183496503497,66.40008773757492,True,11649,12155,507,0.3021465434910374,1,0.26334064562154436,0.2726556745917036,1.3197333333333334,1.4861111111111112,1.0821061331631499,0.2726556745917036,64.499346,65.130425
63.859904241071426,0.5,2.540183496503497,66.40008773757492,True,11649,12155,507,0.3021465434910374,2,0.2344208043484588,0.28711866483670523,1.3365789473684213,1.4848888888888887,1.0869491043590809,0.28711866483670523,65.135434,65.766513
63.859904241071426,0.5,2.540183496503497,66.40008773757492,True,11649,12155,507,0.3021465434910374,3,0.24239801790281335,0.22384397417503588,1.192663302495094,1.354878048780488,1.0682706029144182,0.24239801790281335,65.771522,66.397592
63.859904241071426,1.0,5.080366993006994,68.94027123407842,True,11649,12662,1014,0.3021465434910374,0,0.2773558519793459,0.2824291247233526,1.3033000000000001,1.5271189759036146,1.1167956733857738,0.2824291247233526,63.863258,65.130425
63.859904241071426,1.0,5.080366993006994,68.94027123407842,True,11649,12662,1014,0.3021465434910374,1,0.24317649413929399,0.26530099742599744,1.2957550596782563,1.3870802469135803,1.1119419041949987,0.26530099742599744,65.135434,66.402601
63.859904241071426,1.0,5.080366993006994,68.94027123407842,True,11649,12662,1014,0.3021465434910374,2,0.26364578114467097,0.32605192504801406,1.2526190476190475,1.3754761904761903,1.679723768484181,0.32605192504801406,66.407609,67.669768
63.859904241071426,1.0,5.080366993006994,68.94027123407842,True,11649,12662,1014,0.3021465434910374,3,0.26111353845783314,0.2684120118199559,1.208,1.4480851063829787,1.0490288085260182,0.2684120118199559,67.674777,68.936935
63.859904241071426,2.0,10.160733986013987,74.02063822708541,True,11649,13677,2029,0.3021465434910374,0,0.26271880504139633,0.28273505443045666,1.2982777777777779,1.464606446776612,1.1005688158847133,0.28273505443045666,63.863258,66.402601
63.859904241071426,2.0,10.160733986013987,74.02063822708541,True,11649,13677,2029,0.3021465434910374,1,0.26417818965517237,0.30835713530655395,1.2437142857142858,1.4069230769230767,1.3438757806035457,0.30835713530655395,66.407609,68.941944
63.859904241071426,2.0,10.160733986013987,74.02063822708541,True,11649,13677,2029,0.3021465434910374,2,0.24344692807192814,0.2690036940613565,1.2663414634146342,1.5216279069767442,1.1260201874101397,0.2690036940613565,68.946952,71.481287
63.859904241071426,2.0,10.160733986013987,74.02063822708541,True,11649,13677,2029,0.3021465434910374,3,0.24280742821600454,0.25842460317460325,1.3484444444444443,1.542439024390244,1.1374885223054005,0.25842460317460325,71.486295,74.02063
64.36072589983259,0.25,1.2700917482517484,65.63081764808433,True,11749,12001,253,0.300674342105263,0,0.20653871709685667,0.20784914481434613,1.3706756756756757,1.5596773255813954,1.0882237897486067,0.20784914481434613,64.364115,64.679654
64.36072589983259,0.25,1.2700917482517484,65.63081764808433,True,11749,12001,253,0.300674342105263,1,0.25027328568802276,0.2970890478968803,1.3241304347826088,1.449591836734694,1.202211596679732,0.2970890478968803,64.684663,64.995194
64.36072589983259,0.25,1.2700917482517484,65.63081764808433,True,11749,12001,253,0.300674342105263,2,0.24240208855472012,0.23128557571814146,1.1932608695652174,1.433953488372093,1.0978471804202734,0.24240208855472012,65.000202,65.310733
64.36072589983259,0.25,1.2700917482517484,65.63081764808433,True,11749,12001,253,0.300674342105263,3,0.21868499010390896,0.31693357603324,1.3575,1.5125773195876289,1.279210640725816,0.31693357603324,65.315742,65.626273
64.36072589983259,0.5,2.540183496503497,66.90090939633609,True,11749,12255,507,0.300674342105263,0,0.21652385942411123,0.2773637594583831,1.3553061224489795,1.5430434782608695,1.1115812394537967,0.2773637594583831,64.364115,64.995194
64.36072589983259,0.5,2.540183496503497,66.90090939633609,True,11749,12255,507,0.300674342105263,1,0.25437275641025625,0.29714245090016356,1.2807499999999998,1.458736842105263,1.137441712631041,0.29714245090016356,65.000202,65.631282
64.36072589983259,0.5,2.540183496503497,66.90090939633609,True,11749,12255,507,0.300674342105263,2,0.25954558554056306,0.23865557850086483,1.178987341772152,1.3602247191011236,1.1035713196715433,0.25954558554056306,65.63629,66.26737
64.36072589983259,0.5,2.540183496503497,66.90090939633609,True,11749,12255,507,0.300674342105263,3,0.19212292122175834,0.20547628153722786,1.3125,1.1861666666666668,1.5051715315364755,0.20547628153722786,66.272378,66.898449
64.36072589983259,1.0,5.080366993006994,69.44109289283958,True,11749,12762,1014,0.300674342105263,0,0.25368891251279624,0.2943749001725019,1.3369258373205741,1.5179345238095239,1.13655757533462,0.2943749001725019,64.364115,65.631282
64.36072589983259,1.0,5.080366993006994,69.44109289283958,True,11749,12762,1014,0.300674342105263,1,0.2384827736393128,0.22356080855680782,1.295148500980667,1.2660254988913526,1.164120103171293,0.2384827736393128,65.63629,66.903457
64.36072589983259,1.0,5.080366993006994,69.44109289283958,True,11749,12762,1014,0.300674342105263,2,0.269128502314684,0.28915026633024943,1.2437142857142858,1.560731707317073,1.195433431106142,0.28915026633024943,66.908466,68.170625
64.36072589983259,1.0,5.080366993006994,69.44109289283958,True,11749,12762,1014,0.300674342105263,3,0.2629642425085462,0.26329687266867596,1.2036170212765958,1.4169230769230767,1.0226266868903646,0.26329687266867596,68.175633,69.437792
64.36072589983259,2.0,10.160733986013987,74.52145988584658,True,11749,13776,2028,0.300674342105263,0,0.24698320814675712,0.272364789196311,1.317979797979798,1.3735135135135137,1.247444487629007,0.272364789196311,64.364115,66.898449
64.36072589983259,2.0,10.160733986013987,74.52145988584658,True,11749,13776,2028,0.300674342105263,1,0.26649207317073165,0.28201084344052507,1.2355,1.502127659574468,1.133761250693093,0.28201084344052507,66.903457,69.437792
64.36072589983259,2.0,10.160733986013987,74.52145988584658,True,11749,13776,2028,0.300674342105263,2,0.23863392227406188,0.27023768092372746,1.250697674418605,1.5329545454545457,1.1724788526077072,0.27023768092372746,69.4428,71.977135
64.36072589983259,2.0,10.160733986013987,74.52145988584658,True,11749,13776,2028,0.300674342105263,3,0.24491050976889994,0.2732768800966475,1.3453061224489795,1.5391011235955057,1.2274303621950398,0.2732768800966475,71.982143,74.516478
64.86154755859374,0.25,1.2700917482517484,66.13163930684549,True,11849,12101,253,0.30024925662821955,0,0.18135821592687962,0.2473058190304125,1.1626527777777778,1.4362708618331053,1.3370514645646925,0.2473058190304125,64.864971,65.180511
64.86154755859374,0.25,1.2700917482517484,66.13163930684549,True,11849,12101,253,0.30024925662821955,1,0.19874673972530843,0.2314027567517053,1.3426190476190476,1.5125773195876289,1.1919727112256078,0.2314027567517053,65.185519,65.49605
64.86154755859374,0.25,1.2700917482517484,66.13163930684549,True,11849,12101,253,0.30024925662821955,2,0.26518800161322853,0.3069268130729915,1.3344086021505377,1.4527472527472527,1.170854122358219,0.3069268130729915,65.501059,65.81159
64.86154755859374,0.25,1.2700917482517484,66.13163930684549,True,11849,12101,253,0.30024925662821955,3,0.22672888198757768,0.22134680910487348,1.1701333333333337,1.2973333333333332,1.109074426592288,0.22672888198757768,65.816599,66.12713
64.86154755859374,0.5,2.540183496503497,67.40173105509724,True,11849,12355,507,0.30024925662821955,0,0.2523657678332376,0.2564072246858832,1.2012820512820512,1.458736842105263,1.098339319194452,0.2564072246858832,64.864971,65.49605
64.86154755859374,0.5,2.540183496503497,67.40173105509724,True,11849,12355,507,0.30024925662821955,1,0.26821298449612396,0.29816025641025645,1.237283950617284,1.35,1.2607554083380328,0.29816025641025645,65.501059,66.132138
64.86154755859374,0.5,2.540183496503497,67.40173105509724,True,11849,12355,507,0.30024925662821955,2,0.20292513718317218,0.22368164184953,1.3362790697674418,1.2118604651162792,1.351237011302285,0.22368164184953,66.137147,66.768226
64.86154755859374,0.5,2.540183496503497,67.40173105509724,True,11849,12355,507,0.30024925662821955,3,0.19148689963790388,0.3254659090909091,1.1708885941644562,1.5707926829268293,2.3430746814283987,0.3254659090909091,66.773235,67.399305
64.86154755859374,1.0,5.080366993006994,69.94191455160073,True,11849,12862,1014,0.30024925662821955,0,0.2592974064625849,0.2734040200391007,1.214404761904762,1.3901321353065539,1.1449998355101418,0.2734040200391007,64.864971,66.132138
64.86154755859374,1.0,5.080366993006994,69.94191455160073,True,11849,12862,1014,0.30024925662821955,1,0.2606795206825695,0.3259958516185528,1.2501944444444444,1.3565317460317459,1.6252248544273533,0.3259958516185528,66.137147,67.404314
64.86154755859374,1.0,5.080366993006994,69.94191455160073,True,11849,12862,1014,0.30024925662821955,2,0.2488084911072863,0.2713069739443681,1.2437142857142858,1.4606,1.0930196018359377,0.2713069739443681,67.409323,68.671481
64.86154755859374,1.0,5.080366993006994,69.94191455160073,True,11849,12862,1014,0.30024925662821955,3,0.2653416666666667,0.2572656358226427,1.2584615384615383,1.454390243902439,1.1751031615202778,0.2653416666666667,68.67649,69.938648
64.86154755859374,2.0,10.160733986013987,75.02228154460772,True,11849,13876,2028,0.30024925662821955,0,0.2597678571428571,0.31855878057685305,1.24046511627907,1.3762222222222225,1.3547317862460693,0.31855878057685305,64.864971,67.399305
64.86154755859374,2.0,10.160733986013987,75.02228154460772,True,11849,13876,2028,0.30024925662821955,1,0.2627773156953148,0.2675818961875912,1.2455813953488373,1.4593023255813953,1.0592669183487018,0.2675818961875912,67.404314,69.938648
64.86154755859374,2.0,10.160733986013987,75.02228154460772,True,11849,13876,2028,0.30024925662821955,2,0.23375059127864006,0.23948484477124177,1.3355555555555554,1.546086956521739,1.0615126743834986,0.23948484477124177,69.943657,72.477991
64.86154755859374,2.0,10.160733986013987,75.02228154460772,True,11849,13876,2028,0.30024925662821955,3,0.24120095564547817,0.28578373983739835,1.2866666666666666,1.4976190476190476,1.180993843445845,0.28578373983739835,72.483,75.017334
65.36236921735491,0.25,1.2700917482517484,66.63246096560665,True,11949,12201,253,0.2981982355005782,0,0.22770371447028426,0.30907697363016506,1.3350099900099899,1.4902605363984673,1.206872871104858,0.30907697363016506,65.365828,65.681367
65.36236921735491,0.25,1.2700917482517484,66.63246096560665,True,11949,12201,253,0.2981982355005782,1,0.27236604915627305,0.2321816587504567,1.1926829268292682,1.35,1.156375608885955,0.27236604915627305,65.686376,65.996907
65.36236921735491,0.25,1.2700917482517484,66.63246096560665,True,11949,12201,253,0.2981982355005782,2,0.25015942539177827,0.2407484539674244,1.296829268292683,1.3735135135135137,1.139355803750975,0.25015942539177827,66.001916,66.312447
65.36236921735491,0.25,1.2700917482517484,66.63246096560665,True,11949,12201,253,0.2981982355005782,3,0.19637899309992335,0.21558862322204864,1.3467469879518073,1.2118604651162792,1.4534627214501883,0.21558862322204864,66.317455,66.627986
65.36236921735491,0.5,2.540183496503497,67.90255271385841,True,11949,12455,507,0.2981982355005782,0,0.2559379740980574,0.29816025641025645,1.3011904761904762,1.3777777777777778,1.1737392581069663,0.29816025641025645,65.365828,65.996907
65.36236921735491,0.5,2.540183496503497,67.90255271385841,True,11949,12455,507,0.2981982355005782,1,0.23476705171358625,0.21855554718875492,1.3362790697674418,1.3269230769230769,1.07231778226614,0.23476705171358625,66.001916,66.632995
65.36236921735491,0.5,2.540183496503497,67.90255271385841,True,11949,12455,507,0.2981982355005782,2,0.18124413068997003,0.32903535324888145,1.1674468085106384,1.3008421052631578,2.120082436763165,0.32903535324888145,66.638003,67.269083
65.36236921735491,0.5,2.540183496503497,67.90255271385841,True,11949,12455,507,0.2981982355005782,3,0.22400273457223763,0.2844006549453628,1.2936377005347595,1.6062121212121214,1.270827147310318,0.2844006549453628,67.274091,67.900162
65.36236921735491,1.0,5.080366993006994,70.4427362103619,True,11949,12962,1014,0.2981982355005782,0,0.24447070423121775,0.2704752506265664,1.3291666666666666,1.3536330749354004,1.1291436359110467,0.2704752506265664,65.365828,66.632995
65.36236921735491,1.0,5.080366993006994,70.4427362103619,True,11949,12962,1014,0.2981982355005782,1,0.2583427923252781,0.32255506934481104,1.2140368882939165,1.4599511627906976,1.6163819628300833,0.32255506934481104,66.638003,67.905171
65.36236921735491,1.0,5.080366993006994,70.4427362103619,True,11949,12962,1014,0.2981982355005782,2,0.26382554386803725,0.2692380207725521,1.2551428571428571,1.454186046511628,1.0451394546715902,0.2692380207725521,67.910179,69.172338
65.36236921735491,1.0,5.080366993006994,70.4427362103619,True,11949,12962,1014,0.2981982355005782,3,0.24844761904761892,0.2729725903614457,1.2018604651162792,1.4832183908045975,1.2127366079006916,0.2729725903614457,69.177346,70.439505
65.36236921735491,2.0,10.160733986013987,75.52310320336889,True,11949,13976,2028,0.2981982355005782,0,0.25770919158361016,0.31362000982654015,1.253404255319149,1.377948717948718,1.3608374849159208,0.31362000982654015,65.365828,67.900162
65.36236921735491,2.0,10.160733986013987,75.52310320336889,True,11949,13976,2028,0.2981982355005782,1,0.2605655055692657,0.2718619044667897,1.2127906976744185,1.4680000000000002,1.1225747839485871,0.2718619044667897,67.905171,70.439505
65.36236921735491,2.0,10.160733986013987,75.52310320336889,True,11949,13976,2028,0.2981982355005782,2,0.24972604913446406,0.24046875884374352,1.3428915662650602,1.5382926829268295,1.159569723226247,0.24972604913446406,70.444514,72.978848
65.36236921735491,2.0,10.160733986013987,75.52310320336889,True,11949,13976,2028,0.2981982355005782,3,0.2340207364341086,0.28725968899521537,1.291282051282051,1.54,1.2512692794240377,0.28725968899521537,72.983856,75.518191
65.86319087611608,0.25,1.2700917482517484,67.13328262436782,True,12049,12301,253,0.29861280487804875,0,0.2121043478260869,0.254755423504999,1.1621479229989868,1.3256813361611877,1.3173135970454657,0.254755423504999,65.866684,66.182224
65.86319087611608,0.25,1.2700917482517484,67.13328262436782,True,12049,12301,253,0.29861280487804875,1,0.19877375740171765,0.19144101301795158,1.3771111111111112,1.3855813953488372,1.4122201345138792,0.19877375740171765,66.187232,66.497764
65.86319087611608,0.25,1.2700917482517484,67.13328262436782,True,12049,12301,253,0.29861280487804875,2,0.10432458197783712,0.048118617619493875,1.320681818181818,1.1614117647058824,2.435170800800121,0.10432458197783712,66.502772,66.813303
65.86319087611608,0.25,1.2700917482517484,67.13328262436782,True,12049,12301,253,0.29861280487804875,3,0.15161275680840886,0.2308399527007693,1.0632608695652173,1.3263829787234045,2.408241605640337,0.2308399527007693,66.818312,67.128843
65.86319087611608,0.5,2.540183496503497,68.40337437261958,True,12049,12555,507,0.29861280487804875,0,0.23725366917186608,0.2225907520325202,1.2946808510638297,1.3537777777777775,1.1490817462961886,0.23725366917186608,65.866684,66.497764
65.86319087611608,0.5,2.540183496503497,68.40337437261958,True,12049,12555,507,0.29861280487804875,1,0.1881330320185265,0.23348628746492495,1.1777777777777778,1.1858333333333333,2.41883027880036,0.23348628746492495,66.502772,67.133851
65.86319087611608,0.5,2.540183496503497,68.40337437261958,True,12049,12555,507,0.29861280487804875,2,0.20314620462046207,0.2938600028019053,1.313061224489796,1.6829545454545454,1.5076851275848995,0.2938600028019053,67.13886,67.769939
65.86319087611608,0.5,2.540183496503497,68.40337437261958,True,12049,12555,507,0.29861280487804875,3,0.25887915702971687,0.26850103185691365,1.1717667060910704,1.3798096264367818,1.103069960492796,0.26850103185691365,67.774948,68.401019
65.86319087611608,1.0,5.080366993006994,70.94355786912307,True,12049,13062,1014,0.29861280487804875,0,0.26438495670995676,0.2318003056519783,1.2130444856348472,1.2660254988913526,1.1290369204152226,0.26438495670995676,65.866684,67.133851
65.86319087611608,1.0,5.080366993006994,70.94355786912307,True,12049,13062,1014,0.29861280487804875,1,0.23359363883610573,0.29100414269508135,1.2437321428571428,1.5537210912615982,1.3391121834447095,0.29100414269508135,67.13886,68.406027
65.86319087611608,1.0,5.080366993006994,70.94355786912307,True,12049,13062,1014,0.29861280487804875,2,0.26382554386803725,0.262766202076835,1.272142857142857,1.4951219512195122,1.1193517401351853,0.26382554386803725,68.411036,69.673194
65.86319087611608,1.0,5.080366993006994,70.94355786912307,True,12049,13062,1014,0.29861280487804875,3,0.23221316078996745,0.2787680854455603,1.2253333333333334,1.5291764705882351,1.2700030167722263,0.2787680854455603,69.678203,70.940362
65.86319087611608,2.0,10.160733986013987,76.02392486213006,True,12049,14076,2028,0.29861280487804875,0,0.2601382113821138,0.31044843965437996,1.233409090909091,1.3711363636363638,1.3757087325063542,0.31044843965437996,65.866684,68.401019
65.86319087611608,2.0,10.160733986013987,76.02392486213006,True,12049,14076,2028,0.29861280487804875,1,0.250534430641822,0.274897041062802,1.2470270270270272,1.5204166666666663,1.1719506567777072,0.274897041062802,68.406027,70.940362
65.86319087611608,2.0,10.160733986013987,76.02392486213006,True,12049,14076,2028,0.29861280487804875,2,0.24245824985084463,0.23872614379084955,1.3575555555555556,1.555,1.1488732371968402,0.24245824985084463,70.94537,73.479704
65.86319087611608,2.0,10.160733986013987,76.02392486213006,True,12049,14076,2028,0.29861280487804875,3,0.24186115288220555,0.2764227390212065,1.283658536585366,1.482926829268293,1.0909916161008437,0.2764227390212065,73.484713,76.019047
66.36401253487723,0.25,1.2700917482517484,67.63410428312898,True,12149,12401,253,0.29640055352181016,0,0.19395613522689925,0.21330676392572956,1.3456818181818182,1.187451550387597,1.6613063885435009,0.21330676392572956,66.367541,66.683081
66.36401253487723,0.25,1.2700917482517484,67.63410428312898,True,12149,12401,253,0.29640055352181016,1,0.1600290498313146,0.11039638242894056,1.162,1.1805,2.500109087502531,0.1600290498313146,66.688089,66.99862
66.36401253487723,0.25,1.2700917482517484,67.63410428312898,True,12149,12401,253,0.29640055352181016,2,0.1901195028547013,0.22586359110102716,1.1674468085106384,1.7166265060240964,3.406884297232802,0.22586359110102716,67.003629,67.31416
66.36401253487723,0.25,1.2700917482517484,67.63410428312898,True,12149,12401,253,0.29640055352181016,3,0.21084188311688312,0.27939128607453056,1.3456521739130434,1.5864285714285715,1.4224139527936226,0.27939128607453056,67.319168,67.629699
66.36401253487723,0.5,2.540183496503497,68.90419603138074,True,12149,12655,507,0.29640055352181016,0,0.24322427714129824,0.1995997381248873,1.2753846153846151,1.1825,1.2140188603232183,0.24322427714129824,66.367541,66.99862
66.36401253487723,0.5,2.540183496503497,68.90419603138074,True,12149,12655,507,0.29640055352181016,1,0.2781959624780144,0.27822596899224805,1.235,1.6623255813953488,1.3006670369377493,0.27822596899224805,67.003629,67.634708
66.36401253487723,0.5,2.540183496503497,68.90419603138074,True,12149,12655,507,0.29640055352181016,2,0.23289404013359827,0.27220941670219445,1.2577777777777777,1.3822222222222222,1.1710067951031211,0.27220941670219445,67.639717,68.270796
66.36401253487723,0.5,2.540183496503497,68.90419603138074,True,12149,12655,507,0.29640055352181016,3,0.2730242054693276,0.25901701651489417,1.1818131313131313,1.5169642857142858,1.0904276297427222,0.2730242054693276,68.275804,68.901875
66.36401253487723,1.0,5.080366993006994,71.44437952788422,True,12149,13162,1014,0.29640055352181016,0,0.2634778624529548,0.3259958516185528,1.245719696969697,1.350751633986928,1.647446735071435,0.3259958516185528,66.367541,67.634708
66.36401253487723,1.0,5.080366993006994,71.44437952788422,True,12149,13162,1014,0.29640055352181016,1,0.2607325638038256,0.2712520769801888,1.2054772727272727,1.4649195402298851,1.067289746276746,0.2712520769801888,67.639717,68.906884
66.36401253487723,1.0,5.080366993006994,71.44437952788422,True,12149,13162,1014,0.29640055352181016,2,0.25881321388577816,0.266022298799547,1.2695121951219512,1.4369999999999998,1.1644877330078085,0.266022298799547,68.911892,70.174051
66.36401253487723,1.0,5.080366993006994,71.44437952788422,True,12149,13162,1014,0.29640055352181016,3,0.24009449953385886,0.24136074108818006,1.252708333333333,1.5474358974358975,1.1050115074162696,0.24136074108818006,70.17906,71.441218
66.36401253487723,2.0,10.160733986013987,76.52474652089123,True,12149,14176,2028,0.29640055352181016,0,0.26417818965517237,0.30835713530655395,1.2378313253012048,1.4051063829787234,1.3451472877528698,0.30835713530655395,66.367541,68.901875
66.36401253487723,2.0,10.160733986013987,76.52474652089123,True,12149,14176,2028,0.29640055352181016,1,0.24344692807192814,0.2690036940613565,1.258541666666667,1.5202597402597402,1.131602776427761,0.2690036940613565,68.906884,71.441218
66.36401253487723,2.0,10.160733986013987,76.52474652089123,True,12149,14176,2028,0.29640055352181016,2,0.24280742821600454,0.25373526751026754,1.3471111111111111,1.5445238095238096,1.1600311664212906,0.25373526751026754,71.446227,73.980561
66.36401253487723,2.0,10.160733986013987,76.52474652089123,True,12149,14176,2028,0.29640055352181016,3,0.2488283597343548,0.2803607651912978,1.2787654320987654,1.5202564102564102,1.0978823496772436,0.2803607651912978,73.98557,76.519904
66.86483419363839,0.25,1.2700917482517484,68.13492594189013,True,12249,12501,253,0.2784027173913044,0,0.11339603105228102,0.3095433327791577,1.074716854535695,1.3913669250645997,2.6349164420360904,0.3095433327791577,66.868397,67.183937
66.86483419363839,0.25,1.2700917482517484,68.13492594189013,True,12249,12501,253,0.2784027173913044,1,0.17442484710241657,0.15831779836459048,1.3373170731707316,1.7378571428571428,2.6881407665606663,0.17442484710241657,67.188946,67.499477
66.86483419363839,0.25,1.2700917482517484,68.13492594189013,True,12249,12501,253,0.2784027173913044,2,0.23395359147025818,0.25735205627705626,1.1896296296296296,1.3711363636363638,1.066471108899492,0.25735205627705626,67.504485,67.815016
66.86483419363839,0.25,1.2700917482517484,68.13492594189013,True,12249,12501,253,0.2784027173913044,3,0.2096259628256616,0.22018268354826487,1.3355,1.5430588235294118,1.413326932739754,0.22018268354826487,67.820025,68.130556
66.86483419363839,0.5,2.540183496503497,69.40501769014189,True,12249,12755,507,0.2784027173913044,0,0.268760106274775,0.31505120663650055,1.196901408450704,1.6623255813953488,1.7797309450841818,0.31505120663650055,66.868397,67.499477
66.86483419363839,0.5,2.540183496503497,69.40501769014189,True,12249,12755,507,0.2784027173913044,1,0.23542233723810024,0.2619168859918377,1.2934117647058825,1.4480851063829787,1.1320338149116704,0.2619168859918377,67.504485,68.135565
66.86483419363839,0.5,2.540183496503497,69.40501769014189,True,12249,12755,507,0.2784027173913044,2,0.2622838061978431,0.2725852284073079,1.1627272727272726,1.3734210526315789,1.165143411293895,0.2725852284073079,68.140573,68.771653
66.86483419363839,0.5,2.540183496503497,69.40501769014189,True,12249,12755,507,0.2784027173913044,3,0.23889364261168378,0.23738589567604673,1.3329972899728997,1.4796512539184952,1.0881529153330738,0.23889364261168378,68.776661,69.402732
66.86483419363839,1.0,5.080366993006994,71.94520118664538,True,12249,13262,1014,0.2784027173913044,0,0.26908835415949484,0.2962747798772454,1.2339772727272726,1.5596251129177956,1.2492422839869852,0.2962747798772454,66.868397,68.135565
66.86483419363839,1.0,5.080366993006994,71.94520118664538,True,12249,13262,1014,0.2784027173913044,1,0.2622488640051931,0.26497715454924486,1.2429451219512195,1.4165726495726496,1.0267002741484001,0.26497715454924486,68.140573,69.40774
66.86483419363839,1.0,5.080366993006994,71.94520118664538,True,12249,13262,1014,0.2784027173913044,2,0.24943058823529385,0.27755112819606464,1.1922580645161287,1.5291764705882351,1.2489735502260801,0.27755112819606464,69.412749,70.674908
66.86483419363839,1.0,5.080366993006994,71.94520118664538,True,12249,13262,1014,0.2784027173913044,3,0.22424299826141947,0.23623746047234429,1.3109756097560976,1.5323076923076924,1.1185391310051944,0.23623746047234429,70.679916,71.942075
66.86483419363839,2.0,10.160733986013987,77.02556817965237,True,12249,14276,2028,0.2784027173913044,0,0.2659212476547842,0.28509833732392553,1.2355,1.502127659574468,1.1572880589799064,0.28509833732392553,66.868397,69.402732
66.86483419363839,2.0,10.160733986013987,77.02556817965237,True,12249,14276,2028,0.2784027173913044,1,0.24023552396196235,0.27023768092372746,1.2374358974358974,1.5291764705882351,1.1465043403269484,0.27023768092372746,69.40774,71.942075
66.86483419363839,2.0,10.160733986013987,77.02556817965237,True,12249,14276,2028,0.2784027173913044,2,0.24491050976889994,0.2732768800966475,1.3441758241758242,1.5397752808988765,1.2148922762120895,0.2732768800966475,71.947083,74.481418
66.86483419363839,2.0,10.160733986013987,77.02556817965237,True,12249,14276,2028,0.2784027173913044,3,0.26219743926704897,0.2756280275099263,1.2976744186046512,1.5294594594594595,1.0397822671201975,0.2756280275099263,74.486426,77.020761
67.36565585239956,0.25,1.2700917482517484,68.6357476006513,True,12349,12601,253,0.26652780666757603,0,0.2104736832611832,0.26601376804648214,1.357597844583097,1.592873376623377,1.5139394310552576,0.26601376804648214,67.369254,67.684794
67.36565585239956,0.25,1.2700917482517484,68.6357476006513,True,12349,12601,253,0.26652780666757603,1,0.2553999428429343,0.22712495872316985,1.2779746835443038,1.3970731707317074,1.3017600610502134,0.2553999428429343,67.689802,68.000333
67.36565585239956,0.25,1.2700917482517484,68.6357476006513,True,12349,12601,253,0.26652780666757603,2,0.20280109896025578,0.2782567283005878,1.1835955056179774,1.335777777777778,1.4460262733483746,0.2782567283005878,68.005342,68.315873
67.36565585239956,0.25,1.2700917482517484,68.6357476006513,True,12349,12601,253,0.26652780666757603,3,0.2694070378151262,0.27345748939554615,1.157391304347826,1.5611111111111111,1.1861882920126576,0.27345748939554615,68.320882,68.631413
67.36565585239956,0.5,2.540183496503497,69.90583934890306,True,12349,12855,507,0.26652780666757603,0,0.23862746544322844,0.2574373656571597,1.3430232558139534,1.5397826086956523,1.1165149570821158,0.2574373656571597,67.369254,68.000333
67.36565585239956,0.5,2.540183496503497,69.90583934890306,True,12349,12855,507,0.26652780666757603,1,0.2622874461979914,0.2790876693766938,1.1752083333333334,1.4062222222222225,1.1620451752060608,0.2790876693766938,68.005342,68.636421
67.36565585239956,0.5,2.540183496503497,69.90583934890306,True,12349,12855,507,0.26652780666757603,2,0.25838174220546406,0.23278288201160546,1.332093023255814,1.4951219512195122,1.1100043523105947,0.25838174220546406,68.64143,69.272509
67.36565585239956,0.5,2.540183496503497,69.90583934890306,True,12349,12855,507,0.26652780666757603,3,0.2565834160521838,0.2698588698241633,1.1942266841262912,1.446201550387597,1.3421293409649602,0.2698588698241633,69.277518,69.903588
67.36565585239956,1.0,5.080366993006994,72.44602284540655,True,12349,13362,1014,0.26652780666757603,0,0.24872330273474852,0.27388047733500853,1.2438136645962734,1.4855862884160755,1.1220641930611976,0.27388047733500853,67.369254,68.636421
67.36565585239956,1.0,5.080366993006994,72.44602284540655,True,12349,13362,1014,0.26652780666757603,1,0.2652989583333334,0.25601657537508926,1.2682696110744893,1.4643397435897438,1.1823756303441617,0.2652989583333334,68.64143,69.908597
67.36565585239956,1.0,5.080366993006994,72.44602284540655,True,12349,13362,1014,0.26652780666757603,2,0.2322737956001113,0.26397874587673253,1.2278787878787878,1.5418666666666667,1.1957844129834378,0.26397874587673253,69.913606,71.175764
67.36565585239956,1.0,5.080366993006994,72.44602284540655,True,12349,13362,1014,0.26652780666757603,3,0.2250878239565911,0.21864032239690123,1.4044186046511629,1.5447727272727272,1.1098268327111767,0.2250878239565911,71.180773,72.442931
67.36565585239956,2.0,10.160733986013987,77.52638983841354,True,12349,14376,2028,0.26652780666757603,0,0.2627773156953148,0.2679318946070077,1.2575903614457833,1.4718072289156627,1.0462015741544486,0.2679318946070077,67.369254,69.903588
67.36565585239956,2.0,10.160733986013987,77.52638983841354,True,12349,14376,2028,0.26652780666757603,1,0.23310235895540765,0.242629751514427,1.3297916666666667,1.5434567901234568,1.0336288535997724,0.242629751514427,69.908597,72.442931
67.36565585239956,2.0,10.160733986013987,77.52638983841354,True,12349,14376,2028,0.26652780666757603,2,0.2422108766233766,0.28578373983739835,1.291282051282051,1.5095348837209304,1.1818114544801535,0.28578373983739835,72.44794,74.982274
67.36565585239956,2.0,10.160733986013987,77.52638983841354,True,12349,14376,2028,0.26652780666757603,3,0.26415248414376324,0.270088468814492,1.3002439024390244,1.50025,1.0761697819882747,0.270088468814492,74.987283,77.521617
67.86647751116072,0.25,1.2700917482517484,69.13656925941247,True,12449,12701,253,0.26610020885547214,0,0.21671884350589155,0.27316199886420167,1.3424117174959869,1.4126616499442586,1.2445764406998359,0.27316199886420167,67.870111,68.18565
67.86647751116072,0.25,1.2700917482517484,69.13656925941247,True,12449,12701,253,0.26610020885547214,1,0.26674228524743226,0.27827070334656845,1.1555,1.3734210526315789,1.3573547474738266,0.27827070334656845,68.190659,68.50119
67.86647751116072,0.25,1.2700917482517484,69.13656925941247,True,12449,12701,253,0.26610020885547214,2,0.2554824024437359,0.23033354556200292,1.1993814432989691,1.5206521739130434,1.057300174890377,0.2554824024437359,68.506199,68.81673
67.86647751116072,0.25,1.2700917482517484,69.13656925941247,True,12449,12701,253,0.26610020885547214,3,0.2116452915182242,0.19386980459057068,1.3491428571428572,1.4313636363636364,1.155276778481042,0.2116452915182242,68.821738,69.132269
67.86647751116072,0.5,2.540183496503497,70.40666100766423,True,12449,12955,507,0.26610020885547214,0,0.2661953633933728,0.2779548780487806,1.1945054945054945,1.3814583333333337,1.1364023119359203,0.2779548780487806,67.870111,68.50119
67.86647751116072,0.5,2.540183496503497,70.40666100766423,True,12449,12955,507,0.26610020885547214,1,0.26232588513815036,0.22864963059851218,1.318,1.4847916666666665,1.1607930163395854,0.26232588513815036,68.506199,69.137278
67.86647751116072,0.5,2.540183496503497,70.40666100766423,True,12449,12955,507,0.26610020885547214,2,0.2597189921005043,0.2721190333729179,1.2670270270270272,1.43,1.2204322958227254,0.2721190333729179,69.142286,69.773366
67.86647751116072,0.5,2.540183496503497,70.40666100766423,True,12449,12955,507,0.26610020885547214,3,0.2243799989336298,0.2621655741410488,1.1787131449631452,1.5198139534883723,1.2262138258611546,0.2621655741410488,69.778374,70.404445
67.86647751116072,1.0,5.080366993006994,72.94684450416771,True,12449,13462,1014,0.26610020885547214,0,0.2637797558570404,0.26850679854610493,1.2563666092943202,1.429637862137862,1.0344333757389015,0.26850679854610493,67.870111,69.137278
67.86647751116072,1.0,5.080366993006994,72.94684450416771,True,12449,13462,1014,0.26610020885547214,1,0.24791944444444436,0.2724156941055361,1.202358803986711,1.4852758620689652,1.2065502300787152,0.2724156941055361,69.142286,70.409454
67.86647751116072,1.0,5.080366993006994,72.94684450416771,True,12449,13462,1014,0.26610020885547214,2,0.23278216923179806,0.23852289707419005,1.3235443037974686,1.5434567901234568,1.0948877281002132,0.23852289707419005,70.414462,71.676621
67.86647751116072,1.0,5.080366993006994,72.94684450416771,True,12449,13462,1014,0.26610020885547214,3,0.254899938570746,0.23698270922625775,1.386813186813187,1.532,1.3563871956118223,0.254899938570746,71.681629,72.943788
67.86647751116072,2.0,10.160733986013987,78.0272114971747,True,12449,14476,2028,0.26610020885547214,0,0.2605655055692657,0.2712701078836721,1.2211904761904762,1.466388888888889,1.1158905141878326,0.2712701078836721,67.870111,70.404445
67.86647751116072,2.0,10.160733986013987,78.0272114971747,True,12449,14476,2028,0.26610020885547214,1,0.2492120880955031,0.24046875884374352,1.3428915662650602,1.5380487804878047,1.1603211550503956,0.2492120880955031,70.409454,72.943788
67.86647751116072,2.0,10.160733986013987,78.0272114971747,True,12449,14476,2028,0.26610020885547214,2,0.23518841042678262,0.28725968899521537,1.2834883720930232,1.545,1.2445707033313567,0.28725968899521537,72.948796,75.483131
67.86647751116072,2.0,10.160733986013987,78.0272114971747,True,12449,14476,2028,0.26610020885547214,3,0.2663209440753044,0.26436542975737165,1.3335,1.4804651162790696,1.1123948863555908,0.2663209440753044,75.488139,78.022474
68.36729916992188,0.25,1.2700917482517484,69.63739091817362,True,12549,12801,253,0.264778429628616,0,0.24041626758414514,0.2778185754683635,1.249766550522648,1.5598238482384823,1.3456252711367165,0.2778185754683635,68.370967,68.686507
68.36729916992188,0.25,1.2700917482517484,69.63739091817362,True,12549,12801,253,0.264778429628616,1,0.26507486938349023,0.18390933998228842,1.2575903614457833,1.4997674418604652,1.2640338108442668,0.26507486938349023,68.691515,69.002047
68.36729916992188,0.25,1.2700917482517484,69.63739091817362,True,12549,12801,253,0.264778429628616,2,0.23362742424242422,0.21777001273919883,1.3624096385542168,1.4541666666666666,1.13465143040585,0.23362742424242422,69.007055,69.317586
68.36729916992188,0.25,1.2700917482517484,69.63739091817362,True,12549,12801,253,0.264778429628616,3,0.27109345862470857,0.27004858367551576,1.1745054945054945,1.4786206896551723,1.221236772278832,0.27109345862470857,69.322595,69.633126
68.36729916992188,0.5,2.540183496503497,70.90748266642538,True,12549,13055,507,0.264778429628616,0,0.2502274891774894,0.25882335236919274,1.2551428571428571,1.5223684210526316,1.1562549523186243,0.25882335236919274,68.370967,69.002047
68.36729916992188,0.5,2.540183496503497,70.90748266642538,True,12549,13055,507,0.264778429628616,1,0.2641785476349101,0.26414789165456165,1.275609756097561,1.454390243902439,1.1765542087574712,0.2641785476349101,69.007055,69.638134
68.36729916992188,0.5,2.540183496503497,70.90748266642538,True,12549,13055,507,0.264778429628616,2,0.23344543908887272,0.26834669715447146,1.2173333333333334,1.3890243902439026,1.110289542562989,0.26834669715447146,69.643143,70.274222
68.36729916992188,0.5,2.540183496503497,70.90748266642538,True,12549,13055,507,0.264778429628616,3,0.2303138225669492,0.24774186991869906,1.2230512820512822,1.5555494505494505,1.287597765871256,0.24774186991869906,70.279231,70.905302
68.36729916992188,1.0,5.080366993006994,73.44766616292887,True,12549,13562,1014,0.264778429628616,0,0.26228708191475625,0.2629634704728814,1.270827526132404,1.5186309523809525,1.1654966449780548,0.2629634704728814,68.370967,69.638134
68.36729916992188,1.0,5.080366993006994,73.44766616292887,True,12549,13562,1014,0.264778429628616,1,0.2333081873332885,0.27870381794994425,1.2190512820512822,1.5226007326007327,1.2491624316189087,0.27870381794994425,69.643143,70.91031
68.36729916992188,1.0,5.080366993006994,73.44766616292887,True,12549,13562,1014,0.264778429628616,2,0.2242760590500642,0.21962763740747226,1.3429787234042554,1.5543589743589743,1.0574741835646229,0.2242760590500642,70.915319,72.177477
68.36729916992188,1.0,5.080366993006994,73.44766616292887,True,12549,13562,1014,0.264778429628616,3,0.2527978977544195,0.24702194860026194,1.3775510204081634,1.5606666666666666,1.2315603061204756,0.2527978977544195,72.182486,73.444645
68.36729916992188,2.0,10.160733986013987,78.52803315593587,True,12549,14576,2028,0.264778429628616,0,0.250534430641822,0.2752986436269046,1.244390243902439,1.5204166666666663,1.1824692958658962,0.2752986436269046,68.370967,70.905302
68.36729916992188,2.0,10.160733986013987,78.52803315593587,True,12549,14576,2028,0.264778429628616,1,0.24192838360592528,0.23872614379084955,1.359294117647059,1.558,1.133502333642754,0.24192838360592528,70.91031,73.444645
68.36729916992188,2.0,10.160733986013987,78.52803315593587,True,12549,14576,2028,0.264778429628616,2,0.24165639097744362,0.2758923428059492,1.275777777777778,1.4870731707317075,1.0749469657903823,0.2758923428059492,73.449653,75.983987
68.36729916992188,2.0,10.160733986013987,78.52803315593587,True,12549,14576,2028,0.264778429628616,3,0.2711950246541005,0.26738084772370485,1.3286075949367089,1.481647058823529,1.1065217508004774,0.2711950246541005,75.988996,78.52333
68.86812082868303,0.25,1.2700917482517484,70.13821257693478,True,12649,12901,253,0.2659663106909431,0,0.22068230769230746,0.24863377503029593,1.3255559926567009,1.478722363945578,1.143606253371054,0.24863377503029593,68.871824,69.187363
68.86812082868303,0.25,1.2700917482517484,70.13821257693478,True,12649,12901,253,0.2659663106909431,1,0.2545376893939394,0.17971514189723026,1.2028571428571428,1.4075,1.340766820390171,0.2545376893939394,69.192372,69.502903
68.86812082868303,0.25,1.2700917482517484,70.13821257693478,True,12649,12901,253,0.2659663106909431,2,0.2324435063581406,0.2823409028003908,1.3232258064516127,1.43,1.5229447298073675,0.2823409028003908,69.507912,69.818443
68.86812082868303,0.25,1.2700917482517484,70.13821257693478,True,12649,12901,253,0.2659663106909431,3,0.26176002699831824,0.265025418128209,1.1734831460674158,1.4543181818181818,1.0906750478498282,0.265025418128209,69.823451,70.133982
68.86812082868303,0.5,2.540183496503497,71.40830432518653,True,12649,13155,507,0.2659663106909431,0,0.2532694894287,0.23608606875354365,1.273,1.4541666666666666,1.1227068418345858,0.2532694894287,68.871824,69.502903
68.86812082868303,0.5,2.540183496503497,71.40830432518653,True,12649,13155,507,0.2659663106909431,1,0.2367249806713485,0.2812871450564488,1.2217283950617284,1.4435555555555557,1.2431989218634902,0.2812871450564488,69.507912,70.138991
68.86812082868303,0.5,2.540183496503497,71.40830432518653,True,12649,13155,507,0.2659663106909431,2,0.2139116499442585,0.24807957255231783,1.2267441860465116,1.5474358974358975,1.2934737986955451,0.24807957255231783,70.144,70.775079
68.86812082868303,0.5,2.540183496503497,71.40830432518653,True,12649,13155,507,0.2659663106909431,3,0.22866114951601146,0.2339077786688052,1.33,1.5475642823749416,1.101899129016691,0.2339077786688052,70.780087,71.406158
68.86812082868303,1.0,5.080366993006994,73.94848782169002,True,12649,13662,1014,0.2659663106909431,0,0.2572113445485086,0.2656619741575784,1.254144017932194,1.4484444444444446,1.1567651781384516,0.2656619741575784,68.871824,70.138991
68.86812082868303,1.0,5.080366993006994,73.94848782169002,True,12649,13662,1014,0.2659663106909431,1,0.23956682910981153,0.2436702066395665,1.2571021586345383,1.547196209587514,1.1164977485799839,0.2436702066395665,70.144,71.411167
68.86812082868303,1.0,5.080366993006994,73.94848782169002,True,12649,13662,1014,0.2659663106909431,2,0.21837932816537464,0.23737239589678616,1.4427027027027026,1.5420454545454547,1.0518078181478416,0.23737239589678616,71.416175,72.678334
68.86812082868303,1.0,5.080366993006994,73.94848782169002,True,12649,13662,1014,0.2659663106909431,3,0.23981295149638793,0.2630039072039073,1.2161764705882354,1.558604651162791,1.4040158027355765,0.2630039072039073,72.683342,73.945501
68.86812082868303,2.0,10.160733986013987,79.02885481469701,True,12649,14676,2028,0.2659663106909431,0,0.24239151701956563,0.2707261532762063,1.2556626506024098,1.5202597402597402,1.1284935035458743,0.2707261532762063,68.871824,71.406158
68.86812082868303,2.0,10.160733986013987,79.02885481469701,True,12649,14676,2028,0.2659663106909431,1,0.24319325359599753,0.25373526751026754,1.3453061224489795,1.544102564102564,1.163300896522576,0.25373526751026754,71.411167,73.945501
68.86812082868303,2.0,10.160733986013987,79.02885481469701,True,12649,14676,2028,0.2659663106909431,2,0.2483317257537666,0.2803607651912978,1.291282051282051,1.5175,1.0904579965856467,0.2803607651912978,73.95051,76.484844
68.86812082868303,2.0,10.160733986013987,79.02885481469701,True,12649,14676,2028,0.2659663106909431,3,0.2707714952423358,0.26573120874080625,1.3295454545454548,1.4741463414634146,1.0934029512914245,0.2707714952423358,76.489853,79.024187
69.3689424874442,0.25,1.2700917482517484,70.63903423569595,True,12749,13001,253,0.27105514520202023,0,0.27155812581727223,0.2627053815685575,1.1534451219512194,1.5244564564564564,1.090886921239385,0.27155812581727223,69.37268,69.68822
69.3689424874442,0.25,1.2700917482517484,70.63903423569595,True,12749,13001,253,0.27105514520202023,1,0.23456983712490054,0.20311902862569542,1.2148235294117649,1.3590123456790124,1.7630509757182862,0.23456983712490054,69.693229,70.00376
69.3689424874442,0.25,1.2700917482517484,70.63903423569595,True,12749,13001,253,0.27105514520202023,2,0.23418706293706304,0.24154241100856977,1.2267441860465116,1.5335897435897436,1.1268051401228827,0.24154241100856977,70.008768,70.319299
69.3689424874442,0.25,1.2700917482517484,70.63903423569595,True,12749,13001,253,0.27105514520202023,3,0.2181205228155152,0.2291238351835343,1.1843478260869569,1.56525,1.1640409769352413,0.2291238351835343,70.324308,70.634839
69.3689424874442,0.5,2.540183496503497,71.9091259839477,True,12749,13255,507,0.27105514520202023,0,0.2545389757718175,0.2752546825895662,1.1734831460674158,1.401818181818182,1.333735205931078,0.2752546825895662,69.37268,70.00376
69.3689424874442,0.5,2.540183496503497,71.9091259839477,True,12749,13255,507,0.27105514520202023,1,0.23947051282051268,0.2407210048153018,1.1901123595505618,1.5552380952380953,1.1573764839086313,0.2407210048153018,70.008768,70.639848
69.3689424874442,0.5,2.540183496503497,71.9091259839477,True,12749,13255,507,0.27105514520202023,2,0.21299523426247557,0.22568280730897006,1.3351282051282052,1.5434567901234568,1.0120186102962527,0.22568280730897006,70.644856,71.275935
69.3689424874442,0.5,2.540183496503497,71.9091259839477,True,12749,13255,507,0.27105514520202023,3,0.22542614904838987,0.2175907527689408,1.3266373728029601,1.472816985645933,1.1533425209733368,0.22542614904838987,71.280944,71.907015
69.3689424874442,1.0,5.080366993006994,74.44930948045119,True,12749,13762,1014,0.27105514520202023,0,0.2551600830284265,0.2775168839106871,1.1827989130434784,1.524972630858707,1.2445921287588024,0.2775168839106871,69.37268,70.639848
69.3689424874442,1.0,5.080366993006994,74.44930948045119,True,12749,13762,1014,0.27105514520202023,1,0.22414738225067177,0.23252065568475466,1.329576684397163,1.5201298701298702,1.0821817620682188,0.23252065568475466,70.644856,71.912023
69.3689424874442,1.0,5.080366993006994,74.44930948045119,True,12749,13762,1014,0.27105514520202023,2,0.254899938570746,0.23382605042016813,1.3652272727272727,1.555263157894737,1.2395651314782081,0.254899938570746,71.917032,73.179191
69.3689424874442,1.0,5.080366993006994,74.44930948045119,True,12749,13762,1014,0.27105514520202023,3,0.23288520258895706,0.29392085101599164,1.3308235294117647,1.4868888888888887,1.351161467122819,0.29392085101599164,73.184199,74.446358
69.3689424874442,2.0,10.160733986013987,79.52967647345818,True,12749,14776,2028,0.27105514520202023,0,0.24194454922484454,0.2686012798248263,1.2374358974358974,1.5237777777777777,1.1165828968364158,0.2686012798248263,69.37268,71.907015
69.3689424874442,2.0,10.160733986013987,79.52967647345818,True,12749,14776,2028,0.27105514520202023,1,0.24491050976889994,0.274362012987013,1.3441758241758242,1.5397752808988765,1.197428575899151,0.274362012987013,71.912023,74.446358
69.3689424874442,2.0,10.160733986013987,79.52967647345818,True,12749,14776,2028,0.27105514520202023,2,0.26219743926704897,0.2756280275099263,1.295,1.5330434782608695,1.0409947852790176,0.2756280275099263,74.451366,76.985701
69.3689424874442,2.0,10.160733986013987,79.52967647345818,True,12749,14776,2028,0.27105514520202023,3,0.25690617318963893,0.2624365419670055,1.3204878048780488,1.4719540229885058,1.012329048971596,0.2624365419670055,76.990709,79.525044
69.86976414620536,0.25,1.2700917482517484,71.1398558944571,True,12849,13101,253,0.26701820324283565,0,0.2348892857142857,0.2676181018377306,1.2195308641975309,1.3752579365079365,1.1217445882999604,0.2676181018377306,69.873537,70.189077
69.86976414620536,0.25,1.2700917482517484,71.1398558944571,True,12849,13101,253,0.26701820324283565,1,0.1548449228911185,0.21111013708513693,1.18,1.675,1.4163685164495254,0.21111013708513693,70.194085,70.504616
69.86976414620536,0.25,1.2700917482517484,71.1398558944571,True,12849,13101,253,0.26701820324283565,2,0.23167516164994428,0.2534482284209303,1.3097297297297297,1.5258823529411765,1.112584724702386,0.2534482284209303,70.509625,70.820156
69.86976414620536,0.25,1.2700917482517484,71.1398558944571,True,12849,13101,253,0.26701820324283565,3,0.1968454384363726,0.22380133688475967,1.2852631578947369,1.5444444444444445,1.1106740560992805,0.22380133688475967,70.825165,71.135696
69.86976414620536,0.5,2.540183496503497,72.40994764270886,True,12849,13355,507,0.26701820324283565,0,0.22031736626628629,0.27198881160367816,1.1905263157894737,1.5441975308641975,1.4314786482849886,0.27198881160367816,69.873537,70.504616
69.86976414620536,0.5,2.540183496503497,72.40994764270886,True,12849,13355,507,0.26701820324283565,1,0.23298591616191366,0.24042460317460312,1.2852631578947369,1.5323255813953487,1.086339253910784,0.24042460317460312,70.509625,71.140704
69.86976414620536,0.5,2.540183496503497,72.40994764270886,True,12849,13355,507,0.26701820324283565,2,0.21645522913218984,0.20069910345717235,1.3594871794871797,1.5325,1.0958837622315172,0.21645522913218984,71.145713,71.776792
69.86976414620536,0.5,2.540183496503497,72.40994764270886,True,12849,13355,507,0.26701820324283565,3,0.23440940766550533,0.2254337737127372,1.4473564593301436,1.5491519105312208,1.2303250110135708,0.23440940766550533,71.781801,72.407871
69.86976414620536,1.0,5.080366993006994,74.95013113921235,True,12849,13862,1014,0.26701820324283565,0,0.2276782427983466,0.26369000341235926,1.2219031585698252,1.5368504772004241,1.192219771206635,0.26369000341235926,69.873537,71.140704
69.86976414620536,1.0,5.080366993006994,74.95013113921235,True,12849,13862,1014,0.26701820324283565,1,0.22594455300439664,0.21833480362838908,1.3922824302134647,1.5446482683982685,1.1267660623151246,0.22594455300439664,71.145713,72.41288
69.86976414620536,1.0,5.080366993006994,74.95013113921235,True,12849,13862,1014,0.26701820324283565,2,0.24903182093163945,0.2790039072039072,1.3021951219512196,1.5633333333333337,1.219196661656907,0.2790039072039072,72.417889,73.680047
69.86976414620536,1.0,5.080366993006994,74.95013113921235,True,12849,13862,1014,0.26701820324283565,3,0.2313797045414966,0.26932100782100776,1.2786486486486488,1.4331578947368422,1.1187724473380833,0.26932100782100776,73.685056,74.947214
69.86976414620536,2.0,10.160733986013987,80.03049813221935,True,12849,14876,2028,0.26701820324283565,0,0.2388708640458641,0.242629751514427,1.3271428571428572,1.5420454545454547,1.0490201352177506,0.242629751514427,69.873537,72.407871
69.86976414620536,2.0,10.160733986013987,80.03049813221935,True,12849,14876,2028,0.26701820324283565,1,0.2422108766233766,0.28530400843881853,1.291282051282051,1.5144303797468357,1.1886937890084812,0.28530400843881853,72.41288,74.947214
69.86976414620536,2.0,10.160733986013987,80.03049813221935,True,12849,14876,2028,0.26701820324283565,2,0.26415248414376324,0.274038783242589,1.3127027027027027,1.4997222222222224,1.062316385120239,0.274038783242589,74.952223,77.486557
69.86976414620536,2.0,10.160733986013987,80.03049813221935,True,12849,14876,2028,0.26701820324283565,3,0.2580756913967259,0.26218401162790694,1.3067567567567568,1.4968292682926827,1.0248562279012805,0.26218401162790694,77.491566,80.0259
70.37058580496651,0.25,1.2700917482517484,71.64067755321825,True,12949,13201,253,0.26792498432512535,0,0.2186333431852946,0.22862042176484876,1.2332379293180686,1.5481081926203877,1.0910191511153315,0.22862042176484876,70.374394,70.689933
70.37058580496651,0.25,1.2700917482517484,71.64067755321825,True,12949,13201,253,0.26792498432512535,1,0.2056202165685449,0.2530550289480167,1.331,1.5397368421052633,1.1813192150171477,0.2530550289480167,70.694942,71.005473
70.37058580496651,0.25,1.2700917482517484,71.64067755321825,True,12949,13201,253,0.26792498432512535,2,0.2305289509955748,0.1857243460986645,1.3429787234042554,1.5570270270270272,1.3884297312799052,0.2305289509955748,71.010481,71.321013
70.37058580496651,0.25,1.2700917482517484,71.64067755321825,True,12949,13201,253,0.26792498432512535,3,0.21120516044346005,0.223416259435403,1.3109756097560976,1.4432608695652176,1.148165728446034,0.223416259435403,71.326021,71.636552
70.37058580496651,0.5,2.540183496503497,72.91076930147001,True,12949,13455,507,0.26792498432512535,0,0.23005064290956723,0.24751084010840108,1.2556626506024098,1.5444444444444445,1.162983600072748,0.24751084010840108,70.374394,71.005473
70.37058580496651,0.5,2.540183496503497,72.91076930147001,True,12949,13455,507,0.26792498432512535,1,0.22457203058321484,0.20378558897243115,1.3351282051282052,1.5325,1.1270452375239046,0.22457203058321484,71.010481,71.641561
70.37058580496651,0.5,2.540183496503497,72.91076930147001,True,12949,13455,507,0.26792498432512535,2,0.2207926829268292,0.23046587059620605,1.38275,1.5465909090909091,1.0957591275154905,0.23046587059620605,71.646569,72.277649
70.37058580496651,0.5,2.540183496503497,72.91076930147001,True,12949,13455,507,0.26792498432512535,3,0.2719748520357025,0.20292448405253305,1.4699765258215964,1.4711704545454545,1.9409609333231503,0.2719748520357025,72.282657,72.908728
70.37058580496651,1.0,5.080366993006994,75.4509527979735,True,12949,13962,1014,0.26792498432512535,0,0.23818511339141524,0.23839727991118076,1.2873979328165375,1.5437796771130103,1.0997495555633947,0.23839727991118076,70.374394,71.641561
70.37058580496651,1.0,5.080366993006994,75.4509527979735,True,12949,13962,1014,0.26792498432512535,1,0.253609948979592,0.23690969574780085,1.4038759689922482,1.531777777777778,1.3579668572629398,0.253609948979592,71.646569,72.913737
70.37058580496651,1.0,5.080366993006994,75.4509527979735,True,12949,13962,1014,0.26792498432512535,2,0.23628861835838577,0.27763715842809933,1.3044444444444443,1.565,1.2695336842673544,0.27763715842809933,72.918745,74.180904
70.37058580496651,1.0,5.080366993006994,75.4509527979735,True,12949,13962,1014,0.26792498432512535,3,0.23386084945332208,0.2878175438596492,1.2591304347826089,1.5195294117647058,1.2570842658977768,0.2878175438596492,74.185912,75.448071
70.37058580496651,2.0,10.160733986013987,80.53131979098049,True,12949,14976,2028,0.26792498432512535,0,0.24839552965394462,0.24046875884374352,1.3428915662650602,1.5380487804878047,1.1634280777507067,0.24839552965394462,70.374394,72.908728
70.37058580496651,2.0,10.160733986013987,80.53131979098049,True,12949,14976,2028,0.26792498432512535,1,0.23608730147475898,0.28725968899521537,1.2786486486486488,1.5443589743589743,1.22548139915398,0.28725968899521537,72.913737,75.448071
70.37058580496651,2.0,10.160733986013987,80.53131979098049,True,12949,14976,2028,0.26792498432512535,2,0.2648975913621262,0.2680088663514185,1.3335,1.484,1.0816904607367146,0.2680088663514185,75.453079,77.987414
70.37058580496651,2.0,10.160733986013987,80.53131979098049,True,12949,14976,2028,0.26792498432512535,3,0.25491653527878366,0.25401058619117245,1.3002352941176472,1.48659793814433,1.0421807523492341,0.25491653527878366,77.992422,80.526757
70.87140746372768,0.25,1.2700917482517484,72.14149921197942,True,13049,13301,253,0.2625643955785233,0,0.21558548600264316,0.18925169946332743,1.2967565789473685,1.5346963824289408,1.0989896318183365,0.21558548600264316,70.87525,71.19079
70.87140746372768,0.25,1.2700917482517484,72.14149921197942,True,13049,13301,253,0.2625643955785233,1,0.22323200203411042,0.21223464459499186,1.3744444444444446,1.4961538461538462,1.1199377697904596,0.22323200203411042,71.195798,71.50633
70.87140746372768,0.25,1.2700917482517484,72.14149921197942,True,13049,13301,253,0.2625643955785233,2,0.20209903026741116,0.21187755967585165,1.345,1.4353658536585363,1.0616033914762184,0.21187755967585165,71.511338,71.821869
70.87140746372768,0.25,1.2700917482517484,72.14149921197942,True,13049,13301,253,0.2625643955785233,3,0.23578333333333346,0.17468921052631592,1.3210869565217391,1.6801980198019804,1.5026907064970707,0.23578333333333346,71.826878,72.137409
70.87140746372768,0.5,2.540183496503497,73.41159096023118,True,13049,13555,507,0.2625643955785233,0,0.21900845010252912,0.2102437457741717,1.3427083333333334,1.501219512195122,1.1097250256273288,0.21900845010252912,70.87525,71.50633
70.87140746372768,0.5,2.540183496503497,73.41159096023118,True,13049,13555,507,0.2625643955785233,1,0.22293944411590771,0.23593680555555563,1.3293617021276594,1.5716483516483517,1.0244388543884477,0.23593680555555563,71.511338,72.142417
70.87140746372768,0.5,2.540183496503497,73.41159096023118,True,13049,13555,507,0.2625643955785233,2,0.25085500475134626,0.2018189282627484,1.4965000000000002,1.4894285714285715,2.158031870252243,0.25085500475134626,72.147426,72.778505
70.87140746372768,0.5,2.540183496503497,73.41159096023118,True,13049,13555,507,0.2625643955785233,3,0.22422676117544005,0.2037465354767184,1.2928455284552847,1.6812428940568478,1.865246271909179,0.22422676117544005,72.783514,73.409585
70.87140746372768,1.0,5.080366993006994,75.95177445673467,True,13049,14062,1014,0.2625643955785233,0,0.2241478016688061,0.23042940294802772,1.335888888888889,1.552591575091575,1.0154107673422486,0.23042940294802772,70.87525,72.142417
70.87140746372768,1.0,5.080366993006994,75.95177445673467,True,13049,14062,1014,0.2625643955785233,1,0.2536580727493396,0.24177805788982276,1.3926261869065468,1.5623269611074488,1.2425210204597057,0.2536580727493396,72.147426,73.414593
70.87140746372768,1.0,5.080366993006994,75.95177445673467,True,13049,14062,1014,0.2625643955785233,2,0.2337960511033682,0.27202427357434533,1.2797916666666669,1.3993023255813952,1.083702422595133,0.27202427357434533,73.419602,74.68176
70.87140746372768,1.0,5.080366993006994,75.95177445673467,True,13049,14062,1014,0.2625643955785233,3,0.2422217029025494,0.2778468875113006,1.2595454545454543,1.54,1.1477255478280195,0.2778468875113006,74.686769,75.948927
70.87140746372768,2.0,10.160733986013987,81.03214144974166,True,13049,15076,2028,0.2625643955785233,0,0.24260762677654768,0.23785359477124168,1.3593333333333335,1.558,1.132565790031269,0.24260762677654768,70.87525,73.409585
70.87140746372768,2.0,10.160733986013987,81.03214144974166,True,13049,15076,2028,0.2625643955785233,1,0.23973147403392203,0.278742904603702,1.2687179487179487,1.484,1.1087676366205237,0.278742904603702,73.414593,75.948927
70.87140746372768,2.0,10.160733986013987,81.03214144974166,True,13049,15076,2028,0.2625643955785233,2,0.2722036628654826,0.2672013605442176,1.3286075949367089,1.4790476190476187,1.1144517762123611,0.2722036628654826,75.953936,78.48827
70.87140746372768,2.0,10.160733986013987,81.03214144974166,True,13049,15076,2028,0.2625643955785233,3,0.24453352349404978,0.24772267661184444,1.3243589743589743,1.471315789473684,1.0250208012989235,0.24772267661184444,78.493279,81.027613
71.37222912248885,0.25,1.2700917482517484,72.64232087074059,True,13149,13401,253,0.2656037129222053,0,0.20391531702188692,0.20196820895119239,1.3467222222222222,1.500909090909091,1.2187054856224695,0.20391531702188692,71.376107,71.691646
71.37222912248885,0.25,1.2700917482517484,72.64232087074059,True,13149,13401,253,0.2656037129222053,1,0.21637110812571247,0.2522272659709045,1.2127272727272729,1.583294117647059,1.2907684800648584,0.2522272659709045,71.696655,72.007186
71.37222912248885,0.25,1.2700917482517484,72.64232087074059,True,13149,13401,253,0.2656037129222053,2,0.11683982318926522,0.17315682096361418,1.5025,1.5429268292682927,1.4997609442715418,0.17315682096361418,72.012195,72.322726
71.37222912248885,0.25,1.2700917482517484,72.64232087074059,True,13149,13401,253,0.2656037129222053,3,0.10940656843156826,0.24811149311011893,1.5343209876543211,1.5476190476190477,3.0346228264022512,0.24811149311011893,72.327734,72.638265
71.37222912248885,0.5,2.540183496503497,73.91241261899235,True,13149,13655,507,0.2656037129222053,0,0.21954594209099987,0.23333660043145588,1.3017073170731706,1.5526190476190476,1.2313742608790108,0.23333660043145588,71.376107,72.007186
71.37222912248885,0.5,2.540183496503497,73.91241261899235,True,13149,13655,507,0.2656037129222053,1,0.12003923931754268,0.24896506745287217,1.5247727272727272,1.5429268292682927,1.8189508167915356,0.24896506745287217,72.012195,72.643274
71.37222912248885,0.5,2.540183496503497,73.91241261899235,True,13149,13655,507,0.2656037129222053,2,0.19935576901659435,0.2347841681965206,1.1641463414634148,1.6023809523809525,2.287538378316299,0.2347841681965206,72.648283,73.279362
71.37222912248885,0.5,2.540183496503497,73.91241261899235,True,13149,13655,507,0.2656037129222053,3,0.23162645068241017,0.2889364374060548,1.291418439716312,1.4280286786384346,1.3238887297074524,0.2889364374060548,73.28437,73.910441
71.37222912248885,1.0,5.080366993006994,76.45259611549584,True,13149,14162,1014,0.2656037129222053,0,0.21717472899728996,0.23722897833873446,1.4480827658459927,1.544313186813187,1.045364746364817,0.23722897833873446,71.376107,72.643274
71.37222912248885,1.0,5.080366993006994,76.45259611549584,True,13149,14162,1014,0.2656037129222053,1,0.23495039637393744,0.2627057997557999,1.1911666666666667,1.5514417670682732,1.4412810946723777,0.2627057997557999,72.648283,73.91545
71.37222912248885,1.0,5.080366993006994,76.45259611549584,True,13149,14162,1014,0.2656037129222053,2,0.2352541757867599,0.29040695187165766,1.3017500000000002,1.4554455445544554,1.1403159314905649,0.29040695187165766,73.920458,75.182617
71.37222912248885,1.0,5.080366993006994,76.45259611549584,True,13149,14162,1014,0.2656037129222053,3,0.2569115310497663,0.24743135348296985,1.2676923076923077,1.5487179487179483,1.0674164898656553,0.2569115310497663,75.187625,76.449784
71.37222912248885,2.0,10.160733986013987,81.53296310850283,True,13149,15176,2028,0.2656037129222053,0,0.24319325359599753,0.25373526751026754,1.3449019607843138,1.5447727272727272,1.157089284889582,0.25373526751026754,71.376107,73.910441
71.37222912248885,2.0,10.160733986013987,81.53296310850283,True,13149,15176,2028,0.2656037129222053,1,0.24920256577516853,0.2766405996088023,1.2931868131868132,1.5277500000000002,1.06496450807917,0.2766405996088023,73.91545,76.449784
71.37222912248885,2.0,10.160733986013987,81.53296310850283,True,13149,15176,2028,0.2656037129222053,2,0.2698173002880152,0.271148503910672,1.3286075949367089,1.4658823529411766,1.0722567870713795,0.271148503910672,76.454793,78.989127
71.37222912248885,2.0,10.160733986013987,81.53296310850283,True,13149,15176,2028,0.2656037129222053,3,0.24827145438121034,0.2452049149690957,1.3317777777777775,1.4922727272727272,1.0475786630315946,0.24827145438121034,78.994136,81.52847
71.87305078125,0.25,1.2700917482517484,73.14314252950174,True,13249,13501,253,0.2772220238095239,0,0.2035661371079852,0.11570194444444437,1.404280303030303,1.6779399189918993,2.638185446051129,0.2035661371079852,71.876963,72.192503
71.87305078125,0.25,1.2700917482517484,73.14314252950174,True,13249,13501,253,0.2772220238095239,1,0.08988700456284116,0.14057475763017668,1.5337078651685394,1.549655172413793,1.7986541364637656,0.14057475763017668,72.197512,72.508043
71.87305078125,0.25,1.2700917482517484,73.14314252950174,True,13249,13501,253,0.2772220238095239,2,0.2639464448793215,0.16169371878121874,1.1538823529411766,1.3395238095238096,2.373455524565823,0.2639464448793215,72.513051,72.823582
71.87305078125,0.25,1.2700917482517484,73.14314252950174,True,13249,13501,253,0.2772220238095239,3,0.15359792509021342,0.14455678042887354,1.1726829268292682,1.6507692307692308,1.9182677923034053,0.15359792509021342,72.828591,73.139122
71.87305078125,0.5,2.540183496503497,74.4132342777535,True,13249,13755,507,0.2772220238095239,0,0.21221494023218157,0.15826262077294695,1.495897435897436,1.5760975609756098,1.8980903133993228,0.21221494023218157,71.876963,72.508043
71.87305078125,0.5,2.540183496503497,74.4132342777535,True,13249,13755,507,0.2772220238095239,1,0.2591353894552406,0.25488247300944666,1.1637209302325582,1.4740909090909091,1.092138579704645,0.2591353894552406,72.513051,73.144131
71.87305078125,0.5,2.540183496503497,74.4132342777535,True,13249,13755,507,0.2772220238095239,2,0.22799087371984583,0.29666560321399027,1.3777777777777778,1.56475,1.5106525482607553,0.29666560321399027,73.149139,73.780218
71.87305078125,0.5,2.540183496503497,74.4132342777535,True,13249,13755,507,0.2772220238095239,3,0.23355241651333059,0.28761403792286144,1.2687907925407926,1.4284098544232924,1.188496741392996,0.28761403792286144,73.785227,74.411298
71.87305078125,1.0,5.080366993006994,76.95341777425699,True,13249,14262,1014,0.2772220238095239,0,0.2548100783791778,0.23441207664884134,1.3469964349376116,1.557095238095238,1.2251401405033049,0.2548100783791778,71.876963,73.144131
71.87305078125,1.0,5.080366993006994,76.95341777425699,True,13249,14262,1014,0.2772220238095239,1,0.23281930628902403,0.29383323824513075,1.338598086124402,1.5098837209302327,1.3544524399805802,0.29383323824513075,73.149139,74.416306
71.87305078125,1.0,5.080366993006994,76.95341777425699,True,13249,14262,1014,0.2772220238095239,2,0.23528583489681054,0.27582137587687394,1.247142857142857,1.5329268292682927,1.2082288556979857,0.27582137587687394,74.421315,75.683473
71.87305078125,1.0,5.080366993006994,76.95341777425699,True,13249,14262,1014,0.2772220238095239,3,0.27523156146179384,0.26277800785686467,1.3367088607594937,1.5371794871794873,1.184242882131506,0.27523156146179384,75.688482,76.950641
71.87305078125,2.0,10.160733986013987,82.033784767264,True,13249,15276,2028,0.2772220238095239,0,0.24491050976889994,0.2746899350649351,1.3440425531914897,1.5445238095238096,1.1762087176474558,0.2746899350649351,71.876963,74.411298
71.87305078125,2.0,10.160733986013987,82.033784767264,True,13249,15276,2028,0.2772220238095239,1,0.26219743926704897,0.2756280275099263,1.2925,1.5329268292682927,1.0346225586592033,0.2756280275099263,74.416306,76.950641
71.87305078125,2.0,10.160733986013987,82.033784767264,True,13249,15276,2028,0.2772220238095239,2,0.25470945908752585,0.2624365419670055,1.32375,1.4654761904761904,1.0148261590488297,0.2624365419670055,76.955649,79.489984
71.87305078125,2.0,10.160733986013987,82.033784767264,True,13249,15276,2028,0.2772220238095239,3,0.24120110722610721,0.2643441659559669,1.325,1.4817073170731707,1.1410726085718081,0.2643441659559669,79.494992,82.029327
72.37387244001116,0.25,1.2700917482517484,73.6439641882629,True,13349,13601,253,0.27801286672563763,0,0.2099654856637616,0.24679200514360233,1.5236234770384254,1.4591249999999998,1.7488436185100944,0.24679200514360233,72.37782,72.69336
72.37387244001116,0.25,1.2700917482517484,73.6439641882629,True,13349,13601,253,0.27801286672563763,1,0.1273279220779221,0.218387188339087,1.1180722891566266,1.4755555555555555,2.7311279853162422,0.218387188339087,72.698368,73.008899
72.37387244001116,0.25,1.2700917482517484,73.6439641882629,True,13349,13601,253,0.27801286672563763,2,0.15748442554978592,0.1031293152514442,1.3490909090909091,1.7091891891891893,1.6431122797734399,0.15748442554978592,73.013908,73.324439
72.37387244001116,0.25,1.2700917482517484,73.6439641882629,True,13349,13601,253,0.27801286672563763,3,0.2421775455981191,0.293842289628071,1.372439024390244,1.38875,1.2727264911699567,0.293842289628071,73.329448,73.639979
72.37387244001116,0.5,2.540183496503497,74.91405593651466,True,13349,13855,507,0.27801286672563763,0,0.264332191780822,0.23778247570942512,1.1666666666666667,1.4740909090909091,1.409978810743587,0.264332191780822,72.37782,73.008899
72.37387244001116,0.5,2.540183496503497,74.91405593651466,True,13349,13855,507,0.27801286672563763,1,0.2215667028921502,0.2978642094857673,1.350666666666667,1.6581818181818182,1.4622766561081477,0.2978642094857673,73.013908,73.644987
72.37387244001116,0.5,2.540183496503497,74.91405593651466,True,13349,13855,507,0.27801286672563763,2,0.2334771855302824,0.25711557368704274,1.2265116279069768,1.4383333333333337,1.1427312056083039,0.25711557368704274,73.649996,74.281075
72.37387244001116,0.5,2.540183496503497,74.91405593651466,True,13349,13855,507,0.27801286672563763,3,0.22476778970383626,0.2639325367504082,1.3144431818181816,1.4338866396761134,1.1719921251934655,0.2639325367504082,74.286084,74.912154
72.37387244001116,1.0,5.080366993006994,77.45423943301815,True,13349,14362,1014,0.27801286672563763,0,0.2504346822229664,0.2787891330891332,1.3208966096945924,1.5626035167328418,1.226079629903614,0.2787891330891332,72.37782,73.644987
72.37387244001116,1.0,5.080366993006994,77.45423943301815,True,13349,14362,1014,0.27801286672563763,1,0.23121527684307275,0.2702927164299116,1.2786486486486488,1.4348686679174483,1.1187262574466177,0.2702927164299116,73.649996,74.917163
72.37387244001116,1.0,5.080366993006994,77.45423943301815,True,13349,14362,1014,0.27801286672563763,2,0.2553365494978479,0.2697616573318038,1.2897435897435898,1.5486111111111112,1.1037422301978081,0.2697616573318038,74.922171,76.18433
72.37387244001116,1.0,5.080366993006994,77.45423943301815,True,13349,14362,1014,0.27801286672563763,3,0.2709209195873471,0.2546315027103987,1.3342857142857143,1.4617073170731707,1.2090504294302726,0.2709209195873471,76.189339,77.451497
72.37387244001116,2.0,10.160733986013987,82.53460642602514,True,13349,15376,2028,0.27801286672563763,0,0.24355623056739684,0.2851805416544009,1.3017283950617284,1.5195294117647058,1.1912597959516988,0.2851805416544009,72.37782,74.912154
72.37387244001116,2.0,10.160733986013987,82.53460642602514,True,13349,15376,2028,0.27801286672563763,1,0.26415248414376324,0.2743888359125508,1.3122352941176467,1.507076923076923,1.064251145794712,0.2743888359125508,74.917163,77.451497
72.37387244001116,2.0,10.160733986013987,82.53460642602514,True,13349,15376,2028,0.27801286672563763,2,0.2578871410863196,0.26218401162790694,1.3002352941176472,1.4854054054054056,1.0278092941113133,0.26218401162790694,77.456506,79.99084
72.37387244001116,2.0,10.160733986013987,82.53460642602514,True,13349,15376,2028,0.27801286672563763,3,0.24123634713198983,0.27106391705284105,1.3268235294117647,1.4890666666666668,1.1402028208218369,0.27106391705284105,79.995849,82.530183
72.87469409877232,0.25,1.2700917482517484,74.14478584702407,True,13449,13701,253,0.2799069866409629,0,0.15782539147936137,0.10322908480408466,1.2324390243902439,1.673185274109644,1.5145632556115778,0.15782539147936137,72.878677,73.194216
72.87469409877232,0.25,1.2700917482517484,74.14478584702407,True,13449,13701,253,0.2799069866409629,1,0.1980524127318548,0.2510570025929322,1.3926086956521742,1.6975,1.9123990459600062,0.2510570025929322,73.199225,73.509756
72.87469409877232,0.25,1.2700917482517484,74.14478584702407,True,13449,13701,253,0.2799069866409629,2,0.24547770034843208,0.2727784492900772,1.3021951219512196,1.3060674157303371,1.1720378557024116,0.2727784492900772,73.514764,73.825296
72.87469409877232,0.25,1.2700917482517484,74.14478584702407,True,13449,13701,253,0.2799069866409629,3,0.24136047770287783,0.23669960298847503,1.1978021978021978,1.3973809523809524,1.1673376863987988,0.24136047770287783,73.830304,74.140835
72.87469409877232,0.5,2.540183496503497,75.41487759527583,True,13449,13955,507,0.2799069866409629,0,0.19483135311177668,0.21883843834981143,1.3045833333333334,1.6815555555555557,1.3253321692609619,0.21883843834981143,72.878677,73.509756
72.87469409877232,0.5,2.540183496503497,75.41487759527583,True,13449,13955,507,0.2799069866409629,1,0.24529801026957643,0.26167242199205254,1.2412820512820513,1.363658536585366,1.1102107870812965,0.26167242199205254,73.514764,74.145844
72.87469409877232,0.5,2.540183496503497,75.41487759527583,True,13449,13955,507,0.2799069866409629,2,0.22674803526322995,0.2875981469510881,1.32390243902439,1.4868888888888887,1.2309103038797182,0.2875981469510881,74.150852,74.781932
72.87469409877232,0.5,2.540183496503497,75.41487759527583,True,13449,13955,507,0.2799069866409629,3,0.22124856633273915,0.2904523420892803,1.1985795454545456,1.5392307692307692,1.2995396521209681,0.2904523420892803,74.78694,75.413011
72.87469409877232,1.0,5.080366993006994,77.95506109177931,True,13449,14462,1014,0.2799069866409629,0,0.23466983135108122,0.2774832505860382,1.2861538461538462,1.5639019607843139,1.2596236464592616,0.2774832505860382,72.878677,74.145844
72.87469409877232,1.0,5.080366993006994,77.95506109177931,True,13449,14462,1014,0.2799069866409629,1,0.23326706690259524,0.2891353269537481,1.2665469531939948,1.5254964747356052,1.2172419968560733,0.2891353269537481,74.150852,75.41802
72.87469409877232,1.0,5.080366993006994,77.95506109177931,True,13449,14462,1014,0.2799069866409629,2,0.26711176470588227,0.26136603696275695,1.2976744186046512,1.5290697674418603,1.1317339483187445,0.26711176470588227,75.423028,76.685187
72.87469409877232,1.0,5.080366993006994,77.95506109177931,True,13449,14462,1014,0.2799069866409629,3,0.2580708665842417,0.27063419913419917,1.3612820512820514,1.466024096385542,1.0910523578660751,0.27063419913419917,76.690195,77.952354
72.87469409877232,2.0,10.160733986013987,83.0354280847863,True,13449,15476,2028,0.2799069866409629,0,0.2340207364341086,0.28725968899521537,1.2786486486486488,1.545,1.2285798979874532,0.28725968899521537,72.878677,75.413011
72.87469409877232,2.0,10.160733986013987,83.0354280847863,True,13449,15476,2028,0.2799069866409629,1,0.2663209440753044,0.26658935698447894,1.3295454545454548,1.4888888888888887,1.0963126845728344,0.26658935698447894,75.41802,77.952354
72.87469409877232,2.0,10.160733986013987,83.0354280847863,True,13449,15476,2028,0.2799069866409629,2,0.25491653527878366,0.2547140838064348,1.299512195121951,1.483578947368421,1.0283774692319816,0.25491653527878366,77.957362,80.491697
72.87469409877232,2.0,10.160733986013987,83.0354280847863,True,13449,15476,2028,0.2799069866409629,3,0.23786813564984954,0.2844289941961805,1.32,1.53525,1.2030682873284626,0.2844289941961805,80.496705,83.03104
73.37551575753349,0.25,1.2700917482517484,74.64560750578524,True,13549,13801,253,0.2745087398373983,0,0.24575358818011261,0.2752018211421352,1.2991826673585884,1.3978914835164835,1.066370878579632,0.2752018211421352,73.379533,73.695073
73.37551575753349,0.25,1.2700917482517484,74.64560750578524,True,13549,13801,253,0.2745087398373983,1,0.23242009091273175,0.17802552447552444,1.2786486486486488,1.3435714285714286,1.4603828929229123,0.23242009091273175,73.700081,74.010612
73.37551575753349,0.25,1.2700917482517484,74.64560750578524,True,13549,13801,253,0.2745087398373983,2,0.2399396672221923,0.281106362683228,1.2687179487179487,1.5283333333333335,1.3822399644764192,0.281106362683228,74.015621,74.326152
73.37551575753349,0.25,1.2700917482517484,74.64560750578524,True,13549,13801,253,0.2745087398373983,3,0.21054789465207313,0.25636589861751136,1.31525,1.435121951219512,1.1538402753466621,0.25636589861751136,74.331161,74.641692
73.37551575753349,0.5,2.540183496503497,75.915699254037,True,13549,14055,507,0.2745087398373983,0,0.23686833388266326,0.2571619343338506,1.2961702127659576,1.371860465116279,1.132117526884713,0.2571619343338506,73.379533,74.010612
73.37551575753349,0.5,2.540183496503497,75.915699254037,True,13549,14055,507,0.2745087398373983,1,0.23073845895225864,0.2857756410256409,1.277560975609756,1.5095348837209304,1.2264353364375953,0.2857756410256409,74.015621,74.6467
73.37551575753349,0.5,2.540183496503497,75.915699254037,True,13549,14055,507,0.2745087398373983,2,0.23616054227304217,0.2985494068729362,1.214186046511628,1.5085365853658537,1.300944274737627,0.2985494068729362,74.651709,75.282788
73.37551575753349,0.5,2.540183496503497,75.915699254037,True,13549,14055,507,0.2745087398373983,3,0.2446769682440414,0.23998034130503643,1.281884781884782,1.5552895752895752,1.060474564753713,0.2446769682440414,75.287797,75.913868
73.37551575753349,1.0,5.080366993006994,78.45588275054048,True,13549,14562,1014,0.2745087398373983,0,0.23378103948896645,0.27094281521340335,1.2883333333333333,1.4049450549450548,1.082278280714738,0.27094281521340335,73.379533,74.6467
73.37551575753349,1.0,5.080366993006994,78.45588275054048,True,13549,14562,1014,0.2745087398373983,1,0.24059073331193837,0.27759411565284775,1.2566863075196406,1.5371853146853147,1.1738430627351775,0.27759411565284775,74.651709,75.918876
73.37551575753349,1.0,5.080366993006994,78.45588275054048,True,13549,14562,1014,0.2745087398373983,2,0.27639966690411444,0.2651108739291139,1.3409523809523811,1.4988636363636365,1.222073803785042,0.27639966690411444,75.923885,77.186043
73.37551575753349,1.0,5.080366993006994,78.45588275054048,True,13549,14562,1014,0.2745087398373983,3,0.26304085903729935,0.26660090607067355,1.3270731707317074,1.4546341463414636,1.0318836929627204,0.26660090607067355,77.191052,78.45321
73.37551575753349,2.0,10.160733986013987,83.53624974354747,True,13549,15576,2028,0.2745087398373983,0,0.23973147403392203,0.278742904603702,1.2687179487179487,1.4779545454545453,1.1045004438112145,0.278742904603702,73.379533,75.913868
73.37551575753349,2.0,10.160733986013987,83.53624974354747,True,13549,15576,2028,0.2745087398373983,1,0.2722036628654826,0.2665586837765409,1.335056179775281,1.4790476190476187,1.1183543865771366,0.2722036628654826,75.918876,78.45321
73.37551575753349,2.0,10.160733986013987,83.53624974354747,True,13549,15576,2028,0.2745087398373983,2,0.24453352349404978,0.24866897355814133,1.3189743589743588,1.4845238095238096,1.0277577490024579,0.24866897355814133,78.458219,80.992553
73.37551575753349,2.0,10.160733986013987,83.53624974354747,True,13549,15576,2028,0.2745087398373983,3,0.23086609589041085,0.2817101411968398,1.297,1.5293827160493827,1.2376140651693057,0.2817101411968398,80.997562,83.531896
73.87633741629465,0.25,1.2700917482517484,75.14642916454639,True,13649,13901,253,0.2746609043395627,0,0.2484501927081485,0.26807296145883097,1.3276498936924166,1.518878205128205,1.1316264308558281,0.26807296145883097,73.88039,74.195929
73.87633741629465,0.25,1.2700917482517484,75.14642916454639,True,13649,13901,253,0.2746609043395627,1,0.2174611668003208,0.3020027056277057,1.3004878048780488,1.5283333333333335,1.4860534243228387,0.3020027056277057,74.200938,74.511469
73.87633741629465,0.25,1.2700917482517484,75.14642916454639,True,13649,13901,253,0.2746609043395627,2,0.23704340757506648,0.2590314282903796,1.3251282051282052,1.3874418604651164,1.0680474034991194,0.2590314282903796,74.516478,74.827009
73.87633741629465,0.25,1.2700917482517484,75.14642916454639,True,13649,13901,253,0.2746609043395627,3,0.20925382579086005,0.2384008987754186,1.214186046511628,1.5195294117647058,1.264450141536487,0.2384008987754186,74.832017,75.142548
73.87633741629465,0.5,2.540183496503497,76.41652091279815,True,13649,14155,507,0.2746609043395627,0,0.23141503759398507,0.2872682180564532,1.31,1.5202564102564102,1.1354962298059972,0.2872682180564532,73.88039,74.511469
73.87633741629465,0.5,2.540183496503497,76.41652091279815,True,13649,14155,507,0.2746609043395627,1,0.22879674796747973,0.2816798076923076,1.2785365853658537,1.4585,1.1607634384096182,0.2816798076923076,74.516478,75.147557
73.87633741629465,0.5,2.540183496503497,76.41652091279815,True,13649,14155,507,0.2746609043395627,2,0.23955280100334453,0.27170995560301225,1.2376595744680852,1.5602380952380952,1.241970588021043,0.27170995560301225,75.152566,75.783645
73.87633741629465,0.5,2.540183496503497,76.41652091279815,True,13649,14155,507,0.2746609043395627,3,0.26834502527226534,0.23356848467482505,1.3136804451510335,1.5259809183064998,1.1450323550646646,0.26834502527226534,75.788653,76.414724
73.87633741629465,1.0,5.080366993006994,78.95670440930164,True,13649,14662,1014,0.2746609043395627,0,0.23480712096891865,0.28856048118548117,1.2922344322344321,1.5065938740782756,1.1302370520148837,0.28856048118548117,73.88039,75.147557
73.87633741629465,1.0,5.080366993006994,78.95670440930164,True,13649,14662,1014,0.2746609043395627,1,0.2569995760466348,0.26862452090592337,1.2671372930866602,1.543022860673463,1.0975758527502286,0.26862452090592337,75.152566,76.419733
73.87633741629465,1.0,5.080366993006994,78.95670440930164,True,13649,14662,1014,0.2746609043395627,2,0.2675598816951623,0.24975120224343705,1.3460975609756098,1.454090909090909,1.222486406521802,0.2675598816951623,76.424741,77.6869
73.87633741629465,1.0,5.080366993006994,78.95670440930164,True,13649,14662,1014,0.2746609043395627,3,0.2638909694916155,0.27432435890239226,1.318987341772152,1.4843589743589742,1.0642372755995455,0.27432435890239226,77.691908,78.954067
73.87633741629465,2.0,10.160733986013987,84.03707140230864,True,13649,15676,2028,0.2746609043395627,0,0.24920256577516853,0.2766405996088023,1.2834883720930232,1.5277500000000002,1.0762355607015432,0.2766405996088023,73.88039,76.414724
73.87633741629465,2.0,10.160733986013987,84.03707140230864,True,13649,15676,2028,0.2746609043395627,1,0.2698173002880152,0.2698193372440053,1.333658536585366,1.4658823529411766,1.0915439934899527,0.2698193372440053,76.419733,78.954067
73.87633741629465,2.0,10.160733986013987,84.03707140230864,True,13649,15676,2028,0.2746609043395627,2,0.24827145438121034,0.2458217266555487,1.327948717948718,1.5038888888888888,1.0405087072254826,0.24827145438121034,78.959076,81.49341
73.87633741629465,2.0,10.160733986013987,84.03707140230864,True,13649,15676,2028,0.2746609043395627,3,0.23183144796380095,0.27653306290015156,1.2030769230769232,1.5446341463414637,1.1287342348366614,0.27653306290015156,81.498419,84.032753
74.3771590750558,0.25,1.2700917482517484,75.64725082330754,True,13749,14001,253,0.26748773752127053,0,0.21012416755950503,0.19959234177628538,1.311940133037694,1.5344634146341463,1.0512889722969052,0.21012416755950503,74.381246,74.696786
74.3771590750558,0.25,1.2700917482517484,75.64725082330754,True,13749,14001,253,0.26748773752127053,1,0.222526510989011,0.2804156674208145,1.2656756756756755,1.4346153846153846,1.1632579485399888,0.2804156674208145,74.701795,75.012326
74.3771590750558,0.25,1.2700917482517484,75.64725082330754,True,13749,14001,253,0.26748773752127053,2,0.2502516025641024,0.29234520135952724,1.1925581395348837,1.58125,1.3219796572123377,0.29234520135952724,75.017334,75.327865
74.3771590750558,0.25,1.2700917482517484,75.64725082330754,True,13749,14001,253,0.26748773752127053,3,0.22968225453408375,0.24146423933209638,1.2538271604938271,1.545,1.2404158947638453,0.24146423933209638,75.332874,75.643405
74.3771590750558,0.5,2.540183496503497,76.9173425715593,True,13749,14255,507,0.26748773752127053,0,0.21862512762336928,0.24614215602395573,1.2956410256410258,1.4554455445544554,1.0863069856817376,0.24614215602395573,74.381246,75.012326
74.3771590750558,0.5,2.540183496503497,76.9173425715593,True,13749,14255,507,0.26748773752127053,1,0.2537081949826586,0.276277750965251,1.225897435897436,1.56075,1.2924087612652089,0.276277750965251,75.017334,75.648414
74.3771590750558,0.5,2.540183496503497,76.9173425715593,True,13749,14255,507,0.26748773752127053,2,0.2612819544953692,0.25431964261953643,1.3367088607594937,1.4939534883720933,1.163785387862735,0.2612819544953692,75.653422,76.284501
74.3771590750558,0.5,2.540183496503497,76.9173425715593,True,13749,14255,507,0.26748773752127053,3,0.27673778733531773,0.2558663521653922,1.264202626641651,1.5418888888888889,1.2730345097474325,0.27673778733531773,76.28951,76.915581
74.3771590750558,1.0,5.080366993006994,79.45752606806279,True,13749,14762,1014,0.26748773752127053,0,0.23511494293308322,0.27549080755080124,1.2597727272727273,1.5344762845849802,1.1953982773857041,0.27549080755080124,74.381246,75.648414
74.3771590750558,1.0,5.080366993006994,79.45752606806279,True,13749,14762,1014,0.26748773752127053,1,0.2751347868217052,0.26243056229194217,1.3250522648083625,1.528720930232558,1.162274258970973,0.2751347868217052,75.653422,76.920589
74.3771590750558,1.0,5.080366993006994,79.45752606806279,True,13749,14762,1014,0.26748773752127053,2,0.2593140678017736,0.26595966057646925,1.322105263157895,1.456341463414634,1.0803086599235248,0.26595966057646925,76.925598,78.187756
74.3771590750558,1.0,5.080366993006994,79.45752606806279,True,13749,14762,1014,0.26748773752127053,3,0.25362547332500696,0.259095423563778,1.3310843373493977,1.4854054054054056,1.0232833079966717,0.259095423563778,78.192765,79.454924
74.3771590750558,2.0,10.160733986013987,84.53789306106978,True,13749,15776,2028,0.26748773752127053,0,0.2618792107117688,0.2756280275099263,1.2897435897435898,1.5294594594594595,1.0427810288682464,0.2756280275099263,74.381246,76.915581
74.3771590750558,2.0,10.160733986013987,84.53789306106978,True,13749,15776,2028,0.26748773752127053,1,0.2554358790835227,0.2624365419670055,1.326818181818182,1.4790476190476187,1.0331899217103242,0.2624365419670055,76.920589,79.454924
74.3771590750558,2.0,10.160733986013987,84.53789306106978,True,13749,15776,2028,0.26748773752127053,2,0.24120110722610721,0.2643441659559669,1.325,1.4805333333333337,1.1475121866225972,0.2643441659559669,79.459932,81.994267
74.3771590750558,2.0,10.160733986013987,84.53789306106978,True,13749,15776,2028,0.26748773752127053,3,0.2298624141860096,0.25160935143288077,1.1725581395348836,1.579772727272727,1.1405796492159566,0.25160935143288077,81.999275,84.53361
74.87798073381697,0.25,1.2700917482517484,76.14807248206871,True,13849,14101,253,0.26677784090909096,0,0.23515165525114146,0.2935840769532271,1.2557277834525025,1.5137736486486486,1.288076742079697,0.2935840769532271,74.882103,75.197643
74.87798073381697,0.25,1.2700917482517484,76.14807248206871,True,13849,14101,253,0.26677784090909096,1,0.20470080129698975,0.22421963342653006,1.17325,1.6272340425531917,1.3695399607078231,0.22421963342653006,75.202651,75.513182
74.87798073381697,0.25,1.2700917482517484,76.14807248206871,True,13849,14101,253,0.26677784090909096,2,0.2149299783549783,0.22590134844058896,1.3421428571428573,1.5416867469879518,1.014973298821166,0.22590134844058896,75.518191,75.828722
74.87798073381697,0.25,1.2700917482517484,76.14807248206871,True,13849,14101,253,0.26677784090909096,3,0.26835233142037296,0.2696954723847581,1.3298850574712642,1.4478571428571427,1.1827399793553297,0.2696954723847581,75.83373,76.144262
74.87798073381697,0.5,2.540183496503497,77.41816423032047,True,13849,14355,507,0.26677784090909096,0,0.22198933286488765,0.27859734124368274,1.198409090909091,1.5686486486486488,1.35601184942812,0.27859734124368274,74.882103,75.513182
74.87798073381697,0.5,2.540183496503497,77.41816423032047,True,13849,14355,507,0.26677784090909096,1,0.26067649572649576,0.25130007370291707,1.3384090909090909,1.4939534883720933,1.0936871402684,0.26067649572649576,75.518191,76.14927
74.87798073381697,0.5,2.540183496503497,77.41816423032047,True,13849,14355,507,0.26677784090909096,2,0.2729138113429327,0.24177723577235755,1.22,1.4997222222222224,1.3179068044941973,0.2729138113429327,76.154279,76.785358
74.87798073381697,0.5,2.540183496503497,77.41816423032047,True,13849,14355,507,0.26677784090909096,3,0.2416125541125541,0.24846604461430033,1.3848810782241017,1.4375851393188854,1.300818862238635,0.24846604461430033,76.790367,77.416437
74.87798073381697,1.0,5.080366993006994,79.95834772682396,True,13849,14862,1014,0.26677784090909096,0,0.25488428030303034,0.26950370020469216,1.270859140859141,1.5477777777777781,1.1299182026533958,0.26950370020469216,74.882103,76.14927
74.87798073381697,1.0,5.080366993006994,79.95834772682396,True,13849,14862,1014,0.26677784090909096,1,0.27231805100088813,0.2543687992056123,1.3360467380720547,1.4638657067293563,1.2299325784786463,0.27231805100088813,76.154279,77.421446
74.87798073381697,1.0,5.080366993006994,79.95834772682396,True,13849,14862,1014,0.26677784090909096,2,0.2664986859511421,0.2689436067997043,1.3275757575757576,1.504878048780488,1.0258706165670453,0.2689436067997043,77.426454,78.688613
74.87798073381697,1.0,5.080366993006994,79.95834772682396,True,13849,14862,1014,0.26677784090909096,3,0.2353453601795683,0.2509842151796319,1.29025,1.4825,1.0544676742083299,0.2509842151796319,78.693622,79.95578
74.87798073381697,2.0,10.160733986013987,85.03871471983095,True,13849,15876,2028,0.26677784090909096,0,0.26415248414376324,0.2743888359125508,1.30425,1.501842105263158,1.065103635087757,0.2743888359125508,74.882103,77.416437
74.87798073381697,2.0,10.160733986013987,85.03871471983095,True,13849,15876,2028,0.26677784090909096,1,0.2578871410863196,0.26218401162790694,1.3054545454545454,1.4889743589743587,1.0261534355237238,0.26218401162790694,77.421446,79.95578
74.87798073381697,2.0,10.160733986013987,85.03871471983095,True,13849,15876,2028,0.26677784090909096,2,0.23971261369120533,0.27106391705284105,1.3243589743589743,1.489,1.1431445131602171,0.27106391705284105,79.960789,82.495123
74.87798073381697,2.0,10.160733986013987,85.03871471983095,True,13849,15876,2028,0.26677784090909096,3,0.23183144796380095,0.22842331964592233,1.1979220779220778,1.5945205479452054,1.1322994539788636,0.23183144796380095,82.500132,85.034466
75.37880239257812,0.25,1.2700917482517484,76.64889414082987,True,13949,14201,253,0.2623373093151574,0,0.21047102166126552,0.22674328231292507,1.283262987012987,1.5433433734939759,1.260602913496548,0.22674328231292507,75.38296,75.698499
75.37880239257812,0.25,1.2700917482517484,76.64889414082987,True,13949,14201,253,0.2623373093151574,1,0.26257147076049514,0.21142537345266577,1.3844186046511628,1.5277500000000002,1.1794076332465933,0.26257147076049514,75.703508,76.014039
75.37880239257812,0.25,1.2700917482517484,76.64889414082987,True,13949,14201,253,0.2623373093151574,2,0.24553211517165008,0.275691159015201,1.30609756097561,1.5290697674418603,1.1623380615154508,0.275691159015201,76.019047,76.329579
75.37880239257812,0.25,1.2700917482517484,76.64889414082987,True,13949,14201,253,0.2623373093151574,3,0.26981056299284795,0.23874795962192374,1.14825,1.5091764705882351,1.4472107611968088,0.26981056299284795,76.334587,76.645118
75.37880239257812,0.5,2.540183496503497,77.91898588908163,True,13949,14455,507,0.2623373093151574,0,0.2534686525892408,0.23280935499554345,1.3402272727272728,1.539285714285714,1.105429279137659,0.2534686525892408,75.38296,76.014039
75.37880239257812,0.5,2.540183496503497,77.91898588908163,True,13949,14455,507,0.2623373093151574,1,0.269780299188641,0.26125899068862724,1.2082051282051285,1.5169892473118278,1.1521834040736152,0.269780299188641,76.019047,76.650127
75.37880239257812,0.5,2.540183496503497,77.91898588908163,True,13949,14455,507,0.2623373093151574,2,0.26182754197022495,0.25096765734265736,1.3948837209302327,1.4741463414634146,1.2683244414626909,0.26182754197022495,76.655135,77.286215
75.37880239257812,0.5,2.540183496503497,77.91898588908163,True,13949,14455,507,0.2623373093151574,3,0.2404157149849091,0.27780341305036416,1.3267865853658538,1.483259426847662,1.0856481249746885,0.27780341305036416,77.291223,77.917294
75.37880239257812,1.0,5.080366993006994,80.45916938558511,True,13949,14962,1014,0.2623373093151574,0,0.2670977941176469,0.26170826074332176,1.294298780487805,1.528720930232558,1.116394564602662,0.2670977941176469,75.38296,76.650127
75.37880239257812,1.0,5.080366993006994,80.45916938558511,True,13949,14962,1014,0.2623373093151574,1,0.25795688153310103,0.270344696969697,1.3549592074592076,1.4802325581395348,1.1163807243925392,0.270344696969697,76.655135,77.922302
75.37880239257812,1.0,5.080366993006994,80.45916938558511,True,13949,14962,1014,0.2623373093151574,2,0.26211611665465484,0.26187203829198624,1.318987341772152,1.4654761904761904,1.0371628416525114,0.26211611665465484,77.927311,79.18947
75.37880239257812,1.0,5.080366993006994,80.45916938558511,True,13949,14962,1014,0.2623373093151574,3,0.22456141437604848,0.22454518125552603,1.2976923076923077,1.4889743589743587,1.0695024254184338,0.22456141437604848,79.194478,80.456637
75.37880239257812,2.0,10.160733986013987,85.53953637859212,True,13949,15976,2028,0.2623373093151574,0,0.2657591699754206,0.2667233686123859,1.3265,1.4997222222222224,1.0931765129981268,0.2667233686123859,75.38296,77.917294
75.37880239257812,2.0,10.160733986013987,85.53953637859212,True,13949,15976,2028,0.2623373093151574,1,0.2556160882800609,0.2547140838064348,1.3048484848484847,1.4805333333333337,1.02160197540611,0.2556160882800609,77.922302,80.456637
75.37880239257812,2.0,10.160733986013987,85.53953637859212,True,13949,15976,2028,0.2623373093151574,2,0.23659413669328255,0.2844289941961805,1.318809523809524,1.530120481927711,1.2064661003645842,0.2844289941961805,80.461645,82.99598
75.37880239257812,2.0,10.160733986013987,85.53953637859212,True,13949,15976,2028,0.2623373093151574,3,0.23047532281205174,0.20128058042605734,1.1851219512195124,1.5806976744186048,1.1641052213224703,0.23047532281205174,83.000988,85.535323
75.87962405133928,0.25,1.2700917482517484,77.14971579959102,True,14049,14301,253,0.26282639380971473,0,0.2549661657955866,0.2687562732902018,1.3775956354300385,1.5010694444444443,1.1151098418566303,0.2687562732902018,75.883816,76.199356
75.87962405133928,0.25,1.2700917482517484,77.14971579959102,True,14049,14301,253,0.26282639380971473,1,0.2566912365756019,0.24493017473270207,1.1897435897435895,1.5371794871794873,1.1590896990503752,0.2566912365756019,76.204364,76.514895
75.87962405133928,0.25,1.2700917482517484,77.14971579959102,True,14049,14301,253,0.26282639380971473,2,0.2812227954971856,0.27066722208950456,1.2907499999999998,1.5160465116279072,1.2863706638968386,0.2812227954971856,76.519904,76.830435
75.87962405133928,0.25,1.2700917482517484,77.14971579959102,True,14049,14301,253,0.26282639380971473,3,0.25837192691029887,0.20276701902748406,1.3895348837209305,1.51,1.7290671957487544,0.25837192691029887,76.835444,77.145975
75.87962405133928,0.5,2.540183496503497,78.41980754784278,True,14049,14555,507,0.26282639380971473,0,0.26371675786593696,0.26125899068862724,1.3238636363636362,1.5283720930232558,1.0785562692805177,0.26371675786593696,75.883816,76.514895
75.87962405133928,0.5,2.540183496503497,78.41980754784278,True,14049,14555,507,0.26282639380971473,1,0.28004554263565884,0.26236815474655795,1.3653658536585365,1.51,1.3618889927000684,0.28004554263565884,76.519904,77.150983
75.87962405133928,0.5,2.540183496503497,78.41980754784278,True,14049,14555,507,0.26282639380971473,2,0.2538949011222076,0.23775063747228364,1.3212903225806452,1.3973170731707316,1.1907248893617939,0.2538949011222076,77.155992,77.787071
75.87962405133928,0.5,2.540183496503497,78.41980754784278,True,14049,14555,507,0.26282639380971473,3,0.2830689738502238,0.2746828762632484,1.35463133640553,1.529984756097561,1.0602514445553421,0.2830689738502238,77.79208,78.418151
75.87962405133928,1.0,5.080366993006994,80.95999104434627,True,14049,15062,1014,0.26282639380971473,0,0.27542856972057106,0.26482322820792703,1.3360467380720547,1.5146482558139536,1.2071574546506407,0.27542856972057106,75.883816,77.150983
75.87962405133928,1.0,5.080366993006994,80.95999104434627,True,14049,15062,1014,0.26282639380971473,1,0.2696704623995193,0.26645779975838124,1.3358207728144698,1.4543625277161865,1.038627757975228,0.2696704623995193,77.155992,78.423159
75.87962405133928,1.0,5.080366993006994,80.95999104434627,True,14049,15062,1014,0.26282639380971473,2,0.24582376364474978,0.259229761904762,1.2848275862068963,1.48659793814433,1.0302398314243693,0.259229761904762,78.428168,79.690326
75.87962405133928,1.0,5.080366993006994,80.95999104434627,True,14049,15062,1014,0.26282639380971473,3,0.24642879219545888,0.2166072535991138,1.3284615384615384,1.4784000000000002,1.0923513045802404,0.24642879219545888,79.695335,80.957493
75.87962405133928,2.0,10.160733986013987,86.04035803735326,True,14049,16076,2028,0.26282639380971473,0,0.2722036628654826,0.2665586837765409,1.3353846153846154,1.4843589743589742,1.1199727478189607,0.2722036628654826,75.883816,78.418151
75.87962405133928,2.0,10.160733986013987,86.04035803735326,True,14049,16076,2028,0.26282639380971473,1,0.24453352349404978,0.24928913137736664,1.3140229885057473,1.4845238095238096,1.0288053374430528,0.24928913137736664,78.423159,80.957493
75.87962405133928,2.0,10.160733986013987,86.04035803735326,True,14049,16076,2028,0.26282639380971473,2,0.23086609589041085,0.2817101411968398,1.297,1.5271111111111113,1.240649561377206,0.2817101411968398,80.962502,83.496836
75.87962405133928,2.0,10.160733986013987,86.04035803735326,True,14049,16076,2028,0.26282639380971473,3,0.22604846394984324,0.20265421377952075,1.1936111111111112,1.579772727272727,1.1565572148228767,0.22604846394984324,83.501845,86.036179
76.38044571010045,0.25,1.2700917482517484,77.65053745835219,True,14149,14401,253,0.26068137474659236,0,0.2731716971544715,0.24031574101283182,1.1925795795795797,1.5165178794698675,1.3530223268575472,0.2731716971544715,76.384673,76.700212
76.38044571010045,0.25,1.2700917482517484,77.65053745835219,True,14149,14401,253,0.26068137474659236,1,0.2463004283108593,0.27066722208950456,1.4455263157894738,1.5448717948717947,1.2344797920693067,0.27066722208950456,76.705221,77.015752
76.38044571010045,0.25,1.2700917482517484,77.65053745835219,True,14149,14401,253,0.26068137474659236,2,0.26257788248337033,0.23744684482184486,1.3623529411764708,1.3762025316455695,1.2653944380876387,0.26257788248337033,77.020761,77.331292
76.38044571010045,0.25,1.2700917482517484,77.65053745835219,True,14149,14401,253,0.26068137474659236,3,0.21378143662443472,0.21586741365745132,1.2860674157303371,1.4437209302325582,1.0315809570700938,0.21586741365745132,77.3363,77.646831
76.38044571010045,0.5,2.540183496503497,78.92062920660395,True,14149,14655,507,0.26068137474659236,0,0.27973591253153907,0.24925264682423065,1.3479518072289156,1.533095238095238,1.2865897714794232,0.27973591253153907,76.384673,77.015752
76.38044571010045,0.5,2.540183496503497,78.92062920660395,True,14149,14655,507,0.26068137474659236,1,0.2531706599713057,0.22531062476848995,1.3212903225806452,1.3973170731707316,1.1548402731344447,0.2531706599713057,77.020761,77.65184
76.38044571010045,0.5,2.540183496503497,78.92062920660395,True,14149,14655,507,0.26068137474659236,2,0.2789426086956522,0.2768602070620142,1.3472093023255816,1.5285,1.1043207315226207,0.2789426086956522,77.656848,78.287928
76.38044571010045,0.5,2.540183496503497,78.92062920660395,True,14149,14655,507,0.26068137474659236,3,0.25866638018538746,0.26937249765738136,1.2895581395348839,1.3973424301494477,1.0491856973394222,0.26937249765738136,78.292936,78.919007
76.38044571010045,1.0,5.080366993006994,81.46081270310744,True,14149,15162,1014,0.26068137474659236,0,0.2696312529890005,0.2515815734529133,1.3329127906976743,1.4659532246633593,1.2219581003074818,0.2696312529890005,76.384673,77.65184
76.38044571010045,1.0,5.080366993006994,81.46081270310744,True,14149,15162,1014,0.26068137474659236,1,0.266319055749903,0.2740379175749468,1.3291913319238902,1.4847376267143708,1.050954278258151,0.2740379175749468,77.656848,78.924016
76.38044571010045,1.0,5.080366993006994,81.46081270310744,True,14149,15162,1014,0.26068137474659236,2,0.2237476996687522,0.2315814893693986,1.3067567567567568,1.4889743589743587,1.023370597581943,0.2315814893693986,78.929024,80.191183
76.38044571010045,1.0,5.080366993006994,81.46081270310744,True,14149,15162,1014,0.26068137474659236,3,0.25679664505505817,0.2545813507168001,1.343658536585366,1.5038888888888888,1.0699391835132215,0.25679664505505817,80.196191,81.45835
76.38044571010045,2.0,10.160733986013987,86.54117969611443,True,14149,16176,2028,0.26068137474659236,0,0.2702408296997799,0.2698193372440053,1.3295454545454548,1.4741463414634146,1.0919923522139188,0.2702408296997799,76.384673,78.919007
76.38044571010045,2.0,10.160733986013987,86.54117969611443,True,14149,16176,2028,0.26068137474659236,1,0.25073440766550514,0.24491916453531903,1.326818181818182,1.4951351351351352,1.0290838721552813,0.25073440766550514,78.924016,81.45835
76.38044571010045,2.0,10.160733986013987,86.54117969611443,True,14149,16176,2028,0.26068137474659236,2,0.2333151460942159,0.2780067095067096,1.2052941176470588,1.5438095238095235,1.116015836474094,0.2780067095067096,81.463359,83.997693
76.38044571010045,2.0,10.160733986013987,86.54117969611443,True,14149,16176,2028,0.26068137474659236,3,0.22318041158536606,0.2090272683972375,1.2544736842105264,1.5667605633802817,1.0679129676418788,0.22318041158536606,84.002702,86.537036
76.88126736886161,0.25,1.2700917482517484,78.15135911711336,True,14249,14501,253,0.26316696079404267,0,0.2586638017808748,0.20263663965233725,1.429390243902439,1.4590243902439024,1.4526139709882648,0.2586638017808748,76.885529,77.201069
76.88126736886161,0.25,1.2700917482517484,78.15135911711336,True,14249,14501,253,0.26316696079404267,1,0.2441850289141143,0.22456190953526556,1.297948717948718,1.3947619047619049,1.2290633168667882,0.2441850289141143,77.206078,77.516609
76.88126736886161,0.25,1.2700917482517484,78.15135911711336,True,14249,14501,253,0.26316696079404267,2,0.2369150722998229,0.2768157041869719,1.2777500000000002,1.51125,1.1806343666123407,0.2768157041869719,77.521617,77.832148
76.88126736886161,0.25,1.2700917482517484,78.15135911711336,True,14249,14501,253,0.26316696079404267,3,0.2568794274314019,0.2713994184110464,1.3589743589743588,1.4790476190476187,1.282389824444422,0.2713994184110464,77.837157,78.147688
76.88126736886161,0.5,2.540183496503497,79.42145086536512,True,14249,14755,507,0.26316696079404267,0,0.25859129325014185,0.2240821603490143,1.346666666666667,1.4078048780487806,1.2694799909901326,0.25859129325014185,76.885529,77.516609
76.88126736886161,0.5,2.540183496503497,79.42145086536512,True,14249,14755,507,0.26316696079404267,1,0.26495290014333495,0.2768602070620142,1.3169230769230769,1.50075,1.1487287411303189,0.2768602070620142,77.521617,78.152697
76.88126736886161,0.5,2.540183496503497,79.42145086536512,True,14249,14755,507,0.26316696079404267,2,0.2669543991814807,0.25221395293159987,1.3478571428571429,1.4719540229885058,1.1205853264974626,0.2669543991814807,78.157705,78.788784
76.88126736886161,0.5,2.540183496503497,79.42145086536512,True,14249,14755,507,0.26316696079404267,3,0.23914288760020463,0.2515623238549405,1.3065212355212357,1.5005198973042362,1.0533957086357721,0.2515623238549405,78.793793,79.419864
76.88126736886161,1.0,5.080366993006994,81.9616343618686,True,14249,15262,1014,0.26316696079404267,0,0.2577314664502165,0.26583924663347236,1.3291913319238902,1.457317073170732,1.118912852999885,0.26583924663347236,76.885529,78.152697
76.88126736886161,1.0,5.080366993006994,81.9616343618686,True,14249,15262,1014,0.26316696079404267,1,0.2581888917061078,0.254733229463587,1.3277128883774454,1.4871898821898821,1.056355107702547,0.2581888917061078,78.157705,79.424872
76.88126736886161,1.0,5.080366993006994,81.9616343618686,True,14249,15262,1014,0.26316696079404267,2,0.25634819716148827,0.23482146367146361,1.2992105263157896,1.4825,1.127670959455293,0.25634819716148827,79.429881,80.692039
76.88126736886161,1.0,5.080366993006994,81.9616343618686,True,14249,15262,1014,0.26316696079404267,3,0.22616904761904755,0.2788648785425102,1.3516455696202534,1.4817073170731707,1.2848007224062787,0.2788648785425102,80.697048,81.959207
76.88126736886161,2.0,10.160733986013987,87.0420013548756,True,14249,16276,2028,0.26316696079404267,0,0.25931202319008995,0.26100162492326495,1.3288372093023255,1.4790476190476187,1.0597034530576488,0.26100162492326495,76.885529,79.419864
76.88126736886161,2.0,10.160733986013987,87.0420013548756,True,14249,16276,2028,0.26316696079404267,1,0.24088173400673407,0.2659279860449,1.3252631578947367,1.4825,1.1531233275012907,0.2659279860449,79.424872,81.959207
76.88126736886161,2.0,10.160733986013987,87.0420013548756,True,14249,16276,2028,0.26316696079404267,2,0.2298624141860096,0.25160935143288077,1.1745679012345678,1.5773809523809526,1.130979650618054,0.25160935143288077,81.964215,84.49855
76.88126736886161,2.0,10.160733986013987,87.0420013548756,True,14249,16276,2028,0.26316696079404267,3,0.2308692524795466,0.21538850481442406,1.2797560975609756,1.551219512195122,1.0826654419589379,0.2308692524795466,84.503558,87.037892
77.38208902762277,0.25,1.2700917482517484,78.65218077587451,True,14349,14601,253,0.26611535087719296,0,0.2236196646341464,0.21016277244631343,1.2970552845528456,1.446485465116279,1.0899493414314712,0.2236196646341464,77.386386,77.701926
77.38208902762277,0.25,1.2700917482517484,78.65218077587451,True,14349,14601,253,0.26611535087719296,1,0.2809808695652174,0.25730671971003605,1.3275757575757576,1.516734693877551,1.063077173437331,0.2809808695652174,77.706934,78.017465
77.38208902762277,0.25,1.2700917482517484,78.65218077587451,True,14349,14601,253,0.26611535087719296,2,0.27461613102214555,0.25700788576143085,1.339090909090909,1.52875,1.315818304195632,0.27461613102214555,78.022474,78.333005
77.38208902762277,0.25,1.2700917482517484,78.65218077587451,True,14349,14601,253,0.26611535087719296,3,0.263758368068713,0.2692682444601049,1.3286075949367089,1.4719540229885058,1.2842090594326736,0.2692682444601049,78.338013,78.648545
77.38208902762277,0.5,2.540183496503497,79.92227252412627,True,14349,14855,507,0.26611535087719296,0,0.2541989466549629,0.2521896341463413,1.3121951219512196,1.473,1.0305966805459634,0.2541989466549629,77.386386,78.017465
77.38208902762277,0.5,2.540183496503497,79.92227252412627,True,14349,14855,507,0.26611535087719296,1,0.2663062924502233,0.26024545536969035,1.3288372093023255,1.498409090909091,1.0357715990605845,0.2663062924502233,78.022474,78.653553
77.38208902762277,0.5,2.540183496503497,79.92227252412627,True,14349,14855,507,0.26611535087719296,2,0.23981523174206087,0.2535304487179487,1.3232558139534885,1.4804705882352942,1.0825067388769758,0.2535304487179487,78.658562,79.289641
77.38208902762277,0.5,2.540183496503497,79.92227252412627,True,14349,14855,507,0.26611535087719296,3,0.2286920029134223,0.2345652202527202,1.2737435897435896,1.4815166666666668,1.0248763083436936,0.2345652202527202,79.29465,79.92072
77.38208902762277,1.0,5.080366993006994,82.46245602062976,True,14349,15362,1014,0.26611535087719296,0,0.2636358147145941,0.268865428677014,1.3201388321763985,1.4851507321274764,1.0216182513231116,0.268865428677014,77.386386,78.653553
77.38208902762277,1.0,5.080366993006994,82.46245602062976,True,14349,15362,1014,0.26611535087719296,1,0.23617026860142032,0.25090314755184073,1.2958914728682172,1.4815166666666668,1.0467467592141124,0.25090314755184073,78.658562,79.925729
77.38208902762277,1.0,5.080366993006994,82.46245602062976,True,14349,15362,1014,0.26611535087719296,2,0.24546200897867565,0.24235900026730794,1.3486486486486486,1.5038888888888888,1.0926225734859774,0.24546200897867565,79.930737,81.192896
77.38208902762277,1.0,5.080366993006994,82.46245602062976,True,14349,15362,1014,0.26611535087719296,3,0.2301761904761903,0.28563507140086086,1.258,1.4686842105263158,1.2251383492770813,0.28563507140086086,81.197905,82.460063
77.38208902762277,2.0,10.160733986013987,87.54282301363676,True,14349,16376,2028,0.26611535087719296,0,0.2578871410863196,0.26218401162790694,1.3002439024390244,1.4843589743589742,1.0278747111262936,0.26218401162790694,77.386386,79.92072
77.38208902762277,2.0,10.160733986013987,87.54282301363676,True,14349,16376,2028,0.26611535087719296,1,0.23971261369120533,0.27106391705284105,1.3252631578947367,1.489,1.1446068395293563,0.27106391705284105,79.925729,82.460063
77.38208902762277,2.0,10.160733986013987,87.54282301363676,True,14349,16376,2028,0.26611535087719296,2,0.23047115384615402,0.22842331964592233,1.1926190476190477,1.5952272727272727,1.110952952066618,0.23047115384615402,82.465072,84.999406
77.38208902762277,2.0,10.160733986013987,87.54282301363676,True,14349,16376,2028,0.26611535087719296,3,0.22761676844363754,0.22275467330074394,1.2557142857142858,1.520253164556962,1.0411657648671726,0.22761676844363754,85.004415,87.538749
77.88291068638392,0.25,1.2700917482517484,79.15300243463567,True,14449,14701,253,0.27183466486940855,0,0.28761899644030653,0.25407548265687796,1.301029067824925,1.4813132832080198,1.0886962045768558,0.28761899644030653,77.887243,78.202782
77.88291068638392,0.25,1.2700917482517484,79.15300243463567,True,14449,14701,253,0.27183466486940855,1,0.2721860555334229,0.2544944479363085,1.376511627906977,1.4843589743589742,1.1537772683055385,0.2721860555334229,78.207791,78.518322
77.88291068638392,0.25,1.2700917482517484,79.15300243463567,True,14449,14701,253,0.27183466486940855,2,0.23293059362314805,0.21648512661920893,1.257922077922078,1.33974358974359,1.107815953830119,0.23293059362314805,78.52333,78.833861
77.88291068638392,0.25,1.2700917482517484,79.15300243463567,True,14449,14701,253,0.27183466486940855,3,0.2599258906766061,0.24315878043121286,1.3140229885057473,1.5385,1.1548979306990743,0.2599258906766061,78.83887,79.149401
77.88291068638392,0.5,2.540183496503497,80.42309418288743,True,14449,14955,507,0.27183466486940855,0,0.2838623860895202,0.2560345968916766,1.3477272727272729,1.483578947368421,1.1268083804719966,0.2838623860895202,77.887243,78.518322
77.88291068638392,0.5,2.540183496503497,80.42309418288743,True,14449,14955,507,0.27183466486940855,1,0.2478621479317682,0.2675902014652014,1.284,1.4278048780487804,1.1053793812611339,0.2675902014652014,78.52333,79.15441
77.88291068638392,0.5,2.540183496503497,80.42309418288743,True,14449,14955,507,0.27183466486940855,2,0.21641000347385242,0.22702555339397457,1.29025,1.5089655172413794,1.0557962880353735,0.22702555339397457,79.159418,79.790498
77.88291068638392,0.5,2.540183496503497,80.42309418288743,True,14449,14955,507,0.27183466486940855,3,0.25034246232162893,0.20870341233354484,1.308125,1.4356639892904952,1.1543700450703738,0.25034246232162893,79.795506,80.421577
77.88291068638392,1.0,5.080366993006994,82.96327767939091,True,14449,15462,1014,0.27183466486940855,0,0.26572830068515996,0.2616844742315232,1.3235509838998212,1.468761343012704,1.0566616411499132,0.26572830068515996,77.887243,79.15441
77.88291068638392,1.0,5.080366993006994,82.96327767939091,True,14449,15462,1014,0.27183466486940855,1,0.22633219474555855,0.2243504310344827,1.299873744619799,1.4855608738340698,1.0786709610781693,0.22633219474555855,79.159418,80.426585
77.88291068638392,1.0,5.080366993006994,82.96327767939091,True,14449,15462,1014,0.27183466486940855,2,0.24382376150411567,0.27499240089804466,1.3580246913580247,1.508780487804878,1.141705242915712,0.27499240089804466,80.431594,81.693753
77.88291068638392,1.0,5.080366993006994,82.96327767939091,True,14449,15462,1014,0.27183466486940855,3,0.22799633699633703,0.28077335304908135,1.2370114942528736,1.5397560975609756,1.277086790619054,0.28077335304908135,81.698761,82.96092
78.38373234514509,0.25,1.2700917482517484,79.65382409339684,True,14549,14801,253,0.2726000984633514,0,0.2516276160860519,0.2615929972804971,1.3311330657610374,1.405485829959514,1.2464340865899393,0.2615929972804971,78.388099,78.703639
78.38373234514509,0.25,1.2700917482517484,79.65382409339684,True,14549,14801,253,0.2726000984633514,1,0.24296443287315328,0.27486986055291684,1.2951162790697677,1.466206896551724,1.1946439300450666,0.27486986055291684,78.708647,79.019178
78.38373234514509,0.25,1.2700917482517484,79.65382409339684,True,14549,14801,253,0.2726000984633514,2,0.2208932753293219,0.20908177224519064,1.3317777777777775,1.4854054054054056,1.1326471082429352,0.2208932753293219,79.024187,79.334718
78.38373234514509,0.25,1.2700917482517484,79.65382409339684,True,14549,14801,253,0.2726000984633514,3,0.2139637400153187,0.22500173072541507,1.236470588235294,1.513975903614458,1.0822246643720486,0.22500173072541507,79.339727,79.650258
78.38373234514509,0.5,2.540183496503497,80.9239158416486,True,14549,15055,507,0.2726000984633514,0,0.2453202939596908,0.2721080128205128,1.3093181818181818,1.4308860759493671,1.06528603948132,0.2721080128205128,78.388099,79.019178
78.38373234514509,0.5,2.540183496503497,80.9239158416486,True,14549,15055,507,0.2726000984633514,1,0.22843567523459807,0.2210474967907573,1.29025,1.4954166666666666,1.0293939237781884,0.22843567523459807,79.024187,79.655266
78.38373234514509,0.5,2.540183496503497,80.9239158416486,True,14549,15055,507,0.2726000984633514,2,0.2339649440137811,0.19642085276590227,1.3077500000000002,1.4202325581395348,1.1403482042642237,0.2339649440137811,79.660275,80.291354
78.38373234514509,0.5,2.540183496503497,80.9239158416486,True,14549,15055,507,0.2726000984633514,3,0.2536916083916083,0.23738565735986306,1.339204268292683,1.52426970289984,1.0726085472174134,0.2536916083916083,80.296363,80.922433
78.38373234514509,1.0,5.080366993006994,83.46409933815208,True,14549,15562,1014,0.2726000984633514,0,0.24080378452907325,0.2591854166666667,1.2979385964912282,1.4848200442967885,1.0520437991908416,0.2591854166666667,78.388099,79.655266
78.38373234514509,1.0,5.080366993006994,83.46409933815208,True,14549,15562,1014,0.2726000984633514,1,0.2498487762237761,0.21980571741854626,1.3268562091503269,1.4821036585365852,1.1117093759259378,0.2498487762237761,79.660275,80.927442
78.38373234514509,1.0,5.080366993006994,83.46409933815208,True,14549,15562,1014,0.2726000984633514,2,0.21472030075187976,0.2825835181234455,1.33775,1.477142857142857,1.3652330736803695,0.2825835181234455,80.932451,82.194609
78.38373234514509,1.0,5.080366993006994,83.46409933815208,True,14549,15562,1014,0.2726000984633514,3,0.2380775728495027,0.2779066226736536,1.2531707317073173,1.5352941176470587,1.143972479609688,0.2779066226736536,82.199618,83.461776
78.88455400390626,0.25,1.2700917482517484,80.154645752158,True,14649,14901,253,0.26302988196767807,0,0.2570629634957169,0.2315690177638452,1.3250369978858352,1.5156989748369059,1.1622181098571085,0.2570629634957169,78.888956,79.204495
78.88455400390626,0.25,1.2700917482517484,80.154645752158,True,14649,14901,253,0.26302988196767807,1,0.195064966372255,0.19701112302331825,1.3062857142857145,1.513975903614458,1.0516808288305404,0.19701112302331825,79.209504,79.520035
78.88455400390626,0.25,1.2700917482517484,80.154645752158,True,14649,14901,253,0.26302988196767807,2,0.24068561355311358,0.24741532809295974,1.278,1.4825,1.0769924354344913,0.24741532809295974,79.525044,79.835575
78.88455400390626,0.25,1.2700917482517484,80.154645752158,True,14649,14901,253,0.26302988196767807,3,0.22167881381381394,0.20255882114176815,1.327948717948718,1.4331645569620253,1.1668961750872946,0.22167881381381394,79.840583,80.151114
78.88455400390626,0.5,2.540183496503497,81.42473750040976,True,14649,15155,507,0.26302988196767807,0,0.23353461538461529,0.22824444465109361,1.3204878048780488,1.513975903614458,1.0883938152530428,0.23353461538461529,78.888956,79.520035
78.88455400390626,0.5,2.540183496503497,81.42473750040976,True,14649,15155,507,0.26302988196767807,1,0.22825260793368196,0.22707156048465882,1.3048484848484847,1.466341463414634,1.0909563239302207,0.22825260793368196,79.525044,80.156123
78.88455400390626,0.5,2.540183496503497,81.42473750040976,True,14649,15155,507,0.26302988196767807,2,0.2586152777777778,0.21856258023106545,1.3207692307692307,1.5241558441558445,1.2542900846957123,0.2586152777777778,80.161131,80.792211
78.88455400390626,0.5,2.540183496503497,81.42473750040976,True,14649,15155,507,0.26302988196767807,3,0.24123846739257693,0.263757278995822,1.367115384615385,1.4359962287869266,1.1459699450844878,0.263757278995822,80.797219,81.42329
78.88455400390626,1.0,5.080366993006994,83.96492099691325,True,14649,15662,1014,0.26302988196767807,0,0.2366630106735369,0.23128021022681022,1.3077021604938275,1.487423969072165,1.0498036638222406,0.2366630106735369,78.888956,80.156123
78.88455400390626,1.0,5.080366993006994,83.96492099691325,True,14649,15662,1014,0.26302988196767807,1,0.25671095331206484,0.2505901285431775,1.3499637096774193,1.502844272844273,1.0830017748796428,0.25671095331206484,80.161131,81.428299
78.88455400390626,1.0,5.080366993006994,83.96492099691325,True,14649,15662,1014,0.26302988196767807,2,0.22409750927397987,0.2865104358610914,1.2657500000000002,1.4994999999999998,1.2825916320512891,0.2865104358610914,81.433307,82.695466
78.88455400390626,1.0,5.080366993006994,83.96492099691325,True,14649,15662,1014,0.26302988196767807,3,0.22627711971382847,0.24408271896879508,1.1542168674698796,1.565945945945946,1.0427054429144782,0.24408271896879508,82.700474,83.962633
79.38537566266741,0.25,1.2700917482517484,80.65546741091916,True,14749,15001,253,0.2616911538044069,0,0.22209288976240515,0.25732963610522985,1.2185509838998212,1.5301374911410348,1.1592890631764063,0.25732963610522985,79.389812,79.705352
79.38537566266741,0.25,1.2700917482517484,80.65546741091916,True,14749,15001,253,0.2616911538044069,1,0.19791992793791569,0.19513382114176814,1.3076543209876546,1.4202325581395348,1.1107138006401072,0.19791992793791569,79.710361,80.020892
79.38537566266741,0.25,1.2700917482517484,80.65546741091916,True,14749,15001,253,0.2616911538044069,2,0.2465901263817929,0.168708899901982,1.2954054054054056,1.4255000000000002,1.2524323056971285,0.2465901263817929,80.0259,80.336431
79.38537566266741,0.25,1.2700917482517484,80.65546741091916,True,14749,15001,253,0.2616911538044069,3,0.24032727272727272,0.2689299820062977,1.359512195121951,1.503783783783784,1.22084485075438,0.2689299820062977,80.34144,80.651971
79.38537566266741,0.5,2.540183496503497,81.92555915917092,True,14749,15255,507,0.2616911538044069,0,0.22489883173843683,0.23441917339417329,1.2694871794871794,1.499,1.0740714639181448,0.23441917339417329,79.389812,80.020892
79.38537566266741,0.5,2.540183496503497,81.92555915917092,True,14749,15255,507,0.2616911538044069,1,0.24714080009496686,0.21856258023106545,1.3284615384615384,1.4480898876404495,1.1967620484412875,0.24714080009496686,80.0259,80.656979
79.38537566266741,0.5,2.540183496503497,81.92555915917092,True,14749,15255,507,0.2616911538044069,2,0.23666813564984956,0.24660454304365553,1.3704651162790698,1.517948717948718,1.147257817135633,0.24660454304365553,80.661988,81.293067
79.38537566266741,0.5,2.540183496503497,81.92555915917092,True,14749,15255,507,0.2616911538044069,3,0.22182361388611382,0.2931636904761904,1.251729323308271,1.4907309941520468,1.34512361685066,0.2931636904761904,81.298076,81.924147
79.38537566266741,1.0,5.080366993006994,84.4657426556744,True,14749,15762,1014,0.2616911538044069,0,0.24708087822671165,0.23474327395577388,1.2984514170040486,1.4845346320346322,1.1097228235247327,0.24708087822671165,79.389812,80.656979
79.38537566266741,1.0,5.080366993006994,84.4657426556744,True,14749,15762,1014,0.2616911538044069,1,0.23481666666666645,0.2782020833333335,1.3509477848101268,1.5048167888074617,1.2174084224187967,0.2782020833333335,80.661988,81.929155
79.38537566266741,1.0,5.080366993006994,84.4657426556744,True,14749,15762,1014,0.2616911538044069,2,0.23238312840505826,0.2779379815586711,1.2588095238095238,1.5419999999999998,1.2038953891542408,0.2779379815586711,81.934164,83.196322
79.38537566266741,1.0,5.080366993006994,84.4657426556744,True,14749,15762,1014,0.2616911538044069,3,0.18361285757302004,0.20011614115589105,1.138481012658228,1.5952272727272727,1.2807886539494548,0.20011614115589105,83.201331,84.46349
79.88619732142857,0.25,1.2700917482517484,81.15628906968031,True,14849,15101,253,0.2592966991846303,0,0.21765393627690144,0.19143958958489626,1.3356944444444445,1.467057142857143,1.1165825715565059,0.21765393627690144,79.890669,80.206209
79.88619732142857,0.25,1.2700917482517484,81.15628906968031,True,14849,15101,253,0.2592966991846303,1,0.22686192485432988,0.2230266578249338,1.2495121951219512,1.503783783783784,1.2352713773774688,0.22686192485432988,80.211217,80.521748
79.88619732142857,0.25,1.2700917482517484,81.15628906968031,True,14849,15101,253,0.2592966991846303,2,0.2562397252438918,0.22064049910153916,1.382051282051282,1.5245454545454546,1.247192923894637,0.2562397252438918,80.526757,80.837288
79.88619732142857,0.25,1.2700917482517484,81.15628906968031,True,14849,15101,253,0.2592966991846303,3,0.2067347619047618,0.2690352278524405,1.3564102564102565,1.3964102564102563,1.4294467615067465,0.2690352278524405,80.842296,81.152828
79.88619732142857,0.5,2.540183496503497,82.42638081793207,True,14849,15355,507,0.2592966991846303,0,0.2335220868709239,0.2073290436456996,1.3077500000000002,1.4922727272727272,1.1704432765212673,0.2335220868709239,79.890669,80.521748
79.88619732142857,0.5,2.540183496503497,82.42638081793207,True,14849,15355,507,0.2592966991846303,1,0.24781278642590276,0.24933309863720643,1.3617948717948718,1.4845454545454546,1.129273326139429,0.24933309863720643,80.526757,81.157836
79.88619732142857,0.5,2.540183496503497,82.42638081793207,True,14849,15355,507,0.2592966991846303,2,0.2356892857142856,0.28703907043249144,1.339459459459459,1.4674698795180725,1.304257595798708,0.28703907043249144,81.162845,81.793924
79.88619732142857,0.5,2.540183496503497,82.42638081793207,True,14849,15355,507,0.2592966991846303,3,0.22712934981684996,0.27068717702598266,1.2595416666666668,1.4979522471910112,1.2054529681651578,0.27068717702598266,81.798933,82.425003
79.88619732142857,1.0,5.080366993006994,84.96656431443556,True,14849,15862,1014,0.2592966991846303,0,0.24593130557713894,0.23482984831813447,1.336125478927203,1.4867727272727274,1.0862948281188651,0.24593130557713894,79.890669,81.157836
79.88619732142857,1.0,5.080366993006994,84.96656431443556,True,14849,15862,1014,0.2592966991846303,1,0.23002023809523797,0.28426209415584414,1.2939099859353025,1.4871765601217657,1.2518057357760144,0.28426209415584414,81.162845,82.430012
79.88619732142857,1.0,5.080366993006994,84.96656431443556,True,14849,15862,1014,0.2592966991846303,2,0.23750409987645593,0.2693393171868782,1.2219444444444445,1.5402380952380952,1.0816263375538557,0.2693393171868782,82.43502,83.697179
79.88619732142857,1.0,5.080366993006994,84.96656431443556,True,14849,15862,1014,0.2592966991846303,3,0.19308853766547307,0.09279263618155842,1.166923076923077,1.6110256410256412,2.1688672349369393,0.19308853766547307,83.702188,84.964346
80.38701898018974,0.25,1.2700917482517484,81.65711072844148,True,14949,15201,253,0.2594864809390671,0,0.25548866711991713,0.23054155701754375,1.330230769230769,1.5028968253968253,1.2910108682314534,0.25548866711991713,80.391525,80.707065
80.38701898018974,0.25,1.2700917482517484,81.65711072844148,True,14949,15201,253,0.2594864809390671,1,0.19830487804878028,0.2196766949412995,1.3854054054054057,1.3844999999999998,1.1679402809588575,0.2196766949412995,80.712074,81.022605
80.38701898018974,0.25,1.2700917482517484,81.65711072844148,True,14949,15201,253,0.2594864809390671,2,0.21262376280585427,0.25717035595799365,1.3627027027027026,1.5676744186046512,1.313175806575681,0.25717035595799365,81.027613,81.338144
80.38701898018974,0.25,1.2700917482517484,81.65711072844148,True,14949,15201,253,0.2594864809390671,3,0.2348726190476189,0.28793623893887055,1.244871794871795,1.4726829268292685,1.3039785944322932,0.28793623893887055,81.343153,81.653684
80.38701898018974,0.5,2.540183496503497,82.92720247669324,True,14949,15455,507,0.2594864809390671,0,0.24113310612904115,0.22189860548807916,1.3748717948717948,1.4285393258426968,1.0957175629656186,0.24113310612904115,80.391525,81.022605
80.38701898018974,0.5,2.540183496503497,82.92720247669324,True,14949,15455,507,0.2594864809390671,1,0.2355876984126981,0.2796000077274148,1.3473684210526315,1.5488372093023255,1.2987123785020045,0.2796000077274148,81.027613,81.658693
80.38701898018974,0.5,2.540183496503497,82.92720247669324,True,14949,15455,507,0.2594864809390671,2,0.21436296992481207,0.2814122119533885,1.2345454545454546,1.4352272727272728,1.3956884533949643,0.2814122119533885,81.663701,82.294781
80.38701898018974,0.5,2.540183496503497,82.92720247669324,True,14949,15455,507,0.2594864809390671,3,0.24198642533936665,0.26051176792556086,1.2450911129800954,1.570840579710145,1.2295571767209863,0.26051176792556086,82.299789,82.92586
80.38701898018974,1.0,5.080366993006994,85.46738597319673,True,14949,15962,1014,0.2594864809390671,0,0.24357612041733745,0.2743308857049821,1.3572051282051283,1.5123649274467428,1.1434865383106625,0.2743308857049821,80.391525,81.658693
80.38701898018974,1.0,5.080366993006994,85.46738597319673,True,14949,15962,1014,0.2594864809390671,1,0.228202380952381,0.28534215465465473,1.2374531155474893,1.5322788461538461,1.2419628882881346,0.28534215465465473,81.663701,82.930868
80.38701898018974,1.0,5.080366993006994,85.46738597319673,True,14949,15962,1014,0.2594864809390671,2,0.22191890311363982,0.23009730376168724,1.1544444444444444,1.5783333333333334,1.1175244569846543,0.23009730376168724,82.935877,84.198036
80.38701898018974,1.0,5.080366993006994,85.46738597319673,True,14949,15962,1014,0.2594864809390671,3,0.227270409015357,0.20101071393305026,1.2678947368421052,1.5873529411764709,1.1328361688230346,0.227270409015357,84.203044,85.465203
80.88784063895089,0.25,1.2700917482517484,82.15793238720264,True,15049,15301,253,0.25601170421015773,0,0.15749944771723123,0.2328256438942582,1.370813953488372,1.5267124542124542,1.798672730346381,0.2328256438942582,80.892382,81.207922
80.88784063895089,0.25,1.2700917482517484,82.15793238720264,True,15049,15301,253,0.25601170421015773,1,0.25980543497598285,0.2631392810088463,1.3516455696202534,1.4550617283950618,1.0984085381704962,0.2631392810088463,81.21293,81.523461
80.88784063895089,0.25,1.2700917482517484,82.15793238720264,True,15049,15301,253,0.25601170421015773,2,0.18558968676287224,0.2590300446564504,1.1975,1.386829268292683,1.4434736208831294,0.2590300446564504,81.52847,81.839001
80.88784063895089,0.25,1.2700917482517484,82.15793238720264,True,15049,15301,253,0.25601170421015773,3,0.2045608509911141,0.2642558905058904,1.3088372093023255,1.5772972972972974,1.2732828552384559,0.2642558905058904,81.84401,82.154541
80.88784063895089,0.5,2.540183496503497,83.4280241354544,True,15049,15555,507,0.25601170421015773,0,0.23891351380734926,0.26085545632856855,1.3602941176470589,1.517948717948718,1.2480967792243822,0.26085545632856855,80.892382,81.523461
80.88784063895089,0.5,2.540183496503497,83.4280241354544,True,15049,15555,507,0.25601170421015773,1,0.20885507605533282,0.28281178101178106,1.2720987654320988,1.4865753424657535,1.4393091692408524,0.28281178101178106,81.52847,82.159549
80.88784063895089,0.5,2.540183496503497,83.4280241354544,True,15049,15555,507,0.25601170421015773,2,0.24371369216081695,0.2709111669809344,1.2075,1.5271111111111113,1.1875942808366244,0.2709111669809344,82.164558,82.795637
80.88784063895089,0.5,2.540183496503497,83.4280241354544,True,15049,15555,507,0.25601170421015773,3,0.22238239946085725,0.2835554178598467,1.3448194488438392,1.5463209876543211,1.3163671321640436,0.2835554178598467,82.800646,83.426716
80.88784063895089,1.0,5.080366993006994,85.96820763195788,True,15049,16062,1014,0.25601170421015773,0,0.21744166666666653,0.28192827397479103,1.3401692901692899,1.4913421052631581,1.3233561269725997,0.28192827397479103,80.892382,82.159549
80.88784063895089,1.0,5.080366993006994,85.96820763195788,True,15049,16062,1014,0.25601170421015773,1,0.23482143566978453,0.2797478496101383,1.2649675675675676,1.5334364548494985,1.185472590907562,0.2797478496101383,82.164558,83.431725
80.88784063895089,1.0,5.080366993006994,85.96820763195788,True,15049,16062,1014,0.25601170421015773,2,0.14217608626027523,0.14443785550256127,1.133170731707317,1.602142857142857,1.1093514877071293,0.14443785550256127,83.436734,84.698892
80.88784063895089,1.0,5.080366993006994,85.96820763195788,True,15049,16062,1014,0.25601170421015773,3,0.22530435576027585,0.22709778985603957,1.3053846153846156,1.5413513513513513,1.1987380034357764,0.22709778985603957,84.703901,85.966059
81.38866229771206,0.25,1.2700917482517484,82.6587540459638,True,15149,15401,253,0.2537678236397748,0,0.2389810064935065,0.295626248222437,1.251729323308271,1.4614622124863088,1.3726074721007053,0.295626248222437,81.393239,81.708778
81.38866229771206,0.25,1.2700917482517484,82.6587540459638,True,15149,15401,253,0.2537678236397748,1,0.19644540113652198,0.28463321110112016,1.2720987654320988,1.431904761904762,1.6390364233275918,0.28463321110112016,81.713787,82.024318
81.38866229771206,0.25,1.2700917482517484,82.6587540459638,True,15149,15401,253,0.2537678236397748,2,0.21989642375168683,0.28371508620689645,1.2082191780821918,1.5293827160493827,1.3899372797881415,0.28371508620689645,82.029327,82.339858
81.38866229771206,0.25,1.2700917482517484,82.6587540459638,True,15149,15401,253,0.2537678236397748,3,0.21736585291269028,0.2656560017915439,1.318809523809524,1.5423684210526316,1.1615296737575211,0.2656560017915439,82.344866,82.655397
81.38866229771206,0.5,2.540183496503497,83.92884579421556,True,15149,15655,507,0.2537678236397748,0,0.21609761904761904,0.29255364357864355,1.2563157894736845,1.4554545454545451,1.426919558346107,0.29255364357864355,81.393239,82.024318
81.38866229771206,0.5,2.540183496503497,83.92884579421556,True,15149,15655,507,0.2537678236397748,1,0.23619738562091497,0.2757207505334397,1.2531707317073173,1.5352941176470587,1.1763815743067672,0.2757207505334397,82.029327,82.660406
81.38866229771206,0.5,2.540183496503497,83.92884579421556,True,15149,15655,507,0.2537678236397748,2,0.2379501276523004,0.28365753530166893,1.2326190476190475,1.555957446808511,1.2446573213146506,0.28365753530166893,82.665414,83.296494
81.38866229771206,0.5,2.540183496503497,83.92884579421556,True,15149,15655,507,0.2537678236397748,3,0.21966413751921932,0.1964335407954193,1.1207871396895785,1.5628048780487807,1.542815489475122,0.21966413751921932,83.301502,83.927573
81.38866229771206,1.0,5.080366993006994,86.46902929071905,True,15149,16162,1014,0.2537678236397748,0,0.23032868724412836,0.28800027941655326,1.253286384976526,1.5154746835443036,1.275484346092987,0.28800027941655326,81.393239,82.660406
81.38866229771206,1.0,5.080366993006994,86.46902929071905,True,15149,16162,1014,0.2537678236397748,1,0.23034291737765378,0.2531727929243752,1.1681491228070173,1.5596544715447156,1.0617346182242249,0.2531727929243752,82.665414,83.932582
81.38866229771206,1.0,5.080366993006994,86.46902929071905,True,15149,16162,1014,0.2537678236397748,2,0.22333133971291852,0.17959795831041014,1.2225,1.6044444444444446,1.5653821870184421,0.22333133971291852,83.93759,85.199749
81.38866229771206,1.0,5.080366993006994,86.46902929071905,True,15149,16162,1014,0.2537678236397748,3,0.2228251088850175,0.22549542561988278,1.2557142857142858,1.512876712328767,1.1222827614167952,0.22549542561988278,85.204757,86.466916
81.88948395647321,0.25,1.2700917482517484,83.15957570472496,True,15249,15501,253,0.2421225070915355,0,0.19648195773524713,0.27500443583250156,1.3084635484713876,1.4818590998043053,1.426388081349645,0.27500443583250156,81.894095,82.209635
81.88948395647321,0.25,1.2700917482517484,83.15957570472496,True,15249,15501,253,0.2421225070915355,1,0.23979629838033478,0.22157876204595994,1.211470588235294,1.5271111111111113,1.1584901719357268,0.23979629838033478,82.214643,82.525175
81.88948395647321,0.25,1.2700917482517484,83.15957570472496,True,15249,15501,253,0.2421225070915355,2,0.2521017042164666,0.2608998135398738,1.1807692307692308,1.6064102564102565,1.2751740255111896,0.2608998135398738,82.530183,82.840714
81.88948395647321,0.25,1.2700917482517484,83.15957570472496,True,15249,15501,253,0.2421225070915355,3,0.19146659670096122,0.28866284324287217,1.3852380952380952,1.5731707317073171,1.5830076888915257,0.28866284324287217,82.845723,83.156254
81.88948395647321,0.5,2.540183496503497,84.42966745297672,True,15249,15755,507,0.2421225070915355,0,0.22607514005602236,0.261386752136752,1.2648,1.4994999999999998,1.1138971932518045,0.261386752136752,81.894095,82.525175
81.88948395647321,0.5,2.540183496503497,84.42966745297672,True,15249,15755,507,0.2421225070915355,1,0.23646981681411516,0.2723965864024003,1.2896385542168676,1.5770731707317074,1.1984255136406743,0.2723965864024003,82.530183,83.161262
81.88948395647321,0.5,2.540183496503497,84.42966745297672,True,15249,15755,507,0.2421225070915355,2,0.22084191501151518,0.20493405564472966,1.1283720930232557,1.5264935064935066,1.2672587104315978,0.22084191501151518,83.166271,83.79735
81.88948395647321,0.5,2.540183496503497,84.42966745297672,True,15249,15755,507,0.2421225070915355,3,0.12377196095665144,0.09276737845487848,1.1429924585218703,1.627527777777778,1.3975495883961768,0.12377196095665144,83.802359,84.42843
81.88948395647321,1.0,5.080366993006994,86.9698509494802,True,15249,16262,1014,0.2421225070915355,0,0.23228534700354886,0.27779967159277497,1.2718633362044214,1.5427504755865566,1.193648938369424,0.27779967159277497,81.894095,83.161262
81.88948395647321,1.0,5.080366993006994,86.9698509494802,True,15249,16262,1014,0.2421225070915355,1,0.1832237503763926,0.199976853855385,1.1369345661450927,1.5940895422652857,1.258316402774675,0.199976853855385,83.166271,84.433438
81.88948395647321,1.0,5.080366993006994,86.9698509494802,True,15249,16262,1014,0.2421225070915355,2,0.23146733911250061,0.19929054054054052,1.2742168674698795,1.5689473684210526,1.1001431900020129,0.23146733911250061,84.438447,85.700605
81.88948395647321,1.0,5.080366993006994,86.9698509494802,True,15249,16262,1014,0.2421225070915355,3,0.22747135217723458,0.21927765567765567,1.2978947368421052,1.5257831325301203,1.1269515094156701,0.22747135217723458,85.705614,86.967773
82.39030561523437,0.25,1.2700917482517484,83.66039736348611,True,15349,15601,253,0.23187742570502345,0,0.22111907562683175,0.2727660705190825,1.2997002294893862,1.4736880856760377,1.1810143520881762,0.2727660705190825,82.394952,82.710492
82.39030561523437,0.25,1.2700917482517484,83.66039736348611,True,15349,15601,253,0.23187742570502345,1,0.24749484930882015,0.1863662508662508,1.2866666666666666,1.710602409638554,1.411162686686512,0.24749484930882015,82.7155,83.026031
82.39030561523437,0.25,1.2700917482517484,83.66039736348611,True,15349,15601,253,0.23187742570502345,2,0.2281471858510845,0.25333381884944917,1.1932558139534883,1.4446913580246914,1.1185675718911428,0.25333381884944917,83.03104,83.341571
82.39030561523437,0.25,1.2700917482517484,83.66039736348611,True,15349,15601,253,0.23187742570502345,3,0.2427085677749362,0.17241706392287803,1.2102272727272727,1.433,1.623931866836521,0.2427085677749362,83.346579,83.65711
82.39030561523437,0.5,2.540183496503497,84.93048911173787,True,15349,15855,507,0.23187742570502345,0,0.23885264094927183,0.2646891688199827,1.2896385542168676,1.592289156626506,1.1441333079918912,0.2646891688199827,82.394952,83.026031
82.39030561523437,0.5,2.540183496503497,84.93048911173787,True,15349,15855,507,0.23187742570502345,1,0.2338730078805623,0.22208039021448867,1.203478260869565,1.4383783783783783,1.161660333750576,0.2338730078805623,83.03104,83.662119
82.39030561523437,0.5,2.540183496503497,84.93048911173787,True,15349,15855,507,0.23187742570502345,2,0.08399285714285709,0.08575068971410438,1.1191891891891892,1.6095890410958904,1.1227259066333268,0.08575068971410438,83.667128,84.298207
82.39030561523437,0.5,2.540183496503497,84.93048911173787,True,15349,15855,507,0.23187742570502345,3,0.1978881424415312,0.09074377705627701,1.272813194959229,1.6119762351469669,2.1375694981047872,0.1978881424415312,84.303215,84.929286
82.39030561523437,1.0,5.080366993006994,87.47067260824136,True,15349,16362,1014,0.23187742570502345,0,0.24010358427141965,0.26990847499384096,1.2512689101574561,1.5359803921568627,1.0762917790264777,0.26990847499384096,82.394952,83.662119
82.39030561523437,1.0,5.080366993006994,87.47067260824136,True,15349,16362,1014,0.23187742570502345,1,0.15666187326567071,0.09171296247437832,1.1598611111111112,1.610313852813853,2.0508402554375817,0.15666187326567071,83.667128,84.934295
82.39030561523437,1.0,5.080366993006994,87.47067260824136,True,15349,16362,1014,0.23187742570502345,2,0.2294881172839507,0.23019841348211068,1.3078571428571428,1.511388888888889,1.1663326550091366,0.23019841348211068,84.939303,86.201462
82.39030561523437,1.0,5.080366993006994,87.47067260824136,True,15349,16362,1014,0.23187742570502345,3,0.22597157873838847,0.21049910899910906,1.2409756097560976,1.5308333333333335,1.0676840083104928,0.22597157873838847,86.206471,87.468629
82.500132,0.25,1.2700917482517484,83.77022374825174,True,15370,15623,254,0.23214630265979275,0,0.25649457646051854,0.2589421421951542,1.1962518366147517,1.5565702727000301,1.198174164569543,0.2589421421951542,82.500132,82.815671
82.500132,0.25,1.2700917482517484,83.77022374825174,True,15370,15623,254,0.23214630265979275,1,0.1873116042420867,0.2868847342810934,1.382889317889318,1.6007051282051283,1.463657359765784,0.2868847342810934,82.82068,83.13622
82.500132,0.25,1.2700917482517484,83.77022374825174,True,15370,15623,254,0.23214630265979275,2,0.22762234757381827,0.2354802324358627,1.1979220779220778,1.3837209302325582,1.0190148643429624,0.2354802324358627,83.141228,83.451759
82.500132,0.25,1.2700917482517484,83.77022374825174,True,15370,15623,254,0.23214630265979275,3,0.18253651587797948,0.1344222198995827,1.1013698630136983,1.5446341463414637,1.4627570517507285,0.18253651587797948,83.456768,83.767299
82.500132,0.5,2.540183496503497,85.0403154965035,True,15370,15877,508,0.23214630265979275,0,0.23738764930088474,0.2723965864024003,1.309761904761905,1.5863636363636362,1.144305399932596,0.2723965864024003,82.500132,83.131211
82.500132,0.5,2.540183496503497,85.0403154965035,True,15370,15877,508,0.23214630265979275,1,0.22084191501151518,0.20116170861937444,1.1377272727272727,1.501818181818182,1.2395238762864937,0.22084191501151518,83.13622,83.767299
82.500132,0.5,2.540183496503497,85.0403154965035,True,15370,15877,508,0.23214630265979275,2,0.12066546561131286,0.08346326042378671,1.1355813953488372,1.6208695652173912,1.3101489808699696,0.12066546561131286,83.772307,84.403387
82.500132,0.5,2.540183496503497,85.0403154965035,True,15370,15877,508,0.23214630265979275,3,0.22863868622964056,0.11196868703662832,1.2965714285714285,1.6,2.0488871872846173,0.22863868622964056,84.408395,85.039475
