anchor_time_sec,window_scale,window_width_sec,window_end_sec,complete_forward_window,available_first_frame,available_last_frame,n_available,baseline_cloud_R_um,x_half_span_um,y_half_span_um,median_x_um,median_y_um,cloud_pca_ratio,cloud_R_um,area_median_px2,area_p05_px2,area_p95_px2,block_R_max_over_min,block_median_position_span_R
15.781025,0.25,1.2700917482517484,17.051116748251747,True,2049,2302,254,0.2940910513361215,0.3041625215744112,0.2622732168887517,1.3055727215980024,1.40905701754386,1.3408405012690203,0.3041625215744112,2844.5,2692.15,2923.675,2.8105408488545476,0.5838227615228686
15.781025,0.5,2.540183496503497,18.321208496503495,True,2049,2556,508,0.2940910513361215,0.31183916459025457,0.269190539281037,1.3127453580901858,1.3978884711779451,1.320980021903505,0.31183916459025457,2816.75,2669.475,2905.825,1.8993755148170353,0.4849037263792065
15.781025,1.0,5.080366993006994,20.861391993006993,True,2049,3063,1015,0.2940910513361215,0.2940910513361215,0.25228585257057157,1.2982222222222222,1.4214285714285717,1.2597212733279068,0.2940910513361215,2811.5,2699.7,2897.15,1.2772253641349414,0.4475447894282631
15.781025,2.0,10.160733986013987,25.941758986013987,True,2049,4077,2029,0.2940910513361215,0.28159781850424753,0.2433956095913541,1.3006382978723403,1.3981578947368425,1.1805496454378945,0.28159781850424753,2765.5,2645.2,2877.0,1.3619791512687125,0.3545997812823682
16.28184665876116,0.25,1.2700917482517484,17.55193840701291,True,2149,2402,254,0.29233577252071635,0.39826928107757215,0.2842282132090984,1.2078846153846154,1.40905701754386,1.3707210344358696,0.39826928107757215,2812.75,2640.475,2916.075,1.5657929607999308,0.4256758779142889
16.28184665876116,0.5,2.540183496503497,18.822030155264656,True,2149,2656,508,0.29233577252071635,0.30646518183338467,0.2642890126496814,1.2772729400749063,1.412144578313253,1.33629229553743,0.30646518183338467,2809.25,2669.475,2892.0,2.0178202980429596,0.45526933923654533
16.28184665876116,1.0,5.080366993006994,21.362213651768155,True,2149,3163,1015,0.29233577252071635,0.29233577252071635,0.25319699216772384,1.2903614457831325,1.412,1.231381535407742,0.29233577252071635,2802.5,2692.85,2885.0,1.9398111992924933,0.5314306076088963
16.28184665876116,2.0,10.160733986013987,26.44258064477515,True,2149,4177,2029,0.29233577252071635,0.2827522727272726,0.24495834044004772,1.29725,1.3968085106382977,1.1860096610669033,0.2827522727272726,2756.0,2637.4,2865.1,1.329361956192705,0.18865406201297927
16.782668317522322,0.25,1.2700917482517484,18.05276006577407,True,2249,2502,254,0.28145615547687725,0.31555642514124804,0.2525850772339623,1.2629846999760939,1.4113260869565218,1.317293197903834,0.31555642514124804,2804.75,2644.775,2878.35,2.224658352569782,0.6760678095550806
16.782668317522322,0.5,2.540183496503497,19.322851814025817,True,2249,2756,508,0.28145615547687725,0.2940892665802685,0.23946566032169914,1.2564058355437666,1.4574734042553192,1.3691693066644595,0.2940892665802685,2810.75,2682.275,2876.325,1.731385047507641,0.5118424232317693
16.782668317522322,1.0,5.080366993006994,21.863035310529316,True,2249,3263,1015,0.28145615547687725,0.28145615547687725,0.2373895454545455,1.2963636363636364,1.402,1.2150490623570898,0.28145615547687725,2796.0,2688.5,2874.5,1.4523965071930272,0.5838078267394164
16.782668317522322,2.0,10.160733986013987,26.94340230353631,True,2249,4277,2029,0.28145615547687725,0.27379569935496384,0.23768611183694788,1.2978823529411765,1.3951162790697675,1.172763036777417,0.27379569935496384,2749.0,2633.5,2854.8,1.3637071008947628,0.3635499640050323
17.28348997628348,0.25,1.2700917482517484,18.553581724535228,True,2349,2602,254,0.2606876534892312,0.2864877290473738,0.25144402919645903,1.3155658709106985,1.3839511494252874,1.4136509524066412,0.2864877290473738,2800.5,2668.525,2866.375,1.9801812964034875,0.33584419178109215
17.28348997628348,0.5,2.540183496503497,19.82367347278698,True,2349,2856,508,0.2606876534892312,0.284884878268686,0.2262246633472177,1.2786642156862746,1.437126213592233,1.3371966716016201,0.284884878268686,2806.5,2709.55,2871.65,2.007246753978309,0.643545703357801
17.28348997628348,1.0,5.080366993006994,22.363856969290474,True,2349,3363,1015,0.2606876534892312,0.2606876534892312,0.24406853448275845,1.3015217391304348,1.4002439024390243,1.13250202156938,0.2606876534892312,2790.0,2677.1,2868.65,1.1896809752835449,0.5670002728308019
17.28348997628348,2.0,10.160733986013987,27.444223962297468,True,2349,4377,2029,0.2606876534892312,0.2682549242305339,0.2355856657092169,1.307252747252747,1.3966666666666665,1.1378095057738533,0.2682549242305339,2744.0,2626.0,2847.8,1.1298717289501397,0.26358687959335325
17.78431163504464,0.25,1.2700917482517484,19.05440338329639,True,2449,2702,254,0.24353435429893533,0.2462461269365317,0.17508009133267355,1.3309413067552605,1.462012063275293,1.262214844237955,0.2462461269365317,2810.0,2712.65,2871.875,1.2110499468651263,0.9830808422740763
17.78431163504464,0.5,2.540183496503497,20.32449513154814,True,2449,2956,508,0.24353435429893533,0.26999268819534067,0.21912075822264376,1.285706827309237,1.4603475321162949,1.1521426651763653,0.26999268819534067,2808.25,2715.55,2879.65,1.4562154478839648,0.7103090613541733
17.78431163504464,1.0,5.080366993006994,22.864678628051635,True,2449,3463,1015,0.24353435429893533,0.24353435429893533,0.2327924242424242,1.3041666666666667,1.3968085106382977,1.0957742659031993,0.24353435429893533,2785.0,2682.05,2860.8,1.3992369768360584,0.6313550732076973
17.78431163504464,2.0,10.160733986013987,27.94504562105863,True,2449,4477,2029,0.24353435429893533,0.25995567687605503,0.23409654069860852,1.3170454545454546,1.4022988505747125,1.099737548365294,0.25995567687605503,2736.5,2623.5,2842.5,1.2320261096966905,0.38040434068026924
18.285133293805803,0.25,1.2700917482517484,19.55522504205755,True,2549,2802,254,0.23994103551225643,0.25611844836533487,0.18981520601708146,1.2706494269761976,1.500059678256357,1.474462584553916,0.25611844836533487,2818.75,2739.825,2874.85,1.9545937824155133,1.0808999778346315
18.285133293805803,0.5,2.540183496503497,20.8253167903093,True,2549,3056,508,0.23994103551225643,0.2617614899783506,0.23223200757575735,1.2786642156862746,1.454052565707134,1.1946343163303665,0.2617614899783506,2808.25,2719.85,2879.65,1.349686846370817,0.6002497992711037
18.285133293805803,1.0,5.080366993006994,23.365500286812797,True,2549,3563,1015,0.23994103551225643,0.23994103551225643,0.2336614413364413,1.3006976744186047,1.3959523809523813,1.0889180592386607,0.23994103551225643,2775.5,2664.5,2860.8,1.381856000017291,0.587688626872172
18.285133293805803,2.0,10.160733986013987,28.44586727981979,True,2549,4577,2029,0.23994103551225643,0.2660599472990778,0.23922186552523628,1.3209302325581396,1.402391304347826,1.1033795195080323,0.2660599472990778,2730.0,2620.0,2841.8,1.2567602695146662,0.35991829613400084
18.785954952566964,0.25,1.2700917482517484,20.05604670081871,True,2649,2902,254,0.23435710553813993,0.2734061748192184,0.2220740204981837,1.2381130751964085,1.49611801242236,1.16453184511567,0.2734061748192184,2811.5,2729.65,2884.025,1.9622135006581065,0.9244324222948554
18.785954952566964,0.5,2.540183496503497,21.326138449070463,True,2649,3156,508,0.23435710553813993,0.24925317447582362,0.22598618986898678,1.298622027534418,1.4194551282051282,1.0921068469694057,0.24925317447582362,2796.25,2711.675,2879.65,1.3842823057315827,0.7737640479500895
18.785954952566964,1.0,5.080366993006994,23.866321945573958,True,2649,3663,1015,0.23435710553813993,0.23152106430155217,0.23435710553813993,1.3085365853658537,1.395,1.040544000892577,0.23435710553813993,2763.0,2659.55,2856.0,1.511039580400822,0.6242268680098859
18.785954952566964,2.0,10.160733986013987,28.94668893858095,True,2649,4677,2029,0.23435710553813993,0.2626531294792165,0.23923106697436292,1.3235,1.401123595505618,1.0780838951802127,0.2626531294792165,2721.0,2606.2,2838.3,1.293229580879572,0.26401727002229125
19.28677661132813,0.25,1.2700917482517484,20.556868359579877,True,2749,3002,254,0.23314804553264612,0.1996305444067098,0.22568030637254888,1.2842068273092369,1.4125930521091812,1.3196183190415305,0.22568030637254888,2801.75,2719.325,2914.0,2.0777367004853087,0.7584719428298378
19.28677661132813,0.5,2.540183496503497,21.826960107831624,True,2749,3256,508,0.23314804553264612,0.20992796807747494,0.21473876125101476,1.3109872448979591,1.3788503401360543,1.0448432292085192,0.21473876125101476,2786.0,2699.0,2857.3,1.9702933463117354,0.47178889743094116
19.28677661132813,1.0,5.080366993006994,24.367143604335123,True,2749,3763,1015,0.23314804553264612,0.23314804553264612,0.2231411819887429,1.3065060240963855,1.375632183908046,1.0225471312713135,0.23314804553264612,2752.5,2653.7,2838.15,1.2567905316657484,0.2961841427539057
19.28677661132813,2.0,10.160733986013987,29.447510597342117,True,2749,4777,2029,0.23314804553264612,0.2613867070917617,0.23281068931068927,1.320731707317073,1.395135135135135,1.0657560261513748,0.2613867070917617,2711.5,2594.0,2823.5,1.3361087043240325,0.3397350507056721
19.787598270089283,0.25,1.2700917482517484,21.05769001834103,True,2849,3102,254,0.24294371212121213,0.21536760251630938,0.2443976589868314,1.3233055555555555,1.3956674132138858,1.0802097148791554,0.2443976589868314,2795.25,2693.125,2914.0,1.4424195097717423,0.8124667498781718
19.787598270089283,0.5,2.540183496503497,22.32778176659278,True,2849,3356,508,0.24294371212121213,0.22873959428715873,0.2776626610030145,1.3121713846829055,1.3841136950904391,1.0869170961052288,0.2776626610030145,2771.5,2665.025,2857.3,1.3806428125937147,0.5529551463531867
19.787598270089283,1.0,5.080366993006994,24.867965263096277,True,2849,3863,1015,0.24294371212121213,0.24242826305220888,0.24294371212121213,1.288936170212766,1.386530612244898,1.0859699378126189,0.24294371212121213,2746.0,2648.55,2834.3,1.3626182978856267,0.4952484573642479
19.787598270089283,2.0,10.160733986013987,29.94833225610327,True,2849,4877,2029,0.24294371212121213,0.26680441245501485,0.2483061771561771,1.3188636363636363,1.39725,1.075378471032566,0.26680441245501485,2702.5,2585.7,2815.5,1.1141893550936015,0.290690660458665
20.288419928850445,0.25,1.2700917482517484,21.558511677102192,True,2949,3202,254,0.2490052188074734,0.20807695707070706,0.1885307907819347,1.3258444816053512,1.3749332171893147,1.1496768044250174,0.20807695707070706,2780.0,2700.3,2834.35,1.4163453929971357,0.5550955960460363
20.288419928850445,0.5,2.540183496503497,22.82860342535394,True,2949,3456,508,0.2490052188074734,0.21789054262133511,0.22499005440107245,1.3174357707509883,1.366547619047619,1.0597385996099122,0.22499005440107245,2760.75,2649.075,2828.325,1.6736298173548,0.31874804081041125
20.288419928850445,1.0,5.080366993006994,25.36878692185744,True,2949,3963,1015,0.2490052188074734,0.2490052188074734,0.23077860381488435,1.31075,1.3827272727272728,1.100352222203527,0.2490052188074734,2742.0,2640.35,2817.3,1.531857099577411,0.26942453817419393
20.288419928850445,2.0,10.160733986013987,30.449153914864432,True,2949,4977,2029,0.2490052188074734,0.266982321235406,0.25144055944055954,1.3209302325581396,1.3968888888888893,1.0705740045675292,0.266982321235406,2695.0,2572.4,2800.1,1.2878422316855815,0.19894742590724177
20.78924158761161,0.25,1.2700917482517484,22.059333335863357,True,3049,3302,254,0.2559446132980945,0.2325269550205299,0.25051441918213524,1.302242351046699,1.3641774891774894,1.1788465448993783,0.25051441918213524,2762.5,2623.95,2813.55,1.949509010689323,0.618064723925473
20.78924158761161,0.5,2.540183496503497,23.32942508411511,True,3049,3556,508,0.2559446132980945,0.21309094917908766,0.22888616436678455,1.311077361177029,1.3662912087912087,1.0944070033006388,0.22888616436678455,2747.0,2643.675,2802.325,1.6663719601519322,0.4292425283411805
20.78924158761161,1.0,5.080366993006994,25.869608580618603,True,3049,4063,1015,0.2559446132980945,0.2559446132980945,0.23382807135393335,1.304418604651163,1.3805,1.0959620533655035,0.2559446132980945,2730.5,2627.1,2799.5,1.4043883642235735,0.2572221824879369
20.78924158761161,2.0,10.160733986013987,30.949975573625597,True,3049,5077,2029,0.2559446132980945,0.2685213100624865,0.2535593918276845,1.3197560975609757,1.3956818181818182,1.0513451073479982,0.2685213100624865,2685.5,2563.0,2787.0,1.2591274402281127,0.300408275882165
21.290063246372767,0.25,1.2700917482517484,22.560154994624515,True,3149,3402,254,0.26785131512843363,0.2403121158392435,0.29068130094743405,1.3059593023255816,1.3654814814814815,1.136667796024155,0.29068130094743405,2749.0,2616.0,2809.4,1.423843965352998,0.5732643761357845
21.290063246372767,0.5,2.540183496503497,23.830246742876263,True,3149,3656,508,0.26785131512843363,0.21292515992826933,0.2304558199304818,1.317608695652174,1.3732575757575758,1.0763114631387665,0.2304558199304818,2742.0,2643.675,2798.5,1.5163582498887433,0.3467257431213483
21.290063246372767,1.0,5.080366993006994,26.37043023937976,True,3149,4163,1015,0.26785131512843363,0.26785131512843363,0.24015746084439904,1.3089361702127658,1.383111111111111,1.142316456706514,0.26785131512843363,2719.0,2616.0,2794.5,1.5287773721119178,0.6261447342508627
21.290063246372767,2.0,10.160733986013987,31.450797232386755,True,3149,5177,2029,0.26785131512843363,0.2696710997442455,0.2566047065337761,1.3189743589743588,1.397391304347826,1.0407406495516072,0.2696710997442455,2677.0,2545.9,2780.0,1.2936769621268764,0.2947175621370578
21.79088490513393,0.25,1.2700917482517484,23.060976653385676,True,3249,3502,254,0.26550655223329644,0.22849861111111103,0.27297499999999986,1.30875,1.366675824175824,1.147476618130246,0.27297499999999986,2738.5,2630.6,2790.175,1.5657970459284065,0.4211317884059581
21.79088490513393,0.5,2.540183496503497,24.331068401637424,True,3249,3756,508,0.26550655223329644,0.25599277141710686,0.22732559354226012,1.3013814814814815,1.3734166666666667,1.012097841295624,0.25599277141710686,2730.75,2635.2,2785.975,1.5194371779973885,0.38618418986121766
21.79088490513393,1.0,5.080366993006994,26.871251898140923,True,3249,4263,1015,0.26550655223329644,0.26550655223329644,0.2340065476190475,1.3109302325581396,1.3908045977011494,1.1298768188283572,0.26550655223329644,2709.5,2613.85,2782.5,1.0257689425076635,0.27005652564656124
21.79088490513393,2.0,10.160733986013987,31.951618891147916,True,3249,5277,2029,0.26550655223329644,0.2742411745827985,0.25564951071243225,1.317,1.4012345679012348,1.0484683440924287,0.2742411745827985,2669.0,2537.9,2768.0,1.141221896259557,0.26704313138612634
22.29170656389509,0.25,1.2700917482517484,23.561798312146838,True,3349,3602,254,0.27131355842225413,0.18315288479178127,0.20667537577992057,1.3159343200740057,1.3695039100684263,1.1206941738547778,0.20667537577992057,2732.0,2646.5,2788.0,1.3418394029769705,0.4842258332211433
22.29170656389509,0.5,2.540183496503497,24.831890060398585,True,3349,3856,508,0.27131355842225413,0.25186281479909445,0.23091158679821455,1.2650156347717325,1.3806755319148936,1.2041910429910152,0.25186281479909445,2725.5,2645.5,2783.975,1.6351829026007694,0.6161740635700858
22.29170656389509,1.0,5.080366993006994,27.372073556902084,True,3349,4363,1015,0.27131355842225413,0.27131355842225413,0.23103115079365077,1.317826086956522,1.3908045977011494,1.1357390982743476,0.27131355842225413,2702.0,2608.35,2779.0,1.37792755462098,0.5811348219181782
22.29170656389509,2.0,10.160733986013987,32.45244054990908,True,3349,5377,2029,0.27131355842225413,0.27528813357185444,0.25117244394218763,1.317391304347826,1.39725,1.0487441312629016,0.27528813357185444,2659.5,2528.0,2763.0,1.1927971214977395,0.28442818092314137
22.79252822265625,0.25,1.2700917482517484,24.062619970908,True,3449,3702,254,0.2720356012658227,0.19996947718995584,0.1841160454436972,1.312703094777563,1.3902215759590084,1.2089545529180648,0.19996947718995584,2727.5,2654.625,2776.175,1.2122628340476973,0.42761974593489727
22.79252822265625,0.5,2.540183496503497,25.332711719159747,True,3449,3956,508,0.2720356012658227,0.2775790968899521,0.23455417739736406,1.2825290697674419,1.3973769708552317,1.2140052210898395,0.2775790968899521,2722.0,2640.175,2785.8,1.722258311078631,0.6855349646529191
22.79252822265625,1.0,5.080366993006994,27.872895215663245,True,3449,4463,1015,0.2720356012658227,0.2720356012658227,0.2291622509348663,1.3239534883720927,1.406,1.145902062461074,0.2720356012658227,2694.0,2604.2,2773.0,1.597475465844296,0.37300669541830256
22.79252822265625,2.0,10.160733986013987,32.95326220867024,True,3449,5477,2029,0.2720356012658227,0.28059133921411394,0.25071973526978586,1.31974025974026,1.4009302325581396,1.0659952951998033,0.28059133921411394,2651.5,2519.5,2759.8,1.087146342368146,0.1983350617398669
23.29334988141741,0.25,1.2700917482517484,24.563441629669157,True,3549,3802,254,0.28658428470754055,0.2765391990819902,0.22859590836580534,1.2825487012987011,1.387640306122449,1.1377342590814477,0.2765391990819902,2723.5,2634.925,2776.525,1.7110844107025547,0.981489558555556
23.29334988141741,0.5,2.540183496503497,25.833533377920908,True,3549,4056,508,0.28658428470754055,0.2877392253060461,0.23785257073844024,1.2983615384615383,1.399720435428006,1.2344353350910253,0.2877392253060461,2712.5,2608.0,2783.475,1.5371748016566658,0.6743871195348634
23.29334988141741,1.0,5.080366993006994,28.373716874424403,True,3549,4563,1015,0.28658428470754055,0.28658428470754055,0.24304031649245061,1.3348837209302329,1.4152083333333334,1.1448126682119408,0.28658428470754055,2691.5,2604.2,2770.0,1.1052424531955691,0.4987588869369373
23.29334988141741,2.0,10.160733986013987,33.45408386743139,True,3549,5577,2029,0.28658428470754055,0.28305913312693504,0.25589667463755994,1.3170212765957447,1.4028888888888889,1.06602155210497,0.28305913312693504,2639.5,2501.8,2754.5,1.0460692389075759,0.259716810733892
23.79417154017857,0.25,1.2700917482517484,25.06426328843032,True,3649,3902,254,0.2864998541955239,0.2665916858457997,0.25780469069044654,1.191051490514905,1.3928953488372096,1.3494291615575424,0.2665916858457997,2715.25,2629.025,2770.4,1.3275953429509915,1.0560322180574617
23.79417154017857,0.5,2.540183496503497,26.33435503668207,True,3649,4156,508,0.2864998541955239,0.29800940293059863,0.24873418004798808,1.3000559910414333,1.3959302325581395,1.3000459702432274,0.29800940293059863,2697.0,2602.875,2778.475,1.1957576130188494,0.758178946117433
23.79417154017857,1.0,5.080366993006994,28.874538533185564,True,3649,4663,1015,0.2864998541955239,0.2864998541955239,0.24272011084156986,1.3348837209302329,1.4105617977528089,1.1314449283155392,0.2864998541955239,2683.5,2593.35,2761.65,1.2574661862194725,0.6161966963623813
23.79417154017857,2.0,10.160733986013987,33.95490552619256,True,3649,5677,2029,0.2864998541955239,0.28257825077399384,0.2564554409279012,1.315897435897436,1.4026506024096386,1.060905309463834,0.28257825077399384,2630.5,2490.2,2746.5,1.165901218205567,0.27336436770247563
24.294993198939732,0.25,1.2700917482517484,25.56508494719148,True,3749,4002,254,0.27087290625918314,0.2679029788041416,0.2561123570431577,1.3084705719812104,1.4506891661939876,1.258425820895285,0.2679029788041416,2710.5,2606.775,2802.25,1.1825336186174245,1.069568635410173
24.294993198939732,0.5,2.540183496503497,26.83517669544323,True,3749,4256,508,0.27087290625918314,0.2673708993371532,0.24282460761558966,1.3230357142857143,1.3999216380182005,1.265846061368013,0.2673708993371532,2689.0,2604.675,2773.5,1.0885208960568575,0.7066912356394753
24.294993198939732,1.0,5.080366993006994,29.375360191946726,True,3749,4763,1015,0.27087290625918314,0.27087290625918314,0.2413723916532906,1.3329268292682923,1.4122727272727271,1.1166112151534775,0.27087290625918314,2674.0,2578.35,2755.0,1.0428424254270208,0.597569108774724
24.294993198939732,2.0,10.160733986013987,34.455727184953716,True,3749,5777,2029,0.27087290625918314,0.2774219793322735,0.2559761234889141,1.316216216216216,1.4073118279569892,1.048470095342178,0.2774219793322735,2622.0,2482.0,2742.3,1.0926565185277601,0.23610597493953936
24.79581485770089,0.25,1.2700917482517484,26.065906605952637,True,3849,4102,254,0.28064666650617087,0.26078050321832835,0.20007594599110012,1.3502439024390245,1.3991615667074662,1.283211076905427,0.26078050321832835,2689.25,2604.825,2792.75,1.2399312542335514,1.2034355464555617
24.79581485770089,0.5,2.540183496503497,27.335998354204385,True,3849,4356,508,0.28064666650617087,0.264313842746401,0.2289372529644268,1.3389444444444445,1.3960521235521237,1.1394318587862475,0.264313842746401,2681.5,2598.85,2770.975,1.1418754961521707,0.2130024566973435
24.79581485770089,1.0,5.080366993006994,29.876181850707884,True,3849,4863,1015,0.28064666650617087,0.28064666650617087,0.24274316202090584,1.330681818181818,1.4090697674418604,1.142077446055802,0.28064666650617087,2663.5,2559.85,2746.65,1.126570750731255,0.5904011388264611
24.79581485770089,2.0,10.160733986013987,34.95654884371488,True,3849,5877,2029,0.28064666650617087,0.2742267282937585,0.2540504334121354,1.3170212765957447,1.4046153846153846,1.0291404220641618,0.2742267282937585,2611.0,2466.7,2732.3,1.2329153996332487,0.20901907332086905
25.29663651646205,0.25,1.2700917482517484,26.5667282647138,True,3949,4202,254,0.2727967409705999,0.2714460864805692,0.20214682085267266,1.331279069767442,1.3865591397849462,1.3176486637769862,0.2714460864805692,2673.75,2586.325,2724.5,1.0251223332018309,0.751239919621981
25.29663651646205,0.5,2.540183496503497,27.836820012965546,True,3949,4456,508,0.2727967409705999,0.2646779754062365,0.2260727194716039,1.336095238095238,1.4070897435897436,1.0917540057508617,0.2646779754062365,2672.25,2593.0,2729.3,1.152529745133534,0.3241742796062523
25.29663651646205,1.0,5.080366993006994,30.377003509469045,True,3949,4963,1015,0.2727967409705999,0.2727967409705999,0.2695559884559884,1.3287640449438205,1.4122727272727271,1.0495524028973509,0.2727967409705999,2653.0,2545.2,2726.15,1.1659817925657074,0.4612518908380906
25.29663651646205,2.0,10.160733986013987,35.45737050247604,True,3949,5977,2029,0.2727967409705999,0.2696374399311129,0.2512181818181819,1.315897435897436,1.40175,1.0147552287357482,0.2696374399311129,2602.5,2461.7,2719.3,1.255730748890458,0.17924455325704983
25.797458175223213,0.25,1.2700917482517484,27.06754992347496,True,4049,4302,254,0.2749802297165199,0.27080371217899823,0.22896208133971285,1.331074018504626,1.3928265306122452,1.2333302377708972,0.27080371217899823,2673.0,2601.125,2731.0,1.277120049777245,0.7495101627931794
25.797458175223213,0.5,2.540183496503497,28.337641671726708,True,4049,4556,508,0.2749802297165199,0.27543859488329625,0.24029213483146072,1.3443549280177187,1.426338932806324,1.0767106916763507,0.27543859488329625,2674.75,2600.025,2738.0,1.1817563200501127,0.501408364273927
25.797458175223213,1.0,5.080366993006994,30.877825168230206,True,4049,5063,1015,0.2749802297165199,0.2749802297165199,0.2711074284811126,1.3297619047619047,1.4114285714285717,1.0334267054540225,0.2749802297165199,2641.0,2533.25,2725.15,1.190109320513236,0.5192893167794703
25.797458175223213,2.0,10.160733986013987,35.9581921612372,True,4049,6077,2029,0.2749802297165199,0.2703676932746699,0.2512181818181819,1.3174358974358975,1.3982051282051282,1.0221708722619973,0.2703676932746699,2594.5,2459.4,2715.3,1.2884526270779928,0.2504610895981998
26.298279833984378,0.25,1.2700917482517484,27.568371582236125,True,4149,4402,254,0.2749188953488372,0.2590694510469366,0.22723486007566485,1.3157105263157893,1.4465820073439413,1.067129955007204,0.2590694510469366,2673.0,2600.475,2733.675,1.2890527404262986,0.8534413322813086
26.298279833984378,0.5,2.540183496503497,28.838463330487876,True,4149,4656,508,0.2749188953488372,0.2681428030303029,0.24100706544909445,1.341631436314363,1.4371352574985852,1.0283028886798729,0.2681428030303029,2670.25,2593.0,2738.0,1.3792713505603815,0.6479426923129006
26.298279833984378,1.0,5.080366993006994,31.37864682699137,True,4149,5163,1015,0.2749188953488372,0.2749188953488372,0.2721937896405918,1.32225,1.4156626506024097,1.0412593956022593,0.2749188953488372,2631.0,2518.05,2724.65,1.247070251029701,0.5574957310598603
26.298279833984378,2.0,10.160733986013987,36.45901381999836,True,4149,6177,2029,0.2749188953488372,0.26934370690338416,0.2512181818181819,1.3105747126436782,1.4010416666666663,1.003487930533956,0.26934370690338416,2586.5,2454.5,2713.3,1.2687044592985928,0.29432728915128364
26.799101492745535,0.25,1.2700917482517484,28.069193240997283,True,4249,4502,254,0.2776308596544215,0.258545575399874,0.25088453282828294,1.3499517781796264,1.5389024390243904,1.2110479884614582,0.258545575399874,2676.75,2596.45,2738.0,1.5817525462720434,0.5424806592981289
26.799101492745535,0.5,2.540183496503497,29.33928498924903,True,4249,4756,508,0.2776308596544215,0.2591991787256389,0.23700727116977505,1.3389322808475281,1.4468693284936478,1.0491909540084277,0.2591991787256389,2655.5,2561.925,2735.975,1.41443216179291,0.7607737673398934
26.799101492745535,1.0,5.080366993006994,31.87946848575253,True,4249,5263,1015,0.2776308596544215,0.2776308596544215,0.27185925925925924,1.3229333333333333,1.4266666666666663,1.0203423913194294,0.2776308596544215,2622.5,2507.5,2721.0,1.1588675784948952,0.6010224745934035
26.799101492745535,2.0,10.160733986013987,36.95983547875952,True,4249,6277,2029,0.2776308596544215,0.2706420193983947,0.2597356202000559,1.3073170731707315,1.4084615384615384,1.0102916060775171,0.2706420193983947,2578.0,2447.2,2709.0,1.1922981722933654,0.28084945804362244
27.299923151506697,0.25,1.2700917482517484,28.570014899758444,True,4349,4602,254,0.2789813995215311,0.2797100823830473,0.25238885193397387,1.350538710627024,1.4698034188034188,1.0777471539938819,0.2797100823830473,2671.75,2593.0,2740.525,1.298928006137882,1.0812297074704853
27.299923151506697,0.5,2.540183496503497,29.84010664801019,True,4349,4856,508,0.2789813995215311,0.2827152560083594,0.2524776819923372,1.3193573093573094,1.4254444444444445,1.0926096205766487,0.2827152560083594,2640.0,2540.675,2725.5,1.3300800946924816,0.7741012446526447
27.299923151506697,1.0,5.080366993006994,32.380290144513694,True,4349,5363,1015,0.2789813995215311,0.2789813995215311,0.27208035714285717,1.3141666666666667,1.4056097560975611,1.0284914306565915,0.2789813995215311,2610.5,2494.7,2709.3,1.2567596184463727,0.5053473244384049
27.299923151506697,2.0,10.160733986013987,37.460657137520684,True,4349,6377,2029,0.2789813995215311,0.2693000711409308,0.2585708158838561,1.3031578947368423,1.4046153846153846,1.0099192464368891,0.2693000711409308,2567.5,2437.2,2699.3,1.2576988748376476,0.14635072697149118
27.800744810267854,0.25,1.2700917482517484,29.070836558519602,True,4449,4702,254,0.2826695524926015,0.2580829232841747,0.25286108197358204,1.350110741971207,1.4232779623477299,1.0647334762532024,0.2580829232841747,2657.0,2575.9,2740.525,1.5659339217998451,0.8653420359447554
27.800744810267854,0.5,2.540183496503497,30.340928306771353,True,4449,4956,508,0.2826695524926015,0.2791554035567716,0.2866125330687831,1.3222225609756098,1.4273809523809522,1.0042718844413452,0.2866125330687831,2630.5,2525.075,2725.5,1.3975476645672238,0.7877363212221629
27.800744810267854,1.0,5.080366993006994,32.88111180327485,True,4449,5463,1015,0.2826695524926015,0.2826695524926015,0.27357905525846704,1.3153658536585366,1.4004347826086956,1.012538241474823,0.2826695524926015,2603.5,2481.5,2717.5,1.2169767347411027,0.44020523103340764
27.800744810267854,2.0,10.160733986013987,37.96147879628184,True,4449,6477,2029,0.2826695524926015,0.26789230769230754,0.260681659803611,1.3023255813953487,1.4013953488372093,1.0200393431110033,0.26789230769230754,2558.0,2432.0,2695.5,1.2615965129273365,0.18137239548786538
28.30156646902902,0.25,1.2700917482517484,29.571658217280767,True,4549,4802,254,0.27779710827790094,0.2588512691111529,0.25812710892002544,1.2321340388007052,1.426936507936508,1.292754237381634,0.2588512691111529,2625.75,2535.3,2692.35,1.3012686884239175,0.9839204932106407
28.30156646902902,0.5,2.540183496503497,30.841749965532514,True,4549,5055,507,0.27779710827790094,0.26065312449895783,0.2892406126932804,1.2723076923076924,1.4077108433734942,1.1089889943757063,0.2892406126932804,2610.0,2507.65,2693.0,1.4056132024595656,0.6307526536437544
28.30156646902902,1.0,5.080366993006994,33.38193346203602,True,4549,5563,1015,0.27779710827790094,0.27779710827790094,0.2759028279075204,1.282247191011236,1.39609756097561,1.0347154733402837,0.27779710827790094,2591.5,2463.0,2683.0,1.180517358253,0.3465119920266274
28.30156646902902,2.0,10.160733986013987,38.46230045504301,True,4549,6577,2029,0.27779710827790094,0.2629945054945053,0.2575345595503179,1.2894285714285716,1.3983333333333334,1.0344675753749955,0.2629945054945053,2549.5,2427.7,2660.6,1.2863392629308272,0.15328279628914157
28.80238812779018,0.25,1.2700917482517484,30.07247987604193,True,4649,4902,254,0.27549447632711627,0.23804261285909717,0.3009206031442845,1.222454499494439,1.4701573426573427,1.1744755286865527,0.3009206031442845,2614.0,2504.625,2703.35,1.4470814666896907,1.1008152934375737
28.80238812779018,0.5,2.540183496503497,31.342571624293676,True,4649,5155,507,0.27549447632711627,0.26933728440331206,0.29539364511457544,1.2715789473684211,1.4046153846153846,1.1105586066759432,0.29539364511457544,2601.0,2487.1,2672.0,1.4495701659246578,0.5986361291852093
28.80238812779018,1.0,5.080366993006994,33.88275512079717,True,4649,5663,1015,0.27549447632711627,0.27549447632711627,0.27290961538461544,1.275505617977528,1.3958536585365855,1.042250375550581,0.27549447632711627,2582.5,2457.0,2669.5,1.1891258463998828,0.44502275982055056
28.80238812779018,2.0,10.160733986013987,38.96312211380417,True,4649,6677,2029,0.27549447632711627,0.2640528753089729,0.2636923960097872,1.2877647058823527,1.401578947368421,1.0305977891643874,0.2640528753089729,2540.5,2415.4,2651.8,1.268443227267243,0.18468824925679567
29.30320978655134,0.25,1.2700917482517484,30.573301534803086,True,4749,5002,254,0.27668418972055464,0.25447018543851657,0.29884771718877656,1.2298195669607057,1.423095238095238,1.1136575423361512,0.29884771718877656,2607.0,2507.15,2703.35,1.5408122361280119,0.8983013313170062
29.30320978655134,0.5,2.540183496503497,31.843393283054837,True,4749,5255,507,0.27668418972055464,0.28169026639200145,0.29214455602537004,1.2750649350649352,1.4046153846153846,1.049760143983449,0.29214455602537004,2596.5,2481.5,2670.0,1.0495643955250304,0.6535151892219698
29.30320978655134,1.0,5.080366993006994,34.38357677955833,True,4749,5763,1015,0.27668418972055464,0.27668418972055464,0.27433268737773553,1.282247191011236,1.4012345679012348,1.032104781093489,0.27668418972055464,2577.0,2451.1,2679.75,1.1958761819047443,0.36409046356591257
29.30320978655134,2.0,10.160733986013987,39.46394377256533,True,4749,6777,2029,0.27668418972055464,0.26529133684743444,0.26378342241145036,1.29325,1.399047619047619,1.0297329057208737,0.26529133684743444,2531.5,2409.2,2644.5,1.1915374169327804,0.12458822689319171
29.8040314453125,0.25,1.2700917482517484,31.074123193564247,True,4849,5102,254,0.26753113695090425,0.24101121049493135,0.3141558673719268,1.3114126984126981,1.3977275641025642,1.2938136667776905,0.3141558673719268,2594.75,2486.05,2694.175,1.6501448332009803,1.0346256514222278
29.8040314453125,0.5,2.540183496503497,32.344214941816,True,4849,5355,507,0.26753113695090425,0.2741857322438719,0.30746495483674785,1.307012987012987,1.3946341463414635,1.124574397880155,0.30746495483674785,2588.5,2446.45,2661.35,1.1347291405095632,0.49506065702196855
29.8040314453125,1.0,5.080366993006994,34.884398438319494,True,4849,5863,1015,0.26753113695090425,0.2621839137214136,0.26753113695090425,1.2958441558441558,1.3994871794871795,1.0826409951039981,0.26753113695090425,2567.5,2435.35,2667.0499999999997,1.4482151862743764,0.18388895316477555
29.8040314453125,2.0,10.160733986013987,39.964765431326484,True,4849,6877,2029,0.26753113695090425,0.25667800873824964,0.26304756535025065,1.2993478260869566,1.3994871794871795,1.043067189298169,0.26304756535025065,2526.5,2408.2,2633.3,1.25664194941312,0.09142945700848465
30.30485310407366,0.25,1.2700917482517484,31.57494485232541,True,4949,5202,254,0.2584935669175735,0.24394436548952048,0.23922470930232564,1.3038947368421052,1.3873351648351648,1.1056999533474936,0.24394436548952048,2587.0,2441.075,2638.025,1.543805074821012,0.6047724430910904
30.30485310407366,0.5,2.540183496503497,32.84503660057716,True,4949,5455,507,0.2584935669175735,0.28389163208645546,0.236163586764078,1.3057894736842104,1.3812345679012348,1.055099880899233,0.28389163208645546,2583.5,2436.1,2654.7,1.1834255188771687,0.26620559416899175
30.30485310407366,1.0,5.080366993006994,35.385220097080655,True,4949,5963,1015,0.2584935669175735,0.2584935669175735,0.2309476194959672,1.2935555555555556,1.3921428571428571,1.026515339095251,0.2584935669175735,2555.5,2429.0,2646.95,1.3506469613417764,0.16775197074451104
30.30485310407366,2.0,10.160733986013987,40.46558709008765,True,4949,6977,2029,0.2584935669175735,0.2581095238095238,0.2508178010365347,1.2993478260869566,1.3983333333333334,1.0242376499753612,0.2581095238095238,2524.0,2405.5,2624.0,1.2494894329590829,0.14358182184132776
30.80567476283482,0.25,1.2700917482517484,32.07576651108657,True,5049,5302,254,0.2714025840160398,0.2998402836134454,0.26323311800172267,1.2664102564102566,1.4008346752549652,1.1044385349482289,0.2998402836134454,2584.75,2436.8,2649.675,1.1237023167715792,0.3328709227986227
30.80567476283482,0.5,2.540183496503497,33.345858259338314,True,5049,5555,507,0.2714025840160398,0.2908284754260427,0.2525291187907346,1.2947368421052634,1.389156626506024,1.0506444233919503,0.2908284754260427,2574.5,2434.45,2654.7,1.0875035491297644,0.29566071999016214
30.80567476283482,1.0,5.080366993006994,35.886041755841816,True,5049,6063,1015,0.2714025840160398,0.2714025840160398,0.23025716034271726,1.2958441558441558,1.3895121951219511,1.0306603159698144,0.2714025840160398,2549.0,2430.85,2643.1,1.336064790742718,0.21042943453300114
30.80567476283482,2.0,10.160733986013987,40.96640874884881,True,5049,7077,2029,0.2714025840160398,0.2622614249785302,0.24868373827622425,1.2927058823529414,1.3985185185185185,1.014154846727338,0.2622614249785302,2522.5,2408.2,2620.5,1.3009969334495926,0.13087029982440743
31.30649642159598,0.25,1.2700917482517484,32.57658816984773,True,5149,5402,254,0.25966180362525937,0.2885999999999999,0.22999698348264264,1.2661742424242424,1.388960335724922,1.1286935380965242,0.2885999999999999,2581.5,2446.975,2643.2,1.3100492874946412,0.5286830704940719
31.30649642159598,0.5,2.540183496503497,33.846679918099476,True,5149,5655,507,0.25966180362525937,0.27980282133178486,0.23546489095918566,1.290487804878049,1.3882608695652174,1.0788750370520017,0.27980282133178486,2565.0,2450.05,2653.85,1.2931869805503677,0.3696901255277785
31.30649642159598,1.0,5.080366993006994,36.38686341460297,True,5149,6163,1015,0.25966180362525937,0.25966180362525937,0.2248569151658989,1.2907499999999998,1.3895121951219511,1.0614420438873626,0.25966180362525937,2542.0,2431.85,2641.3,1.262548504237436,0.20518073909967846
31.30649642159598,2.0,10.160733986013987,41.46723040760997,True,5149,7177,2029,0.25966180362525937,0.26125441225441226,0.24559556755155343,1.2931868131868132,1.4055555555555554,1.0396705678964981,0.26125441225441226,2524.0,2408.7,2654.6,1.1726574807500347,0.1816513538970425
31.807318080357145,0.25,1.2700917482517484,33.07740982860889,True,5249,5502,254,0.2636113432493816,0.28722899130190793,0.21275047262219615,1.3178696126568465,1.3638232323232322,1.1537963155757909,0.28722899130190793,2567.5,2428.55,2700.975,1.540816249071937,0.23108073409535845
31.807318080357145,0.5,2.540183496503497,34.347501576860644,True,5249,5755,507,0.2636113432493816,0.2764261228853112,0.2320904471544717,1.2947222222222223,1.3895121951219511,1.0356102116137844,0.2764261228853112,2558.0,2432.6,2698.35,1.2814722915596837,0.3724650768646954
31.807318080357145,1.0,5.080366993006994,36.88768507336414,True,5249,6263,1015,0.2636113432493816,0.2636113432493816,0.23677321083172154,1.2958536585365854,1.3911627906976745,1.0492477419505857,0.2636113432493816,2535.0,2427.5,2625.0,1.2956790529628983,0.2948969019483426
31.807318080357145,2.0,10.160733986013987,41.96805206637113,True,5249,7277,2029,0.2636113432493816,0.2650750655361508,0.2477244457521678,1.286086956521739,1.4055555555555554,1.0503798557383013,0.2650750655361508,2524.5,2408.7,2742.6,1.1279572624514902,0.2678045027600235
32.3081397391183,0.25,1.2700917482517484,33.578231487370054,True,5349,5602,254,0.24850266010554833,0.28141134125021317,0.2590110460175308,1.3105610859728507,1.3815860597439547,1.0796755763558223,0.28141134125021317,2556.25,2446.1,2700.975,1.4650216372080136,0.4693313268975028
32.3081397391183,0.5,2.540183496503497,34.8483232356218,True,5349,5855,507,0.24850266010554833,0.24640677655677645,0.23427686089944422,1.2877777777777777,1.4032911392405063,1.039468066686699,0.24640677655677645,2544.5,2434.45,2698.35,1.280156189007118,0.5129131344349179
32.3081397391183,1.0,5.080366993006994,37.38850673212529,True,5349,6363,1015,0.24850266010554833,0.24850266010554833,0.23521861888111883,1.2965625,1.4014285714285717,1.0559362147718565,0.24850266010554833,2525.5,2427.5,2615.0,1.3234654137395838,0.36784940448404674
32.3081397391183,2.0,10.160733986013987,42.46887372513229,True,5349,7377,2029,0.24850266010554833,0.266399436222692,0.25141081170602453,1.2825,1.408684210526316,1.031495787015147,0.266399436222692,2526.5,2411.0,2824.0,1.1547467968669305,0.3107778047947728
32.808961397879465,0.25,1.2700917482517484,34.079053146131216,True,5449,5702,254,0.24180106316447758,0.2376738223017293,0.2561033884186974,1.2906189024390244,1.3989102564102565,1.0861036710831697,0.2561033884186974,2550.75,2446.1,2612.675,1.6618593749693045,0.5372540290922481
32.808961397879465,0.5,2.540183496503497,35.34914489438296,True,5449,5955,507,0.24180106316447758,0.21163507326007347,0.22718240747490948,1.281590909090909,1.4045238095238095,1.0896605248606996,0.22718240747490948,2525.0,2427.5,2613.35,1.4405293005589734,0.4195025974114822
32.808961397879465,1.0,5.080366993006994,37.88932839088646,True,5449,6463,1015,0.24180106316447758,0.24180106316447758,0.23616017157534508,1.2958441558441558,1.4046913580246914,1.058288305545639,0.24180106316447758,2516.5,2424.0,2601.65,1.304169064132788,0.25186843260325303
32.808961397879465,2.0,10.160733986013987,42.96969538389345,True,5449,7477,2029,0.24180106316447758,0.2639717984781276,0.2540725358217657,1.2868000000000002,1.4121428571428571,1.0432135590451437,0.2639717984781276,2528.5,2411.0,2913.3,1.2581290454576717,0.2560407741374629
33.309783056640626,0.25,1.2700917482517484,34.57987480489238,True,5549,5802,254,0.23849574240479232,0.20936684868007527,0.23127632575757573,1.281495589414595,1.416785714285714,1.1433049034142089,0.23127632575757573,2548.0,2437.975,2686.875,1.340527342148864,0.4182633192303316
33.309783056640626,0.5,2.540183496503497,35.84996655314412,True,5549,6055,507,0.23849574240479232,0.22158392323675136,0.21329050736497546,1.290487804878049,1.392820512820513,1.0260684728894116,0.22158392323675136,2522.5,2427.95,2614.55,1.2774085552340662,0.3069065787004525
33.309783056640626,1.0,5.080366993006994,38.390150049647616,True,5549,6563,1015,0.23849574240479232,0.23849574240479232,0.22837443284936476,1.29325,1.4027500000000002,1.045741096214933,0.23849574240479232,2509.5,2415.0,2599.65,1.1826828531399667,0.2049336535439412
33.309783056640626,2.0,10.160733986013987,43.47051704265461,True,5549,7577,2029,0.23849574240479232,0.2643594974131559,0.26121274558774565,1.2865882352941176,1.4056521739130434,1.078132086192535,0.2643594974131559,2532.0,2411.5,3020.5,1.4679630846000682,0.13597898385570395
33.81060471540178,0.25,1.2700917482517484,35.08069646365353,True,5649,5902,254,0.24498417832167851,0.19294855072463757,0.22858527734291745,1.275671794871795,1.4151831501831502,1.2063089526414077,0.22858527734291745,2518.25,2420.825,2678.4249999999997,1.1001119442011398,0.5934108256498362
33.81060471540178,0.5,2.540183496503497,36.350788211905275,True,5649,6155,507,0.24498417832167851,0.23850863896165764,0.21374061073305206,1.2889473684210526,1.3911904761904763,1.0522115456973762,0.23850863896165764,2518.5,2426.65,2614.7,1.1329915731071711,0.43256526874484935
33.81060471540178,1.0,5.080366993006994,38.89097170840877,True,5649,6663,1015,0.24498417832167851,0.24498417832167851,0.24072612207873845,1.2971428571428572,1.4081818181818182,1.0263980883505726,0.24498417832167851,2503.5,2395.5,2599.5,1.1524277667379812,0.3542605459225046
33.81060471540178,2.0,10.160733986013987,43.97133870141577,True,5649,7677,2029,0.24498417832167851,0.28590657077476284,0.25883485474160606,1.2683146067415727,1.4154545454545453,1.0886749855179134,0.28590657077476284,2538.0,2411.5,3187.3999999999996,1.3530818955985946,0.44969028323111093
34.31142637416295,0.25,1.2700917482517484,35.5815181224147,True,5749,6002,254,0.24736478321067124,0.21820447177860747,0.21653888888888906,1.2963368055555557,1.3902063953488373,1.0357536314647469,0.21820447177860747,2507.5,2426.975,2593.025,1.6565887574643026,0.4122069596837896
34.31142637416295,0.5,2.540183496503497,36.851609870666444,True,5749,6255,507,0.24736478321067124,0.2450264227642276,0.23105099067599055,1.2961111111111112,1.3946153846153846,1.074186321286961,0.2450264227642276,2514.5,2426.8,2592.2,1.2838978004607888,0.6638977812590071
34.31142637416295,1.0,5.080366993006994,39.39179336716994,True,5749,6763,1015,0.24736478321067124,0.2457821864111498,0.24736478321067124,1.301012658227848,1.3983529411764708,1.0393040912657734,0.24736478321067124,2496.0,2388.05,2578.15,1.1946681539907116,0.14331751032205972
34.31142637416295,2.0,10.160733986013987,44.472160360176936,True,5749,7777,2029,0.24736478321067124,0.2878243314617485,0.2669144783397849,1.2683146067415727,1.418421052631579,1.0908370341808131,0.2878243314617485,2543.0,2412.7,3259.8,1.5150033605207485,0.4002739120317547
34.8122480329241,0.25,1.2700917482517484,36.082339781175854,True,5849,6102,254,0.24599627192982465,0.23400893374450993,0.21083582490430963,1.3163112625770854,1.3698515376458111,1.256515018683404,0.23400893374450993,2515.0,2431.15,2598.025,1.347180386778699,0.6281194431132685
34.8122480329241,0.5,2.540183496503497,37.3524315294276,True,5849,6355,507,0.24599627192982465,0.2513064335236812,0.23535912810593662,1.306292134831461,1.3954054054054057,1.136337650721189,0.2513064335236812,2510.0,2424.95,2586.2,1.3429146436388182,0.4957004849002283
34.8122480329241,1.0,5.080366993006994,39.89261502593109,True,5849,6863,1015,0.24599627192982465,0.2457821864111498,0.24599627192982465,1.3044736842105262,1.4027500000000002,1.0717825231985765,0.24599627192982465,2494.0,2384.15,2578.5,1.1085190619999206,0.41660310721940474
34.8122480329241,2.0,10.160733986013987,44.97298201893809,True,5849,7877,2029,0.24599627192982465,0.29096806837518696,0.2737709252939262,1.2743209876543211,1.4205128205128206,1.0947096456185748,0.29096806837518696,2554.0,2413.0,3323.0,1.286237352407274,0.3140023839986514
35.31306969168527,0.25,1.2700917482517484,36.58316143993702,True,5949,6202,254,0.2596575707193345,0.2811523070425509,0.2217777893911681,1.3215161502966382,1.3833253968253967,1.2491008684392952,0.2811523070425509,2525.25,2427.15,2600.85,1.654744683780179,0.8511995132375755
35.31306969168527,0.5,2.540183496503497,37.853253188188766,True,5949,6455,507,0.2596575707193345,0.2631306161745828,0.24233132694938442,1.308292682926829,1.4115384615384616,1.1316330351865753,0.2631306161745828,2510.5,2411.15,2586.5,1.1856138079721867,0.6722406725814389
35.31306969168527,1.0,5.080366993006994,40.39343668469226,True,5949,6963,1015,0.2596575707193345,0.2596575707193345,0.2539129879408518,1.3072972972972974,1.4085365853658536,1.051224913728264,0.2596575707193345,2497.5,2379.85,2581.5,1.1771500251653577,0.3074653220571897
35.31306969168527,2.0,10.160733986013987,45.47380367769926,True,5949,7977,2029,0.2596575707193345,0.2953303700925231,0.27720170118170095,1.2763855421686747,1.4221333333333337,1.094629178409351,0.2953303700925231,2575.0,2414.9,3363.8,1.2234012535947885,0.23718327497648517
35.813891350446426,0.25,1.2700917482517484,37.08398309869818,True,6049,6302,254,0.2571169203128304,0.25166832771191494,0.2635546566516631,1.3116346153846155,1.4252908067542214,1.218461889895268,0.2635546566516631,2515.25,2429.425,2589.875,1.377463796989131,0.8630867871935987
35.813891350446426,0.5,2.540183496503497,38.35407484694992,True,6049,6555,507,0.2571169203128304,0.25093121794871787,0.2445016457575656,1.3081159420289856,1.40475,1.0978454079037974,0.25093121794871787,2500.0,2397.45,2579.2,1.2828972568346564,0.5310199066169351
35.813891350446426,1.0,5.080366993006994,40.894258343453416,True,6049,7063,1015,0.2571169203128304,0.2571169203128304,0.25295950956937785,1.2964835164835165,1.4125842696629216,1.0410486896529303,0.2571169203128304,2498.5,2379.85,2589.65,1.1431874586805943,0.2294037821786534
35.813891350446426,2.0,10.160733986013987,45.97462533646041,True,6049,8077,2029,0.2571169203128304,0.2957212741180622,0.28225703264503754,1.2683146067415727,1.4304761904761905,1.1163175572523927,0.2957212741180622,2606.0,2415.5,3409.1,1.3055303403710465,0.4430436490414193
36.314713009207594,0.25,1.2700917482517484,37.584804757459345,True,6149,6402,254,0.25719259259259275,0.2701731910932704,0.25783185452286406,1.307244784201306,1.4551353727144867,1.0634946168948687,0.2701731910932704,2501.75,2393.05,2567.85,1.4799720625223325,0.6348883766870632
36.314713009207594,0.5,2.540183496503497,38.85489650571109,True,6149,6655,507,0.25719259259259275,0.25524254610782393,0.25377613749821704,1.3051351351351352,1.4322222222222225,1.0412482720376184,0.25524254610782393,2490.0,2370.3,2566.7,1.218184447745045,0.5711058380362117
36.314713009207594,1.0,5.080366993006994,41.395080002214584,True,6149,7163,1015,0.25719259259259275,0.25719259259259275,0.2516509210661726,1.2927058823529414,1.4322222222222225,1.0349549892501333,0.25719259259259275,2504.0,2379.85,2650.8,1.112681572726678,0.28942966196113684
36.314713009207594,2.0,10.160733986013987,46.47544699522158,True,6149,8177,2029,0.25719259259259275,0.2964026033495867,0.29218735558408204,1.2644736842105264,1.4334939759036145,1.1069676551723258,0.2964026033495867,2702.5,2416.0,3428.2999999999997,1.314060840092531,0.41305017992470594
36.81553466796875,0.25,1.2700917482517484,38.0856264162205,True,6249,6502,254,0.2625560955043713,0.23994502586844046,0.22896793918860514,1.307244784201306,1.3945505287896593,1.0192561474923945,0.23994502586844046,2484.25,2376.975,2563.0,1.1267547215013385,0.4201783741052957
36.81553466796875,0.5,2.540183496503497,39.35571816447224,True,6249,6755,507,0.2625560955043713,0.24429416083916067,0.2493811455624677,1.3072972972972974,1.4046913580246914,1.033551615099429,0.2493811455624677,2476.0,2368.5,2559.35,1.2075615804653548,0.2591193312729608
36.81553466796875,1.0,5.080366993006994,41.89590166097574,True,6249,7263,1015,0.2625560955043713,0.2625560955043713,0.24021239837398378,1.2846341463414634,1.418421052631579,1.0339619269981457,0.2625560955043713,2510.0,2386.55,2772.3,1.1568185217731064,0.314389797814389
36.81553466796875,2.0,10.160733986013987,46.976268653982736,True,6249,8277,2029,0.2625560955043713,0.2977350256212792,0.3008476190476189,1.26625,1.435,1.1051646215190933,0.3008476190476189,2802.5,2419.2,3456.8999999999996,1.4671509613377958,0.39157497745741926
37.31635632672991,0.25,1.2700917482517484,38.58644807498166,True,6349,6602,254,0.2641087287712288,0.23471676829268273,0.2289928720510559,1.282440529960855,1.393276397515528,1.0446565048615535,0.23471676829268273,2484.75,2376.975,2565.675,1.2464808445325644,0.4972954930472817
37.31635632672991,0.5,2.540183496503497,39.856539823233405,True,6349,6855,507,0.2641087287712288,0.22856404437018485,0.24750218728639795,1.304146341463415,1.4045238095238095,1.0858467341732485,0.24750218728639795,2477.0,2368.5,2556.7,1.2689103692842891,0.1768783051983273
37.31635632672991,1.0,5.080366993006994,42.39672331973691,True,6349,7363,1015,0.2641087287712288,0.2641087287712288,0.2524250951562007,1.262093023255814,1.41816091954023,1.0255251469035025,0.2641087287712288,2525.0,2392.85,2848.65,1.2374327952277817,0.5797847649173689
37.31635632672991,2.0,10.160733986013987,47.4770903127439,True,6349,8377,2029,0.2641087287712288,0.29793038962376306,0.30735461175461165,1.2541666666666669,1.4328571428571428,1.0959437340328375,0.30735461175461165,2886.5,2422.0,3477.3,1.446303228842453,0.3236100312850576
37.81717798549107,0.25,1.2700917482517484,39.08726973374282,True,6449,6702,254,0.27055160256410243,0.2479759212305611,0.2485996452028385,1.31359477124183,1.3907205882352942,1.027858092140307,0.2485996452028385,2471.5,2363.825,2554.0,1.244592604118797,0.6057387991484281
37.81717798549107,0.5,2.540183496503497,40.357361481994566,True,6449,6955,507,0.27055160256410243,0.24571919021692157,0.2584029352602285,1.306122448979592,1.4043243243243242,1.079878233843587,0.2584029352602285,2482.5,2368.5,2573.55,1.2607377894042042,0.3800352425079162
37.81717798549107,1.0,5.080366993006994,42.89754497849806,True,6449,7463,1015,0.27055160256410243,0.27055160256410243,0.25637592086276295,1.2742857142857142,1.421627906976744,1.0100466766169423,0.27055160256410243,2554.0,2398.65,2971.35,1.223623325557431,0.4094366657392167
37.81717798549107,2.0,10.160733986013987,47.97791197150506,True,6449,8477,2029,0.27055160256410243,0.29681668321062116,0.3073915563013123,1.2532075471698112,1.4327083333333337,1.0987830702982517,0.3073915563013123,3008.0,2428.2,3509.5,1.3709608717681867,0.3596206632774434
38.31799964425223,0.25,1.2700917482517484,39.58809139250398,True,6549,6802,254,0.2887523045710608,0.24119754901960777,0.25444199039264825,1.30897001934236,1.4365527065527066,1.0652823297088498,0.25444199039264825,2468.25,2358.825,2553.675,1.4368563810011035,0.45454928550043555
38.31799964425223,0.5,2.540183496503497,40.85818314075573,True,6549,7055,507,0.2887523045710608,0.25401428571428564,0.26051801989730416,1.2880459770114945,1.41816091954023,1.076942654679976,0.26051801989730416,2497.5,2371.0,2592.2,1.1183411460251786,0.4362521361278772
38.31799964425223,1.0,5.080366993006994,43.39836663725923,True,6549,7563,1015,0.2887523045710608,0.27670923916266393,0.2887523045710608,1.284102564102564,1.4117073170731709,1.112478191278482,0.2887523045710608,2599.5,2404.6,3057.65,1.4309809198989427,0.6351050245365412
38.31799964425223,2.0,10.160733986013987,48.47873363026622,True,6549,8577,2029,0.2887523045710608,0.30301405743121484,0.3154495067899322,1.2552,1.4393617021276597,1.09507068056377,0.3154495067899322,3136.0,2433.0,3553.3,1.4141781787795642,0.37576779103471997
38.818821303013394,0.25,1.2700917482517484,40.088913051265145,True,6649,6902,254,0.29608209151802506,0.2377746699405715,0.25258304751041816,1.3048259303721488,1.4442820512820513,1.116220508850222,0.25258304751041816,2478.5,2375.875,2580.375,1.4613071587053634,0.4510485751675686
38.818821303013394,0.5,2.540183496503497,41.35900479951689,True,6649,7155,507,0.29608209151802506,0.24234474015757285,0.23770304416112342,1.2768253968253969,1.4305555555555554,1.0371253606511446,0.24234474015757285,2524.0,2400.15,2675.6,1.0944033975336245,0.5631685059195618
38.818821303013394,1.0,5.080366993006994,43.899188296020384,True,6649,7663,1015,0.29608209151802506,0.29608209151802506,0.2781254633202064,1.244705882352941,1.4327083333333337,1.144217950404666,0.29608209151802506,2699.0,2420.5,3246.8,1.3600396988811858,0.4380465640272613
38.818821303013394,2.0,10.160733986013987,48.97955528902738,True,6649,8677,2029,0.29608209151802506,0.30404217911129056,0.320647268641128,1.2511764705882351,1.4414141414141417,1.0911385515556846,0.320647268641128,3246.5,2456.2,3563.3,1.4784013320787275,0.29577178635142554
39.319642961774555,0.25,1.2700917482517484,40.589734710026306,True,6749,7002,254,0.2979423637159289,0.24219331140350875,0.24833888029879414,1.2860742705570294,1.4096403210867552,1.1017355371104738,0.24833888029879414,2513.75,2406.075,2592.675,1.5399964407152344,0.6534930540476249
39.319642961774555,0.5,2.540183496503497,41.85982645827805,True,6749,7255,507,0.2979423637159289,0.2681376975883832,0.22627010658914726,1.2609302325581395,1.4318072289156627,1.0797177229201427,0.2681376975883832,2572.0,2428.15,2804.25,1.4030074452973267,0.28967518666737235
39.319642961774555,1.0,5.080366993006994,44.40000995478155,True,6749,7763,1015,0.2979423637159289,0.2979423637159289,0.28598141548041056,1.237083333333333,1.4377272727272727,1.1327617821605915,0.2979423637159289,2800.0,2455.55,3302.45,1.5714471916438764,0.5140466419783302
39.319642961774555,2.0,10.160733986013987,49.48037694778854,True,6749,8777,2029,0.2979423637159289,0.3023277899423901,0.3199412530657201,1.2443478260869565,1.4442553191489362,1.095209832868538,0.3199412530657201,3290.5,2490.4,3613.3,1.3420225362508977,0.32275422632678563
39.82046462053572,0.25,1.2700917482517484,41.09055636878747,True,6849,7102,254,0.3026630119608554,0.24613905622489962,0.231792441626409,1.2549084249084248,1.4131275778694354,1.0860932133411916,0.24613905622489962,2555.0,2427.45,2639.675,1.3980853270106277,0.40911073399698045
39.82046462053572,0.5,2.540183496503497,42.36064811703921,True,6849,7355,507,0.3026630119608554,0.2749844110714199,0.255483436853002,1.2215,1.4304761904761905,1.0172367770604538,0.2749844110714199,2632.5,2463.6,2887.75,1.635365453620828,0.47814368577169497
39.82046462053572,1.0,5.080366993006994,44.90083161354271,True,6849,7863,1015,0.3026630119608554,0.3026630119608554,0.29799346074462163,1.2389795918367346,1.4375510204081632,1.1153470789104134,0.3026630119608554,2879.5,2493.2,3356.25,1.4056060374339339,0.4321640802648216
39.82046462053572,2.0,10.160733986013987,49.981198606549704,True,6849,8877,2029,0.3026630119608554,0.3023277899423901,0.3300205292820386,1.2365000000000002,1.4498,1.1313616199057437,0.3300205292820386,3328.5,2536.0,3624.8999999999996,1.2885965093337417,0.17104928820036305
40.32128627929687,0.25,1.2700917482517484,41.59137802754862,True,6949,7202,254,0.3061408891142662,0.26122467936261173,0.21843769255670853,1.2541346153846153,1.4320247657295848,1.1384834307922325,0.26122467936261173,2607.5,2473.65,2745.675,1.4179539646765462,0.6074036541679011
40.32128627929687,0.5,2.540183496503497,42.861469775800366,True,6949,7455,507,0.3061408891142662,0.28310981562855697,0.25121421572975244,1.2407228915662651,1.433478260869565,1.0608257319959047,0.28310981562855697,2742.0,2492.95,3008.0,1.5219912006825689,0.7581639468868903
40.32128627929687,1.0,5.080366993006994,45.40165327230386,True,6949,7962,1014,0.3061408891142662,0.30568416973067375,0.3061408891142662,1.2461811505507958,1.4334861183865897,1.1430358380757102,0.3061408891142662,3000.75,2537.625,3386.675,1.3804048108969482,0.5501180010255482
40.32128627929687,2.0,10.160733986013987,50.48202026531086,True,6949,8977,2029,0.3061408891142662,0.3001121276817099,0.33011030151068754,1.2433333333333334,1.451881188118812,1.1378391407275914,0.33011030151068754,3359.0,2590.0,3668.5,1.2520460036099115,0.1902463182896653
40.82210793805804,0.25,1.2700917482517484,42.09219968630979,True,7049,7302,254,0.3061052177070506,0.2788588374002368,0.23889748797984212,1.17875152998776,1.4849573905377609,1.1784005139644393,0.2788588374002368,2722.5,2569.65,2860.7,1.5103006597713304,0.7731449155423703
40.82210793805804,0.5,2.540183496503497,43.362291434561534,True,7049,7555,507,0.3061052177070506,0.29104504578452867,0.3273133194312511,1.2742857142857142,1.400681818181818,1.1592331412313286,0.3273133194312511,2826.5,2602.8,3079.2,1.2310032765297836,0.7141983453214681
40.82210793805804,1.0,5.080366993006994,45.90247493106503,True,7049,8062,1014,0.3061052177070506,0.3061052177070506,0.3037470717234262,1.2347077922077923,1.4422075702075703,1.1764926764811616,0.3061052177070506,3108.75,2630.825,3446.35,1.266296164741771,0.7590031872617076
40.82210793805804,2.0,10.160733986013987,50.98284192407203,True,7049,9077,2029,0.3061052177070506,0.3034026255641986,0.3296468266072127,1.2446938775510206,1.4614285714285715,1.1238739279160992,0.3296468266072127,3386.5,2690.7,3668.5,1.1796407053695197,0.3442890507500607
41.32292959681919,0.25,1.2700917482517484,42.593021345070945,True,7149,7402,254,0.3240332381579102,0.293420276743182,0.2733425460690606,1.176064814814815,1.4410123456790123,1.0302501218849114,0.293420276743182,2824.0,2685.825,2986.5,1.5339337325221232,0.9316049754217116
41.32292959681919,0.5,2.540183496503497,43.86311309332269,True,7149,7655,507,0.3240332381579102,0.3092103628943335,0.32592165103100124,1.1755789473684213,1.4369411764705882,1.2386195549298138,0.32592165103100124,2930.0,2708.4,3275.35,1.1938918940037788,1.073958328485691
41.32292959681919,1.0,5.080366993006994,46.40329658982618,True,7149,8162,1014,0.3240332381579102,0.31004221388367725,0.3240332381579102,1.219947832567383,1.4392904874213837,1.1782401633837023,0.3240332381579102,3241.25,2740.0,3465.175,1.12042109790375,0.4162374124506577
41.32292959681919,2.0,10.160733986013987,51.48366358283318,True,7149,9177,2029,0.3240332381579102,0.3026374484052534,0.3309303495030088,1.2452941176470589,1.463953488372093,1.1310992507946003,0.3309303495030088,3414.5,2795.7,3672.1,1.1308747976536537,0.4276942657717359
41.82375125558036,0.25,1.2700917482517484,43.09384300383211,True,7249,7502,254,0.3325225952494819,0.2815926653755601,0.39025143602152484,1.257090206185567,1.4211627906976743,1.2753148790640152,0.39025143602152484,2900.75,2770.425,3066.5,1.8532889385320825,0.6786284383628309
41.82375125558036,0.5,2.540183496503497,44.36393475208386,True,7249,7755,507,0.3325225952494819,0.3083329238305897,0.35971495119787056,1.1847368421052633,1.4497727272727272,1.2375051050051218,0.35971495119787056,3044.0,2794.5,3337.35,1.1347462657134193,0.5481284318825479
41.82375125558036,1.0,5.080366993006994,46.90411824858735,True,7249,8262,1014,0.3325225952494819,0.31309687519563234,0.3325225952494819,1.2379937828790053,1.4517569205900183,1.1716556327327192,0.3325225952494819,3290.5,2823.15,3495.175,1.2325332479572666,0.4454280209322902
41.82375125558036,2.0,10.160733986013987,51.98448524159435,True,7249,9277,2029,0.3325225952494819,0.3019750451935196,0.333167676610548,1.2389795918367346,1.464901960784314,1.1604320024048715,0.333167676610548,3431.5,2863.0,3680.5,1.1067715360119381,0.3662892039932813
42.32457291434152,0.25,1.2700917482517484,43.594664662593274,True,7349,7602,254,0.33800192511699023,0.31507692208860116,0.3515728517976733,1.2909095160158992,1.3794565217391304,1.2395245898126923,0.3515728517976733,3020.25,2785.825,3219.75,1.3395229785616456,0.6989090532165079
42.32457291434152,0.5,2.540183496503497,44.86475641084502,True,7349,7855,507,0.33800192511699023,0.31614072617946354,0.36124304347826086,1.2513207547169811,1.445,1.1722783357900062,0.36124304347826086,3205.0,2828.3,3375.0,1.301084038433028,0.6152592122398346
42.32457291434152,1.0,5.080366993006994,47.40493990734852,True,7349,8362,1014,0.33800192511699023,0.31587707003546106,0.33800192511699023,1.243809523809524,1.4515685389199928,1.1517211354382524,0.33800192511699023,3328.5,2912.8,3515.5,1.1540102484383117,0.4237662759137674
42.32457291434152,2.0,10.160733986013987,52.48530690035551,True,7349,9377,2029,0.33800192511699023,0.30130042712865757,0.33915040314818057,1.2531914893617022,1.4666666666666666,1.173839749047412,0.33915040314818057,3447.0,2994.4,3684.6,1.2116593840274292,0.2809201446907216
42.82539457310268,0.25,1.2700917482517484,44.09548632135443,True,7449,7702,254,0.3381306068565262,0.31712408327460656,0.3598345858252569,1.1534826454033773,1.4567708333333336,1.5549696653916423,0.3598345858252569,3182.5,2822.05,3317.85,2.072015630501539,1.2996712204667398
42.82539457310268,0.5,2.540183496503497,45.36557806960617,True,7449,7955,507,0.3381306068565262,0.3199319245028648,0.32885835830655297,1.2560465116279071,1.4389583333333336,1.2396260476332894,0.32885835830655297,3272.5,2904.7,3409.85,1.3719529546907128,1.1680625653825822
42.82539457310268,1.0,5.080366993006994,47.905761566109675,True,7449,8462,1014,0.3381306068565262,0.31233297815420735,0.3381306068565262,1.2281592539454806,1.4411067193675888,1.1615145107432776,0.3381306068565262,3360.0,3025.325,3557.0249999999996,1.1618765508358166,0.5344914052705888
42.82539457310268,2.0,10.160733986013987,52.986128559116665,True,7449,9477,2029,0.3381306068565262,0.29866072880070893,0.3416523413396714,1.2452941176470589,1.477608695652174,1.2051141338542397,0.3416523413396714,3455.0,3101.8,3684.6,1.1470635857745142,0.4040751013414724
43.32621623186384,0.25,1.2700917482517484,44.59630798011559,True,7549,7802,254,0.3372184905660376,0.3198686484865264,0.31047732026143793,1.1459369202226346,1.4987319543201898,1.2846973656055838,0.3198686484865264,3257.75,3119.6,3372.175,1.4687041030805241,1.0363985842849628
43.32621623186384,0.5,2.540183496503497,45.866399728367334,True,7549,8055,507,0.3372184905660376,0.3141246489158521,0.29417625858123564,1.1868686868686869,1.47475,1.2681464734072336,0.3141246489158521,3325.0,3177.6,3584.8999999999996,1.3862558214967053,1.1274933892363508
43.32621623186384,1.0,5.080366993006994,48.40658322487083,True,7549,8562,1014,0.3372184905660376,0.31681019503546104,0.3372184905660376,1.2226140350877195,1.4585270132517838,1.0936177187888299,0.3372184905660376,3385.5,3203.825,3627.324999999999,1.2192860961294136,0.46448801251665267
43.32621623186384,2.0,10.160733986013987,53.486950217877826,True,7549,9577,2029,0.3372184905660376,0.29681150055519406,0.33162719703977794,1.2417142857142858,1.4890740740740742,1.1607028328289244,0.33162719703977794,3459.5,3238.5,3684.6,1.1753034600910925,0.3567968842345747
43.827037890625,0.25,1.2700917482517484,45.09712963887675,True,7649,7902,254,0.3420445407226985,0.2989716324008538,0.3244912618245951,1.2998954307797228,1.4540405006776689,1.0558990237925034,0.3244912618245951,3313.25,3194.65,3404.0,1.1995284211447703,0.5643172518044851
43.827037890625,0.5,2.540183496503497,46.367221387128495,True,7649,8155,507,0.3420445407226985,0.30750358974358966,0.31923602941176454,1.2572916666666667,1.448125,1.1623745839971729,0.31923602941176454,3353.0,3209.8,3586.3999999999996,1.2498467694378155,0.5138985263336118
43.827037890625,1.0,5.080366993006994,48.907404883632,True,7649,8662,1014,0.3420445407226985,0.3102573974286254,0.3420445407226985,1.252296181630547,1.4497863636363637,1.1022136595976908,0.3420445407226985,3411.5,3240.15,3654.175,1.1229849601846875,0.30722327215027784
43.827037890625,2.0,10.160733986013987,53.98777187663899,True,7649,9677,2029,0.3420445407226985,0.286807221913004,0.32851261658477193,1.2638202247191013,1.4788,1.2026358636296821,0.32851261658477193,3462.0,3278.2,3684.6,1.139835594014153,0.2865711993226611
44.32785954938616,0.25,1.2700917482517484,45.59795129763791,True,7749,8002,254,0.337628203259005,0.3164618817204301,0.300977204502452,1.2964029255319147,1.4367708333333336,1.138065918484538,0.3164618817204301,3357.75,3233.125,3450.15,1.2023798673083785,0.8049696253881402
44.32785954938616,0.5,2.540183496503497,46.86804304588966,True,7749,8255,507,0.337628203259005,0.3100555924695459,0.3314698722385063,1.2887234042553193,1.4566666666666666,1.1526097166306495,0.3314698722385063,3386.0,3250.25,3586.3999999999996,1.1375477916612102,0.3595150770604416
44.32785954938616,1.0,5.080366993006994,49.40822654239315,True,7749,8762,1014,0.337628203259005,0.30777172619047616,0.337628203259005,1.2474090909090911,1.4503716981132075,1.1114946772225327,0.337628203259005,3441.5,3276.825,3676.375,1.1998249756871529,0.24938729141692637
44.32785954938616,2.0,10.160733986013987,54.48859353540015,True,7749,9777,2029,0.337628203259005,0.28907747470774803,0.32767019670348674,1.2684,1.4879629629629632,1.1865436681588966,0.32767019670348674,3465.5,3306.7,3684.6,1.1395101665389609,0.4116015691365302
44.82868120814732,0.25,1.2700917482517484,46.098772956399074,True,7849,8102,254,0.34696658712471606,0.3020555694618275,0.33278994898706404,1.2345042016806724,1.4396791666666666,1.3163721140828142,0.33278994898706404,3389.0,3262.475,3654.5,1.648047137041734,1.072741665879792
44.82868120814732,0.5,2.540183496503497,47.36886470465082,True,7849,8355,507,0.34696658712471606,0.31095614035087715,0.3425917395509209,1.2417142857142858,1.4541747572815535,1.1653752405848088,0.3425917395509209,3409.5,3279.1,3586.3999999999996,1.1659138663468918,0.5562483486564669
44.82868120814732,1.0,5.080366993006994,49.90904820115432,True,7849,8862,1014,0.34696658712471606,0.30194761235955053,0.34696658712471606,1.2418005390835578,1.457315251572327,1.2212162567769462,0.34696658712471606,3461.75,3302.325,3699.2,1.0609091880609676,0.44604873393635086
44.82868120814732,2.0,10.160733986013987,54.98941519416131,True,7849,9877,2029,0.34696658712471606,0.28524933119315143,0.3259860479815584,1.2443333333333333,1.501855670103093,1.2189325608556876,0.3259860479815584,3465.5,3330.9,3684.6,1.3126235272005706,0.510942397151722
45.32950286690848,0.25,1.2700917482517484,46.59959461516023,True,7949,8202,254,0.34777782566270943,0.3091070491589197,0.32655030526725715,1.1949136363636363,1.447033601319316,1.270277594887372,0.32655030526725715,3414.75,3277.525,3654.5,1.5770817002578923,0.6437633047424272
45.32950286690848,0.5,2.540183496503497,47.86968636341197,True,7949,8455,507,0.34777782566270943,0.29281883865248226,0.35423977463712764,1.2140186915887852,1.4404,1.1914990176770117,0.35423977463712764,3438.5,3288.5,3607.7,1.2622404359037034,0.5966697312587255
45.32950286690848,1.0,5.080366993006994,50.409869859915474,True,7949,8962,1014,0.34777782566270943,0.2873420607600469,0.34777782566270943,1.2375490196078434,1.4569931123547137,1.24815636837535,0.34777782566270943,3482.0,3320.5,3711.875,1.1151076352576776,0.20151109350368224
45.32950286690848,2.0,10.160733986013987,55.490236852922465,True,7949,9977,2029,0.34777782566270943,0.28170818218871063,0.32119477264590035,1.218627450980392,1.5284782608695653,1.2248691657878479,0.32119477264590035,3465.5,3342.0,3684.6,1.4178931068789675,0.5603936506241067
45.83032452566964,0.25,1.2700917482517484,47.10041627392139,True,8049,8302,254,0.34881170374115256,0.3217056468928022,0.3657770219897628,1.2408994032395566,1.462455656286953,1.2137199852830847,0.3657770219897628,3406.25,3271.475,3537.075,1.5222328774436702,0.9179284779971284
45.83032452566964,0.5,2.540183496503497,48.370508022173134,True,8049,8555,507,0.34881170374115256,0.3143512868044213,0.3691468595712516,1.2562162162162165,1.4396226415094338,1.1691851964854283,0.3691468595712516,3448.0,3289.85,3640.25,1.3566635804440315,0.684785917217953
45.83032452566964,1.0,5.080366993006994,50.91069151867663,True,8049,9062,1014,0.34881170374115256,0.29318814203082944,0.34881170374115256,1.250987953973391,1.4709396099024756,1.23036013998038,0.34881170374115256,3494.75,3324.975,3708.0,1.1335539227064948,0.43043114044503794
45.83032452566964,2.0,10.160733986013987,55.991058511683626,True,8049,10077,2029,0.34881170374115256,0.2745895512281684,0.3180575662535452,1.2291836734693875,1.5347619047619048,1.209509394898393,0.3180575662535452,3461.0,3329.7,3680.1,1.4492598956857499,0.6205731968025006
46.33114618443081,0.25,1.2700917482517484,47.60123793268256,True,8149,8402,254,0.3352390404040404,0.2957069911597858,0.36413873869924385,1.246960361067504,1.4559480122324158,1.1787362587593757,0.36413873869924385,3450.5,3300.275,3564.375,1.4520578514404752,0.7485018754341991
46.33114618443081,0.5,2.540183496503497,48.8713296809343,True,8149,8655,507,0.3352390404040404,0.3128571062008542,0.3577067951873121,1.2514754098360656,1.450943396226415,1.149165495756201,0.3577067951873121,3474.0,3326.4,3678.3,1.1878314723963657,0.39982189665308066
46.33114618443081,1.0,5.080366993006994,51.4115131774378,True,8149,9162,1014,0.3352390404040404,0.2860378587928499,0.3352390404040404,1.2555,1.480121951219512,1.2170279881011021,0.3352390404040404,3510.75,3358.825,3710.5,1.42075985582239,0.5449786361113967
46.33114618443081,2.0,10.160733986013987,56.491880170444794,True,8149,10177,2029,0.3352390404040404,0.26813750000000003,0.31098681163797437,1.2275,1.548913043478261,1.198951785823966,0.31098681163797437,3459.5,3318.0,3680.1,1.3881313965824227,0.6555319853133156
46.83196784319196,0.25,1.2700917482517484,48.10205959144371,True,8249,8502,254,0.335972621414518,0.30554437140240714,0.36889558802244304,1.2218732943469788,1.3988701858335577,1.156592208184894,0.36889558802244304,3467.5,3305.15,3570.675,1.6103786138695197,0.5794028752201934
46.83196784319196,0.5,2.540183496503497,49.372151339695456,True,8249,8755,507,0.335972621414518,0.3083479838709678,0.34017242257098856,1.2318367346938777,1.438372093023256,1.0983181894813159,0.34017242257098856,3495.5,3333.15,3702.35,1.3549488875802287,0.3744067809264321
46.83196784319196,1.0,5.080366993006994,51.91233483619895,True,8249,9262,1014,0.335972621414518,0.2822374699774601,0.335972621414518,1.2465188679245283,1.4778983606557379,1.2301777153137095,0.335972621414518,3520.0,3362.45,3714.2,1.281995241343816,0.4945847335397934
46.83196784319196,2.0,10.160733986013987,56.99270182920595,True,8249,10277,2029,0.335972621414518,0.26613577152727597,0.3071904497109318,1.2376470588235295,1.544166666666667,1.2058226511189676,0.3071904497109318,3456.0,3303.4,3680.1,1.3507117868094904,0.6525334111765043
47.33278950195313,0.25,1.2700917482517484,48.60288125020488,True,8349,8602,254,0.3338304170804366,0.29896992197744554,0.33431837988177826,1.2536170212765958,1.3577003484320556,1.26897858671582,0.33431837988177826,3496.0,3335.0,3715.075,1.4918287795805991,0.8009128221205847
47.33278950195313,0.5,2.540183496503497,49.872972998456625,True,8349,8855,507,0.3338304170804366,0.2752197793992149,0.3478735774369124,1.2444736842105264,1.46125,1.3289582469998504,0.3478735774369124,3513.5,3361.0,3728.9,1.3169021130524101,0.8132487325860637
47.33278950195313,1.0,5.080366993006994,52.41315649496012,True,8349,9362,1014,0.3338304170804366,0.26447778924344983,0.3338304170804366,1.2575998751560549,1.4807428940568474,1.2952864408747073,0.3338304170804366,3529.75,3374.0,3715.5,1.1501964047034112,0.507756971876517
47.33278950195313,2.0,10.160733986013987,57.49352348796712,True,8349,10377,2029,0.3338304170804366,0.25630057504892634,0.3020337829724212,1.2472727272727273,1.5428571428571427,1.2274292641587718,0.3020337829724212,3450.0,3276.7,3680.1,1.3504722455190763,0.511343425750694
47.83361116071429,0.25,1.2700917482517484,49.10370290896604,True,8449,8702,254,0.32629655788407186,0.3254841239079611,0.34321807221378886,1.2465188679245283,1.4586902205738825,1.0478586799376206,0.34321807221378886,3497.25,3367.65,3715.075,1.4416742504761006,0.5824022756743867
47.83361116071429,0.5,2.540183496503497,50.373794657217786,True,8449,8955,507,0.32629655788407186,0.2750418970814133,0.3440490603381475,1.2484210526315789,1.461509433962264,1.3256460647564638,0.3440490603381475,3519.0,3398.15,3730.35,1.2115170006375489,0.7645489884042608
47.83361116071429,1.0,5.080366993006994,52.91397815372129,True,8449,9462,1014,0.32629655788407186,0.2546886428566242,0.32629655788407186,1.2518161362905817,1.509186320754717,1.281207851799449,0.32629655788407186,3522.5,3389.325,3715.5,1.2709192336735085,0.42877582179086987
47.83361116071429,2.0,10.160733986013987,57.99434514672828,True,8449,10477,2029,0.32629655788407186,0.2557080706116851,0.2982639661925376,1.252156862745098,1.5493617021276596,1.2378048281084384,0.2982639661925376,3439.0,3233.5,3680.1,1.3334741994302584,0.6046201046935465
48.334432819475445,0.25,1.2700917482517484,49.604524567727196,True,8549,8802,254,0.3210450704783022,0.2670757072266154,0.3001580998798602,1.2180553067622033,1.4732457322551662,1.1922917583439911,0.3001580998798602,3540.25,3432.825,3743.2,1.329511924786246,1.068632293685179
48.334432819475445,0.5,2.540183496503497,50.87461631597894,True,8549,9055,507,0.3210450704783022,0.25667485590366945,0.3306787357266081,1.2460377358490566,1.5096226415094338,1.3110583827249416,0.3306787357266081,3537.5,3437.15,3727.05,1.4572569463925338,0.6697292834814377
48.334432819475445,1.0,5.080366993006994,53.41479981248244,True,8549,9562,1014,0.3210450704783022,0.24320841431356988,0.3210450704783022,1.251437704918033,1.5312860520094564,1.3162773037227604,0.3210450704783022,3515.5,3386.0,3709.35,1.1410459242007787,0.41883819159877267
48.334432819475445,2.0,10.160733986013987,58.49516680548943,True,8549,10577,2029,0.3210450704783022,0.24938467023172906,0.2927246806616859,1.2552083333333333,1.557173913043478,1.2461992932245811,0.2927246806616859,3429.5,3203.7,3670.8,1.3274543957533993,0.6278755053370599
48.83525447823661,0.25,1.2700917482517484,50.10534622648836,True,8649,8902,254,0.31316645021645007,0.23945933675299497,0.331679683765398,1.2109952380952382,1.4666255813953488,1.554049817229075,0.331679683765398,3524.0,3440.0,3740.875,2.1394585801673354,1.591441523628922
48.83525447823661,0.5,2.540183496503497,51.3754379747401,True,8649,9155,507,0.31316645021645007,0.24902561396760303,0.316309812482765,1.2653061224489794,1.53625,1.2568059498662902,0.316309812482765,3551.5,3450.8,3723.9,1.3026517558245392,0.7782507090612256
48.83525447823661,1.0,5.080366993006994,53.9156214712436,True,8649,9662,1014,0.31316645021645007,0.2405619505494505,0.31316645021645007,1.2663909609477844,1.5284057971014495,1.285133270356409,0.31316645021645007,3505.75,3379.15,3704.175,1.174053797107609,0.5952567427133917
48.83525447823661,2.0,10.160733986013987,58.995988464250594,True,8649,10677,2029,0.31316645021645007,0.2475644502962474,0.2874934747151686,1.2552083333333333,1.5586813186813189,1.249891671423395,0.2874934747151686,3415.0,3187.5,3660.8,1.2456759935357782,0.844122987969847
49.33607613699777,0.25,1.2700917482517484,50.60616788524952,True,8749,9002,254,0.3106949312291083,0.21709511751135457,0.3368069152276295,1.2873932253313698,1.536222064201544,1.6467108215373452,0.3368069152276295,3566.25,3446.45,3743.2,1.9904601810427207,1.101938098194109
49.33607613699777,0.5,2.540183496503497,51.87625963350126,True,8749,9255,507,0.3106949312291083,0.23870966050479903,0.3196060857746904,1.2706542056074768,1.5402439024390244,1.346665704529303,0.3196060857746904,3555.0,3441.1,3724.85,1.2883687516919966,0.6161747390941831
49.33607613699777,1.0,5.080366993006994,54.416443130004765,True,8749,9762,1014,0.3106949312291083,0.24335930880713497,0.3106949312291083,1.289940181518152,1.540836236933798,1.2750901077310286,0.3106949312291083,3489.0,3369.5,3702.5249999999996,1.3467718657345686,0.5378712602875619
49.33607613699777,2.0,10.160733986013987,59.496810123011755,True,8749,10777,2029,0.3106949312291083,0.24284625535635362,0.28969076572824703,1.2726666666666666,1.5547727272727272,1.2718347352928692,0.28969076572824703,3400.5,3146.9,3656.8,1.2687800456317133,0.7837443372151444
49.83689779575893,0.25,1.2700917482517484,51.10698954401068,True,8849,9102,254,0.29615973181178856,0.25644402644518727,0.29353633699633697,1.3123752228163994,1.4972648160387751,1.2253919881104054,0.29353633699633697,3556.5,3446.45,3704.725,1.295873629213762,1.6722630706540544
49.83689779575893,0.5,2.540183496503497,52.377081292262424,True,8849,9355,507,0.29615973181178856,0.24926118200113967,0.31693172995553454,1.2949425287356322,1.5024074074074074,1.2775414879336087,0.31693172995553454,3552.5,3393.15,3703.85,1.3899383261702527,0.6200101629140637
49.83689779575893,1.0,5.080366993006994,54.91726478876592,True,8849,9862,1014,0.29615973181178856,0.2444364448103169,0.29615973181178856,1.2638467432950193,1.5604267068273092,1.2538047236183116,0.29615973181178856,3469.5,3369.325,3671.5249999999996,1.322755186188266,0.6090430781374117
49.83689779575893,2.0,10.160733986013987,59.99763178177292,True,8849,10877,2029,0.29615973181178856,0.24424229322577007,0.28561297024972154,1.2805405405405406,1.542391304347826,1.250884314482847,0.28561297024972154,3386.5,3094.5,3631.3999999999996,1.2069024981515637,0.6448099785748224
50.33771945452009,0.25,1.2700917482517484,51.60781120277184,True,8949,9202,254,0.27232013102362074,0.25366738735157823,0.25329295780384486,1.3367708333333335,1.5764185544768068,1.0570071404995474,0.25366738735157823,3555.5,3460.15,3662.2,2.2522548677366285,1.2119592757279873
50.33771945452009,0.5,2.540183496503497,52.877902951023586,True,8949,9455,507,0.27232013102362074,0.2451960030990794,0.28042836077335054,1.275,1.5755555555555554,1.1874524586300508,0.28042836077335054,3529.5,3386.9,3680.2,1.32547915798366,0.7172080038031735
50.33771945452009,1.0,5.080366993006994,55.41808644752709,True,8949,9962,1014,0.27232013102362074,0.24866718268816856,0.27232013102362074,1.197043918918919,1.6038974358974358,1.2888682130067628,0.27232013102362074,3454.5,3358.0,3647.675,1.758566072824498,1.1346457551026496
50.33771945452009,2.0,10.160733986013987,60.49845344053408,True,8949,10977,2029,0.27232013102362074,0.2428361241332032,0.2796115448504982,1.2815217391304348,1.5483516483516484,1.25602783977391,0.2796115448504982,3369.5,3062.7,3607.3999999999996,1.0988034323903564,0.7287143887732319
50.83854111328125,0.25,1.2700917482517484,52.108632861533,True,9049,9302,254,0.27487002908770886,0.24971298031413836,0.33906749988206997,1.2119090909090908,1.5146583850931674,1.2523565135643993,0.33906749988206997,3542.75,3368.8,3684.2,1.2992862361669113,0.8524844971684643
50.83854111328125,0.5,2.540183496503497,53.37872460978475,True,9049,9555,507,0.27487002908770886,0.2364489342537024,0.3167662584962332,1.2645454545454546,1.5547619047619048,1.3097446443563945,0.3167662584962332,3488.0,3365.6,3669.2,1.3751364253230436,0.5959492013796278
50.83854111328125,1.0,5.080366993006994,55.91890810628824,True,9049,10062,1014,0.27487002908770886,0.24371809486628926,0.27487002908770886,1.194268539098808,1.5985416666666663,1.2830777150045491,0.27487002908770886,3433.75,3339.15,3637.675,1.4133838528461078,0.7131469818740185
50.83854111328125,2.0,10.160733986013987,60.99927509929524,True,9049,11077,2029,0.27487002908770886,0.23919563579277858,0.280041226215645,1.2794,1.5340816326530613,1.2838247671937453,0.280041226215645,3351.0,3039.5,3593.8,1.2957107357556312,0.8799925630760285
51.33936277204241,0.25,1.2700917482517484,52.609454520294165,True,9149,9402,254,0.26977753441802266,0.21939517846651013,0.32843227892724525,1.1966177721088436,1.5044840331164993,1.504510702274628,0.32843227892724525,3496.75,3368.8,3689.05,1.488549105037642,0.5762228408214961
51.33936277204241,0.5,2.540183496503497,53.87954626854591,True,9149,9655,507,0.26977753441802266,0.2273838770853649,0.30801669185932856,1.252156862745098,1.5265934065934068,1.3523806151470317,0.30801669185932856,3457.5,3358.3,3661.55,1.4538153053082459,0.6021411180281442
51.33936277204241,1.0,5.080366993006994,56.41972976504941,True,9149,10162,1014,0.26977753441802266,0.24534076688815065,0.26977753441802266,1.183941916389197,1.607285760834148,1.3473951170241192,0.26977753441802266,3415.0,3306.0,3615.5,1.3338274170439377,0.6657781860058178
51.33936277204241,2.0,10.160733986013987,61.5000967580564,True,9149,11177,2029,0.26977753441802266,0.23835894932135515,0.27922637586413457,1.2726666666666666,1.5293181818181818,1.2989382540739318,0.27922637586413457,3322.5,3024.2,3541.1,1.2128470493764039,0.9699605861305544
51.84018443080357,0.25,1.2700917482517484,53.11027617905532,True,9249,9502,254,0.26977753441802266,0.23471185197563882,0.3281575764651937,1.2531955484896662,1.6094098039215687,1.4258852932835389,0.3281575764651937,3451.25,3347.8,3661.025,1.8654718204698917,0.9948217170660875
51.84018443080357,0.5,2.540183496503497,54.38036792730706,True,9249,9755,507,0.26977753441802266,0.24919755447390646,0.3071256446536855,1.312608695652174,1.539777777777778,1.3510245845366966,0.3071256446536855,3444.0,3351.3,3626.2,1.544319497331,1.1233199720530012
51.84018443080357,1.0,5.080366993006994,56.920551423810565,True,9249,10262,1014,0.26977753441802266,0.2506992029933889,0.26977753441802266,1.206405872888174,1.606996662958843,1.420409092294485,0.26977753441802266,3401.5,3291.0,3549.0499999999997,1.5828236453294249,1.02423837277393
51.84018443080357,2.0,10.160733986013987,62.000918416817555,True,9249,11277,2029,0.26977753441802266,0.24419260243632335,0.27817552322133665,1.27811320754717,1.5321276595744682,1.2911546062051587,0.27817552322133665,3295.0,3011.9,3491.8,1.2107836859477232,0.8630567789376777
52.34100608956473,0.25,1.2700917482517484,53.61109783781648,True,9349,9602,254,0.25842334800452016,0.2082506641551023,0.2971455196399345,1.2374560513860717,1.5950177462289266,1.3014252524742063,0.2971455196399345,3444.5,3345.275,3517.85,1.420741169544871,0.6629227834748161
52.34100608956473,0.5,2.540183496503497,54.881189586068224,True,9349,9855,507,0.25842334800452016,0.23517199625993446,0.26698000419480394,1.225,1.6006,1.4643234806287702,0.26698000419480394,3431.5,3360.15,3512.55,3.4793106196424106,1.6452108592741428
52.34100608956473,1.0,5.080366993006994,57.42137308257172,True,9349,10362,1014,0.25842334800452016,0.24020443349753684,0.25842334800452016,1.2226704545454545,1.5996872227151728,1.4302101075288978,0.25842334800452016,3389.5,3255.8,3491.175,1.2111604822121902,0.9213356183720552
52.34100608956473,2.0,10.160733986013987,62.50174007557872,True,9349,11377,2029,0.25842334800452016,0.2381027532746105,0.2727345261121856,1.2806060606060607,1.529591836734694,1.264435768575774,0.2727345261121856,3267.5,2995.0,3471.8,1.176511436355938,0.6753117191362262
52.84182774832589,0.25,1.2700917482517484,54.11191949657764,True,9449,9702,254,0.2661927167276191,0.23607911823735006,0.3020993795341732,1.3734929078014184,1.4543298150039723,1.2650451908378952,0.3020993795341732,3436.5,3338.15,3516.525,2.68835631118501,1.1937687598643625
52.84182774832589,0.5,2.540183496503497,55.382011244829386,True,9449,9955,507,0.2661927167276191,0.24642642862242348,0.26161908743430484,1.1752083333333334,1.60925,1.536412070235791,0.26161908743430484,3413.5,3346.8,3503.35,3.0316113116160825,1.5831370954011832
52.84182774832589,1.0,5.080366993006994,57.92219474133289,True,9449,10462,1014,0.2661927167276191,0.24861021624007063,0.2661927167276191,1.2524750830564784,1.5750118279569891,1.381278842396001,0.2661927167276191,3372.25,3206.0,3485.175,1.2317228700435727,1.2335599711516565
52.84182774832589,2.0,10.160733986013987,63.00256173433988,True,9449,11477,2029,0.2661927167276191,0.23904489337439216,0.27340162464985995,1.293763440860215,1.5185185185185186,1.2469608432039296,0.27340162464985995,3227.5,2972.5,3458.3,1.1441682000573166,0.8628222620886467
53.34264940708705,0.25,1.2700917482517484,54.6127411553388,True,9549,9802,254,0.26223463200337416,0.25122784976391277,0.23746033834586444,1.3292139656460045,1.523873656503619,1.6079971729874414,0.25122784976391277,3423.5,3360.15,3511.5,2.4476346378040716,1.8528553909592342
53.34264940708705,0.5,2.540183496503497,55.88283290359055,True,9549,10055,507,0.26223463200337416,0.24322453174228242,0.2443605672268907,1.1717391304347826,1.6143478260869566,1.6050755804015573,0.2443605672268907,3403.5,3327.9,3490.85,2.7520634704631846,1.4724361476470536
53.34264940708705,1.0,5.080366993006994,58.42301640009404,True,9549,10562,1014,0.26223463200337416,0.24765240863787374,0.26223463200337416,1.2648158307210033,1.5791994713490038,1.4036159723107535,0.26223463200337416,3353.0,3182.325,3468.35,1.2393590067636349,0.8848035705923971
53.34264940708705,2.0,10.160733986013987,63.50338339310104,True,9549,11577,2029,0.26223463200337416,0.2393409565571386,0.26513926929484677,1.2804597701149425,1.5102127659574467,1.2546808340581463,0.26513926929484677,3195.5,2943.7,3443.5,1.1447515773516084,0.9086659866087071
53.84347106584821,0.25,1.2700917482517484,55.113562814099964,True,9649,9902,254,0.2652038380452063,0.24616990841594477,0.2446418435127674,1.1632291666666668,1.6438161375661378,2.483951160640384,0.24616990841594477,3406.5,3358.1,3490.675,4.102730587250752,2.0525755576323914
53.84347106584821,0.5,2.540183496503497,56.38365456235171,True,9649,10155,507,0.2652038380452063,0.25435270388275777,0.24610775039927435,1.164,1.63552,1.6505580090083185,0.25435270388275777,3387.5,3291.65,3471.45,3.9046108451948247,1.2609425119073752
53.84347106584821,1.0,5.080366993006994,58.92383805885521,True,9649,10662,1014,0.2652038380452063,0.2478231899277722,0.2652038380452063,1.2524750830564784,1.5763239957716702,1.3931955695993836,0.2652038380452063,3328.0,3158.15,3448.0499999999997,1.1174172142208068,1.1397153282441865
53.84347106584821,2.0,10.160733986013987,64.0042050518622,True,9649,11677,2029,0.2652038380452063,0.23879007890830473,0.2671322827599407,1.27375,1.511346153846154,1.2546433858648638,0.2671322827599407,3158.0,2924.4,3424.0,1.1486106840598942,0.9914981655415663
54.344292724609375,0.25,1.2700917482517484,55.614384472861126,True,9749,10002,254,0.267269082819408,0.2035956331901556,0.1021636196050123,1.1392745098039216,1.6554742907801416,1.8556827376047949,0.2035956331901556,3394.75,3349.8,3435.675,3.735441259826305,0.1688249326033134
54.344292724609375,0.5,2.540183496503497,56.88447622111287,True,9749,10255,507,0.267269082819408,0.2570998881402172,0.24470348772476758,1.163846153846154,1.6321649484536085,1.5306663050438982,0.2570998881402172,3370.5,3276.15,3433.7,3.705254319441671,1.226515846235275
54.344292724609375,1.0,5.080366993006994,59.424659717616365,True,9749,10762,1014,0.267269082819408,0.2454833725738358,0.267269082819408,1.2188570014844138,1.5744155844155845,1.317061441475544,0.267269082819408,3298.0,3122.975,3421.175,1.4143626250332322,0.9685345157549602
54.344292724609375,2.0,10.160733986013987,64.50502671062335,True,9749,11777,2029,0.267269082819408,0.2411724007581566,0.2692227110800247,1.2583838383838384,1.5187951807228917,1.2248512293029563,0.2692227110800247,3115.5,2911.0,3404.0,1.0808373251113694,0.9629900330054318
54.845114383370536,0.25,1.2700917482517484,56.11520613162229,True,9849,10102,254,0.28106951882290554,0.24542608950328026,0.24095242357812696,1.1508564102564103,1.6319066989787085,1.1838929272783396,0.24542608950328026,3373.0,3290.825,3434.0,3.8318086993154763,1.2236880533503842
54.845114383370536,0.5,2.540183496503497,57.38529787987403,True,9849,10355,507,0.28106951882290554,0.2501097211729115,0.26254877862462134,1.2074509803921567,1.597027027027027,1.415459671594106,0.26254877862462134,3340.5,3235.15,3423.4,2.500211798361939,1.1619080113447733
54.845114383370536,1.0,5.080366993006994,59.92548137637753,True,9849,10862,1014,0.28106951882290554,0.24233397064088802,0.28106951882290554,1.289092698933552,1.5299916562369629,1.2481594188283016,0.28106951882290554,3269.0,3061.825,3405.875,1.2135772511511895,1.0187311733003368
54.845114383370536,2.0,10.160733986013987,65.00584836938452,True,9849,11877,2029,0.28106951882290554,0.24358975269037375,0.27096114081996436,1.2933333333333334,1.5051162790697674,1.1724027762689275,0.27096114081996436,3084.0,2893.5,3387.3,1.1535419889715637,0.7098016399300784
55.3459360421317,0.25,1.2700917482517484,56.61602779038345,True,9949,10202,254,0.2836789586995847,0.26209577187693256,0.24426599916150837,1.253337912087912,1.6186517585757707,1.3345607270440303,0.26209577187693256,3337.5,3274.625,3427.525,2.6850157742025567,1.1162320497595064
55.3459360421317,0.5,2.540183496503497,57.88611953863519,True,9949,10455,507,0.2836789586995847,0.25978244871293765,0.27581103531300155,1.325217391304348,1.5423809523809524,1.2488982615754287,0.27581103531300155,3308.5,3173.65,3415.0,1.2260552606007395,1.0110495728354538
55.3459360421317,1.0,5.080366993006994,60.42630303513869,True,9949,10962,1014,0.2836789586995847,0.2372061712511092,0.2836789586995847,1.3138982213438737,1.5060873015873018,1.229469428668963,0.2836789586995847,3230.75,3035.825,3384.5249999999996,1.1375994273574215,0.8654165570514475
55.3459360421317,2.0,10.160733986013987,65.50667002814569,True,9949,11977,2029,0.2836789586995847,0.24457736096382698,0.27197730175316404,1.3045360824742267,1.489,1.1350007959806263,0.27197730175316404,3065.0,2876.5,3366.3,1.1441682000573166,0.4608156227519319
55.84675770089286,0.25,1.2700917482517484,57.11684944914461,True,10049,10302,254,0.27988537702000615,0.2702684509030884,0.24582025014644426,1.2925342809364548,1.558371040723982,1.4942105902919622,0.2702684509030884,3316.75,3243.125,3384.25,1.4051160112976269,1.4314067433441708
55.84675770089286,0.5,2.540183496503497,58.386941197396354,True,10049,10555,507,0.27988537702000615,0.25665865561397283,0.2776390159423613,1.3219607843137255,1.5427083333333336,1.2468511976031686,0.2776390159423613,3276.5,3163.45,3370.35,1.2515096844374656,1.0955004749063626
55.84675770089286,1.0,5.080366993006994,60.927124693899856,True,10049,11062,1014,0.27988537702000615,0.23341870641902895,0.27988537702000615,1.3100098270440252,1.481950849514563,1.2313964151218917,0.27988537702000615,3197.75,3017.325,3359.85,1.1906043222467086,0.5786382917101011
55.84675770089286,2.0,10.160733986013987,66.00749168690685,True,10049,12077,2029,0.27988537702000615,0.24726268302580845,0.2717737662848124,1.3022916666666666,1.4716279069767442,1.1237946595403485,0.2717737662848124,3043.5,2850.7,3336.6,1.131748015420599,0.4989287400474661
56.34757935965402,0.25,1.2700917482517484,57.61767110790577,True,10149,10402,254,0.2739859808533589,0.2448379772961815,0.25652625026772335,1.3672538461538462,1.4372043813791386,1.1101329190659976,0.25652625026772335,3287.0,3165.625,3384.9,1.7033461274983481,0.75563444885407
56.34757935965402,0.5,2.540183496503497,58.887762856157515,True,10149,10655,507,0.2739859808533589,0.23526636455801553,0.26875425513987194,1.3439080459770116,1.464375,1.1717340574664221,0.26875425513987194,3249.0,3135.3,3370.85,1.2453588514861187,0.6613430899134931
56.34757935965402,1.0,5.080366993006994,61.42794635266101,True,10149,11162,1014,0.2739859808533589,0.22861453047435187,0.2739859808533589,1.3273427109974425,1.4421111111111111,1.178165309341091,0.2739859808533589,3159.0,3006.3,3355.0,1.0796555896753295,0.2994195091427353
56.34757935965402,2.0,10.160733986013987,66.508313345668,True,10149,12177,2029,0.2739859808533589,0.2421159173616798,0.2691337103516106,1.3143478260869563,1.4467961165048544,1.0940980745414584,0.2691337103516106,3024.0,2832.5,3316.1,1.2076368741821535,0.30862555879680525
56.84840101841518,0.25,1.2700917482517484,58.11849276666693,True,10249,10502,254,0.2729453914141413,0.2286153055015362,0.2835346194503172,1.335601247872944,1.4935805177709525,1.2940182688841468,0.2835346194503172,3236.0,3144.475,3343.425,1.3861051623762095,1.0081109586383556
56.84840101841518,0.5,2.540183496503497,59.388584514918676,True,10249,10755,507,0.2729453914141413,0.22928317041778268,0.2728713064786038,1.3215555555555556,1.472,1.2242978681587766,0.2728713064786038,3216.5,3090.3,3348.05,1.3005827452234628,0.37405348632838564
56.84840101841518,1.0,5.080366993006994,61.92876801142218,True,10249,11262,1014,0.2729453914141413,0.22936250429996563,0.2729453914141413,1.3128158923143727,1.4557007575757577,1.1961480246838885,0.2729453914141413,3118.75,2996.0,3313.85,1.1285922839098337,0.3699767938993659
56.84840101841518,2.0,10.160733986013987,67.00913500442917,True,10249,12277,2029,0.2729453914141413,0.24291666666666667,0.2740924280454269,1.3015217391304348,1.421521739130435,1.1634914445368578,0.2740924280454269,3007.5,2801.7,3279.8,1.0914487799064843,0.4302912375354024
57.34922267717634,0.25,1.2700917482517484,58.619314425428094,True,10349,10602,254,0.2720360335280517,0.2306858271430724,0.29771192912289013,1.3315124716553288,1.5065726495726497,1.3257926165185532,0.29771192912289013,3219.0,3134.6,3349.9,1.3288910994082193,0.7629059791504501
57.34922267717634,0.5,2.540183496503497,59.88940617367984,True,10349,10855,507,0.2720360335280517,0.22510906822069077,0.28745894776015257,1.3195348837209304,1.4449484536082475,1.2961905800616838,0.28745894776015257,3182.0,3041.5,3310.0,1.2179856391728057,0.7992442751588584
57.34922267717634,1.0,5.080366993006994,62.42958967018333,True,10349,11362,1014,0.2720360335280517,0.23173607932875662,0.2720360335280517,1.3057846295444087,1.454621212121212,1.1768740225931704,0.2720360335280517,3087.25,2980.0,3280.675,1.1390407182432107,0.47905256776230887
57.34922267717634,2.0,10.160733986013987,67.50995666319034,True,10349,12377,2029,0.2720360335280517,0.2490775269984572,0.2884883713197617,1.2975,1.4449484536082475,1.1955576000722725,0.2884883713197617,2989.0,2778.0,3242.6,1.265189811022453,0.3734686956203454
57.8500443359375,0.25,1.2700917482517484,59.12013608418925,True,10449,10701,253,0.2666949311582465,0.20471879211626443,0.26994685155017384,1.3052,1.501290322580645,1.3679143806863474,0.26994685155017384,3203.5,3087.3,3350.1,1.3473452154234116,1.1177372018573228
57.8500443359375,0.5,2.540183496503497,60.39022783244099,True,10449,10955,507,0.2666949311582465,0.20946490943536356,0.2874679512516469,1.3068000000000002,1.467608695652174,1.3754254924077496,0.2874679512516469,3145.0,3016.0,3299.0,1.295159813978321,0.8046851141725351
57.8500443359375,1.0,5.080366993006994,62.93041132894449,True,10449,11462,1014,0.2666949311582465,0.22735467235105045,0.2666949311582465,1.3053358490566036,1.4515625,1.1686701589588546,0.2666949311582465,3067.0,2957.325,3257.175,1.2107829428341703,0.3530019730760847
57.8500443359375,2.0,10.160733986013987,68.01077832195148,True,10449,12477,2029,0.2666949311582465,0.2463352909248805,0.28746341713459933,1.293763440860215,1.4443333333333337,1.1945478787133732,0.28746341713459933,2965.0,2762.0,3219.0,1.248257555608591,0.4316943545791523
58.35086599469866,0.25,1.2700917482517484,59.62095774295041,True,10549,10801,253,0.25547889790597933,0.216717908496732,0.249503322346737,1.3068000000000002,1.4289795918367347,1.1250021565449675,0.249503322346737,3159.0,3059.6,3350.1,1.3471506381088547,0.8051559808461822
58.35086599469866,0.5,2.540183496503497,60.89104949120215,True,10549,11055,507,0.25547889790597933,0.20457610022532147,0.2686884057971014,1.3052,1.406818181818182,1.2527877212089924,0.2686884057971014,3097.0,2996.5,3293.8,1.4978171202395303,0.19792608963463337
58.35086599469866,1.0,5.080366993006994,63.431232987705656,True,10549,11562,1014,0.25547889790597933,0.22357294586126975,0.25547889790597933,1.2974294670846396,1.41755806732083,1.1493030565431757,0.25547889790597933,3043.75,2922.5,3238.675,1.2674068695296987,0.33796874125332693
58.35086599469866,2.0,10.160733986013987,68.51159998071265,True,10549,12577,2029,0.25547889790597933,0.24796711766494373,0.2863278182105008,1.2815217391304348,1.4227956989247312,1.1717522355733292,0.2863278182105008,2943.0,2758.0,3181.5,1.2506014419217453,0.4686079492290859
58.85168765345982,0.25,1.2700917482517484,60.12177940171157,True,10649,10901,253,0.25555318567503094,0.2111668981425079,0.2726933333333331,1.3096774193548388,1.3907317073170733,1.2467560397519792,0.2726933333333331,3098.0,2996.3,3195.7,1.221533354316789,0.5028485783905169
58.85168765345982,0.5,2.540183496503497,61.391871149963315,True,10649,11155,507,0.25555318567503094,0.21425599316185773,0.27383453517143863,1.3102083333333334,1.4135135135135135,1.2034653141151919,0.27383453517143863,3072.5,2991.65,3181.2,1.0405752452032413,0.38455084202747336
58.85168765345982,1.0,5.080366993006994,63.93205464646681,True,10649,11662,1014,0.25555318567503094,0.21963533680895064,0.25555318567503094,1.293592246745897,1.4196341463414635,1.1412724323640544,0.25555318567503094,3024.5,2903.0,3159.0,1.188852002417934,0.2779401795496039
58.85168765345982,2.0,10.160733986013987,69.01242163947381,True,10649,12677,2029,0.25555318567503094,0.25015805793448453,0.28661991440454027,1.2814583333333334,1.433953488372093,1.1604097657398513,0.28661991440454027,2924.0,2752.5,3128.8,1.3142570416340604,0.3380590925608934
59.35250931222098,0.25,1.2700917482517484,60.62260106047273,True,10749,11001,253,0.26106991781930766,0.20850960966911025,0.2916694904315513,1.302888888888889,1.3967500000000002,1.3996536676409435,0.2916694904315513,3072.5,2993.6,3161.3999999999996,1.4169117157882487,0.5137835634960433
59.35250931222098,0.5,2.540183496503497,61.892692808724476,True,10749,11255,507,0.26106991781930766,0.23302789620018527,0.2691566226783968,1.3047916666666666,1.413737373737374,1.1787463867565082,0.2691566226783968,3057.0,2985.0,3137.2,1.0909001772108748,0.37428362194503384
59.35250931222098,1.0,5.080366993006994,64.43287630522798,True,10749,11762,1014,0.26106991781930766,0.23934659793265134,0.26106991781930766,1.2830075187969925,1.4369730392156863,1.1211882084114428,0.26106991781930766,3009.0,2893.5,3117.0249999999996,1.3088158028859218,0.651615719314733
59.35250931222098,2.0,10.160733986013987,69.51324329823497,True,10749,12777,2029,0.26106991781930766,0.25315041730580123,0.2866574426707722,1.2767058823529411,1.43,1.1497223301955153,0.2866574426707722,2905.5,2738.2,3094.5,1.1030542205193177,0.613460653661882
59.85333097098214,0.25,1.2700917482517484,61.12342271923389,True,10849,11101,253,0.25953808063749606,0.2044635728289702,0.2725278873728241,1.312608695652174,1.4142553191489362,1.3249333442885383,0.2725278873728241,3059.5,2985.5,3121.2,1.5160073101314675,0.584598555394125
59.85333097098214,0.5,2.540183496503497,62.39351446748564,True,10849,11355,507,0.25953808063749606,0.2433858131773724,0.2510520833333334,1.2972727272727271,1.4608333333333334,1.1406222217185218,0.2510520833333334,3035.0,2966.8,3109.0,1.2713057547296165,0.5357843926823103
59.85333097098214,1.0,5.080366993006994,64.93369796398913,True,10849,11862,1014,0.25953808063749606,0.2382377737804391,0.25953808063749606,1.3000921985815603,1.4729568106312292,1.0825659807646553,0.25953808063749606,2990.5,2879.0,3096.0,1.1828913092824862,0.5246019929392948
59.85333097098214,2.0,10.160733986013987,70.01406495699612,True,10849,12877,2029,0.25953808063749606,0.25405304190723055,0.28549365267100313,1.271904761904762,1.4368627450980394,1.1389299911754416,0.28549365267100313,2889.0,2719.7,3078.5,1.264468068469268,0.4298794543578537
60.354152629743304,0.25,1.2700917482517484,61.624244377995055,True,10949,11201,253,0.24893799557440532,0.24469712150360767,0.23503208556149735,1.3117777777777777,1.4082222222222225,1.1883163554168032,0.24469712150360767,3051.0,2981.9,3112.2,1.41424712630722,0.6706423476619062
60.354152629743304,0.5,2.540183496503497,62.8943361262468,True,10949,11455,507,0.24893799557440532,0.2512462339341771,0.23504412259076646,1.2963414634146342,1.4411764705882353,1.1273873519571556,0.2512462339341771,3021.0,2943.5,3101.5,1.3046500945300248,0.5681943176625208
60.354152629743304,1.0,5.080366993006994,65.4345196227503,True,10949,11962,1014,0.24893799557440532,0.2468005162619673,0.24893799557440532,1.2866482558139536,1.468586956521739,1.0340282245562127,0.24893799557440532,2968.0,2859.325,3082.5249999999996,1.1550130415232387,0.7319852727135471
60.354152629743304,2.0,10.160733986013987,70.51488661575729,True,10949,12977,2029,0.24893799557440532,0.2553468342240839,0.2870222982216142,1.262916666666667,1.4516666666666669,1.1381148008827047,0.2870222982216142,2868.0,2708.2,3067.3,1.2498060670568616,0.44988503865464485
60.854974288504465,0.25,1.2700917482517484,62.125066036756216,True,11049,11301,253,0.25640415161096053,0.27262502929169596,0.2360337344028519,1.293421052631579,1.4823809523809524,1.194435045778813,0.27262502929169596,3030.0,2974.3,3096.8,1.240810006744172,0.45524972535547825
60.854974288504465,0.5,2.540183496503497,63.39515778500796,True,11049,11555,507,0.25640415161096053,0.24766088255715912,0.24394844320672904,1.2921739130434782,1.4370833333333335,1.103523977001202,0.24766088255715912,3001.5,2904.15,3083.5,1.2764504621394146,0.5139367349213557
60.854974288504465,1.0,5.080366993006994,65.93534128151146,True,11049,12062,1014,0.25640415161096053,0.25640415161096053,0.2546518781425614,1.2866482558139536,1.4652030651340997,1.0193328964440458,0.25640415161096053,2944.5,2819.975,3069.675,1.260164084128713,0.528645844635794
60.854974288504465,2.0,10.160733986013987,71.01570827451846,True,11049,13077,2029,0.25640415161096053,0.2566098311987015,0.28864886359607134,1.2646153846153847,1.4606,1.1382985853820684,0.28864886359607134,2847.0,2687.7,3047.8,1.2546718035802618,0.4750509103818776
61.35579594726563,0.25,1.2700917482517484,62.62588769551738,True,11149,11401,253,0.2530053922636174,0.25330212157935283,0.22524602245580494,1.2948,1.4584466019417477,1.1129752889432865,0.25330212157935283,3011.0,2939.2,3080.2,1.264866820326815,0.9442507466334502
61.35579594726563,0.5,2.540183496503497,63.89597944376912,True,11149,11655,507,0.2530053922636174,0.21828840141961792,0.23432559460687752,1.2723076923076924,1.4370833333333335,1.082450159808118,0.23432559460687752,2979.0,2890.25,3064.35,1.1402207058482494,0.6187149651686739
61.35579594726563,1.0,5.080366993006994,66.43616294027262,True,11149,12162,1014,0.2530053922636174,0.25053610705653395,0.2530053922636174,1.2830075187969925,1.4471578947368422,1.0453664747354152,0.2530053922636174,2925.5,2805.65,3045.7,1.2264931713510558,0.5907868689377358
61.35579594726563,2.0,10.160733986013987,71.51652993327961,True,11149,13177,2029,0.2530053922636174,0.2545166666666667,0.28818016294050774,1.2685365853658537,1.46183908045977,1.1313619702839868,0.28818016294050774,2825.5,2679.2,3024.0,1.3166256457221717,0.39892961447535824
61.85661760602679,0.25,1.2700917482517484,63.12670935427854,True,11249,11501,253,0.2603646006879483,0.22229545908313586,0.22692029200546016,1.306060606060606,1.4011764705882357,1.0739560986595342,0.22692029200546016,2984.5,2908.0,3051.9,1.1593165996377364,0.7895941647144257
61.85661760602679,0.5,2.540183496503497,64.39680110253029,True,11249,11755,507,0.2603646006879483,0.23491754361360362,0.25135584305408254,1.265,1.4525531914893617,1.0943224610685944,0.25135584305408254,2956.5,2877.15,3039.5,1.2560523900285427,0.8329738234075109
61.85661760602679,1.0,5.080366993006994,66.93698459903378,True,11249,12262,1014,0.2603646006879483,0.24512909256725945,0.2603646006879483,1.2903767795778105,1.4074711623779947,1.1651292584565172,0.2603646006879483,2906.5,2778.0,3024.175,1.249623380821387,1.0656180261583141
61.85661760602679,2.0,10.160733986013987,72.01735159204077,True,11249,13277,2029,0.2603646006879483,0.25193609706774533,0.2896329763184935,1.2695121951219512,1.4680000000000002,1.1549784173877677,0.2896329763184935,2806.5,2667.7,3004.5,1.0926470717805135,0.6269194414565127
62.35743926478795,0.25,1.2700917482517484,63.6275310130397,True,11349,11601,253,0.2991432831181252,0.20453675799148263,0.23246212121212118,1.2478947368421052,1.4107692307692308,1.2145148376627093,0.23246212121212118,2951.0,2872.5,3027.2999999999997,1.1111814181316528,1.0054282206028713
62.35743926478795,0.5,2.540183496503497,64.89762276129144,True,11349,11855,507,0.2991432831181252,0.2319075772231166,0.2502749050960952,1.3019999999999998,1.4879545454545453,1.0656496577350563,0.2502749050960952,2936.5,2866.8,3025.05,1.1227781676135364,0.8531947549282679
62.35743926478795,1.0,5.080366993006994,67.43780625779495,True,11349,12362,1014,0.2991432831181252,0.2550479166666666,0.2991432831181252,1.2750836120401337,1.4235114045618247,1.2297167395167858,0.2991432831181252,2889.5,2754.825,3005.175,1.4031739866765947,0.6585963046602213
62.35743926478795,2.0,10.160733986013987,72.51817325080194,True,11349,13377,2029,0.2991432831181252,0.2545354430379747,0.2894629014396456,1.285909090909091,1.4895238095238097,1.1213869551154678,0.2894629014396456,2791.5,2663.5,2978.5,1.332880147682113,0.6804864702172759
62.85826092354911,0.25,1.2700917482517484,64.12835267180085,True,11449,11701,253,0.3013604494705241,0.23792383853769983,0.24427634527825626,1.1963829787234044,1.4240816326530612,1.1799917385974525,0.24427634527825626,2931.5,2863.2,3012.3,1.5339673788659303,1.3108623339988046
62.85826092354911,0.5,2.540183496503497,65.39844442005261,True,11449,11955,507,0.3013604494705241,0.24370362318840577,0.2576373516103472,1.2806976744186047,1.4906666666666666,1.0886597825002438,0.2576373516103472,2916.0,2841.65,3002.55,1.1612039970658243,0.9319709966989262
62.85826092354911,1.0,5.080366993006994,67.9386279165561,True,11449,12462,1014,0.3013604494705241,0.2557579272794388,0.3013604494705241,1.272612403100775,1.435860077021823,1.2337065549460517,0.3013604494705241,2869.75,2748.5,2977.0,1.3162121697943017,0.633365558927117
62.85826092354911,2.0,10.160733986013987,73.0189949095631,True,11449,13477,2029,0.3013604494705241,0.2551012477396022,0.2901667645932461,1.2779746835443038,1.488372093023256,1.1093026377624566,0.2901667645932461,2777.0,2646.2,2956.8,1.2558562108900087,0.6121843335496484
63.359082582310265,0.25,1.2700917482517484,64.62917433056201,True,11549,11801,253,0.30217761324041803,0.264985347985348,0.25647963771701476,1.2706666666666666,1.523,1.1347800046587675,0.264985347985348,2931.5,2870.5,3011.8,1.3088810913634683,0.8752676389026802
63.359082582310265,0.5,2.540183496503497,65.89926607881377,True,11549,12055,507,0.30217761324041803,0.26003738038277513,0.27363689963496163,1.28375,1.4967676767676767,1.0793409878241926,0.27363689963496163,2901.5,2799.65,2990.55,1.240730730006863,0.6821289589557933
63.359082582310265,1.0,5.080366993006994,68.43944957531725,True,11549,12562,1014,0.30217761324041803,0.26029443521594675,0.30217761324041803,1.2530232558139534,1.4344157685762906,1.2199649196236606,0.30217761324041803,2848.0,2745.5,2965.85,1.098969338313026,0.8899127963957576
63.359082582310265,2.0,10.160733986013987,73.51981656832425,True,11549,13577,2029,0.30217761324041803,0.25495059838895284,0.29073951925267727,1.2823529411764707,1.510487804878049,1.1326243993136982,0.29073951925267727,2765.5,2636.2,2941.3,1.280420195416578,0.7441592423170922
63.859904241071426,0.25,1.2700917482517484,65.12999598932318,True,11649,11901,253,0.3021465434910374,0.27759036144578314,0.28264360676804445,1.3046000000000002,1.52725,1.1125648381536164,0.28264360676804445,2911.0,2842.5,2990.1,1.2376108200938682,1.0106163370730747
63.859904241071426,0.5,2.540183496503497,66.40008773757492,True,11649,12155,507,0.3021465434910374,0.26277290513104457,0.282956577266922,1.2982222222222222,1.4655172413793105,1.101546850411435,0.282956577266922,2883.5,2783.65,2966.85,1.1844926263044862,0.7451741716186279
63.859904241071426,1.0,5.080366993006994,68.94027123407842,True,11649,12662,1014,0.3021465434910374,0.26440902014652023,0.3021465434910374,1.2610438689217758,1.4435049833887041,1.1978888976367499,0.3021465434910374,2827.0,2738.325,2942.675,1.2289886891170183,0.5291728654631633
63.859904241071426,2.0,10.160733986013987,74.02063822708541,True,11649,13677,2029,0.3021465434910374,0.2557191309812372,0.290147349096581,1.287906976744186,1.5052272727272729,1.1226739953626004,0.290147349096581,2754.5,2622.7,2924.3,1.1932189563940785,0.5902819080690564
64.36072589983259,0.25,1.2700917482517484,65.63081764808433,True,11749,12001,253,0.300674342105263,0.25384959445625643,0.29459384849646475,1.3372727272727272,1.51825,1.1296432564471381,0.29459384849646475,2887.5,2786.8,2973.2,1.5248250182425802,0.7381192407675762
64.36072589983259,0.5,2.540183496503497,66.90090939633609,True,11749,12255,507,0.300674342105263,0.24698320814675712,0.272364789196311,1.317979797979798,1.3735135135135137,1.2474444876290065,0.272364789196311,2859.5,2758.0,2942.85,1.4461155743969787,1.3196818387889646
64.36072589983259,1.0,5.080366993006994,69.44109289283958,True,11749,12762,1014,0.300674342105263,0.2612347222222222,0.300674342105263,1.2805855263157895,1.419467787114846,1.2042889374826056,0.300674342105263,2806.75,2727.5,2921.35,1.2343654666551376,0.99496641667411
64.36072589983259,2.0,10.160733986013987,74.52145988584658,True,11749,13776,2028,0.300674342105263,0.25280474472166303,0.291854569632495,1.2941269401330378,1.502476873265495,1.1421311369936535,0.291854569632495,2741.0,2604.85,2903.0,1.0435659545203118,0.5929523360101364
64.86154755859374,0.25,1.2700917482517484,66.13163930684549,True,11849,12101,253,0.30024925662821955,0.25959183673469377,0.2735061094819159,1.2166666666666668,1.3886363636363637,1.1488032872272431,0.2735061094819159,2859.5,2770.4,2920.7,1.3537173137465912,1.00849074483611
64.86154755859374,0.5,2.540183496503497,67.40173105509724,True,11849,12355,507,0.30024925662821955,0.2597678571428571,0.31855878057685305,1.24046511627907,1.3762222222222225,1.3547317862460688,0.31855878057685305,2829.5,2742.65,2909.7,1.4550407731263395,1.2406005022491093
64.86154755859374,1.0,5.080366993006994,69.94191455160073,True,11849,12862,1014,0.30024925662821955,0.26261956906385564,0.30024925662821955,1.2443299534118937,1.4063808139534884,1.194814744991111,0.30024925662821955,2791.5,2699.5,2898.5,1.2285889951391706,0.34727750654143236
64.86154755859374,2.0,10.160733986013987,75.02228154460772,True,11849,13876,2028,0.30024925662821955,0.25238132319289275,0.2924203008789722,1.2807596153846155,1.4905090311986866,1.1455374625052233,0.2924203008789722,2729.0,2592.675,2880.0,1.3301834647663966,0.6657181912745044
65.36236921735491,0.25,1.2700917482517484,66.63246096560665,True,11949,12201,253,0.2981982355005782,0.24478315842078968,0.27056015037593983,1.33,1.3537777777777775,1.1263561404687146,0.27056015037593983,2845.5,2765.8,2914.2,1.4336423184623557,1.0298906532157899
65.36236921735491,0.5,2.540183496503497,67.90255271385841,True,11949,12455,507,0.2981982355005782,0.25770919158361016,0.31362000982654015,1.253404255319149,1.377948717948718,1.3608374849159206,0.31362000982654015,2815.5,2737.8,2899.2,1.4015397426820426,1.0535564544463727
65.36236921735491,1.0,5.080366993006994,70.4427362103619,True,11949,12962,1014,0.2981982355005782,0.25941103537378596,0.2981982355005782,1.237804551539491,1.4166666666666665,1.2186638801193008,0.2981982355005782,2777.5,2682.325,2886.175,1.1980294180564501,0.6091816151162066
65.36236921735491,2.0,10.160733986013987,75.52310320336889,True,11949,13976,2028,0.2981982355005782,0.2515934201445643,0.2909261642522245,1.2786749736749738,1.5017781155015195,1.1453318367369738,0.2909261642522245,2718.5,2584.175,2860.0,1.2558562108900087,0.6311741309448643
65.86319087611608,0.25,1.2700917482517484,67.13328262436782,True,12049,12301,253,0.29861280487804875,0.26458961038961043,0.2312030814050854,1.2130769230769232,1.2634146341463417,1.1184888872879122,0.26458961038961043,2817.0,2754.5,2890.0,2.4419501010712863,1.2070936917535213
65.86319087611608,0.5,2.540183496503497,68.40337437261958,True,12049,12555,507,0.29861280487804875,0.2601382113821138,0.31044843965437996,1.233409090909091,1.3711363636363638,1.3757087325063544,0.31044843965437996,2797.0,2735.0,2879.7,1.2585749938143578,1.659535055125047
65.86319087611608,1.0,5.080366993006994,70.94355786912307,True,12049,13062,1014,0.29861280487804875,0.25707304915514584,0.29861280487804875,1.2376068376068377,1.4516666666666667,1.2501869577853688,0.29861280487804875,2766.0,2670.825,2861.5,1.1030173137466877,0.9689056875576086
65.86319087611608,2.0,10.160733986013987,76.02392486213006,True,12049,14076,2028,0.29861280487804875,0.2500705115830115,0.28936661255411256,1.282346683354193,1.5049392177589853,1.1376798602994045,0.28936661255411256,2705.5,2573.0,2842.325,1.280420195416578,0.7666804009030994
66.36401253487723,0.25,1.2700917482517484,67.63410428312898,True,12149,12401,253,0.29640055352181016,0.26364578114467097,0.32605192504801406,1.246388888888889,1.3504444444444446,1.6465346138518222,0.32605192504801406,2795.0,2731.4,2871.9,1.7458785537315555,1.7125647684027645
66.36401253487723,0.5,2.540183496503497,68.90419603138074,True,12149,12655,507,0.29640055352181016,0.26417818965517237,0.30835713530655395,1.2378313253012048,1.4051063829787234,1.3451472877528696,0.30835713530655395,2783.0,2730.5,2858.35,1.1439070649621708,1.5615726596219448
66.36401253487723,1.0,5.080366993006994,71.44437952788422,True,12149,13162,1014,0.29640055352181016,0.2570269157088123,0.29640055352181016,1.2481801801801802,1.4796512539184952,1.2157834190039807,0.29640055352181016,2755.0,2667.15,2843.35,1.350658148250596,0.6639946618431156
66.36401253487723,2.0,10.160733986013987,76.52474652089123,True,12149,14176,2028,0.29640055352181016,0.2517300724637682,0.2881694444444445,1.2818931043322228,1.5175,1.1237179118623046,0.2881694444444445,2690.5,2564.675,2823.325,1.2152710907405733,0.6147147442512441
66.86483419363839,0.25,1.2700917482517484,68.13492594189013,True,12249,12501,253,0.2784027173913044,0.269128502314684,0.2935980992319803,1.2329545454545454,1.560731707317073,1.2486228555403052,0.2935980992319803,2790.0,2729.3,2856.0,1.774651593057748,1.4807922888753255
66.86483419363839,0.5,2.540183496503497,69.40501769014189,True,12249,12755,507,0.2784027173913044,0.2659212476547842,0.28509833732392553,1.2355,1.502127659574468,1.1572880589799064,0.28509833732392553,2775.0,2719.65,2847.35,1.3187927614658594,1.020415330957699
66.86483419363839,1.0,5.080366993006994,71.94520118664538,True,12249,13262,1014,0.2784027173913044,0.2585861111111112,0.2784027173913044,1.2365686274509804,1.5202475171886936,1.1041740125497894,0.2784027173913044,2742.0,2652.5,2830.675,1.254139708769556,0.5148415319161943
66.86483419363839,2.0,10.160733986013987,77.02556817965237,True,12249,14276,2028,0.2784027173913044,0.2563359322557852,0.2767166666666667,1.2813253012048194,1.5285892803372478,1.0529189135386814,0.2767166666666667,2678.5,2555.675,2815.325,1.0549910595347078,0.4156311929870563
67.36565585239956,0.25,1.2700917482517484,68.6357476006513,True,12349,12601,253,0.26652780666757603,0.2488084911072863,0.2739510419796247,1.2437142857142858,1.4836170212765958,1.1178426897129594,0.2739510419796247,2784.5,2734.8,2854.4,1.0894940899486023,1.1332067449920749
67.36565585239956,0.5,2.540183496503497,69.90583934890306,True,12349,12855,507,0.26652780666757603,0.2627773156953148,0.2679318946070077,1.2575903614457833,1.4718072289156627,1.0462015741544484,0.2679318946070077,2768.0,2687.65,2846.0,1.0840993057253654,0.8004893588400034
67.36565585239956,1.0,5.080366993006994,72.44602284540655,True,12349,13362,1014,0.26652780666757603,0.24536128048780492,0.26652780666757603,1.3079547872340425,1.5264351523742028,1.0017502038833581,0.26652780666757603,2730.0,2650.0,2828.5,1.2167716250516831,0.6624589606993174
67.36565585239956,2.0,10.160733986013987,77.52638983841354,True,12349,14376,2028,0.26652780666757603,0.25161624093605783,0.2706739973036738,1.3001219512195124,1.52,1.0281462808514148,0.2706739973036738,2666.5,2541.175,2805.0,1.177859425950924,0.37579772102949077
67.86647751116072,0.25,1.2700917482517484,69.13656925941247,True,12449,12701,253,0.26610020885547214,0.2623938857609206,0.2685291341535532,1.2575903614457833,1.427912087912088,1.034441100284989,0.2685291341535532,2773.0,2727.3,2836.9,1.3147975149856208,0.752715154437857
67.86647751116072,0.5,2.540183496503497,70.40666100766423,True,12449,12955,507,0.26610020885547214,0.2605655055692657,0.2712701078836721,1.2211904761904762,1.466388888888889,1.1158905141878324,0.2712701078836721,2752.5,2667.5,2825.85,1.0602264578767193,0.5935922001707333
67.86647751116072,1.0,5.080366993006994,72.94684450416771,True,12449,13462,1014,0.26610020885547214,0.25130085804427915,0.26610020885547214,1.2855385556915544,1.5177500000000002,1.0451906143979175,0.26610020885547214,2719.5,2635.5,2806.5,1.142094521939351,0.7150698108260366
67.86647751116072,2.0,10.160733986013987,78.0272114971747,True,12449,14476,2028,0.26610020885547214,0.25275522827267016,0.2716182388756918,1.3006520657043306,1.5172446236559138,1.020884532346122,0.2716182388756918,2653.0,2527.675,2787.825,1.1526715705906354,0.5199627046928224
68.36729916992188,0.25,1.2700917482517484,69.63739091817362,True,12549,12801,253,0.264778429628616,0.2623938857609206,0.25969519583843326,1.272142857142857,1.5197619047619049,1.1677258638621906,0.2623938857609206,2765.5,2693.3,2827.1,1.1891522425898264,0.7221536326685188
68.36729916992188,0.5,2.540183496503497,70.90748266642538,True,12549,13055,507,0.264778429628616,0.250534430641822,0.2752986436269046,1.244390243902439,1.5204166666666663,1.1824692958658962,0.2752986436269046,2735.0,2654.0,2817.1,1.083170548613903,0.6052452616981076
68.36729916992188,1.0,5.080366993006994,73.44766616292887,True,12549,13562,1014,0.264778429628616,0.24593048430053255,0.264778429628616,1.310153942428035,1.5390000000000001,1.0096572125679588,0.264778429628616,2706.0,2624.0,2797.0249999999996,1.2426819836696452,0.6156343421023026
68.36729916992188,2.0,10.160733986013987,78.52803315593587,True,12549,14576,2028,0.264778429628616,0.25460696729060317,0.2713018276926955,1.3073663725998963,1.5226936813186813,1.0135518559747823,0.2713018276926955,2642.5,2518.675,2777.825,1.1403884847812957,0.44560775419993726
68.86812082868303,0.25,1.2700917482517484,70.13821257693478,True,12649,12901,253,0.2659663106909431,0.25741775934032374,0.266022298799547,1.250697674418605,1.4533333333333334,1.1557487760332223,0.266022298799547,2732.5,2650.8,2798.5,1.1355693841916195,0.5789685828666841
68.86812082868303,0.5,2.540183496503497,71.40830432518653,True,12649,13155,507,0.2659663106909431,0.24239151701956563,0.2707261532762063,1.2556626506024098,1.5202597402597402,1.1284935035458745,0.2707261532762063,2719.5,2652.15,2791.35,1.2025557536277107,0.5545645404250049
68.86812082868303,1.0,5.080366993006994,73.94848782169002,True,12649,13662,1014,0.2659663106909431,0.24430835292580977,0.2659663106909431,1.3045138888888888,1.5324127906976743,1.0457475757488535,0.2659663106909431,2691.25,2603.975,2775.35,1.1191780457618714,0.8539828539638293
68.86812082868303,2.0,10.160733986013987,79.02885481469701,True,12649,14676,2028,0.2659663106909431,0.25390375863924575,0.27113263070364646,1.3085070224719102,1.5196397058823528,1.0241840441799686,0.27113263070364646,2630.5,2499.0,2758.325,1.1049341620590951,0.34212067710542055
69.3689424874442,0.25,1.2700917482517484,70.63903423569595,True,12749,13001,253,0.27105514520202023,0.25560121024486315,0.27755112819606464,1.18125,1.5248101265822789,1.2456215497071532,0.27755112819606464,2715.0,2649.4,2778.2,1.1852024281967302,0.75113075879649
69.3689424874442,0.5,2.540183496503497,71.9091259839477,True,12749,13255,507,0.27105514520202023,0.24194454922484454,0.2686012798248263,1.2374358974358974,1.5237777777777777,1.1165828968364158,0.2686012798248263,2705.0,2637.65,2772.2,1.2210414974106671,0.8001452297615357
69.3689424874442,1.0,5.080366993006994,74.44930948045119,True,12749,13762,1014,0.27105514520202023,0.24479470693779892,0.27105514520202023,1.2999999999999998,1.5324127906976743,1.0636843630501738,0.27105514520202023,2678.5,2592.5,2760.675,1.2640634018101244,0.6822449050620735
69.3689424874442,2.0,10.160733986013987,79.52967647345818,True,12749,14776,2028,0.27105514520202023,0.254246526656434,0.27062356224454853,1.3030078849721707,1.5207294429708222,1.0244324098515647,0.27062356224454853,2617.75,2482.0,2741.0,1.0502654296693914,0.39882732546693084
69.86976414620536,0.25,1.2700917482517484,71.1398558944571,True,12849,13101,253,0.26701820324283565,0.22654191652317635,0.26397874587673253,1.222077922077922,1.5380487804878047,1.1980347998253997,0.26397874587673253,2705.5,2639.1,2766.1,1.2676705417030971,1.145310197294103
69.86976414620536,0.5,2.540183496503497,72.40994764270886,True,12849,13355,507,0.26701820324283565,0.2388708640458641,0.242629751514427,1.3271428571428572,1.5420454545454547,1.0490201352177506,0.242629751514427,2698.0,2636.65,2762.35,1.2565592094685492,1.058723935138414
69.86976414620536,1.0,5.080366993006994,74.95013113921235,True,12849,13862,1014,0.26701820324283565,0.24094693736141903,0.26701820324283565,1.3068881578947367,1.5338735234802652,1.088319911776409,0.26701820324283565,2667.5,2573.5,2751.675,1.2348335177545886,0.6387490364614994
69.86976414620536,2.0,10.160733986013987,80.03049813221935,True,12849,14876,2028,0.26701820324283565,0.25163495202519603,0.26947970779220787,1.3078750000000001,1.5207294429708222,1.0410928896065388,0.26947970779220787,2604.5,2460.0,2733.1499999999996,1.1758822100671116,0.18405601360621363
70.37058580496651,0.25,1.2700917482517484,71.64067755321825,True,12949,13201,253,0.26792498432512535,0.23819848626619267,0.23852289707419005,1.286888888888889,1.5434567901234568,1.1002912584269113,0.23852289707419005,2704.5,2633.6,2766.5,1.1326616495483097,0.5472113769524768
70.37058580496651,0.5,2.540183496503497,72.91076930147001,True,12949,13455,507,0.26792498432512535,0.24839552965394462,0.24046875884374352,1.3428915662650602,1.5380487804878047,1.1634280777507064,0.24839552965394462,2693.5,2626.75,2762.85,1.2110807001628041,0.9118278499660032
70.37058580496651,1.0,5.080366993006994,75.4509527979735,True,12949,13962,1014,0.26792498432512535,0.2426323540280857,0.26792498432512535,1.3093809938971228,1.539749373433584,1.0685641179433798,0.26792498432512535,2654.0,2565.825,2742.85,1.2073021301538376,0.5421772758629751
70.37058580496651,2.0,10.160733986013987,80.53131979098049,True,12949,14976,2028,0.26792498432512535,0.25343917588997,0.26800497198879536,1.3138296760710553,1.5198749999999999,1.0466155205311902,0.26800497198879536,2594.5,2441.0,2727.5,1.15646078411884,0.30431911946581824
70.87140746372768,0.25,1.2700917482517484,72.14149921197942,True,13049,13301,253,0.2625643955785233,0.22363947368421055,0.2305710887081377,1.3355555555555554,1.5526190476190476,1.0103368655941367,0.2305710887081377,2693.5,2636.3,2755.9,1.112828247097309,1.0669039342401334
70.87140746372768,0.5,2.540183496503497,73.41159096023118,True,13049,13555,507,0.2625643955785233,0.24260762677654768,0.23785359477124168,1.3593333333333335,1.558,1.132565790031269,0.24260762677654768,2678.5,2616.15,2747.35,1.1454124470261677,1.15315405517346
70.87140746372768,1.0,5.080366993006994,75.95177445673467,True,13049,14062,1014,0.2625643955785233,0.24144124168514414,0.2625643955785233,1.3190361445783134,1.538800561797753,1.0885176089426347,0.2625643955785233,2642.75,2559.825,2734.175,1.205778793663618,0.7551066404813278
70.87140746372768,2.0,10.160733986013987,81.03214144974166,True,13049,15076,2028,0.2625643955785233,0.25268297926529626,0.2658430053266049,1.3240993788819877,1.5088730025231287,1.0558184446189465,0.2658430053266049,2583.5,2413.675,2717.825,1.1489453497702136,0.44007960546180014
71.37222912248885,0.25,1.2700917482517484,72.64232087074059,True,13149,13401,253,0.2656037129222053,0.21729376693766933,0.23737239589678616,1.4486956521739132,1.5445238095238096,1.0554479951986957,0.23737239589678616,2690.5,2627.3,2750.8999999999996,1.4566406599940154,1.363117302250047
71.37222912248885,0.5,2.540183496503497,73.91241261899235,True,13149,13655,507,0.2656037129222053,0.24319325359599753,0.25373526751026754,1.3449019607843138,1.5447727272727272,1.1570892848895817,0.25373526751026754,2661.0,2592.5,2735.7,1.238281679221309,1.440455793913019
71.37222912248885,1.0,5.080366993006994,76.45259611549584,True,13149,14162,1014,0.2656037129222053,0.2448760096610706,0.2656037129222053,1.3155073529411765,1.5373308823529412,1.075254313968536,0.2656037129222053,2630.5,2550.325,2721.175,1.2241630592742825,0.9676633458952336
71.37222912248885,2.0,10.160733986013987,81.53296310850283,True,13149,15176,2028,0.2656037129222053,0.2545568771269553,0.26694707207207213,1.324576074332172,1.51325,1.0569297231533694,0.26694707207207213,2570.0,2393.675,2704.325,1.1142666413192728,0.301766020006294
71.87305078125,0.25,1.2700917482517484,73.14314252950174,True,13249,13501,253,0.2772220238095239,0.254899938570746,0.23444713521772353,1.3490909090909091,1.5561904761904763,1.2284193794987917,0.254899938570746,2668.0,2608.4,2739.5,1.8776233324457183,1.7029299206618813
71.87305078125,0.5,2.540183496503497,74.4132342777535,True,13249,13755,507,0.2772220238095239,0.24491050976889994,0.2746899350649351,1.3440425531914897,1.5445238095238096,1.1762087176474556,0.2746899350649351,2649.5,2584.0,2729.35,1.3979487160018627,1.2650121213999397
71.87305078125,1.0,5.080366993006994,76.95341777425699,True,13249,14262,1014,0.2772220238095239,0.25519767441860475,0.2772220238095239,1.3206639601885803,1.5393095238095236,1.0829577110593733,0.2772220238095239,2619.0,2543.0,2715.175,1.1531460612318614,0.37059391342892967
71.87305078125,2.0,10.160733986013987,82.033784767264,True,13249,15276,2028,0.2772220238095239,0.25436600459810244,0.27108257614680675,1.323735465116279,1.5108689024390245,1.077604579359752,0.27108257614680675,2559.5,2364.175,2693.6499999999996,1.0502654296693914,0.30105492845682263
72.37387244001116,0.25,1.2700917482517484,73.6439641882629,True,13349,13601,253,0.27801286672563763,0.24927601036879932,0.2790039072039072,1.323720930232558,1.5632558139534884,1.2263630119503897,0.2790039072039072,2649.5,2598.2,2738.1,1.8658498362758924,1.4547605815115157
72.37387244001116,0.5,2.540183496503497,74.91405593651466,True,13349,13855,507,0.27801286672563763,0.24355623056739684,0.2851805416544009,1.3017283950617284,1.5195294117647058,1.1912597959516986,0.2851805416544009,2634.0,2562.0,2725.7,1.1584837324880335,0.912683538432957
72.37387244001116,1.0,5.080366993006994,77.45423943301815,True,13349,14362,1014,0.27801286672563763,0.25563612865130625,0.27801286672563763,1.3045138888888888,1.513840189873418,1.065026826636618,0.27801286672563763,2604.75,2527.825,2695.0249999999996,1.03346463632608,0.4839353751030038
72.37387244001116,2.0,10.160733986013987,82.53460642602514,True,13349,15376,2028,0.27801286672563763,0.2523356582125603,0.2713761758726998,1.3097222222222222,1.4996111111111112,1.0691315684962333,0.2713761758726998,2546.0,2339.675,2672.825,1.0877114126208838,0.14543750311018494
72.87469409877232,0.25,1.2700917482517484,74.14478584702407,True,13449,13701,253,0.2799069866409629,0.23479064314064302,0.276739752311181,1.2856410256410258,1.5633333333333337,1.255271594277478,0.276739752311181,2635.0,2577.0,2694.2,1.7283559174681224,1.451684552661955
72.87469409877232,0.5,2.540183496503497,75.41487759527583,True,13449,13955,507,0.2799069866409629,0.2340207364341086,0.28725968899521537,1.2786486486486488,1.545,1.228579897987453,0.28725968899521537,2618.5,2558.65,2684.85,1.3272455436964625,1.1283803596346416
72.87469409877232,1.0,5.080366993006994,77.95506109177931,True,13449,14462,1014,0.2799069866409629,0.25185682589299874,0.2799069866409629,1.3048498062015506,1.5262717770034844,1.0591821386734226,0.2799069866409629,2595.0,2517.0,2675.0,1.0824507384469422,0.4408138828866174
72.87469409877232,2.0,10.160733986013987,83.0354280847863,True,13449,15476,2028,0.2799069866409629,0.25000841772202265,0.27531347045574983,1.3085537974683543,1.517724358974359,1.0812657955156522,0.27531347045574983,2530.5,2317.5,2659.0,1.1268774255112968,0.2751619910232868
73.37551575753349,0.25,1.2700917482517484,74.64560750578524,True,13549,13801,253,0.2745087398373983,0.2337960511033682,0.2710329879976938,1.29,1.4028571428571428,1.087332277349542,0.2710329879976938,2617.0,2561.3,2686.2,1.2094753150611957,0.6826792355939869
73.37551575753349,0.5,2.540183496503497,75.915699254037,True,13549,14055,507,0.2745087398373983,0.23973147403392203,0.278742904603702,1.2687179487179487,1.4779545454545453,1.1045004438112145,0.278742904603702,2603.0,2547.0,2675.35,1.2201778083794232,0.6600510354710021
73.37551575753349,1.0,5.080366993006994,78.45588275054048,True,13549,14562,1014,0.2745087398373983,0.2604138435904708,0.2745087398373983,1.304347222222222,1.478501082251082,1.0202884408146609,0.2745087398373983,2584.5,2503.0,2663.5,1.0412347045034422,0.49533700776305833
73.37551575753349,2.0,10.160733986013987,83.53624974354747,True,13549,15576,2028,0.2745087398373983,0.2502239690340864,0.27270960258507115,1.3080449438202248,1.4892303030303031,1.0517718636310645,0.27270960258507115,2515.75,2292.85,2648.325,1.1328720956455516,0.24328896106684605
73.87633741629465,0.25,1.2700917482517484,75.14642916454639,True,13649,13901,253,0.2746609043395627,0.23485492485043036,0.2886949716949716,1.291282051282051,1.5046511627906978,1.1331647190537197,0.2886949716949716,2607.0,2553.4,2676.7,1.2667850967802017,0.5975067673975907
73.87633741629465,0.5,2.540183496503497,76.41652091279815,True,13649,14155,507,0.2746609043395627,0.24920256577516853,0.2766405996088023,1.2834883720930232,1.5277500000000002,1.076235560701543,0.2766405996088023,2599.0,2539.15,2665.95,1.0705181426970305,0.3963370552892665
73.87633741629465,1.0,5.080366993006994,78.95670440930164,True,13649,14662,1014,0.2746609043395627,0.26083140369023394,0.2746609043395627,1.3096590909090908,1.4879810298102982,1.006513611946762,0.2746609043395627,2571.5,2471.825,2654.0,1.078489343608865,0.43299549854566993
73.87633741629465,2.0,10.160733986013987,84.03707140230864,True,13649,15676,2028,0.2746609043395627,0.2515853145969299,0.2707123555792035,1.2933076923076925,1.5159994462901443,1.0249487815153338,0.2707123555792035,2494.25,2237.675,2637.5,1.1142666413192728,0.5632940696143892
74.3771590750558,0.25,1.2700917482517484,75.64725082330754,True,13749,14001,253,0.26748773752127053,0.23528583489681054,0.27582137587687394,1.2595454545454543,1.535909090909091,1.1914881001684279,0.27582137587687394,2597.5,2542.9,2651.7,1.3912973683845198,0.5940556284949382
74.3771590750558,0.5,2.540183496503497,76.9173425715593,True,13749,14255,507,0.26748773752127053,0.2618792107117688,0.2756280275099263,1.2897435897435898,1.5294594594594595,1.0427810288682464,0.2756280275099263,2590.5,2526.25,2654.35,1.124300655383811,0.46942543632460765
74.3771590750558,1.0,5.080366993006994,79.45752606806279,True,13749,14762,1014,0.26748773752127053,0.26153009287224394,0.26748773752127053,1.3101219512195121,1.4976767676767677,1.020882817151138,0.26748773752127053,2561.0,2462.825,2645.675,1.0632793268268106,0.3736693350334929
74.3771590750558,2.0,10.160733986013987,84.53789306106978,True,13749,15776,2028,0.26748773752127053,0.25023226245372976,0.26738897586611,1.2718633362044214,1.5292966211825862,1.0454449901342244,0.26738897586611,2471.0,2195.0,2628.0,1.0954601883446005,0.6890065477037501
74.87798073381697,0.25,1.2700917482517484,76.14807248206871,True,13849,14101,253,0.26677784090909096,0.2549765151515152,0.2697616573318038,1.2676923076923077,1.546944444444445,1.129710319436862,0.2697616573318038,2595.0,2537.7,2651.5,1.3093593654876152,0.8827789141651892
74.87798073381697,0.5,2.540183496503497,77.41816423032047,True,13849,14355,507,0.26677784090909096,0.26415248414376324,0.2743888359125508,1.30425,1.501842105263158,1.065103635087757,0.2743888359125508,2581.0,2516.25,2651.35,1.1212692731361178,0.8306613835108505
74.87798073381697,1.0,5.080366993006994,79.95834772682396,True,13849,14862,1014,0.26677784090909096,0.26293623859072646,0.26677784090909096,1.3051515151515152,1.4961229674796748,1.0249303125207236,0.26677784090909096,2547.0,2441.325,2635.675,1.085000707339254,0.3982996112099584
74.87798073381697,2.0,10.160733986013987,85.03871471983095,True,13849,15876,2028,0.26677784090909096,0.24952812168610816,0.266862238541116,1.27915544332211,1.5384807692307692,1.0382509526345471,0.266862238541116,2453.5,2190.675,2619.325,1.18357038409817,0.617113038454253
75.37880239257812,0.25,1.2700917482517484,76.64889414082987,True,13949,14201,253,0.2623373093151574,0.26711176470588227,0.26195687674694645,1.29609756097561,1.5283720930232558,1.1150517626219503,0.26711176470588227,2585.0,2521.8,2651.9,1.2158735474011695,0.8868865757999297
75.37880239257812,0.5,2.540183496503497,77.91898588908163,True,13949,14455,507,0.2623373093151574,0.2657591699754206,0.2667233686123859,1.3265,1.4997222222222224,1.0931765129981268,0.2667233686123859,2569.5,2504.15,2646.7,1.096006982372527,0.7180913760703701
75.37880239257812,1.0,5.080366993006994,80.45916938558511,True,13949,14962,1014,0.2623373093151574,0.2623373093151574,0.25984429150970734,1.3166096866096866,1.4851507321274764,1.0630555730349702,0.2623373093151574,2531.75,2415.325,2628.175,1.203878670433471,0.29602456385075343
75.37880239257812,2.0,10.160733986013987,85.53953637859212,True,13949,15976,2028,0.2623373093151574,0.24883415889665883,0.26304950570940033,1.27915544332211,1.5361114911080713,1.025605279182111,0.26304950570940033,2435.5,2190.675,2609.325,1.234097389368349,0.6193726823791953
75.87962405133928,0.25,1.2700917482517484,77.14971579959102,True,14049,14301,253,0.26282639380971473,0.27429264743464454,0.2651108739291139,1.3353846153846154,1.5160465116279072,1.2034670012518534,0.27429264743464454,2574.0,2521.3,2655.0,1.095568353827921,0.7350964785359131
75.87962405133928,0.5,2.540183496503497,78.41980754784278,True,14049,14555,507,0.26282639380971473,0.2722036628654826,0.2665586837765409,1.3353846153846154,1.4843589743589742,1.119972747818961,0.2722036628654826,2559.0,2490.8,2641.05,1.1149060993311315,0.502539326825686
75.87962405133928,1.0,5.080366993006994,80.95999104434627,True,14049,15062,1014,0.26282639380971473,0.26282639380971473,0.2584194643711143,1.3262170329670329,1.4844147812971342,1.0805180213208934,0.26282639380971473,2517.5,2396.0,2621.0,1.1176801511980408,0.2295342595652393
75.87962405133928,2.0,10.160733986013987,86.04035803735326,True,14049,16076,2028,0.26282639380971473,0.24802862315189256,0.2625633950617283,1.2837582417582418,1.5358313253012048,1.0180208625874405,0.2625633950617283,2411.25,2186.35,2596.5,1.2462378034975148,0.6508536619857683
76.38044571010045,0.25,1.2700917482517484,77.65053745835219,True,14149,14401,253,0.26068137474659236,0.26975033135205295,0.2518822883857591,1.332325581395349,1.4658823529411766,1.224696299410012,0.26975033135205295,2556.5,2498.8,2642.2,1.2654605552830374,0.9435796863395473
76.38044571010045,0.5,2.540183496503497,78.92062920660395,True,14149,14655,507,0.26068137474659236,0.2702408296997799,0.2698193372440053,1.3295454545454548,1.4741463414634146,1.0919923522139188,0.2702408296997799,2543.0,2460.0,2625.5499999999997,1.1049302180720477,0.5468420234315345
76.38044571010045,1.0,5.080366993006994,81.46081270310744,True,14149,15162,1014,0.26068137474659236,0.26019116379815,0.26068137474659236,1.3277622377622378,1.4844147812971342,1.0526147788483582,0.26068137474659236,2496.25,2358.475,2601.0,1.183332563933145,0.15268377359568538
76.38044571010045,2.0,10.160733986013987,86.54117969611443,True,14149,16176,2028,0.26068137474659236,0.24542008501239676,0.26080848690020586,1.279650776053215,1.5352440476190476,1.0140183719509146,0.26080848690020586,2384.75,2161.175,2576.0,1.2456590949531992,0.5461774820643447
76.88126736886161,0.25,1.2700917482517484,78.15135911711336,True,14249,14501,253,0.26316696079404267,0.25666004117833385,0.26595966057646925,1.3295454545454548,1.456341463414634,1.1183143072412476,0.26595966057646925,2545.0,2477.5,2627.5,1.1336309413315202,0.6030300340844151
76.88126736886161,0.5,2.540183496503497,79.42145086536512,True,14249,14755,507,0.26316696079404267,0.25931202319008995,0.26100162492326495,1.3288372093023255,1.4790476190476187,1.0597034530576486,0.26100162492326495,2526.5,2448.8,2607.55,1.1005630844055223,0.38709840803744827
76.88126736886161,1.0,5.080366993006994,81.9616343618686,True,14249,15262,1014,0.26316696079404267,0.2504510291626696,0.26316696079404267,1.3273244641537325,1.480467852257182,1.0786195329108463,0.26316696079404267,2473.0,2322.65,2585.35,1.0878363165036709,0.1992690665537629
76.88126736886161,2.0,10.160733986013987,87.0420013548756,True,14249,16276,2028,0.26316696079404267,0.24151170598911076,0.2576469241375495,1.2768301282051282,1.5371951219512194,1.0185017765442457,0.2576469241375495,2355.25,2159.85,2566.5,1.151855360507391,0.7100565330837734
77.38208902762277,0.25,1.2700917482517484,78.65218077587451,True,14349,14601,253,0.26611535087719296,0.263749113248254,0.2689436067997043,1.3212903225806452,1.4851162790697674,1.0229981142257287,0.2689436067997043,2530.5,2465.8,2590.0,1.2565123466440975,0.34349979238251027
77.38208902762277,0.5,2.540183496503497,79.92227252412627,True,14349,14855,507,0.26611535087719296,0.2578871410863196,0.26218401162790694,1.3002439024390244,1.4843589743589742,1.0278747111262936,0.26218401162790694,2508.5,2426.15,2577.5,1.1353187491449301,0.21978905454800052
77.38208902762277,1.0,5.080366993006994,82.46245602062976,True,14349,15362,1014,0.26611535087719296,0.24803481861079302,0.26611535087719296,1.3164615384615383,1.4851507321274764,1.0793980373656649,0.26611535087719296,2455.0,2315.5,2568.35,1.1636630555960097,0.3654234069731632
77.38208902762277,2.0,10.160733986013987,87.54282301363676,True,14349,16376,2028,0.26611535087719296,0.2385662728410911,0.25585014393072636,1.2669017094017094,1.5391176470588237,1.0304339530871134,0.25585014393072636,2336.0,2153.7,2549.5,1.1908785055964006,0.6642064747207874
77.88291068638392,0.25,1.2700917482517484,79.15300243463567,True,14449,14701,253,0.27183466486940855,0.2661067504900051,0.26187203829198624,1.323846153846154,1.466206896551724,1.0565876385777777,0.2661067504900051,2512.5,2441.3,2576.1,1.234784113011953,0.7760878240098358
77.88291068638392,0.5,2.540183496503497,80.42309418288743,True,14449,14955,507,0.27183466486940855,0.25744437110834373,0.2547140838064348,1.3077500000000002,1.4804705882352942,1.0398017059790268,0.25744437110834373,2485.5,2399.8,2569.5,1.2503543404953732,0.3289531718777324
77.88291068638392,1.0,5.080366993006994,82.96327767939091,True,14449,15462,1014,0.27183466486940855,0.2476093101343101,0.27183466486940855,1.3093813131313132,1.49925,1.0798218080945519,0.27183466486940855,2437.5,2294.15,2552.175,1.240536519184667,0.4595245424240921
78.38373234514509,0.25,1.2700917482517484,79.65382409339684,True,14549,14801,253,0.2726000984633514,0.24087840719162923,0.259229761904762,1.2992105263157896,1.4845238095238096,1.051486733520868,0.259229761904762,2493.5,2431.5,2558.7,1.244355945843635,0.5554258783427659
78.38373234514509,0.5,2.540183496503497,80.9239158416486,True,14549,15055,507,0.2726000984633514,0.2447476039538199,0.25066494837083064,1.3140229885057473,1.4845238095238096,1.0303816030054809,0.25066494837083064,2464.5,2374.85,2548.35,1.1911800227397242,0.4335990315142606
78.38373234514509,1.0,5.080366993006994,83.46409933815208,True,14549,15562,1014,0.2726000984633514,0.23964424371924375,0.2726000984633514,1.308777579010137,1.4966168813373526,1.1080915139735716,0.2726000984633514,2412.0,2265.825,2533.0,1.1310182198785343,0.3765267465520036
78.88455400390626,0.25,1.2700917482517484,80.154645752158,True,14649,14901,253,0.26302988196767807,0.2367966875230033,0.2315814893693986,1.3077500000000002,1.48659793814433,1.0490945666286229,0.2367966875230033,2471.5,2400.5,2549.8,1.3048144670760082,0.3533181401619571
78.88455400390626,0.5,2.540183496503497,81.42473750040976,True,14649,15155,507,0.26302988196767807,0.25275956683878364,0.24286148058075996,1.3317777777777775,1.4889743589743587,1.0499464854672458,0.25275956683878364,2447.0,2317.65,2536.55,1.1555499031689305,0.39404885245538174
78.88455400390626,1.0,5.080366993006994,83.96492099691325,True,14649,15662,1014,0.26302988196767807,0.2380231851073762,0.26302988196767807,1.2841720348616898,1.52487012987013,1.0493906391920143,0.26302988196767807,2385.75,2201.0,2517.35,1.2106261770510311,0.7819124888830506
79.38537566266741,0.25,1.2700917482517484,80.65546741091916,True,14749,15001,253,0.2616911538044069,0.24748857623857623,0.23482146367146361,1.2992105263157896,1.4845454545454546,1.1043557904383887,0.24748857623857623,2453.0,2377.1,2527.9,1.358781729602573,0.5794350671466484
79.38537566266741,0.5,2.540183496503497,81.92555915917092,True,14749,15255,507,0.2616911538044069,0.24088173400673407,0.2646341973703088,1.325,1.48825,1.1335228185180917,0.2646341973703088,2424.5,2304.15,2502.35,1.2505960422581939,0.4603161901473415
79.38537566266741,1.0,5.080366993006994,84.4657426556744,True,14749,15762,1014,0.2616911538044069,0.2330781156827667,0.2616911538044069,1.235656976744186,1.543904761904762,1.0856594302019156,0.2616911538044069,2353.75,2170.825,2487.0,1.3902031176816132,0.8823491884408141
79.88619732142857,0.25,1.2700917482517484,81.15628906968031,True,14849,15101,253,0.2592966991846303,0.24602687127687128,0.23388449826042246,1.3358620689655172,1.4845454545454546,1.0824850286041847,0.24602687127687128,2430.5,2316.9,2499.0,1.2360687449739998,0.6158403169106896
79.88619732142857,0.5,2.540183496503497,82.42638081793207,True,14849,15355,507,0.2592966991846303,0.24084205137680736,0.27075485504966146,1.3252631578947367,1.4877777777777776,1.1490406409667555,0.27075485504966146,2400.0,2291.1,2483.85,1.2291731128248622,0.3808920317446252
79.88619732142857,1.0,5.080366993006994,84.96656431443556,True,14849,15862,1014,0.2592966991846303,0.23259349816849817,0.2592966991846303,1.2503882814690215,1.56225,1.0700961386742858,0.2592966991846303,2332.25,2169.825,2467.175,1.4721852347772697,0.8095913546582557
80.38701898018974,0.25,1.2700917482517484,81.65711072844148,True,14949,15201,253,0.2594864809390671,0.24382376150411567,0.2743574080104201,1.3564102564102565,1.508780487804878,1.139722853390293,0.2743574080104201,2412.0,2288.4,2488.2,1.3107272895552753,0.6727572938206361
80.38701898018974,0.5,2.540183496503497,82.92720247669324,True,14949,15455,507,0.2594864809390671,0.23786813564984954,0.28124930919234714,1.3126666666666669,1.5241558441558445,1.1679396717932644,0.28124930919234714,2374.5,2276.3,2469.85,1.167040961197556,0.684782410846979
80.38701898018974,1.0,5.080366993006994,85.46738597319673,True,14949,15962,1014,0.2594864809390671,0.23336800303802274,0.2594864809390671,1.2529742547425475,1.5585542168674698,1.0684067141824212,0.2594864809390671,2318.5,2169.825,2448.35,1.255518287184381,0.8217084894168105
80.88784063895089,0.25,1.2700917482517484,82.15793238720264,True,15049,15301,253,0.25601170421015773,0.21472030075187976,0.2819399203674745,1.339459459459459,1.493684210526316,1.3314675392285489,0.2819399203674745,2386.0,2278.2,2455.0,1.1349947801536278,0.7899621717523316
80.88784063895089,0.5,2.540183496503497,83.4280241354544,True,15049,15555,507,0.25601170421015773,0.23033362369337973,0.2817101411968398,1.3125,1.5226190476190475,1.2326149036538827,0.2817101411968398,2344.0,2240.25,2444.7,1.087021225665626,0.5433548992895423
80.88784063895089,1.0,5.080366993006994,85.96820763195788,True,15049,16062,1014,0.25601170421015773,0.2298357901528688,0.25601170421015773,1.2374531155474893,1.5623014705882352,1.076229169245644,0.25601170421015773,2304.0,2167.325,2424.675,1.9519001649106573,0.9170970725611297
81.38866229771206,0.25,1.2700917482517484,82.6587540459638,True,15149,15401,253,0.2537678236397748,0.22979395604395603,0.2880584088340643,1.2532394366197184,1.515,1.2813001853250454,0.2880584088340643,2356.5,2265.4,2443.7,1.1128159959826929,0.4163523449086913
81.38866229771206,0.5,2.540183496503497,83.92884579421556,True,15149,15655,507,0.2537678236397748,0.23403141422059637,0.2814675738687037,1.2086746987951806,1.5397619047619049,1.1289986418842488,0.2814675738687037,2326.5,2175.55,2423.9,1.331822512689614,0.6142567075874084
81.38866229771206,1.0,5.080366993006994,86.46902929071905,True,15149,16162,1014,0.2537678236397748,0.2307454391891891,0.2537678236397748,1.224222222222222,1.5611972958548301,1.050776656997861,0.2537678236397748,2282.0,2132.325,2401.675,1.2895650014313418,0.3912098217305584
81.88948395647321,0.25,1.2700917482517484,83.15957570472496,True,15249,15501,253,0.2421225070915355,0.23238312840505826,0.2779379815586711,1.2720987654320988,1.543132530120482,1.1921947003221982,0.2779379815586711,2338.5,2235.3,2411.6,1.2037835662710332,0.7453210971244008
81.88948395647321,0.5,2.540183496503497,84.42966745297672,True,15249,15755,507,0.2421225070915355,0.2298624141860096,0.25752250818112943,1.1848717948717948,1.573658536585366,1.1297315677054445,0.25752250818112943,2287.5,2155.0,2390.05,2.200793978676653,0.6862118386319782
81.88948395647321,1.0,5.080366993006994,86.9698509494802,True,15249,16262,1014,0.2421225070915355,0.23035209152273184,0.2421225070915355,1.2263453733766232,1.5598809523809525,1.0458378001954625,0.2421225070915355,2263.0,2129.825,2372.85,1.3891591263540342,0.722171853039732
82.39030561523437,0.25,1.2700917482517484,83.66039736348611,True,15349,15601,253,0.23187742570502345,0.24013580362726705,0.26993147502903614,1.2531707317073173,1.5352941176470587,1.0791280446357732,0.26993147502903614,2312.0,2214.8,2375.2999999999997,1.1238419517683391,1.0666935265559836
82.39030561523437,0.5,2.540183496503497,84.93048911173787,True,15349,15855,507,0.23187742570502345,0.22291004273504278,0.23554568676215015,1.1881081081081082,1.5945205479452054,1.0745814489212409,0.23554568676215015,2256.0,2155.0,2361.5,3.086729327804419,0.8101796517443911
82.39030561523437,1.0,5.080366993006994,87.47067260824136,True,15349,16362,1014,0.23187742570502345,0.23075998999806502,0.23187742570502345,1.22684329004329,1.5628157894736843,1.066176596715844,0.23187742570502345,2249.0,2129.825,2352.0,1.7228727664715469,0.7677072079786609
82.500132,0.25,1.2700917482517484,83.77022374825174,True,15370,15623,254,0.23214630265979275,0.24194982075239635,0.2640635907114566,1.208,1.5443170731707319,1.0322414375470004,0.2640635907114566,2298.25,2177.7,2370.025,1.5716566786717228,1.087045175827482
82.500132,0.5,2.540183496503497,85.0403154965035,True,15370,15877,508,0.23214630265979275,0.23181617647058828,0.2282588687691427,1.1982792207792206,1.5940895422652857,1.1363995905832969,0.23181617647058828,2256.0,2155.0,2354.825,2.2574527436030714,0.8268916044795307
